Solute_SMILES,Solvent_SMILES,T_K,ln_gamma_inf,QSPR_ln_gamma_inf_pred
ClC(Cl)(Cl)Cl,O,283.15,9.243504318354615,10.055490429672702
ClC(Cl)(Cl)Cl,O,283.15,9.518971473178349,10.055490429672702
ClC(Cl)(Cl)Cl,O,285.65,9.132351803114208,10.04929231602981
ClC(Cl)(Cl)Cl,O,288.15,9.318701381646248,10.043094202386918
ClC(Cl)(Cl)Cl,O,293.15,9.130368161817636,10.030697975101138
ClC(Cl)(Cl)Cl,O,293.15,9.280910665345472,10.030697975101138
ClC(Cl)(Cl)Cl,O,293.15,9.4136076932856,10.030697975101138
ClC(Cl)(Cl)Cl,O,293.15,9.414292948896431,10.030697975101138
ClC(Cl)(Cl)Cl,O,293.65,9.566783288998751,10.029458352372558
ClC(Cl)(Cl)Cl,O,298.15,9.215397562802943,10.018301747815354
ClC(Cl)(Cl)Cl,O,298.15,9.246286498749653,10.018301747815354
ClC(Cl)(Cl)Cl,O,298.15,9.319535526001578,10.018301747815354
ClC(Cl)(Cl)Cl,O,298.15,9.412366512044471,10.018301747815354
ClC(Cl)(Cl)Cl,O,298.15,9.414056425624294,10.018301747815354
ClC(Cl)(Cl)Cl,O,303.15,9.193506473640204,10.005905520529572
ClC(Cl)(Cl)Cl,O,303.15,9.220062954124304,10.005905520529572
ClC(Cl)(Cl)Cl,O,303.15,9.261565664051629,10.005905520529572
ClC(Cl)(Cl)Cl,O,303.15,9.268203537420373,10.005905520529572
ClC(Cl)(Cl)Cl,O,303.15,9.4856588289445,10.005905520529572
ClC(Cl)(Cl)Cl,O,304.15,9.384713758920965,10.003426275072416
ClC(Cl)(Cl)Cl,O,308.15,9.10885677578908,9.99350929324379
ClC(Cl)(Cl)Cl,O,313.15,9.076391749466232,9.981113065958006
ClC(Cl)(Cl)Cl,O,313.15,9.484557193474393,9.981113065958006
ClC(Cl)(Cl)Cl,O,314.45,9.441190153874622,9.977890046863703
ClC(Cl)(Cl)Cl,O,325.65,9.302764573165677,9.95012249774355
ClC(Cl)(Cl)Cl,O,337.15,9.094766768725435,9.921611174986252
ClC(Cl)(Cl)Cl,O,348.15,8.913979413376076,9.89433947495753
CC(O)CO,O,296.8,-0.007230074,-1.546980699
CC(O)CO,O,308.3,0.0939911284202421,-1.602196392
CC(O)CO,O,318.8,0.2005625077918943,-1.65261072
CC(O)CO,O,328.5,0.1964216811727361,-1.699183957
CC(O)CO,O,337.9,0.2689655051788501,-1.744316784
CC(O)CO,O,348.3,0.2766236528950256,-1.794250976
CCOCC,O,283.15,3.905725215916968,5.450089793372289
CCOCC,O,288.15,4.063749606692428,5.426082970385152
CCOCC,O,293.15,4.217800366149019,5.402076147398015
CCOCC,O,293.15,4.234965555796951,5.402076147398015
CCOCC,O,293.15,4.526785852451705,5.402076147398015
CCOCC,O,296.15,4.298172087830372,5.387672053605733
CCOCC,O,298.15,4.232959470193154,5.378069324410879
CCOCC,O,298.15,4.351105980532854,5.378069324410879
CCOCC,O,303.15,4.448010985096378,5.3540625014237415
CCOCC,O,303.15,4.481209985874802,5.3540625014237415
CCOCC,O,303.25,4.495396613771142,5.353582364963998
CCOCC,O,308.15,4.591855943523208,5.330055678436604
Nc1ccccc1,O,298.15,5.066215055111874,5.095374095644218
Nc1ccccc1,O,323.15,4.890634801698915,5.087755725329636
Nc1ccccc1,O,333.15,4.890649834884672,5.084708377203803
Nc1ccccc1,O,343.15,4.795335896805095,5.081661029077971
Nc1ccccc1,O,343.15,4.810003116410804,5.081661029077971
Nc1ccccc1,O,353.15,4.712085492332217,5.078613680952138
Nc1ccccc1,O,356.33,4.917108190333251,5.077644624248123
Nc1ccccc1,O,361.97,4.852858046213298,5.075925919905153
Nc1ccccc1,O,366.84,4.786090761866418,5.074441861367872
Nc1ccccc1,O,371.03,4.726971802986257,5.073165022503148
Nc1ccccc1,O,372.47,4.526477566535172,5.072726204373028
CCO,O,283.15,1.1488395150069954,1.2335624769933125
CCO,O,283.15,1.166613557568568,1.2335624769933125
CCO,O,283.15,1.4865106679950018,1.2335624769933125
CCO,O,293.15,1.3421256266746362,1.1855488310190383
CCO,O,293.15,1.5824489652845206,1.1855488310190383
CCO,O,297.45,1.5650721461654784,1.1649029632501007
CCO,O,298.15,1.1914709811829676,1.1615420080319017
CCO,O,298.15,1.2589835803084242,1.1615420080319017
CCO,O,298.15,1.27586267545426,1.1615420080319017
CCO,O,298.15,1.3264965848724235,1.1615420080319017
CCO,O,298.15,1.3433738120067866,1.1615420080319017
CCO,O,298.15,1.3771299963144716,1.1615420080319017
CCO,O,298.15,1.39400704178533,1.1615420080319017
CCO,O,298.15,1.427764945260417,1.1615420080319017
CCO,O,298.65,1.4648975716759538,1.159141325733188
CCO,O,303.15,1.4290424994336068,1.137535185044765
CCO,O,303.15,1.4954402033806105,1.137535185044765
CCO,O,303.15,1.5286399196045264,1.137535185044765
CCO,O,303.15,1.644837874265694,1.137535185044765
CCO,O,303.25,1.6255572943139835,1.137055048585022
CCO,O,308.15,1.4970080230889664,1.113528362057628
CCO,O,313.15,1.548092155662345,1.0895215390704909
CCO,O,313.15,1.5641622651088645,1.0895215390704909
CCO,O,313.15,1.612369610803768,1.0895215390704909
CCO,O,313.15,1.6445096458466617,1.0895215390704909
CCO,O,313.15,1.69271783620339,1.0895215390704909
CCO,O,313.15,1.7087871967892414,1.0895215390704909
CCO,O,313.25,1.6740920518876163,1.0890414026107482
CCO,O,318.15,1.583056975425798,1.0655147160833538
CCO,O,322.05,1.6604560689747043,1.0467893941533872
CCO,O,323.15,1.6181974355471789,1.0415078930962172
CCO,O,323.15,1.7427757863350828,1.0415078930962172
CCO,O,323.15,1.758349176175439,1.0415078930962172
CCO,O,323.25,1.724761036097453,1.041027756636474
CCO,O,328.15,1.653473936423712,1.0175010701090805
CCO,O,328.15,1.6841445624872975,1.0175010701090805
CCO,O,333.15,1.5075934305010563,0.9934942471219435
CCO,O,333.15,1.673747032261203,0.9934942471219435
CCO,O,333.15,1.7190615281541366,0.9934942471219435
CCO,O,333.15,1.749272895619975,0.9934942471219435
CCO,O,333.15,1.7945871342790474,0.9934942471219435
CCO,O,333.25,1.7620422544399057,0.9930141106622008
CCO,O,343.15,1.8184452161570928,0.9454806011476697
CCO,O,343.25,1.7868842714062274,0.9450004646879266
CCO,O,351.35,1.7549692666561505,0.9061094114487647
CCO,O,353.05,1.818643175553347,0.8979470916331387
CCO,O,358.15,1.7818808358045648,0.873460132186259
CCO,O,363.15,1.7906855594599915,0.8494533091991219
CCO,O,368.15,1.800116121609101,0.8254464862119852
CCO,O,372.15,1.8161870060385397,0.8062410278222756
CCO,O,373.15,1.6482893266356866,0.8014396632248486
CCO,O,373.3,1.7937108972865208,0.8007194585352337
O=CO,O,373.15,0.0823354619180277,-0.945462616
CC(=O)O,O,298.15,1.209270745419234,0.38254243946842603
CC(=O)O,O,323.15,1.2372257456994258,0.26250832453274153
CC(=O)O,O,352.39,1.0985122836677763,0.12211642370396447
CC(=O)O,O,371.27,1.1325659500971654,0.03146666010453547
CC(=O)O,O,373.15,1.1876208366500731,0.022440094661372534
CC(=O)O,O,383.6,1.1787288397689992,-0.027734165
CC(=O)O,O,391.22,1.2856836583309348,-0.064320564
CCCCCC=O,O,298.15,6.861692492135562,6.708760083171763
CCCCCC=O,O,313.15,6.553438979824005,6.636739614210351
CCCCCC=O,O,318.15,6.5616697826928805,6.612732791223214
CCCCCC=O,O,323.15,6.478289956020954,6.588725968236078
CO,O,273.35,0.1765046714723898,-0.15885529
CO,O,283.15,0.3230685211220377,-0.205908663
CO,O,293.15,0.4259472430488156,-0.253922309
CO,O,293.15,0.5117751728015789,-0.253922309
CO,O,293.15,0.9752575096380048,-0.253922309
CO,O,297.45,0.7445244714196935,-0.274568177
CO,O,298.15,0.4258492656292666,-0.277929132
CO,O,298.15,0.4596060108744184,-0.277929132
CO,O,298.15,0.4933599835869288,-0.277929132
CO,O,298.15,0.5102394520008844,-0.277929132
CO,O,298.15,0.5271162087019715,-0.277929132
CO,O,298.15,0.5439973091540619,-0.277929132
CO,O,298.15,0.5946298633841135,-0.277929132
CO,O,298.2,0.5429694315145573,-0.278169201
CO,O,298.65,0.5674365544310391,-0.280329815
CO,O,300.45,0.7819086918374031,-0.288972271
CO,O,303.15,0.5264075918922742,-0.301935955
CO,O,303.15,0.5762031678253698,-0.301935955
CO,O,303.15,0.7421992152002171,-0.301935955
CO,O,303.15,0.924798438486767,-0.301935955
CO,O,303.25,0.7899199266562074,-0.302416092
CO,O,308.15,0.592038723186901,-0.325942778
CO,O,313.15,0.5922544472600549,-0.349949601
CO,O,313.15,0.6243917808743336,-0.349949601
CO,O,313.15,0.6404634462745019,-0.349949601
CO,O,313.15,0.6565298755967787,-0.349949601
CO,O,313.15,0.8332960046084763,-0.349949601
CO,O,313.15,0.8493642952677914,-0.349949601
CO,O,313.65,0.823359320555349,-0.352350284
CO,O,318.15,0.6724443482007435,-0.373956424
CO,O,323.15,0.7042898695784298,-0.397963247
CO,O,323.15,0.7354352997939254,-0.397963247
CO,O,323.2,0.734500234043424,-0.398203316
CO,O,323.25,0.8269741544960076,-0.398443384
CO,O,328.15,0.7359719681505611,-0.42197007
CO,O,328.15,0.7513075922323562,-0.42197007
CO,O,333.05,0.7692560068122521,-0.445496757
CO,O,333.15,0.6466266887344628,-0.445976893
CO,O,333.15,0.7523637527160314,-0.445976893
CO,O,333.15,0.7674658448022446,-0.445976893
CO,O,333.2,0.8118808753078581,-0.446216961
CO,O,333.25,0.8713812281922055,-0.44645703
CO,O,342.35,0.828962213691482,-0.490149448
CO,O,353.05,0.892776424809087,-0.541524049
CO,O,358.15,0.8370223909679345,-0.566011008
CO,O,362.95,0.8990184206265559,-0.589057558
CO,O,363.15,0.8680873954876142,-0.590017831
CO,O,368.15,0.8714565325473429,-0.614024654
CO,O,372.15,0.8771090579588328,-0.633230113
CO,O,372.55,0.938467010418178,-0.635150658
CO,O,373.15,0.7942632010793891,-0.638031477
CO,O,373.3,0.8189468855712101,-0.638751682
CC(C)O,O,288.15,2.318448599582213,2.0594713653379966
CC(C)O,O,293.15,1.9246325201932557,2.0354645423508595
CC(C)O,O,293.15,1.9761303136858408,2.0354645423508595
CC(C)O,O,298.15,1.8838310771818616,2.011457719363723
CC(C)O,O,298.15,2.0357325713523444,2.011457719363723
CC(C)O,O,298.15,2.052611051707279,2.011457719363723
CC(C)O,O,298.15,2.103244734463406,2.011457719363723
CC(C)O,O,303.15,2.0955646135898114,1.9874508963765862
CC(C)O,O,303.15,2.211761732345317,1.9874508963765862
CC(C)O,O,303.15,2.278160219558348,1.9874508963765862
CC(C)O,O,308.15,2.188257829273534,1.9634440733894492
CC(C)O,O,313.15,2.2479419837098726,1.939437250402312
CC(C)O,O,313.15,2.3925720385852043,1.939437250402312
CC(C)O,O,317.85,2.1898877283622014,1.916870836794403
CC(C)O,O,323.15,2.3989129366210244,1.8914236044280384
CC(C)O,O,323.25,2.473896257267948,1.8909434679682953
CC(C)O,O,328.05,2.277249848960313,1.8678969179006444
CC(C)O,O,328.15,2.519871524823857,1.8674167814409017
CC(C)O,O,333.15,2.261453675607473,1.8434099584537647
CC(C)O,O,333.15,2.4729184104759336,1.8434099584537647
CC(C)O,O,333.15,2.488026777124244,1.8434099584537647
CC(C)O,O,337.55,2.2661129989240254,1.822283954225084
CC(C)O,O,349.15,2.4126764007877006,1.766588124894927
CC(C)O,O,353.15,2.5294178308833737,1.7473826665052172
CC(C)O,O,355.45,2.530341986462213,1.736339527931134
CC(C)O,O,357.75,2.461271186551626,1.7252963893570508
CC(C)O,O,373.15,2.5237346576375184,1.6513553745566698
CC(C)=O,O,288.15,1.763593163679481,2.170942034574632
CC(C)=O,O,293.15,1.9119869222678807,2.146935211587495
CC(C)=O,O,297.25,2.0736284282280435,2.127249616738043
CC(C)=O,O,298.01,2.025606862813924,2.1236005796439983
CC(C)=O,O,298.05,2.0417474626274905,2.123408525060101
CC(C)=O,O,298.15,1.9386193499389088,2.1229283886003585
CC(C)=O,O,298.15,1.955496906044164,2.1229283886003585
CC(C)=O,O,298.15,1.9892528496392308,2.1229283886003585
CC(C)=O,O,298.15,2.0230087468676543,2.1229283886003585
CC(C)=O,O,298.15,2.039886972802934,2.1229283886003585
CC(C)=O,O,298.15,2.056765113972069,2.1229283886003585
CC(C)=O,O,298.65,2.0980081112536744,2.1205277063016448
CC(C)=O,O,303.15,1.998837322221393,2.098921565613222
CC(C)=O,O,303.15,2.048636913719601,2.098921565613222
CC(C)=O,O,303.25,2.080018874990883,2.0984414291534788
CC(C)=O,O,313.15,2.181191170927006,2.0509079196389477
CC(C)=O,O,313.25,2.227636305916045,2.050427783179205
CC(C)=O,O,317.75,2.118175357471679,2.0288216424907817
CC(C)=O,O,317.75,2.165686896182476,2.0288216424907817
CC(C)=O,O,318.15,2.190531114902482,2.0269010966518106
CC(C)=O,O,323.15,1.7177720026337593,2.002894273664674
CC(C)=O,O,323.25,2.2766886560978694,2.002414137204931
CC(C)=O,O,333.15,2.358010339099456,1.9548806276904003
CC(C)=O,O,333.15,2.373108792166169,1.9548806276904003
CC(C)=O,O,333.15,2.463742596171428,1.9548806276904003
CC(C)=O,O,333.25,2.3261746584271314,1.9544004912306576
CC(C)=O,O,373.15,2.427092138410184,1.7628260437933054
ClC(Cl)Cl,O,283.15,6.689362922843412,8.244608591141724
ClC(Cl)Cl,O,285.65,6.459414506516656,8.238410477498832
ClC(Cl)Cl,O,288.15,6.775230236959799,8.23221236385594
ClC(Cl)Cl,O,293.15,6.344700835642041,8.219816136570158
ClC(Cl)Cl,O,293.15,6.705186115903536,8.219816136570158
ClC(Cl)Cl,O,293.15,6.773850102223314,8.219816136570158
ClC(Cl)Cl,O,293.15,6.911179409948831,8.219816136570158
ClC(Cl)Cl,O,295.15,6.961258130499444,8.214857645655844
ClC(Cl)Cl,O,297.25,6.296398201587514,8.209651230195817
ClC(Cl)Cl,O,298.15,6.43634906657635,8.207419909284376
ClC(Cl)Cl,O,298.15,6.6557633355253625,8.207419909284376
ClC(Cl)Cl,O,298.15,6.807666399357829,8.207419909284376
ClC(Cl)Cl,O,298.15,6.841422081709653,8.207419909284376
ClC(Cl)Cl,O,298.15,6.875178366825395,8.207419909284376
ClC(Cl)Cl,O,298.15,6.962943976426019,8.207419909284376
ClC(Cl)Cl,O,298.15,7.001764613053414,8.207419909284376
ClC(Cl)Cl,O,300.45,6.362355463575814,8.201717644732916
ClC(Cl)Cl,O,303.15,6.343660726336806,8.195023681998592
ClC(Cl)Cl,O,303.15,6.793510974623917,8.195023681998592
ClC(Cl)Cl,O,308.15,6.7450681000371,8.182627454712811
ClC(Cl)Cl,O,308.15,6.797325268455187,8.182627454712811
ClC(Cl)Cl,O,313.15,6.808525929254551,8.170231227427028
ClC(Cl)Cl,O,323.15,6.76577803463652,8.145438772855464
ClC(Cl)Cl,O,323.15,6.818722952157459,8.145438772855464
CCCO,O,273.35,2.2023812587711507,2.606793730898974
CCCO,O,283.15,2.145004537863595,2.559740357844186
CCCO,O,283.15,2.4293587031551884,2.559740357844186
CCCO,O,293.15,2.350927537904547,2.511726711869912
CCCO,O,293.15,2.608414010926863,2.511726711869912
CCCO,O,293.15,3.192055349983759,2.511726711869912
CCCO,O,297.25,2.8551072087958533,2.4920411170204595
CCCO,O,298.06,2.607021032344376,2.4881520116965437
CCCO,O,298.15,2.4013891620526264,2.487719888882775
CCCO,O,298.15,2.435138507553879,2.487719888882775
CCCO,O,298.15,2.468895824515635,2.487719888882775
CCCO,O,298.15,2.6039185596986583,2.487719888882775
CCCO,O,298.15,2.637677807082885,2.487719888882775
CCCO,O,298.15,2.6545579996615247,2.487719888882775
CCCO,O,298.15,2.7220714424644643,2.487719888882775
CCCO,O,298.2,2.63595251466178,2.487479820652904
CCCO,O,303.15,2.585128987589703,2.4637130658956385
CCCO,O,303.15,2.668130577100966,2.4637130658956385
CCCO,O,303.15,2.734529833906589,2.4637130658956385
CCCO,O,303.15,2.867324873684984,2.4637130658956385
CCCO,O,308.15,2.781344032409384,2.4397062429085015
CCCO,O,313.15,2.732300439436753,2.4156994199213644
CCCO,O,313.15,2.828720915250768,2.4156994199213644
CCCO,O,313.15,2.9412074475986603,2.4156994199213644
CCCO,O,313.15,3.101901462147702,2.4156994199213644
CCCO,O,318.15,2.876605210096751,2.3916925969342273
CCCO,O,323.15,2.909384312818762,2.3676857739470907
CCCO,O,323.15,2.940526070556888,2.3676857739470907
CCCO,O,323.15,3.002817116677202,2.3676857739470907
CCCO,O,323.2,2.814426200981361,2.3674457057172194
CCCO,O,328.15,2.927726414809666,2.343678950959954
CCCO,O,333.15,2.7359052874715637,2.319672127972817
CCCO,O,333.15,2.9473715171758355,2.319672127972817
CCCO,O,333.15,3.007794234731868,2.319672127972817
CCCO,O,333.15,3.038001220733157,2.319672127972817
CCCO,O,333.2,2.9006080764538105,2.3194320597429456
CCCO,O,358.15,2.9921157417794486,2.1996380130371325
CCCO,O,363.15,2.9635086237581327,2.1756311900499954
CCCO,O,368.15,2.923510982036997,2.1516243670628588
CCCO,O,372.15,2.936608400051252,2.132418908673149
CCCO,O,373.15,2.8725528284364588,2.127617544075722
CCCCO,O,283.15,3.639907148357732,3.873937694209646
CCCCO,O,293.15,3.682934316754309,3.825924048235372
CCCCO,O,293.15,3.837428761217175,3.825924048235372
CCCCO,O,298.15,3.7833051519703096,3.801917225248235
CCCCO,O,298.15,3.85081758998374,3.801917225248235
CCCCO,O,298.15,3.884573696639933,3.801917225248235
CCCCO,O,298.15,3.918329080277001,3.801917225248235
CCCCO,O,298.15,3.935206186717125,3.801917225248235
CCCCO,O,298.15,3.9520856717316857,3.801917225248235
CCCCO,O,298.15,4.323402588495852,3.801917225248235
CCCCO,O,298.2,3.983770479511387,3.801677157018364
CCCCO,O,303.15,3.916154459207595,3.7779104022610985
CCCCO,O,303.15,3.9493534716513583,3.7779104022610985
CCCCO,O,308.15,3.65529681709681,3.7539035792739615
CCCCO,O,308.15,4.030893449641484,3.7539035792739615
CCCCO,O,308.15,4.063553684620665,3.7539035792739615
CCCCO,O,313.15,3.887326542830363,3.7298967562868244
CCCCO,O,313.15,4.015883797061877,3.7298967562868244
CCCCO,O,313.15,4.064093236908465,3.7298967562868244
CCCCO,O,318.15,4.082843679885048,3.7058899332996873
CCCCO,O,323.15,4.041079149047413,3.6818831103125507
CCCCO,O,323.15,4.056651348513975,3.6818831103125507
CCCCO,O,323.15,4.072223349081951,3.6818831103125507
CCCCO,O,323.15,4.103368721736717,3.6818831103125507
CCCCO,O,323.15,4.118939609077481,3.6818831103125507
CCCCO,O,323.2,4.054848077714061,3.6816430420826793
CCCCO,O,323.23,4.349566715759945,3.6814990011447564
CCCCO,O,328.15,4.12556056659712,3.657876287325414
CCCCO,O,333.15,3.862330534302201,3.633869464338277
CCCCO,O,333.15,4.073799959730392,3.633869464338277
CCCCO,O,333.15,4.1342189078649625,3.633869464338277
CCCCO,O,333.15,4.164428615930909,3.633869464338277
CCCCO,O,333.15,4.194639268306023,3.633869464338277
CCCCO,O,333.2,4.102297850808174,3.6336293961084056
CCCCO,O,343.15,4.083866525490008,3.5858558183640032
CCCCO,O,343.15,4.15719102764046,3.5858558183640032
CCCCO,O,343.15,4.215849551695928,3.5858558183640032
CCCCO,O,353.15,3.830754379957693,3.5378421723897295
CCCCO,O,353.15,4.044495837975592,3.5378421723897295
CCCCO,O,353.15,4.129993197968359,3.5378421723897295
CCCCO,O,363.15,4.014971213810995,3.4898285264154554
CCCCO,O,372.15,4.021653790493495,3.446616245038609
CCCCO,O,373.15,3.9807726473371816,3.441814880441182
CCCCO,O,390.15,3.8953589277284255,3.360191682284916
CCCCCO,O,283.15,5.069237480010352,5.212096119545934
CCCCCO,O,293.15,5.234887563888255,5.16408247357166
CCCCCO,O,298.15,5.165962424491233,5.140075650584523
CCCCCO,O,298.15,5.284111945625769,5.140075650584523
CCCCCO,O,298.15,5.317865059390406,5.140075650584523
CCCCCO,O,298.15,5.38537999222443,5.140075650584523
CCCCCO,O,298.2,5.146738377088596,5.139835582354651
CCCCCO,O,303.15,5.351113780684867,5.1160688275973865
CCCCCO,O,313.15,5.438566146920084,5.068055181623112
CCCCCO,O,323.15,5.468600079730235,5.020041535648838
CCCCCO,O,333.15,5.280051557741144,4.972027889674565
CCCCCO,O,333.15,5.431102856055984,4.972027889674565
CCCCCO,O,333.2,5.278104455096822,4.9717878214446936
CCCCCO,O,343.15,5.36109496316769,4.924014243700292
CCCCCO,O,343.2,5.197949920301946,4.923774175470419
CCCCCO,O,353.15,5.346626462641822,4.8760005977260175
CCCCCO,O,363.15,5.230445295301202,4.827986951751743
CCCCCO,O,371.15,5.1504378153582255,4.789576034972324
CCCCCO,O,373.15,5.101401833850708,4.77997330577747
c1ccccc1,O,278.75,7.831136811602928,8.336617147772454
c1ccccc1,O,279.15,7.796210163475202,8.335625449589593
c1ccccc1,O,279.35,7.787792730515996,8.33512960049816
c1ccccc1,O,279.45,7.747579567386571,8.334881675952445
c1ccccc1,O,279.85,7.820772659281815,8.333889977769584
c1ccccc1,O,280.25,7.768076537005824,8.33289827958672
c1ccccc1,O,282.15,7.778605031899494,8.328187713218123
c1ccccc1,O,282.15,7.8142744240274595,8.328187713218123
c1ccccc1,O,282.55,7.779901837338731,8.327196015035259
c1ccccc1,O,283.15,7.826295478904883,8.325708467760967
c1ccccc1,O,283.15,7.861842633550858,8.325708467760967
c1ccccc1,O,283.15,7.879613159304748,8.325708467760967
c1ccccc1,O,283.25,7.857701265536692,8.32546054321525
c1ccccc1,O,284.15,7.785184593148671,8.323229222303809
c1ccccc1,O,284.95,7.805535748097196,8.321245825938085
c1ccccc1,O,285.25,7.79330635167755,8.320502052300938
c1ccccc1,O,285.65,7.600882459342079,8.319510354118076
c1ccccc1,O,285.65,7.829900837858062,8.319510354118076
c1ccccc1,O,287.15,7.804222823348753,8.31579148593234
c1ccccc1,O,288.06,7.645373787138911,8.313535372566328
c1ccccc1,O,288.15,7.798986631015034,8.313312240475184
c1ccccc1,O,288.15,7.816449228234415,8.313312240475184
c1ccccc1,O,288.15,7.833913169933952,8.313312240475184
c1ccccc1,O,288.15,7.921234425672389,8.313312240475184
c1ccccc1,O,288.15,7.938698819125427,8.313312240475184
c1ccccc1,O,288.25,7.79497964734689,8.313064315929468
c1ccccc1,O,289.15,7.997481536895414,8.310832995018028
c1ccccc1,O,289.95,7.796781694268103,8.308849598652301
c1ccccc1,O,290.05,7.810162073507411,8.308601674106587
c1ccccc1,O,290.2,7.838887331591411,8.308229787288013
c1ccccc1,O,291.05,7.7878798278722305,8.30612242864943
c1ccccc1,O,291.75,7.794839626508266,8.30438695682942
c1ccccc1,O,293,8.10831927993391,8.301287900007974
c1ccccc1,O,293.06,7.64057018815368,8.301139145280546
c1ccccc1,O,293.15,7.61994008841922,8.3009160131894
c1ccccc1,O,293.15,7.774431306847297,8.3009160131894
c1ccccc1,O,293.15,7.793314601379529,8.3009160131894
c1ccccc1,O,293.15,7.812196076899055,8.3009160131894
c1ccccc1,O,293.15,7.817347626688199,8.3009160131894
c1ccccc1,O,293.15,7.820780685479323,8.3009160131894
c1ccccc1,O,293.15,7.822496811466362,8.3009160131894
c1ccccc1,O,293.15,7.824213996745873,8.3009160131894
c1ccccc1,O,293.15,7.834511060704056,8.3009160131894
c1ccccc1,O,293.15,7.837944971244327,8.3009160131894
c1ccccc1,O,293.15,7.839663421751369,8.3009160131894
c1ccccc1,O,293.15,7.875712035771189,8.3009160131894
c1ccccc1,O,293.15,8.055951067839075,8.3009160131894
c1ccccc1,O,293.25,7.804855036462332,8.300668088643686
c1ccccc1,O,293.75,7.828189415089161,8.299428465915106
c1ccccc1,O,294.15,7.762987294834599,8.298436767732245
c1ccccc1,O,294.15,7.768118838727088,8.298436767732245
c1ccccc1,O,294.15,7.795494261366864,8.298436767732245
c1ccccc1,O,294.15,7.952882399176595,8.298436767732245
c1ccccc1,O,295.15,7.8880869081996785,8.295957522275089
c1ccccc1,O,295.2,7.829884931135085,8.29583356000223
c1ccccc1,O,296.15,7.759230117921387,8.293478276817932
c1ccccc1,O,297.15,7.785409127241374,8.290999031360776
c1ccccc1,O,297.95,7.83431312321207,8.28901563499505
c1ccccc1,O,298,7.822268431898529,8.288891672722192
c1ccccc1,O,298.03,7.858269643991504,8.288817295358477
c1ccccc1,O,298.05,7.816985141485708,8.288767710449335
c1ccccc1,O,298.15,7.431726124497815,8.28851978590362
c1ccccc1,O,298.15,7.678145868216152,8.28851978590362
c1ccccc1,O,298.15,7.69333577787317,8.28851978590362
c1ccccc1,O,298.15,7.733841176569116,8.28851978590362
c1ccccc1,O,298.15,7.742280486652906,8.28851978590362
c1ccccc1,O,298.15,7.745656269614034,8.28851978590362
c1ccccc1,O,298.15,7.755784300577255,8.28851978590362
c1ccccc1,O,298.15,7.767598403157322,8.28851978590362
c1ccccc1,O,298.15,7.772664291506738,8.28851978590362
c1ccccc1,O,298.15,7.781100930850834,8.28851978590362
c1ccccc1,O,298.15,7.782790589086683,8.28851978590362
c1ccccc1,O,298.15,7.784477397192646,8.28851978590362
c1ccccc1,O,298.15,7.787854943687373,8.28851978590362
c1ccccc1,O,298.15,7.789541518827913,8.28851978590362
c1ccccc1,O,298.15,7.794604841695706,8.28851978590362
c1ccccc1,O,298.15,7.79629241824294,8.28851978590362
c1ccccc1,O,298.15,7.797981257310944,8.28851978590362
c1ccccc1,O,298.15,7.799667249009623,8.28851978590362
c1ccccc1,O,298.15,7.801354494736183,8.28851978590362
c1ccccc1,O,298.15,7.8030429833680035,8.28851978590362
c1ccccc1,O,298.15,7.806419573939226,8.28851978590362
c1ccccc1,O,298.15,7.80810766758793,8.28851978590362
c1ccccc1,O,298.15,7.813171092703989,8.28851978590362
c1ccccc1,O,298.15,7.814855910954331,8.28851978590362
c1ccccc1,O,298.15,7.818233148861979,8.28851978590362
c1ccccc1,O,298.15,7.826670563702385,8.28851978590362
c1ccccc1,O,298.15,7.828360689229774,8.28851978590362
c1ccccc1,O,298.15,7.835112550200082,8.28851978590362
c1ccccc1,O,298.15,7.841862353068207,8.28851978590362
c1ccccc1,O,298.15,7.843550554514271,8.28851978590362
c1ccccc1,O,298.15,7.845239826863294,8.28851978590362
c1ccccc1,O,298.15,7.865491171168406,8.28851978590362
c1ccccc1,O,298.15,7.88912188759248,8.28851978590362
c1ccccc1,O,298.15,7.894183826644295,8.28851978590362
c1ccccc1,O,298.15,7.899246243419228,8.28851978590362
c1ccccc1,O,298.15,7.946507861544517,8.28851978590362
c1ccccc1,O,298.15,8.005580591398987,8.28851978590362
c1ccccc1,O,298.15,8.037646572342712,8.28851978590362
c1ccccc1,O,298.16,7.633887424613909,8.288494993449047
c1ccccc1,O,298.95,7.774355641623838,8.286536389537893
c1ccccc1,O,299.2,7.825453020553747,8.285916578173605
c1ccccc1,O,300.45,7.818442339576283,8.28281752135216
c1ccccc1,O,302.2,7.817879034084852,8.278478841802135
c1ccccc1,O,303.15,7.551780490331446,8.276123558617837
c1ccccc1,O,303.15,7.729396812555555,8.276123558617837
c1ccccc1,O,303.15,7.731053144007127,8.276123558617837
c1ccccc1,O,303.15,7.754292850422932,8.276123558617837
c1ccccc1,O,303.15,7.759272795513524,8.276123558617837
c1ccccc1,O,303.15,7.764253542703935,8.276123558617837
c1ccccc1,O,303.15,7.787494053404472,8.276123558617837
c1ccccc1,O,303.15,7.800773289742743,8.276123558617837
c1ccccc1,O,303.15,7.807412436802268,8.276123558617837
c1ccccc1,O,303.15,7.817371787697164,8.276123558617837
c1ccccc1,O,303.15,7.832311755273325,8.276123558617837
c1ccccc1,O,303.15,7.850571089795647,8.276123558617837
c1ccccc1,O,304.15,7.770400478440551,8.27364431316068
c1ccccc1,O,305.2,7.792869020053566,8.271041105430665
c1ccccc1,O,308.15,7.417946701685141,8.263727331332055
c1ccccc1,O,308.15,7.692295887971293,8.263727331332055
c1ccccc1,O,308.15,7.77394779155564,8.263727331332055
c1ccccc1,O,308.15,7.803345220332251,8.263727331332055
c1ccccc1,O,308.15,7.849066374608432,8.263727331332055
c1ccccc1,O,308.15,7.937253260218821,8.263727331332055
c1ccccc1,O,308.2,7.773775351294198,8.263603369059197
c1ccccc1,O,308.26,7.629582234775865,8.263454614331767
c1ccccc1,O,308.95,7.811892454683722,8.26174393496633
c1ccccc1,O,310.87,7.68151423603447,8.25698378368859
c1ccccc1,O,310.87,7.74464776214113,8.25698378368859
c1ccccc1,O,310.93,7.71499870734047,8.25683502896116
c1ccccc1,O,310.98,7.6970441117592125,8.2567110666883
c1ccccc1,O,311.09,7.741676932613242,8.256438349688015
c1ccccc1,O,311.15,7.721751900080954,8.256289594960585
c1ccccc1,O,311.48,7.684209065668493,8.255471443959724
c1ccccc1,O,313.05,7.741655215247384,8.251579028591987
c1ccccc1,O,313.15,7.598329151422956,8.251331104046272
c1ccccc1,O,313.15,7.630466116140776,8.251331104046272
c1ccccc1,O,313.15,7.632076461500342,8.251331104046272
c1ccccc1,O,313.15,7.651357903030576,8.251331104046272
c1ccccc1,O,313.15,7.667429627011131,8.251331104046272
c1ccccc1,O,313.15,7.675462472367166,8.251331104046272
c1ccccc1,O,313.15,7.69474793082077,8.251331104046272
c1ccccc1,O,313.15,7.720457258032648,8.251331104046272
c1ccccc1,O,313.15,7.725277056381187,8.251331104046272
c1ccccc1,O,313.15,7.726887323614326,8.251331104046272
c1ccccc1,O,313.15,7.757418910154084,8.251331104046272
c1ccccc1,O,313.15,7.818482563543337,8.251331104046272
c1ccccc1,O,313.15,7.83776743999343,8.251331104046272
c1ccccc1,O,313.25,7.769957233798136,8.251083179500556
c1ccccc1,O,313.45,7.770936330996879,8.250587330409125
c1ccccc1,O,313.65,7.463867794762142,8.250091481317693
c1ccccc1,O,313.7,7.730047370607836,8.249967519044837
c1ccccc1,O,315.2,7.72882942667176,8.246248650859101
c1ccccc1,O,317.2,7.716821536884781,8.24129015994479
c1ccccc1,O,317.65,7.420932136430552,8.240174499489068
c1ccccc1,O,317.85,7.667555930096602,8.239678650397636
c1ccccc1,O,318.15,7.600362313689573,8.238934876760489
c1ccccc1,O,318.15,7.695266737576895,8.238934876760489
c1ccccc1,O,318.15,7.700009965822057,8.238934876760489
c1ccccc1,O,318.15,7.750627647021932,8.238934876760489
c1ccccc1,O,318.15,7.801239917668658,8.238934876760489
c1ccccc1,O,318.15,7.813894659799916,8.238934876760489
c1ccccc1,O,318.25,7.718721050121937,8.238686952214774
c1ccccc1,O,318.86,7.540026556157079,8.237174612485909
c1ccccc1,O,319.2,7.690976225960241,8.236331669030475
c1ccccc1,O,322.95,7.660067192710054,8.227034498566137
c1ccccc1,O,323.15,7.5397129907296145,8.226538649474708
c1ccccc1,O,323.15,7.56462740367737,8.226538649474708
c1ccccc1,O,323.15,7.581760414013716,8.226538649474708
c1ccccc1,O,323.15,7.584874698464885,8.226538649474708
c1ccccc1,O,323.15,7.659619380500866,8.226538649474708
c1ccccc1,O,323.15,7.668962896446993,8.226538649474708
c1ccccc1,O,323.15,7.809115097467871,8.226538649474708
c1ccccc1,O,323.15,7.8106729892741935,8.226538649474708
c1ccccc1,O,323.25,7.715440235033436,8.22629072492899
c1ccccc1,O,324.2,7.646449274498052,8.223935441744693
c1ccccc1,O,324.65,7.614494665561517,8.222819781288973
c1ccccc1,O,327.65,7.608711886433564,8.215382044917504
c1ccccc1,O,328.15,7.505052133885248,8.214142422188925
c1ccccc1,O,329.2,7.595221352570114,8.21153921445891
c1ccccc1,O,331.95,7.52548362858826,8.20472128945173
c1ccccc1,O,332.95,7.55888183027947,8.202242043994573
c1ccccc1,O,333,8.191989228660823,8.202118081721716
c1ccccc1,O,333.15,7.452860582924216,8.201746194903142
c1ccccc1,O,333.15,7.457389992734678,8.201746194903142
c1ccccc1,O,333.15,7.45890101134471,8.201746194903142
c1ccccc1,O,333.15,7.478537065901727,8.201746194903142
c1ccccc1,O,333.15,7.489110193338542,8.201746194903142
c1ccccc1,O,333.15,7.496663536885826,8.201746194903142
c1ccccc1,O,333.15,7.54198013799004,8.201746194903142
c1ccccc1,O,333.15,7.581250620876726,8.201746194903142
c1ccccc1,O,334.2,7.542054383732877,8.19914298717313
c1ccccc1,O,336.2,7.521512871872568,8.194184496258815
c1ccccc1,O,337.95,7.494179905620015,8.189845816708791
c1ccccc1,O,338.55,7.432619893331635,8.188358269434499
c1ccccc1,O,342.15,7.418120796915671,8.179432985788734
c1ccccc1,O,343.15,7.402817307568649,8.176953740331577
c1ccccc1,O,343.15,7.461479459719406,8.176953740331577
c1ccccc1,O,353.15,7.679570376469897,8.152161285760013
c1ccccc1,O,373.15,7.816191242776914,8.102576376616884
CC(Cl)(Cl)Cl,O,283.15,8.329489175141406,9.15756164905202
CC(Cl)(Cl)Cl,O,283.15,8.368586448863615,9.15756164905202
CC(Cl)(Cl)Cl,O,293.15,8.301918598480723,9.132769194480456
CC(Cl)(Cl)Cl,O,293.15,8.482160655591441,9.132769194480456
CC(Cl)(Cl)Cl,O,293.15,8.574856255676517,9.132769194480456
CC(Cl)(Cl)Cl,O,293.15,8.59888745759283,9.132769194480456
CC(Cl)(Cl)Cl,O,293.15,8.641802651704518,9.132769194480456
CC(Cl)(Cl)Cl,O,293.15,8.650385776652017,9.132769194480456
CC(Cl)(Cl)Cl,O,293.15,8.689866688335215,9.132769194480456
CC(Cl)(Cl)Cl,O,298.15,8.693578832134126,9.120372967194674
CC(Cl)(Cl)Cl,O,298.15,8.866409589425563,9.120372967194674
CC(Cl)(Cl)Cl,O,303.15,8.454500432477765,9.107976739908892
CC(Cl)(Cl)Cl,O,303.15,8.55575792022806,9.107976739908892
CC(Cl)(Cl)Cl,O,303.15,8.58895741914549,9.107976739908892
CC(Cl)(Cl)Cl,O,303.15,8.618836004975583,9.107976739908892
CC(Cl)(Cl)Cl,O,308.15,8.545815633078915,9.095580512623108
CC(Cl)(Cl)Cl,O,308.15,8.68854311266956,9.095580512623108
CC(Cl)(Cl)Cl,O,308.15,8.743249297123048,9.095580512623108
CC(Cl)(Cl)Cl,O,313.15,8.523055971684613,9.083184285337328
CC(Cl)(Cl)Cl,O,313.15,8.592476900691537,9.083184285337328
CC(Cl)(Cl)Cl,O,313.15,8.604689284245495,9.083184285337328
CC(Cl)(Cl)Cl,O,314.25,8.90758391644303,9.080457115334454
CC(Cl)(Cl)Cl,O,323.15,8.597243899057775,9.058391830765762
CC(Cl)(Cl)Cl,O,323.15,8.670434314865334,9.058391830765762
CC(Cl)(Cl)Cl,O,323.15,8.681333805272844,9.058391830765762
CC(Cl)(Cl)Cl,O,324.45,8.856875982971689,9.055168811671457
CC(Cl)(Cl)Cl,O,333.15,8.572007081228586,9.033599376194196
CC(Cl)(Cl)Cl,O,334.65,8.883666573484904,9.029880508008462
CC(Cl)(Cl)Cl,O,343.15,8.520567492055187,9.008806921622632
CC(Cl)(Cl)Cl,O,344.65,8.778576975369766,9.005088053436896
CC(Cl)(Cl)Cl,O,353.15,8.443331342817782,8.984014467051068
CI,O,293.15,6.776724756573179,6.824641702273503
BrCBr,O,293.15,6.654171849893306,7.543495049589168
BrCBr,O,293.15,6.705668470193538,7.543495049589168
BrCBr,O,293.15,6.7228343467371365,7.543495049589168
BrCBr,O,293.15,6.757167245387621,7.543495049589168
BrCBr,O,298.15,6.525393228107419,7.531098822303386
BrCBr,O,303.15,6.684432961690242,7.518702595017603
BrCBr,O,308.15,6.659977019651054,7.506306367731821
BrCBr,O,308.15,6.676307341504312,7.506306367731821
BrCBr,O,313.15,6.6375306022594325,7.493910140446038
BrCBr,O,323.15,6.61366471594919,7.469117685874474
CCBr,O,293.15,6.874570711591093,7.07141313781916
CCBr,O,298.15,6.518799144749717,7.059016910533378
S=C=S,O,278.15,7.648153344390628,8.162589675275242
S=C=S,O,283.15,7.468781500359941,8.150193447989459
S=C=S,O,283.15,7.674937929067553,8.150193447989459
S=C=S,O,288.15,7.712291765468034,8.137797220703677
S=C=S,O,293.15,7.644603505613177,8.125400993417895
S=C=S,O,293.15,7.757897661306674,8.125400993417895
S=C=S,O,293.15,8.094692803371588,8.125400993417895
S=C=S,O,295.15,7.550561343267984,8.120442502503582
S=C=S,O,298.15,7.817701929661205,8.113004766132113
S=C=S,O,298.65,7.374603936534571,8.111765143403534
S=C=S,O,303.15,7.67797460561694,8.10060853884633
S=C=S,O,303.15,7.905887714749933,8.10060853884633
S=C=S,O,304.05,7.475951294119252,8.098377217934889
S=C=S,O,308.15,8.031154484736899,8.088212311560547
S=C=S,O,309.75,7.6331082408783,8.084245518829096
S=C=S,O,310.9,7.570113300722202,8.081394386553367
S=C=S,O,315.35,7.806517276305329,8.070361744269022
S=C=S,O,322.35,8.080064026572584,8.053007026068926
CSC,O,292.6,5.076017209476895,5.42312812206823
CSC,O,298.01,5.16773020684153,5.409715404145015
CSC,O,298.03,5.133419138174014,5.409665819235871
CSC,O,298.03,5.184078667303923,5.409665819235871
CSC,O,302.7,5.143538989760254,5.398087742950951
CSC,O,312.5,5.15377702578989,5.373791137470817
CSC,O,332.8,5.201900074120633,5.3234624546905405
C1CO1,O,283.15,1.6173088551346684,1.5486381134103908
C1CO1,O,283.15,1.6883988043867346,1.5486381134103908
C1CO1,O,290.65,1.79031008604619,1.5126278789296856
C1CO1,O,298.15,1.787826746200342,1.47661764444898
C1CO1,O,298.15,1.87221747526867,1.47661764444898
C1CO1,O,308.15,1.945341415928713,1.4286039984747063
C1CO1,O,318.15,2.0008379022174307,1.3805903525004322
C1CO1,O,328.15,2.040009206136116,1.332576706526159
C1CO1,O,338.15,2.0491202112875824,1.2845630605518847
C1CO1,O,348.15,2.073817003579541,1.236549414577611
C1CO1,O,358.15,2.05628549796263,1.1885357686033373
BrC(Br)Br,O,288.15,8.474404681237589,9.520781665527666
BrC(Br)Br,O,293.15,8.19222453417844,9.508385438241884
BrC(Br)Br,O,293.15,8.39821594297153,9.508385438241884
BrC(Br)Br,O,293.15,8.43254774068724,9.508385438241884
BrC(Br)Br,O,298.15,9.153720283801205,9.495989210956102
BrC(Br)Br,O,303.15,8.19314031429476,9.48359298367032
BrC(Br)Br,O,303.15,8.325938250503455,9.48359298367032
BrC(Br)Br,O,303.15,8.408937377312926,9.48359298367032
BrC(Br)Br,O,308.15,8.049490912032333,9.471196756384536
BrC(Br)Br,O,308.15,8.686372093977209,9.471196756384536
BrC(Br)Br,O,313.15,8.249684919197504,9.458800529098756
BrC(Br)Br,O,323.15,8.122570095702988,9.43400807452719
BrC(Br)Br,O,323.15,8.309435665811124,9.43400807452719
CC(C)Br,O,283.15,7.528562922784321,8.247713330591555
CC(C)Br,O,291.15,7.770611478285193,8.227879366934303
CC(C)Br,O,293.15,7.667813164824709,8.222920876019991
CC(C)Br,O,295.25,7.436923641395844,8.217714460559963
CC(C)Br,O,298.15,7.643065953848998,8.210524648734209
CC(C)Br,O,303.15,7.663492208055162,8.198128421448427
CC(C)Br,O,303.15,7.668472319027543,8.198128421448427
CC(C)Cl,O,283.15,7.062816972282007,7.177916337756718
CC(C)Cl,O,285.65,7.118818151863303,7.171427533035358
CC(C)Cl,O,293.15,7.239789109004419,7.151961118871277
CC(C)Cl,O,298.15,7.273862597875859,7.138983509428556
CC(C)Cl,O,303.15,7.241316138798626,7.126005899985836
CC(C)Cl,O,303.15,7.2482835644189825,7.126005899985836
CC(C)I,O,283.15,8.946469873707889,9.03500102883693
CC(C)I,O,293.15,8.941337420106214,9.010208574265366
CC(C)I,O,303.15,8.959404157877561,8.985416119693802
CC(C)S,O,288.15,7.016780072964621,7.026123568093214
CC(C)S,O,298.15,7.034978064122098,7.001331113521649
CC(C)S,O,308.15,7.081557314160349,6.976538658950085
CC(C)S,O,318.15,7.0299198129515394,6.951746204378519
CC(Cl)Cl,O,283.15,6.875611147655518,7.560798294117402
CC(Cl)Cl,O,283.15,7.000015357407435,7.560798294117402
CC(Cl)Cl,O,293.15,6.907165104863647,7.536005839545837
CC(Cl)Cl,O,293.15,6.953512276319866,7.536005839545837
CC(Cl)Cl,O,293.15,6.963814199712114,7.536005839545837
CC(Cl)Cl,O,293.15,6.9844107178711,7.536005839545837
CC(Cl)Cl,O,293.15,6.991278077953407,7.536005839545837
CC(Cl)Cl,O,293.15,7.003292705691201,7.536005839545837
CC(Cl)Cl,O,293.15,7.037624975773667,7.536005839545837
CC(Cl)Cl,O,298.15,6.992546693677877,7.523609612260055
CC(Cl)Cl,O,303.15,6.928616169649466,7.511213384974272
CC(Cl)Cl,O,303.15,6.9435566914455205,7.511213384974272
CC(Cl)Cl,O,303.15,6.958495920685321,7.511213384974272
CC(Cl)Cl,O,303.15,7.033197794672652,7.511213384974272
CC(Cl)Cl,O,303.15,7.043151182325747,7.511213384974272
CC(Cl)Cl,O,308.15,6.954467094404093,7.49881715768849
CC(Cl)Cl,O,308.15,7.024693513450019,7.49881715768849
CC(Cl)Cl,O,308.15,7.042653237430096,7.49881715768849
CC(Cl)Cl,O,308.15,7.125942568296098,7.49881715768849
CC(Cl)Cl,O,313.15,6.929154669988027,7.486420930402707
CC(Cl)Cl,O,313.15,6.9307586607471,7.486420930402707
CC(Cl)Cl,O,313.15,7.014320069210167,7.486420930402707
CC(Cl)Cl,O,318.15,6.899303664492333,7.474024703116925
CC(Cl)Cl,O,318.15,6.960992682364554,7.474024703116925
CC(Cl)Cl,O,323.15,6.855729084509972,7.461628475831143
CC(Cl)Cl,O,323.15,6.953837016769142,7.461628475831143
CC(Cl)Cl,O,323.15,6.9709647923800215,7.461628475831143
CC(Cl)Cl,O,323.15,6.991204485636411,7.461628475831143
C=C(Cl)Cl,O,288.15,7.708329837767133,8.144500946203326
C=C(Cl)Cl,O,290.15,7.648196266632225,8.139542455289014
C=C(Cl)Cl,O,293.15,7.543373977235245,8.132104718917546
C=C(Cl)Cl,O,293.65,7.669070324137751,8.130865096188966
C=C(Cl)Cl,O,298.15,7.775175043422364,8.119708491631762
C=C(Cl)Cl,O,301.65,7.711513168782036,8.111031132531714
C=C(Cl)Cl,O,302.65,7.649254432481664,8.108551887074558
C=C(Cl)Cl,O,303.15,7.562686441513587,8.10731226434598
C=C(Cl)Cl,O,311.65,7.796234840615945,8.08623867796015
C=C(Cl)Cl,O,313.15,7.563844206585477,8.082519809774416
C=C(Cl)Cl,O,318.15,7.83990754891921,8.070123582488634
C=C(Cl)Cl,O,324.15,7.745050421429707,8.055248109745694
C=C(Cl)Cl,O,328.15,7.834993863820787,8.045331127917068
C=C(Cl)Cl,O,333.65,7.696089904542072,8.031695277902708
C=C(Cl)Cl,O,338.15,7.729761704663646,8.020538673345504
C=C(Cl)Cl,O,344.15,7.447249988921338,8.005663200602566
C=C(Cl)Cl,O,347.65,7.607336715251325,7.996985841502517
C=C(Cl)Cl,O,354.15,7.426941852391999,7.980870746
C[N+](=O)[O-],O,293.15,3.564723969967892,2.0172696240988053
C[N+](=O)[O-],O,298.15,3.4643255336966288,1.9932628011116686
C[N+](=O)[O-],O,303.15,3.5182216109792948,1.969255978124532
C[N+](=O)[O-],O,313.15,3.432308376687208,1.9212423321502579
C[N+](=O)[O-],O,323.15,3.3723554224272587,1.8732286861759841
CC(C)(C)O,O,303.15,2.667776667261007,3.1496847889045245
CC(C)(C)O,O,308.15,2.727355972960023,3.1256779659173874
CC(C)(C)O,O,313.15,2.820682215218756,3.1016711429302504
CC(C)(C)O,O,323.13,2.9623667850673123,3.0537535242479255
CC(C)(C)O,O,323.15,2.9928932473301275,3.0536574969559767
CC(C)(C)O,O,333.15,2.834483125777371,3.005643850981703
CC(C)(C)O,O,333.15,3.076164136266113,3.005643850981703
CC(C)(C)O,O,343.15,3.150849628857064,2.9576302050074292
CC(C)(C)O,O,353.15,3.231231182117564,2.9096165590331555
CC(C)(C)O,O,363.15,3.260758376798577,2.8616029130588814
CC(C)(C)O,O,371.15,3.3027021349130563,2.8231919962794625
CC(C)(C)O,O,373.15,3.1619667916950145,2.813589267084608
CCC(C)(C)C,O,298.15,12.212948949469606,11.17898799195567
CCC(C)(C)C,O,298.15,12.331096072842051,11.17898799195567
CCC(C)(C)C,O,298.15,12.466118840734527,11.17898799195567
CCC(C)(C)O,O,293.15,3.4700640229601896,4.279251310290158
CCC(C)(C)O,O,293.15,3.555893626927237,4.279251310290158
CCC(C)(C)O,O,298.15,3.6790487911002874,4.255244487303022
CCC(C)(C)O,O,303.15,3.685513796637635,4.231237664315885
CCC(C)(C)O,O,303.15,3.735312079566782,4.231237664315885
CCC(C)(C)O,O,313.15,3.852559584157324,4.183224018341611
CCC(C)(C)O,O,313.15,3.900769926366905,4.183224018341611
CCC(C)(C)O,O,323.15,3.975198723371141,4.135210372367338
CCC(C)(C)O,O,323.15,4.053060655481264,4.135210372367338
CCC(C)(C)O,O,333.15,4.087153770336518,4.0871967263930635
CCC(C)(C)O,O,333.15,4.1324685203132105,4.0871967263930635
CCC(C)C,O,293.15,11.354291918762012,9.931174171571772
CCC(C)C,O,293.2,11.30046835964856,9.931044395477343
CCC(C)C,O,298.15,11.293946977721712,9.91819656212905
CCC(C)C,O,298.15,11.327702503168558,9.91819656212905
CCC(C)C,O,313.15,11.145157795036267,9.879263733800888
CCC(C)C,O,323.15,10.92194129348817,9.853308514915447
C=CC(=C)C,O,293.15,8.748011218462137,8.355910050813112
C=CC(=C)C,O,293.15,8.84414164905524,8.355910050813112
C=CC(=C)C,O,298.15,8.681225175669134,8.34293244137039
C=CC(=C)C,O,313.15,8.64536122691988,8.30399961304223
C=CC(=C)C,O,323.15,8.44541358344071,8.278044394156787
C=CC(=C)C,O,323.15,8.5077022950069,8.278044394156787
C=CC(=C)C,O,333.15,8.335397896122405,8.252089175271347
CC(C)C#N,O,298.15,4.754357138306469,3.8620940886657364
CC(C)CO,O,283.15,3.4823533156231585,3.9541150628889428
CC(C)CO,O,293.15,3.701484673471332,3.9061014169146686
CC(C)CO,O,298.15,3.7171728930140566,3.882094593927532
CC(C)CO,O,298.15,3.7509289426783776,3.882094593927532
CC(C)CO,O,298.15,3.7846849657666377,3.882094593927532
CC(C)CO,O,298.15,3.8015628419756062,3.882094593927532
CC(C)CO,O,298.15,3.818441730206606,3.882094593927532
CC(C)CO,O,303.15,3.8514212583500815,3.8580877709403953
CC(C)CO,O,303.15,3.901220871894059,3.8580877709403953
CC(C)CO,O,308.15,3.886130673462196,3.8340809479532583
CC(C)CO,O,313.15,3.938518869232112,3.810074124966121
CC(C)CO,O,323.15,3.999480616174016,3.7620604789918475
CC(C)CO,O,323.15,4.015054210346839,3.7620604789918475
CC(C)CO,O,323.15,4.030625260987809,3.7620604789918475
CC(C)CO,O,333.15,4.051482293312402,3.7140468330175738
CC(C)CO,O,333.15,4.096798216216291,3.7140468330175738
CC(C)CO,O,343.15,4.080355503341985,3.6660331870433
CC(C)CO,O,353.15,4.045017754085049,3.6180195410690263
CC(C)CO,O,363.15,3.992047866788592,3.570005895094752
CC(C)CO,O,371.15,3.962670491326278,3.5315949783153333
CC(Cl)CCl,O,282.65,7.756619055539544,8.097433480711949
CC(Cl)CCl,O,293.15,7.677103953035659,8.071401403411805
CC(Cl)CCl,O,293.15,7.797266622463029,8.071401403411805
CC(Cl)CCl,O,293.15,7.84876594014673,8.071401403411805
CC(Cl)CCl,O,298.15,7.753387467193059,8.059005176126023
CC(Cl)CCl,O,300.15,7.7434388105534335,8.05404668521171
CC(Cl)CCl,O,302.85,7.707377354049088,8.047352722477388
CC(Cl)CCl,O,303.15,7.629659969961279,8.046608948840241
CC(Cl)CCl,O,303.15,7.77905701309138,8.046608948840241
CC(Cl)CCl,O,303.15,7.895257220011813,8.046608948840241
CC(Cl)CCl,O,313.15,7.591543803614778,8.021816494268675
CC(Cl)CCl,O,313.15,7.671892003018832,8.021816494268675
CC(Cl)CCl,O,313.45,7.665983021249118,8.02107272063153
CC(Cl)CCl,O,322.95,7.596110998805951,7.997519888788542
CC(Cl)CCl,O,333.15,7.5029312423161105,7.972231585125546
CC(Cl)CCl,O,343.65,7.391421399884467,7.946199507825403
CCC(C)O,O,283.15,2.807786932889746,3.433617158146834
CCC(C)O,O,293.15,2.976534163500438,3.38560351217256
CCC(C)O,O,293.15,3.062362355851754,3.38560351217256
CCC(C)O,O,298.15,3.061018952251886,3.3615966891854234
CCC(C)O,O,298.15,3.162288542019541,3.3615966891854234
CCC(C)O,O,298.15,3.212922136787835,3.3615966891854234
CCC(C)O,O,303.15,3.2451476776070307,3.337589866198287
CCC(C)O,O,303.15,3.477540948249489,3.337589866198287
CCC(C)O,O,308.15,3.5077142285113063,3.3135830432111497
CCC(C)O,O,313.15,3.3949948523522764,3.2895762202240126
CCC(C)O,O,313.15,3.4110652008605054,3.2895762202240126
CCC(C)O,O,323.15,3.499203923014223,3.241562574249739
CCC(C)O,O,323.15,3.514776035724366,3.241562574249739
CCC(C)O,O,323.18,3.544925361944862,3.241418533311816
CCC(C)O,O,333.15,3.455931748762207,3.193548928275465
CCC(C)O,O,333.15,3.5616652090875087,3.193548928275465
CCC(C)O,O,333.15,3.591875590837156,3.193548928275465
CCC(C)O,O,333.55,3.820760423038219,3.191628382436494
CCC(C)O,O,343.15,3.615114500045861,3.1455352823011915
CCC(C)O,O,348.55,3.805802119758164,3.1196079134750834
CCC(C)O,O,353.15,3.63155220249228,3.097521636326918
CCC(C)O,O,357.15,3.733224037028192,3.078316177937208
CCC(C)O,O,363.15,3.6830298786583766,3.0495079903526436
CCC(C)O,O,371.15,3.6139080323718087,3.0110970735732248
CCC(C)O,O,373.15,3.53715208569436,3.0014943443783704
CCC(C)=O,O,297.85,3.2689603890356214,3.3870435942297346
CCC(C)=O,O,298.15,3.261720731920516,3.3856031848505066
CCC(C)=O,O,298.15,3.278600276947517,3.3856031848505066
CCC(C)=O,O,298.15,3.295477542196002,3.3856031848505066
CCC(C)=O,O,298.15,3.3461109374569,3.3856031848505066
CCC(C)=O,O,303.15,3.4096019640059656,3.36159636186337
CCC(C)=O,O,303.25,3.4072159006542853,3.361116225403627
CCC(C)=O,O,313.15,3.454491672719873,3.313582715889096
CCC(C)=O,O,313.25,3.532544306740509,3.313102579429353
CCC(C)=O,O,323.15,3.6263043375688087,3.265569069914822
CCC(C)=O,O,323.25,3.592965842281121,3.265088933455079
CCC(C)=O,O,333.15,3.626096724006106,3.2175554239405484
CCC(C)=O,O,333.15,3.6412032942112726,3.2175554239405484
CCC(C)=O,O,333.25,3.6693041009890255,3.2170752874808057
CCC(C)=O,O,343.15,3.2924533706564416,3.1695417779662747
CCC(C)=O,O,343.15,3.6883993388770593,3.1695417779662747
CCC(C)=O,O,343.15,3.7030633848802927,3.1695417779662747
CCC(C)=O,O,353.15,3.3657187249408667,3.121528131992001
CCC(C)=O,O,353.15,3.693456463607043,3.121528131992001
CCC(C)=O,O,353.15,3.7077061151138304,3.121528131992001
CCC(C)=O,O,363.15,3.4100183621679334,3.073514486017727
CCC(C)=O,O,373.15,3.4677494991531925,3.0255008400434535
CNC(C)=O,O,333.15,0.8808169103470013,-0.762115721
CNC(C)=O,O,343.15,0.8941514567414977,-0.765163069
CNC(C)=O,O,353.15,0.8722719664556134,-0.768210417
CNC(C)=O,O,363.15,0.8452929948438382,-0.771257765
CNC(C)=O,O,413.53,0.6993031933712821,-0.786610305
COC(C)=O,O,293.15,3.025810358420701,3.2905237422736455
COC(C)=O,O,293.15,3.094472926188603,3.2905237422736455
COC(C)=O,O,298.15,3.110648982997234,3.266516919286509
COC(C)=O,O,298.15,3.2287984325648087,3.266516919286509
COC(C)=O,O,303.15,3.19446837161604,3.2425100962993723
COC(C)=O,O,303.25,3.2585272144978226,3.242029959839629
COC(C)=O,O,313.25,3.3405623431248,3.1940163138653554
COC(C)=O,O,323.25,3.376440100314138,3.1460026678910813
COC(C)=O,O,333.25,3.430092533315644,3.097989021916808
COC(C)=O,O,343.25,3.440744964464655,3.049975375942534
CC[N+](=O)[O-],O,293.15,4.524324489338516,3.2440027868927137
CC[N+](=O)[O-],O,298.15,4.471128949129368,3.219995963905577
CC[N+](=O)[O-],O,303.15,4.504478753178527,3.1959891409184404
CC[N+](=O)[O-],O,313.15,4.4764739423110695,3.1479754949441663
CC[N+](=O)[O-],O,323.15,4.4093645259153895,3.0999618489698926
BrC(Br)C(Br)Br,O,283.15,10.596847210521146,9.774689549844652
BrC(Br)C(Br)Br,O,293.15,10.433706896477764,9.77164220171882
BrC(Br)C(Br)Br,O,298.15,10.360405942233209,9.770118527655903
BrC(Br)C(Br)Br,O,298.15,13.449086820005318,9.770118527655903
BrC(Br)C(Br)Br,O,303.15,10.275554430556909,9.768594853592987
BrC(Br)C(Br)Br,O,303.15,10.375152301358495,9.768594853592987
BrC(Br)C(Br)Br,O,313.15,10.0570709286199,9.765547505467154
CC(C)C(C)C,O,298.15,12.267515755822922,11.17898799195567
CC(C)C(C)C,O,298.15,12.436295082308677,11.17898799195567
CC(C)C(C)C,O,298.15,12.47005099128272,11.17898799195567
CC(C)C(C)C,O,313.25,12.434362929663914,11.139795611438654
CC(C)C(C)C,O,328.25,12.216191279051335,11.100862783110493
ClC(Cl)C(Cl)Cl,O,282.65,8.194883786732394,9.322211497638667
ClC(Cl)C(Cl)Cl,O,283.15,7.939208727584731,9.32097187491009
ClC(Cl)C(Cl)Cl,O,283.15,8.099159427632218,9.32097187491009
ClC(Cl)C(Cl)Cl,O,293.15,7.872203594036171,9.296179420338525
ClC(Cl)C(Cl)Cl,O,293.15,8.129693730270906,9.296179420338525
ClC(Cl)C(Cl)Cl,O,293.15,8.16402352537785,9.296179420338525
ClC(Cl)C(Cl)Cl,O,293.15,8.284186155477617,9.296179420338525
ClC(Cl)C(Cl)Cl,O,293.15,8.318517837269239,9.296179420338525
ClC(Cl)C(Cl)Cl,O,293.15,8.352849067852935,9.296179420338525
ClC(Cl)C(Cl)Cl,O,293.15,8.370014815157727,9.296179420338525
ClC(Cl)C(Cl)Cl,O,298.15,7.886194177371226,9.283783193052741
ClC(Cl)C(Cl)Cl,O,298.15,8.122486998060241,9.283783193052741
ClC(Cl)C(Cl)Cl,O,302.85,8.130951130915683,9.272130739404107
ClC(Cl)C(Cl)Cl,O,303.15,7.901976951857814,9.27138696576696
ClC(Cl)C(Cl)Cl,O,303.15,8.067973668442889,9.27138696576696
ClC(Cl)C(Cl)Cl,O,303.15,8.134373724231931,9.27138696576696
ClC(Cl)C(Cl)Cl,O,303.15,8.283769479861126,9.27138696576696
ClC(Cl)C(Cl)Cl,O,308.15,8.131674817867362,9.258990738481177
ClC(Cl)C(Cl)Cl,O,308.15,8.213324825,9.258990738481177
ClC(Cl)C(Cl)Cl,O,312.75,8.08342736934149,9.247586209378257
ClC(Cl)C(Cl)Cl,O,313.15,8.098940671744685,9.246594511195394
ClC(Cl)C(Cl)Cl,O,313.15,8.227495756151097,9.246594511195394
ClC(Cl)C(Cl)Cl,O,323.15,8.042066059417152,9.22180205662383
ClC(Cl)C(Cl)Cl,O,323.25,8.022559107648277,9.221554132078115
ClC(Cl)C(Cl)Cl,O,328.65,7.967730684035328,9.20816620660947
ClC(Cl)C(Cl)Cl,O,333.15,7.9651045036509265,9.197009602052265
ClC(Cl)C(Cl)Cl,O,334.15,7.897768480141902,9.19453035659511
ClC(Cl)C(Cl)Cl,O,343.15,7.8546062532368035,9.172217147480701
ClC(Cl)C(Cl)Cl,O,343.65,7.80766456464055,9.170977524752121
ClC(Cl)C(Cl)Cl,O,353.15,7.727160591012582,9.147424692909137
ClC(Cl)C(Cl)Cl,O,353.75,7.7070986259465455,9.145937145634843
CC(C)[N+](=O)[O-],O,293.15,5.663387472295151,4.660213014317648
CC(C)[N+](=O)[O-],O,303.15,5.659684285934403,4.612199368343375
CC(C)[N+](=O)[O-],O,313.15,5.61479095666256,4.564185722369101
CC(C)[N+](=O)[O-],O,323.15,5.563097940157113,4.516172076394827
C=C(C)C(=O)OC,O,273.35,5.689196616327783,6.2944313029024475
C=C(C)C(=O)OC,O,283.15,5.819219055836518,6.2473779298476595
C=C(C)C(=O)OC,O,293.15,5.944661157993283,6.199364283873385
C=C(C)C(=O)OC,O,293.15,5.978994619735713,6.199364283873385
C=C(C)C(=O)OC,O,298.15,5.9829635155130925,6.175357460886248
C=C(C)C(=O)OC,O,298.15,5.999841859237434,6.175357460886248
C=C(C)C(=O)OC,O,303.15,5.989269640060913,6.151350637899112
C=C(C)C(=O)OC,O,303.15,6.005870284415583,6.151350637899112
C=C(C)C(=O)OC,O,308.15,6.111977187335231,6.127343814911975
C=C(C)C(=O)OC,O,313.15,6.00792335477125,6.103336991924838
C=C(C)C(=O)OC,O,313.15,6.0400618355352265,6.103336991924838
C=C(C)C(=O)OC,O,323.15,5.9709199446162735,6.055323345950564
C=C(C)C(=O)OC,O,323.15,6.033210914264181,6.055323345950564
C=C(C)C(=O)OC,O,333.15,5.852188111855164,6.0073096999762905
C=C(C)C(=O)OC,O,333.15,6.018342574816228,6.0073096999762905
CCOC(=O)c1ccccc1C(=O)OCC,O,278.15,9.481168714855803,8.00646224315817
CCOC(=O)c1ccccc1C(=O)OCC,O,283.15,9.254070134837509,8.004938569095254
CCOC(=O)c1ccccc1C(=O)OCC,O,283.15,9.449561975902949,8.004938569095254
CCOC(=O)c1ccccc1C(=O)OCC,O,283.15,9.520651954675747,8.004938569095254
CCOC(=O)c1ccccc1C(=O)OCC,O,293.15,9.21460128139485,8.00189122096942
CCOC(=O)c1ccccc1C(=O)OCC,O,293.15,9.28326550199074,8.00189122096942
CCOC(=O)c1ccccc1C(=O)OCC,O,293.15,9.420593193698828,8.00189122096942
CCOC(=O)c1ccccc1C(=O)OCC,O,293.15,9.454924424225217,8.00189122096942
CCOC(=O)c1ccccc1C(=O)OCC,O,293.15,9.506422068606296,8.00189122096942
CCOC(=O)c1ccccc1C(=O)OCC,O,293.15,9.540751419504431,8.00189122096942
CCOC(=O)c1ccccc1C(=O)OCC,O,298.15,9.52311253898752,8.000367546906503
CCOC(=O)c1ccccc1C(=O)OCC,O,303.15,9.128427249500296,7.9988438728435876
CCOC(=O)c1ccccc1C(=O)OCC,O,303.15,9.46042181822483,7.9988438728435876
CCOC(=O)c1ccccc1C(=O)OCC,O,303.15,9.543421149811246,7.9988438728435876
CCOC(=O)c1ccccc1C(=O)OCC,O,313.15,9.416988620761195,7.995796524717755
CCOC(=O)c1ccccc1C(=O)OCC,O,313.15,9.497337209708268,7.995796524717755
CCOC(=O)c1ccccc1C(=O)OCC,O,323.15,9.42179993051346,7.992749176591921
CCCCOC(=O)c1ccccc1C(=O)OCCCC,O,283.15,13.802338181893912,13.917425270856514
CCCCOC(=O)c1ccccc1C(=O)OCCCC,O,283.15,13.908973578273978,13.917425270856514
CCCCOC(=O)c1ccccc1C(=O)OCCCC,O,293.15,13.84893566282386,13.90665464826253
CCCCOC(=O)c1ccccc1C(=O)OCCCC,O,293.15,13.866099104075085,13.90665464826253
CCCCOC(=O)c1ccccc1C(=O)OCCCC,O,293.15,13.900430582934316,13.90665464826253
CCCCOC(=O)c1ccccc1C(=O)OCCCC,O,293.15,13.934768061613822,13.90665464826253
CCCCOC(=O)c1ccccc1C(=O)OCCCC,O,293.15,13.951927782567251,13.90665464826253
CCCCOC(=O)c1ccccc1C(=O)OCCCC,O,298.15,13.945555881303966,13.901269336965537
CCCCOC(=O)c1ccccc1C(=O)OCCCC,O,303.15,13.827636737762116,13.895884025668545
CCCCOC(=O)c1ccccc1C(=O)OCCCC,O,303.15,13.844234059983393,13.895884025668545
CCCCOC(=O)c1ccccc1C(=O)OCCCC,O,303.15,13.91062981045223,13.895884025668545
CCCCOC(=O)c1ccccc1C(=O)OCCCC,O,313.15,13.85665250129545,13.885113403074559
Cc1ccccc1[N+](=O)[O-],O,283.15,9.663636454219336,8.267869014475554
Cc1ccccc1[N+](=O)[O-],O,293.15,9.50446415200744,8.264821666349722
Cc1ccccc1[N+](=O)[O-],O,303.15,9.363928036197038,8.261774318223889
Cc1ccccc1[N+](=O)[O-],O,303.15,9.430326945275173,8.261774318223889
Cc1ccccc1[N+](=O)[O-],O,313.15,9.22390791519772,8.258726970098056
O=[N+]([O-])c1ccccc1Cl,O,313.15,9.7249289071027,8.296303328849145
Cc1ccc(C(C)C)c(O)c1,O,338.15,9.018512573706774,9.764158269285367
c1ccc2ncccc2c1,O,293.5,7.026542254966188,6.379823453580146
c1ccc2ncccc2c1,O,296.15,6.95226964828878,6.379015906326801
c1ccc2ncccc2c1,O,313.2,7.013690629390806,6.373820177772256
c1ccc2ncccc2c1,O,323.15,6.946427764963284,6.3707880663870515
CCN(CC)c1ccccc1,O,333.15,10.882775618529026,10.961949902806033
COC(=O)c1ccccc1,O,282.85,8.053969724831443,7.343844794182614
COC(=O)c1ccccc1,O,293.25,8.106240051572694,7.3406755521317475
COC(=O)c1ccccc1,O,298.1,8.15247455497655,7.339197588290718
COC(=O)c1ccccc1,O,302.75,7.826909905990922,7.337780571412205
COC(=O)c1ccccc1,O,313.35,7.974112934920819,7.334550382398823
COC(=O)c1ccccc1,O,322.95,7.946306120554488,7.331624928198023
COC(=O)c1ccccc1,O,333.25,7.853130914417826,7.328486159628415
CCOC(=O)c1ccccc1,O,298.15,9.021520949705929,8.629199109618988
CCOC(=O)c1ccccc1,O,313.15,9.26343554201033,8.624628087430239
CCOC(=O)c1ccccc1,O,323.15,9.19085373474988,8.621580739304406
CCOC(=O)c1ccccc1,O,333.25,9.05130243560918,8.618502917697315
CCOC(=O)c1ccccc1,O,343.65,8.973669487457002,8.615333675646449
CCOC(=O)c1ccccc1,O,353.35,8.937349848267392,8.612377747964391
CCOC(=O)c1ccccc1,O,363.45,8.740989329749212,8.609299926357298
Cc1ccccc1C,O,283.15,10.43100508798247,10.706925770932504
Cc1ccccc1C,O,288.15,10.442687782514604,10.69452954364672
Cc1ccccc1C,O,288.15,10.51254091407388,10.69452954364672
Cc1ccccc1C,O,293.15,10.40458400099226,10.68213331636094
Cc1ccccc1C,O,298.15,10.21785658900017,10.669737089075156
Cc1ccccc1C,O,298.15,10.263425168168308,10.669737089075156
Cc1ccccc1C,O,298.15,10.273553436292428,10.669737089075156
Cc1ccccc1C,O,298.15,10.292118423316126,10.669737089075156
Cc1ccccc1C,O,298.15,10.31912408916578,10.669737089075156
Cc1ccccc1C,O,298.15,10.379886314261311,10.669737089075156
Cc1ccccc1C,O,298.15,10.395075309498706,10.669737089075156
Cc1ccccc1C,O,298.15,10.415328660523445,10.669737089075156
Cc1ccccc1C,O,298.15,10.417017516276196,10.669737089075156
Cc1ccccc1C,O,298.15,10.442334875475694,10.669737089075156
Cc1ccccc1C,O,298.15,10.462588922467008,10.669737089075156
Cc1ccccc1C,O,308.15,10.30411430800404,10.644944634503592
Cc1ccccc1C,O,318.15,10.220802453615647,10.620152179932028
Cc1ccccc1O,O,349.05,4.93742640482585,6.994947795312651
Cc1ccccc1O,O,361.85,4.820604094232248,6.991047189711585
Cc1ccccc1O,O,371.65,4.739150227954445,6.988060788548269
Clc1ccccc1Cl,O,283.15,10.74803520599738,11.391101703198585
Clc1ccccc1Cl,O,283.15,10.836894954810472,11.391101703198585
Clc1ccccc1Cl,O,293.15,10.91327591344558,11.366309248627019
Clc1ccccc1Cl,O,293.15,10.981939649989698,11.366309248627019
Clc1ccccc1Cl,O,293.15,11.033436996513275,11.366309248627019
Clc1ccccc1Cl,O,293.15,11.067768972960682,11.366309248627019
Clc1ccccc1Cl,O,298,10.952263379856769,11.35428490815981
Clc1ccccc1Cl,O,298.15,10.91032623368278,11.353913021341238
Clc1ccccc1Cl,O,298.15,11.34915516459912,11.353913021341238
Clc1ccccc1Cl,O,303.15,10.743359336315168,11.341516794055455
Clc1ccccc1Cl,O,303.15,10.876156727485435,11.341516794055455
Clc1ccccc1Cl,O,308.15,10.681591500820907,11.329120566769673
Clc1ccccc1Cl,O,313.15,10.623515194501287,11.31672433948389
Clc1ccccc1Cl,O,318.15,10.584724082070238,11.304328112198107
Clc1ccccc1Cl,O,323,10.658648977175393,11.2923037717309
Clc1ccccc1Cl,O,333.65,11.906601352503415,11.265899807612183
Clc1ccccc1Cl,O,343.85,11.891608445638235,11.240611503949186
Clc1ccccc1Cl,O,353.15,11.389269718656164,11.21755452119763
Clc1ccccc1Cl,O,363.65,11.485631346395683,11.191522443897487
Cc1ccccc1N,O,356.36,6.195196914502056,6.122244508516528
Cc1ccccc1N,O,366.84,5.583736881345558,6.119050887680655
Cc1ccc(C)c(C)c1,O,288.15,11.765418087796167,11.715426258742646
Cc1ccc(C)c(C)c1,O,298.15,11.697494494304662,11.690633804171082
Cc1ccc(C)c(C)c1,O,298.15,11.732936113866591,11.690633804171082
Cc1ccc(C)c(C)c1,O,298.15,11.734619966919327,11.690633804171082
Cc1ccc(C)c(C)c1,O,298.15,11.829136683535983,11.690633804171082
Cc1ccc(C)c(C)c1,O,308.15,11.662405253147588,11.665841349599518
Cc1ccc(C)c(C)c1,O,318.15,11.517325769414713,11.641048895027952
Cc1ccc(N)c(C)c1,O,283.15,6.86492919428068,6.912235695008066
Cc1ccc(N)c(C)c1,O,293.15,6.9122451842549895,6.9091883468822335
Cc1ccc(N)c(C)c1,O,303.15,7.047456349939451,6.906140998756401
Cc1ccc(N)c(C)c1,O,313.15,7.036895795805227,6.903093650630568
Cc1ccc(N)c(C)c1,O,323.15,7.049549936599811,6.900046302504736
Cc1ccc(N)c(C)c1,O,333.15,6.932008770782842,6.896998954378902
Cc1ccc(N)c(C)c1,O,343.15,6.959379518601273,6.8939516062530695
Cc1ccc(N)c(C)c1,O,353.15,6.891103402852352,6.890904258127236
CCC(C)CC,O,298.15,12.49604459421306,11.17898799195567
CCC(C)CC,O,298.15,12.799849665707075,11.17898799195567
CCC(C)CC,O,298.15,12.833606060417612,11.17898799195567
CCC(C)CC,O,298.3,12.859420745714756,11.178598663672389
CCC(C)CC,O,324.5,12.685584057223926,11.110595990192534
CCC(C)CC,O,351.2,12.238046006106298,11.041295555768407
CCC(C)C=O,O,371.7,3.798778156606767,5.085658115888575
CCC(=O)CC,O,298.15,4.682964213428112,4.80670367945503
CCC(=O)CC,O,298.15,4.716720505224825,4.80670367945503
CCC(=O)CC,O,298.15,4.7673570603616655,4.80670367945503
CCC(=O)CC,O,298.15,4.953013243381575,4.80670367945503
CCC(=O)CC,O,303.15,4.982139793016281,4.782696856467893
CCC(=O)CC,O,333.15,4.958464421767347,4.638655918545071
CCC(=O)CC,O,373.15,4.919601291732424,4.446601334647976
CC1CCCC1,O,298.15,11.6034514916696,10.358280600459523
CC1CCCC1,O,298.15,11.620325898579935,10.358280600459523
CCOC(=O)C(C)C,O,302.85,7.009716021956604,7.188114502112244
CCOC(=O)C(C)C,O,313.25,7.130234609750714,7.138180310298999
CCOC(=O)C(C)C,O,323.25,7.263602880767716,7.090166664324725
CCOC(=O)C(C)C,O,333.35,7.285506548522785,7.041672881890708
CCOC(=O)C(C)C,O,343.55,7.258313554185544,6.99269896299695
CCOC(=O)C(C)C,O,353.65,7.283235293999723,6.944205180562933
CC(C)COC(=O)C(C)C,O,292.55,9.628543999532535,10.161907261527084
CC(C)COC(=O)C(C)C,O,302.75,9.64988479373721,10.15092122648122
CC(C)COC(=O)C(C)C,O,312.65,9.644094868546798,10.140258310113175
CC(C)COC(=O)C(C)C,O,323.15,9.63765176931416,10.12894915638949
CC(C)COC(=O)C(C)C,O,332.95,9.747973443661763,10.118393946247386
CC(C)COC(=O)C(C)C,O,343.35,9.778978195817318,10.10719249874964
CC(C)COC(=O)C(C)C,O,353.25,9.88015239318907,10.096529582381596
CC(C)COC(=O)C(C)C,O,363.45,9.57510153415164,10.085543547335732
CC(C)c1ccccc1,O,288.15,11.6362044811304,12.064757557262878
CC(C)c1ccccc1,O,295.15,11.575750018103465,12.047402839062784
CC(C)c1ccccc1,O,298.15,11.508356041035851,12.039965102691314
CC(C)c1ccccc1,O,298.15,11.51341534495943,12.039965102691314
CC(C)c1ccccc1,O,298.15,11.56911674461997,12.039965102691314
CC(C)c1ccccc1,O,298.15,11.781783980679798,12.039965102691314
CC(C)c1ccccc1,O,298.15,11.815538020960338,12.039965102691314
CC(C)c1ccccc1,O,305.3,11.350035878552369,12.022238497672644
CC(C)c1ccccc1,O,308.15,11.499749035853595,12.015172648119748
CC(C)c1ccccc1,O,312.7,11.288327105936256,12.003892081289687
CC(C)c1ccccc1,O,318.15,11.36973615587814,11.990380193548184
CC(C)c1ccccc1,O,323.8,11.116402754178273,11.97637245671525
CC(=O)c1ccccc1,O,293.05,7.015191638584303,6.2960347035243185
O=[N+]([O-])c1ccccc1,O,283.15,8.061546801983699,6.950447670903618
O=[N+]([O-])c1ccccc1,O,288.15,8.087612629129737,6.948923996840701
O=[N+]([O-])c1ccccc1,O,293.15,8.012084527979475,6.947400322777785
O=[N+]([O-])c1ccccc1,O,293.15,8.029250413518985,6.947400322777785
O=[N+]([O-])c1ccccc1,O,295.85,7.966479164975252,6.94657753878381
O=[N+]([O-])c1ccccc1,O,298.15,7.991913610680096,6.945876648714868
O=[N+]([O-])c1ccccc1,O,303.15,7.974505314501464,6.9443529746519514
O=[N+]([O-])c1ccccc1,O,303.15,7.991105018584263,6.9443529746519514
O=[N+]([O-])c1ccccc1,O,308.15,7.8943404349560415,6.942829300589035
O=[N+]([O-])c1ccccc1,O,313.15,7.882922281668015,6.941305626526118
O=[N+]([O-])c1ccccc1,O,313.15,7.931130240065967,6.941305626526118
O=[N+]([O-])c1ccccc1,O,314.45,7.810222910502811,6.9409094712697605
O=[N+]([O-])c1ccccc1,O,318.95,7.808030443587485,6.939538164613135
O=[N+]([O-])c1ccccc1,O,323.15,7.773047409884477,6.938258278400285
Cc1ccc(C(C)C)cc1,O,298,12.714001076483171,13.050130723194517
Cc1ccc(C(C)C)cc1,O,298.15,11.899744476742386,13.049758836375943
Cc1ccc(C(C)C)cc1,O,323,12.445329674647796,12.988149586765605
C=CC1CC=CCC1,O,298.15,11.77001430033718,11.174206100190116
CCc1ccccc1,O,273.2,10.342741983800368,10.873308267747412
CCc1ccccc1,O,273.65,10.464245545050328,10.87219260729169
CCc1ccccc1,O,277.65,10.31154596179689,10.862275625463063
CCc1ccccc1,O,278.15,10.464753406934229,10.861036002734487
CCc1ccccc1,O,278.2,10.389604413581337,10.860912040461628
CCc1ccccc1,O,279.45,10.338424080427323,10.857812983640184
CCc1ccccc1,O,280.25,10.366321793022273,10.855829587274457
CCc1ccccc1,O,280.25,10.402236546476658,10.855829587274457
CCc1ccccc1,O,282.15,10.35193871190375,10.851119020905859
CCc1ccccc1,O,283.15,10.244499469199372,10.848639775448703
CCc1ccccc1,O,283.15,10.386678841085438,10.848639775448703
CCc1ccccc1,O,283.2,10.419506666753472,10.848515813175846
CCc1ccccc1,O,284.95,10.395848753211151,10.844177133625822
CCc1ccccc1,O,285.25,10.379755892439691,10.843433359988676
CCc1ccccc1,O,285.65,10.07649503435654,10.842441661805811
CCc1ccccc1,O,288.15,10.41842570823824,10.836243548162921
CCc1ccccc1,O,288.15,10.476056231262495,10.836243548162921
CCc1ccccc1,O,288.15,10.538926167950644,10.836243548162921
CCc1ccccc1,O,288.15,10.64720188890881,10.836243548162921
CCc1ccccc1,O,288.2,10.454195209196826,10.836119585890064
CCc1ccccc1,O,288.25,10.395680664154115,10.835995623617205
CCc1ccccc1,O,290.09,10.43112309461458,10.831433811976037
CCc1ccccc1,O,291.05,10.374081632431563,10.829053736337167
CCc1ccccc1,O,293.15,10.252170646545308,10.823847320877139
CCc1ccccc1,O,293.15,10.37404727713218,10.823847320877139
CCc1ccccc1,O,293.2,10.460726231671511,10.82372335860428
CCc1ccccc1,O,293.25,10.396365068321476,10.823599396331424
CCc1ccccc1,O,297.65,10.439454468708451,10.812690716319935
CCc1ccccc1,O,298.15,10.231974419360242,10.811451093591357
CCc1ccccc1,O,298.15,10.252227094288823,10.811451093591357
CCc1ccccc1,O,298.15,10.33493224960324,10.811451093591357
CCc1ccccc1,O,298.15,10.383877679876507,10.811451093591357
CCc1ccccc1,O,298.15,10.38893998216866,10.811451093591357
CCc1ccccc1,O,298.15,10.39569288976555,10.811451093591357
CCc1ccccc1,O,298.15,10.414258174789564,10.811451093591357
CCc1ccccc1,O,298.15,10.415945842776576,10.811451093591357
CCc1ccccc1,O,298.15,10.42776035634241,10.811451093591357
CCc1ccccc1,O,298.15,10.453076092374612,10.811451093591357
CCc1ccccc1,O,298.15,10.45813961296267,10.811451093591357
CCc1ccccc1,O,298.15,10.48345763629895,10.811451093591357
CCc1ccccc1,O,298.15,10.50708741605412,10.811451093591357
CCc1ccccc1,O,298.15,10.566160061574273,10.811451093591357
CCc1ccccc1,O,298.15,10.571224613158858,10.811451093591357
CCc1ccccc1,O,298.15,10.599916841082214,10.811451093591357
CCc1ccccc1,O,298.15,10.60835577254677,10.811451093591357
CCc1ccccc1,O,298.15,10.714686621497208,10.811451093591357
CCc1ccccc1,O,299.9,10.392328269565343,10.807112414041333
CCc1ccccc1,O,303.15,10.45676903533851,10.799054866305575
CCc1ccccc1,O,303.2,10.434392235975585,10.798930904032716
CCc1ccccc1,O,308.15,10.316854690540149,10.786658639019791
CCc1ccccc1,O,308.15,10.40994063064236,10.786658639019791
CCc1ccccc1,O,308.15,10.437700547191133,10.786658639019791
CCc1ccccc1,O,308.2,10.401012107992988,10.786534676746934
CCc1ccccc1,O,309.71,10.335678976215885,10.782791016106628
CCc1ccccc1,O,311.5,10.351753495966989,10.778353166738317
CCc1ccccc1,O,313.15,10.443492294822436,10.77426241173401
CCc1ccccc1,O,313.2,10.349566633529548,10.774138449461152
CCc1ccccc1,O,313.2,10.35599208681672,10.774138449461152
CCc1ccccc1,O,313.45,10.291372362145202,10.773518638096863
CCc1ccccc1,O,318.15,10.211920332126097,10.761866184448227
CCc1ccccc1,O,318.15,10.31314718464914,10.761866184448227
CCc1ccccc1,O,318.15,10.34478301764512,10.761866184448227
CCc1ccccc1,O,318.2,10.310877473669256,10.761742222175368
CCc1ccccc1,O,319.65,10.23752468383636,10.758147316262491
CCc1ccccc1,O,323.15,10.307368072514054,10.749469957162445
CCc1ccccc1,O,323.2,10.25641648894146,10.749345994889588
CCc1ccccc1,O,328.15,10.211067835951118,10.737073729876663
CCc1ccccc1,O,329.89,10.132966989667842,10.73275984278121
CCc1ccccc1,O,333.15,10.113002657014212,10.724677502590879
CCc1ccccc1,O,339.8,9.988816264638904,10.70819052030079
CCc1ccccc1,O,343.13,9.970197152675164,10.699934632928457
C=Cc1ccccc1,O,280.15,9.862128955737283,10.355097135948899
C=Cc1ccccc1,O,288.15,10.019513489843398,10.335263172291647
C=Cc1ccccc1,O,297.15,9.750872359911456,10.312949963177239
C=Cc1ccccc1,O,298.15,9.819970064800756,10.310470717720083
C=Cc1ccccc1,O,298.15,9.904362169946788,10.310470717720083
C=Cc1ccccc1,O,305.15,9.683034129579797,10.293115999519987
C=Cc1ccccc1,O,313.15,9.57522651158643,10.273282035862735
C=Cc1ccccc1,O,317.15,9.577390309061531,10.263365054034109
C=Cc1ccccc1,O,322.15,9.462397857455032,10.250968826748327
C=Cc1ccccc1,O,324.15,9.464401025925111,10.246010335834013
N#Cc1ccccc1,O,283.15,7.468513271496337,6.180598665175578
N#Cc1ccccc1,O,293.15,7.254142485152389,6.177551317049746
N#Cc1ccccc1,O,298.15,7.459310092962196,6.176027642986829
N#Cc1ccccc1,O,308.65,7.296019971103547,6.172827927454704
N#Cc1ccccc1,O,313.15,7.130834828248259,6.171456620798079
N#Cc1ccccc1,O,323.15,7.279918655486588,6.168409272672246
N#Cc1ccccc1,O,330.15,7.172248045811186,6.166276128984164
N#Cc1ccccc1,O,333.15,7.184477511197576,6.1653619245464135
COc1ccccc1,O,283.35,7.838702083999593,8.320903527037249
COc1ccccc1,O,293.15,8.00241978540215,8.296606921557116
COc1ccccc1,O,293.16,8.362427655937312,8.296582129102543
COc1ccccc1,O,298.15,7.9605539691107,8.284210694271334
COc1ccccc1,O,302.85,8.084778174941475,8.272558240622697
COc1ccccc1,O,308.15,8.115302686793637,8.25941823969977
COc1ccccc1,O,313.05,8.099523914469167,8.247269936959702
COc1ccccc1,O,322.9,7.96314338462856,8.22284936920671
COc1ccccc1,O,323.35,8.022988668666482,8.221733708750989
COc1ccccc1,O,333.35,7.772900074032135,8.196941254179425
COc1ccccc1,O,343.35,7.77749094698817,8.17214879960786
COc1ccccc1,O,354.35,7.62478498800533,8.144877099579139
CCCN(CCC)CCC,O,293.15,9.025421845974902,9.094555767862424
CCCN(CCC)CCC,O,293.15,9.62623094556793,9.094555767862424
CCCN(CCC)CCC,O,303.15,9.981170555217512,9.08378514526844
C=CC(=O)OCC(CC)CCCC,O,293.15,11.805714474790154,14.071202749901355
C=CC(=O)OCC(CC)CCCC,O,318.25,11.325969184417731,14.044168487190452
CCCc1ccccc1,O,273.65,11.887553287258225,12.182786839283743
CCCc1ccccc1,O,278.15,11.909511268471798,12.171630234726539
CCCc1ccccc1,O,288.15,11.630175025020469,12.146837780154975
CCCc1ccccc1,O,288.15,11.851965829697152,12.146837780154975
CCCc1ccccc1,O,288.15,11.923570467564366,12.146837780154975
CCCc1ccccc1,O,288.15,11.928809441015604,12.146837780154975
CCCc1ccccc1,O,293.15,11.93130679834494,12.134441552869193
CCCc1ccccc1,O,298.15,11.623751020059114,12.12204532558341
CCCc1ccccc1,O,298.15,11.79590650486336,12.12204532558341
CCCc1ccccc1,O,298.15,11.80771968602779,12.12204532558341
CCCc1ccccc1,O,298.15,11.827977051716726,12.12204532558341
CCCc1ccccc1,O,298.15,11.844851669743525,12.12204532558341
CCCc1ccccc1,O,298.15,11.914054519303123,12.12204532558341
CCCc1ccccc1,O,303.15,11.881270052974951,12.109649098297627
CCCc1ccccc1,O,308.15,11.72421503463732,12.097252871011847
CCCc1ccccc1,O,308.15,11.760144853342029,12.097252871011847
CCCc1ccccc1,O,318.15,11.57355949850708,12.072460416440281
CCCc1ccccc1,O,318.15,11.57861956816559,12.072460416440281
CCCc1ccccc1,O,328.15,11.394780238730752,12.047667961868715
CCNc1ccccc1,O,283.15,7.616923435596261,7.863479518769619
CCNc1ccccc1,O,293.15,7.668032931171885,7.860432170643786
CCNc1ccccc1,O,303.15,7.747389563326821,7.857384822517953
CCNc1ccccc1,O,313.15,7.803112424266678,7.85433747439212
CCNc1ccccc1,O,323.15,7.789789913578125,7.851290126266287
CCNc1ccccc1,O,333.15,7.773236809802969,7.848242778140454
CCNc1ccccc1,O,343.15,7.738300741105426,7.845195430014622
CCNc1ccccc1,O,353.15,7.671575252503794,7.842148081888788
CCNc1ccccc1,O,363.15,7.588875423829305,7.8391007337629555
CCCCc1ccccc1,O,273.65,13.345666915919905,13.466101156460233
CCCCc1ccccc1,O,278.15,13.350983107046067,13.45494455190303
CCCCc1ccccc1,O,288.15,13.371876183738609,13.430152097331465
CCCCc1ccccc1,O,298.15,12.930498023111324,13.405359642759901
CCCCc1ccccc1,O,298.15,12.976067434867115,13.405359642759901
CCCCc1ccccc1,O,298.15,13.17016448118618,13.405359642759901
CCCCc1ccccc1,O,298.15,13.22923914448866,13.405359642759901
CCCCc1ccccc1,O,298.15,13.295063799154228,13.405359642759901
CCCCc1ccccc1,O,298.15,13.34063427660746,13.405359642759901
CCCCc1ccccc1,O,303.15,12.99314268036689,13.392963415474117
CCCCc1ccccc1,O,308.15,13.134823427562818,13.380567188188337
CCCCc1ccccc1,O,313.15,12.932910855607563,13.368170960902553
CCCCc1ccccc1,O,318.15,12.93340383787019,13.355774733616773
CCCCc1ccccc1,O,323.15,12.802315125713276,13.343378506330989
CCCCc1ccccc1,O,328.15,12.756754357479052,13.330982279045205
CCCCC(CC)CO,O,293.15,9.073578624512017,9.661032251755834
CCCCC(CC)CO,O,298.15,8.843828633595923,9.655646940458842
CCCCC(CC)CO,O,298.15,8.86070629712803,9.655646940458842
CCCCC(CC)CO,O,298.15,9.012608686722665,9.655646940458842
CCCCC(CC)CO,O,302.75,8.885561303021014,9.65069245406561
CCCCC(CC)CO,O,303.15,9.274009765531774,9.65026162916185
CCCCC(CC)CO,O,313.15,9.014510385797433,9.639491006567866
CCCCC(CC)CO,O,318.25,8.954853106650981,9.633997989044932
CCCCC(CC)CO,O,323.35,9.181719679571977,9.628504971522002
CCCCC(CC)CO,O,333.15,9.031143129425594,9.617949761379897
CCCCC(CC)CO,O,333.25,8.829267343498005,9.617842055153957
CCCCC(CC)CO,O,333.45,9.02953526479109,9.617626642702078
CCCCC(CC)CO,O,343.25,8.903035016145141,9.607071432559971
Cc1ccc(C=O)cc1,O,283.15,8.262579612632539,6.739512591334709
Cc1ccc(C=O)cc1,O,293.15,8.219425765662834,6.736465243208876
Cc1ccc(C=O)cc1,O,303.15,8.166994374879822,6.7334178950830434
Cc1ccc(C=O)cc1,O,313.15,8.17046009173172,6.730370546957211
Cc1ccc(C=O)cc1,O,323.15,7.944329030059176,6.727323198831378
Cc1ccc(C=O)cc1,O,343.15,7.983354793341173,6.721228502579712
Cc1ccc(C=O)cc1,O,353.15,7.892885270545555,6.7181811544538785
CCOC(=O)CC,O,293.15,5.512246596087934,6.067292607877746
CCOC(=O)CC,O,298.15,5.525612288984722,6.0432857848906085
CCOC(=O)CC,O,303.15,5.656694361176344,6.019278961903472
CCOC(=O)CC,O,313.15,5.734919319159742,5.971265315929198
CCOC(=O)CC,O,323.15,5.783640549901604,5.923251669954924
CCOC(=O)CC,O,333.15,5.835196627509589,5.875238023980651
CCOC(=O)CC,O,341.15,5.783575920497357,5.836827107201231
CCOC(=O)CC,O,341.15,5.798325693754674,5.836827107201231
CCOC(=O)CC,O,351.15,5.7694734564558,5.788813461226958
CCOC(=O)CC,O,351.15,5.898449730939794,5.788813461226958
CCOC(=O)CC,O,361.25,5.632261409980416,5.740319678792941
CCC(C)OC(C)=O,O,323.15,6.773548229581545,7.049175766150352
CCC(C)OC(C)=O,O,333.25,6.799540694341404,7.000681983716335
CCC(C)OC(C)=O,O,343.65,6.822806137758222,6.9507477919030904
CCC(C)OC(C)=O,O,353.35,6.8020869381732325,6.904174555308044
CCC(C)OC(C)=O,O,363.65,6.840806388570467,6.854720499954543
CCCC(=O)OCC,O,293.15,6.9915907848943695,7.381489944243206
CCCC(=O)OCC,O,293.15,7.0259204638324375,7.381489944243206
CCCC(=O)OCC,O,295.15,7.0797150036012,7.371887215048351
CCCC(=O)OCC,O,298.15,6.704047866246693,7.3574831212560685
CCCC(=O)OCC,O,303.15,7.108849521099375,7.333476298268932
CCCC(=O)OCC,O,304.15,7.118988179270512,7.328674933671505
CCCC(=O)OCC,O,313.05,7.198654670308593,7.285942788754401
CCCC(=O)OCC,O,313.15,7.1305867816142205,7.285462652294658
CCCC(=O)OCC,O,323.15,7.142756252385548,7.237449006320384
CCCC(=O)OCC,O,323.15,7.314053373394193,7.237449006320384
CCCC(=O)OCC,O,333.15,7.115305889821867,7.189435360346111
CCCC(=O)OCC,O,333.55,7.297822444910205,7.187514814507139
CCCC(=O)OCC,O,341.15,7.057278124024705,7.151024443566691
CCCC(=O)OCC,O,343.35,7.279077426967601,7.140461441452351
CCCC(=O)OCC,O,351.15,6.971415289342093,7.103010797592418
CCCC(=O)OCC,O,353.45,7.270772070825462,7.091967659018335
CCCC(=O)OCC,O,363.65,7.302873711036083,7.042993740124576
CCOC(=O)OCC,O,283.15,5.634586011017202,5.895224311603713
CCOC(=O)OCC,O,293.15,5.825569336145766,5.847210665629439
CCOC(=O)OCC,O,298.15,5.903782945568048,5.823203842642302
CCOC(=O)OCC,O,303.15,5.965528599396741,5.799197019655166
CCOC(=O)OCC,O,313.15,6.026192007627039,5.751183373680892
CCOC(=O)OCC,O,323.15,5.998407886242158,5.703169727706618
CCOC(=O)OCC,O,333.15,5.97991561417111,5.655156081732344
CCCOC(=O)CCC,O,282.75,8.18816120734271,8.89836753822026
CCCOC(=O)CCC,O,290.15,8.521965784454375,8.890397277500712
CCCOC(=O)CCC,O,293.25,8.353749128231875,8.887058384496576
CCCOC(=O)CCC,O,302.75,8.564496536532104,8.876826293032291
CCCOC(=O)CCC,O,312.65,8.623490068550796,8.866163376664247
CCCOC(=O)CCC,O,322.95,8.404526047242639,8.855069635392443
CCCOC(=O)CCC,O,333.25,8.191152753882175,8.84397589412064
CCCOC(=O)CCC,O,343.25,8.518046826965717,8.833205271526653
CCCOC(=O)CCC,O,353.25,8.581003322342054,8.822434648932669
CCCOC(=O)CCC,O,363.65,8.383332601755173,8.811233201434925
CCCC(=O)OCCC(C)C,O,282.55,10.547397218880528,11.503928204488405
CCCC(=O)OCCC(C)C,O,292.75,10.962402214345692,11.492942169442541
CCCC(=O)OCCC(C)C,O,304.05,10.703532067243186,11.480771365911338
CCCC(=O)OCCC(C)C,O,353.25,10.707675087885065,11.427779902748933
CCCC(=O)OCCC(C)C,O,363.85,10.879760817779102,11.41636304279931
CCCCCCCC(=O)OCC,O,293.15,11.826976792442078,12.963418100193511
CCCCC(=O)CC,O,282.45,6.894202858386252,7.510479776365559
CCCCC(=O)CC,O,293.15,7.059136412869455,7.459105175173086
CCCCC(=O)CC,O,293.65,7.105777926002176,7.456704492874373
CCCCC(=O)CC,O,295.35,7.219078191593336,7.448542173058746
CCCCC(=O)CC,O,298.15,7.198998503000005,7.43509835218595
CCCCC(=O)CC,O,303.85,7.224330883888894,7.407730573980613
CCCCC(=O)CC,O,312.75,7.348645444308495,7.36499842906351
CCCCC(=O)CC,O,323.15,7.508024818714371,7.315064237250265
CCCCC(=O)CC,O,332.45,7.494357909859211,7.27041154649419
CCCCC(=O)CC,O,332.95,7.581729833753272,7.268010864195476
CCCCC(=O)CC,O,333.15,7.408160801570157,7.267050591275991
CCCCC(=O)CC,O,343.35,7.430653731982367,7.218076672382232
CCCCC(=O)CC,O,353.05,7.602531132533902,7.171503435787186
CCCCC(=O)CC,O,363.25,7.614617970428023,7.122529516893427
CCCCC(=O)CC,O,364.65,7.36222640097838,7.115807606457029
CCCCC(=O)CC,O,373.15,7.275594667924229,7.074996007378896
CCCOC(=O)CC,O,293.15,7.1731303909113775,7.4349415233627365
CCCOC(=O)CC,O,298.15,7.063980947387961,7.4109347003756
CCCOC(=O)CC,O,302.75,7.143104042734709,7.388848423227434
CCCOC(=O)CC,O,312.65,7.176193368067157,7.341314913712903
CCCOC(=O)CC,O,323.15,7.317770021788872,7.290900585439916
CCCOC(=O)CC,O,333.45,7.299398638628015,7.241446530086414
CCCOC(=O)CC,O,343.75,7.274132998382255,7.191992474732912
CCCOC(=O)CC,O,353.45,7.275269267661729,7.145419238137865
Cc1ccc(C)cc1,O,288.15,10.414744083448298,10.715780429043965
Cc1ccc(C)cc1,O,288.15,10.524768093432897,10.715780429043965
Cc1ccc(C)cc1,O,293.15,10.498230521708756,10.703384201758183
Cc1ccc(C)cc1,O,295.15,10.49286184537868,10.698425710843871
Cc1ccc(C)cc1,O,298.15,10.285516841291672,10.690987974472401
Cc1ccc(C)cc1,O,298.15,10.295644498580554,10.690987974472401
Cc1ccc(C)cc1,O,298.15,10.359782014094554,10.690987974472401
Cc1ccc(C)cc1,O,298.15,10.363156714657803,10.690987974472401
Cc1ccc(C)cc1,O,298.15,10.3648445320171,10.690987974472401
Cc1ccc(C)cc1,O,298.15,10.40704079653501,10.690987974472401
Cc1ccc(C)cc1,O,298.15,10.474551841293858,10.690987974472401
Cc1ccc(C)cc1,O,298.15,10.47792720773074,10.690987974472401
Cc1ccc(C)cc1,O,298.15,10.504933283983362,10.690987974472401
Cc1ccc(C)cc1,O,298.15,10.528561973890245,10.690987974472401
Cc1ccc(C)cc1,O,298.15,10.533625708348996,10.690987974472401
Cc1ccc(C)cc1,O,298.15,10.552191606851585,10.690987974472401
Cc1ccc(C)cc1,O,303.15,10.4584955982562,10.67859174718662
Cc1ccc(C)cc1,O,303.2,10.321605606767609,10.67846778491376
Cc1ccc(C)cc1,O,308.15,10.477386562152976,10.666195519900835
Cc1ccc(C)cc1,O,313.15,10.129343422187096,10.653799292615055
Cc1ccc(C)cc1,O,313.15,10.354314733394745,10.653799292615055
Cc1ccc(C)cc1,O,316.15,10.044348890354588,10.646361556243583
Cc1ccc(C)cc1,O,318.15,10.424908843435484,10.641403065329271
Cc1ccc(C)cc1,O,323.15,10.27725901457775,10.62900683804349
Cc1ccc(C)cc1,O,323.2,10.15936157007305,10.628882875770632
Cc1ccc(C)cc1,O,333.15,10.11775987056191,10.604214383471923
Cc1ccc(C)cc1,O,343.15,9.939756799008965,10.57942192890036
Oc1ccc(Cl)cc1,O,323.12,5.204517545577358,7.241317377918541
CCCCCC(=O)CC,O,293.25,8.496326998734853,8.962403144236873
CCCCCC(=O)CC,O,302.85,8.501433659782487,8.952063346546648
CCCCCC(=O)CC,O,312.75,8.629941351107991,8.941400430178604
CCCCCC(=O)CC,O,323.15,8.705838047282665,8.93019898268086
CCCCCC(=O)CC,O,333.15,8.832031668097878,8.919428360086876
CCCCCC(=O)CC,O,343.65,8.805820317164443,8.908119206363192
CCCCCC(=O)CC,O,353.45,8.657895561016279,8.897563996221088
CCCCCC(=O)CC,O,364.15,8.763451525836446,8.886039430045523
BrCCBr,O,283.25,8.119103815596125,7.783396109915467
BrCCBr,O,288.15,8.10350335274996,7.771247807175399
BrCCBr,O,292.65,8.022844409209041,7.760091202618195
BrCCBr,O,293.15,8.000818868719831,7.758851579889617
BrCCBr,O,293.15,8.017983177822476,7.758851579889617
BrCCBr,O,293.15,8.035149369075699,7.758851579889617
BrCCBr,O,298.15,7.921038411297374,7.746455352603835
BrCCBr,O,303.15,7.929302921147268,7.734059125318052
BrCCBr,O,303.85,7.933603307695408,7.732323653498042
BrCCBr,O,308.15,7.874233293838656,7.72166289803227
BrCCBr,O,308.15,8.135519802410863,7.72166289803227
BrCCBr,O,312.75,7.870757826278248,7.710258368929351
BrCCBr,O,323.15,7.5442156991620335,7.684474216174923
BrCCBr,O,323.15,7.668794725585001,7.684474216174923
BrCCBr,O,323.15,7.731083872244405,7.684474216174923
BrCCBr,O,333.05,7.730381276563691,7.6599296861490735
BrCCBr,O,343.35,7.60484965909001,7.634393457940362
BrCCBr,O,353.45,7.540833933075963,7.609353078823082
CCCBr,O,283.15,7.859386127301319,8.398711357680643
CCCBr,O,292.65,8.012985619951822,8.375158525837657
CCCBr,O,293.15,7.935290382633089,8.373918903109079
CCCBr,O,298.15,7.959897709487605,8.361522675823297
CCCBr,O,303.15,7.928539350625769,8.349126448537515
CCCBr,O,303.15,7.994935806687827,8.349126448537515
CCCBr,O,303.15,7.996596654034176,8.349126448537515
C=CC=C,O,310.93,7.313007030998175,7.692894269057397
C=CC=O,O,298.15,2.9596231144914804,2.5069480246565985
C=CC=O,O,333.15,2.924918101648748,2.3389002637466403
C=CC=O,O,373.15,2.7189505755704984,2.1468456798495454
CCCS,O,288.15,7.254764661517033,7.352385022377794
CCCS,O,293.2,7.276521823974261,7.339864832819153
CCCS,O,298.15,7.311071413032021,7.327592567806228
CCCS,O,303.1,7.5218646634424,7.315320302793304
CCCS,O,308.15,7.285993064835818,7.302800113234664
CCCS,O,318.15,7.28156458768629,7.278007658663099
CCCS,O,333.1,7.087373184201777,7.240942939078609
CCCS,O,333.15,7.181044266146279,7.240818976805752
ClCCCl,O,283.15,6.547552691648056,7.282684715523385
ClCCCl,O,293.15,6.3909015224778045,7.25789226095182
ClCCCl,O,293.15,6.459566369064121,7.25789226095182
ClCCCl,O,293.15,6.476730795253032,7.25789226095182
ClCCCl,O,293.15,6.511063076160361,7.25789226095182
ClCCCl,O,298.15,6.234710680727369,7.245496033666038
ClCCCl,O,298.15,6.454125660942104,7.245496033666038
ClCCCl,O,298.15,6.471003817274504,7.245496033666038
ClCCCl,O,298.15,6.504759619274865,7.245496033666038
ClCCCl,O,298.45,6.494324025222747,7.244752260028891
ClCCCl,O,303.15,6.417255021677392,7.233099806380255
ClCCCl,O,303.15,6.483653074083149,7.233099806380255
ClCCCl,O,308.15,6.3993966097799335,7.220703579094473
ClCCCl,O,308.15,6.415726875299052,7.220703579094473
ClCCCl,O,313.15,6.383499878104422,7.20830735180869
ClCCCl,O,313.15,6.415638547347124,7.20830735180869
ClCCCl,O,323.15,6.325804154147583,7.183514897237126
CCCI,O,283.15,9.472896925647229,9.253961782697665
CCCI,O,293.15,9.375956500198432,9.2291693281261
CCCI,O,298.15,9.320986892063246,9.216773100840317
CCCI,O,303.15,9.354258881237191,9.204376873554533
CCCI,O,303.15,9.362563480946104,9.204376873554533
CCCN,O,293.15,0.8260421206915415,2.5199495339506193
CCCN,O,303.15,1.0360699959623183,2.471935887976346
CCCN,O,313.15,0.8700582939324523,2.423922242002072
CCC#N,O,298.15,3.5572262965011863,2.7680570203316823
CCC#N,O,298.15,3.59098268196201,2.7680570203316823
CCC#N,O,303.15,3.651312572626838,2.7440501973445457
CCC#N,O,333.15,3.514802814385345,2.600009259421724
CCC#N,O,373.15,3.363201251734011,2.4079546755246293
C=CC#N,O,298.15,3.638467350311265,3.2227682820876864
C=CC#N,O,303.15,3.6717434681672017,3.1987614591005498
C=CC#N,O,303.15,3.688341809609028,3.1987614591005498
C=CC#N,O,308.15,3.688831952985776,3.1747546361134127
C=CC#N,O,308.15,3.754154422757461,3.1747546361134127
C=CC#N,O,313.15,3.690448222952384,3.1507478131262756
C=CC#N,O,313.15,3.786865595791038,3.1507478131262756
C=CC#N,O,318.15,3.693070658732404,3.1267409901391385
C=CC#N,O,323.15,3.7277395253206502,3.102734167152002
C=CC#N,O,333.15,3.600217624968049,3.054720521177728
C=CC#N,O,333.15,3.64553083285892,3.054720521177728
C=CC#N,O,373.15,3.425148255817942,2.8626659372806333
C=CCO,O,298.15,2.096125339892606,2.0633530987190247
C=CCO,O,333.15,2.2714318302757266,1.8953053378090665
C=CCO,O,373.15,2.257494626495277,1.7032507539119717
OCCO,O,297.5,-0.176298134,-2.67350105
OCCO,O,308.2,-0.191968338,-2.724875651
OCCO,O,317.9,0.0369681780999875,-2.771448888
OCCO,O,328.2,0.028422234262693,-2.820902943
OCCO,O,338.1,0.0237555883543965,-2.868436453
OCCO,O,348.1,0.1973579416200679,-2.916450099
COC=O,O,293.15,2.811563010802248,2.5320657680828242
COC=O,O,298.15,2.740233388346137,2.5080589450956876
COC=O,O,298.15,2.90901358100082,2.5080589450956876
COC=O,O,303.15,2.854997858480499,2.484052122108551
COC=O,O,303.25,2.9193262783513654,2.483571985648808
COC=O,O,313.15,2.642786083449813,2.436038476134277
COC=O,O,313.25,2.946137535802022,2.435558339674534
COC=O,O,323.25,2.9594209240948355,2.38754469370026
COC=O,O,333.25,2.975116215512708,2.3395310477259867
CCCC(C)C,O,298.15,12.623242320496956,11.17898799195567
CCCC(C)C,O,298.15,12.7245092322975,11.17898799195567
CCCC(C)C,O,298.15,12.758266674506904,11.17898799195567
CCCC(C)C,O,298.15,12.808898431577154,11.17898799195567
CCCC(C)C,O,313.25,12.763486009910396,11.139795611438654
CCCC(C)C,O,328.85,12.631598517549037,11.099305469977367
CCCC(C)=O,O,298.15,4.556760099579956,4.741271555850085
CCCC(C)=O,O,298.15,4.607397703228442,4.741271555850085
CCCC(C)=O,O,298.15,4.624276492477826,4.741271555850085
CCCC(C)=O,O,303.25,4.655682675626935,4.716784596403205
CCCC(C)=O,O,313.25,4.790753085484417,4.668770950428931
CCC[N+](=O)[O-],O,293.15,5.754136494730378,4.783054130882738
CCC[N+](=O)[O-],O,298.15,5.707734654494629,4.759047307895601
CCC[N+](=O)[O-],O,303.15,5.731290632072799,4.735040484908465
CCC[N+](=O)[O-],O,313.15,5.685329935580638,4.687026838934191
CCC[N+](=O)[O-],O,323.15,5.617861412148562,4.639013192959917
C=COC(C)=O,O,273.35,5.039715017196418,4.83080254597314
C=COC(C)=O,O,283.15,5.089711380896174,4.783749172918352
C=COC(C)=O,O,293.15,5.190503844729143,4.735735526944078
C=COC(C)=O,O,298.15,5.199408218218823,4.7117287039569415
C=COC(C)=O,O,303.15,5.226611890702857,4.6877218809698045
C=COC(C)=O,O,313.15,5.251660674906737,4.63970823499553
C=COC(C)=O,O,323.15,5.2659542859909445,4.591694589021257
C=COC(C)=O,O,333.15,5.224493200271463,4.543680943046983
CC(C)CC(C)C,O,298.15,13.827962707153512,12.439779421782294
CC(C)CC(C)C,O,298.15,14.047375963090351,12.439779421782294
CC(C)CC(C)C,O,298.15,14.131765509902245,12.439779421782294
CC(C)OC(C)C,O,283.15,5.923830573329744,7.146063138027495
CC(C)OC(C)C,O,293.15,6.267025960246684,7.098049492053221
CC(C)OC(C)C,O,296.15,6.456962729553847,7.0836453982609395
CC(C)OC(C)C,O,298.15,6.204874883997546,7.074042669066085
CC(C)OC(C)C,O,298.15,6.390532570766044,7.074042669066085
CC(C)OC(C)C,O,298.15,6.42428862860424,7.074042669066085
CC(C)OC(C)C,O,298.15,6.441166612109197,7.074042669066085
CC(=O)OC(C)C,O,293.15,5.498442003856659,5.879019367707711
CC(=O)OC(C)C,O,298.15,5.283300170787812,5.855012544720575
CC(=O)OC(C)C,O,298.15,5.536471690381842,5.855012544720575
CC(=O)OC(C)C,O,303.15,5.474842992672465,5.831005721733438
CC(=O)OC(C)C,O,308.15,5.5960413498178285,5.806998898746301
Brc1cccc(Br)c1,O,298.15,11.97212089549936,11.70256200597138
Cc1cccc(C)c1,O,283.15,10.480797303520106,10.739279637741042
Cc1cccc(C)c1,O,288.15,10.510161393156729,10.726883410455258
Cc1cccc(C)c1,O,288.15,10.546837687191315,10.726883410455258
Cc1cccc(C)c1,O,293,10.521005604570412,10.71485906998805
Cc1cccc(C)c1,O,293.15,10.473709750258708,10.714487183169476
Cc1cccc(C)c1,O,298,10.211666863926732,10.702462842702268
Cc1cccc(C)c1,O,298,10.454834965765343,10.702462842702268
Cc1cccc(C)c1,O,298.15,10.31728121508252,10.702090955883694
Cc1cccc(C)c1,O,298.15,10.41010935260403,10.702090955883694
Cc1cccc(C)c1,O,298.15,10.416861925479676,10.702090955883694
Cc1cccc(C)c1,O,298.15,10.44217733957031,10.702090955883694
Cc1cccc(C)c1,O,298.15,10.448929072772792,10.702090955883694
Cc1cccc(C)c1,O,298.15,10.508002953053156,10.702090955883694
Cc1cccc(C)c1,O,298.15,10.556950112354304,10.702090955883694
Cc1cccc(C)c1,O,298.15,10.612645868035058,10.702090955883694
Cc1cccc(C)c1,O,298.15,10.64302678599863,10.702090955883694
Cc1cccc(C)c1,O,298.15,10.697036474329083,10.702090955883694
Cc1cccc(C)c1,O,308.15,10.492245967358542,10.67729850131213
Cc1cccc(C)c1,O,313,10.20100732573617,10.66527416084492
Cc1cccc(C)c1,O,318.15,10.395592024000988,10.652506046740564
Cc1cccc(C)c1,O,323,10.237789578810633,10.640481706273356
Nc1cccc(Cl)c1,O,348.15,7.034951647648784,7.030059400208204
Oc1cccc(Cl)c1,O,323.18,5.535703015991897,7.75795902239877
Oc1cccc(Cl)c1,O,333.52,5.368966865070362,7.754808064436659
CCOC(=O)CC(C)C,O,282.15,7.9848578841623645,8.714869985896303
CCOC(=O)CC(C)C,O,292.55,8.054497196253768,8.70366853839856
CCOC(=O)CC(C)C,O,303.75,8.142988349859278,8.691605441093298
CCOC(=O)CC(C)C,O,312.95,8.302496365859882,8.681696468306832
CCOC(=O)CC(C)C,O,322.65,8.360480900128703,8.671248964390665
CCOC(=O)CC(C)C,O,333.25,8.431657089309644,8.659832104441042
CCOC(=O)CC(C)C,O,343.15,8.369926760675119,8.649169188072998
CCOC(=O)CC(C)C,O,353.45,8.374195419386579,8.638075446801192
CCOC(=O)CC(C)C,O,363.65,8.380011716768575,8.627089411755328
Cc1cc(C)cc(C)c1,O,288.15,11.925690530105244,11.758883106962479
Cc1cc(C)cc(C)c1,O,288.15,11.93791211512218,11.758883106962479
Cc1cc(C)cc(C)c1,O,298.15,11.690770349737104,11.734090652390915
Cc1cc(C)cc(C)c1,O,298.15,11.832542155952355,11.734090652390915
Cc1cc(C)cc(C)c1,O,298.15,11.84604207777808,11.734090652390915
Cc1cc(C)cc(C)c1,O,298.15,11.861234512176852,11.734090652390915
Cc1cc(C)cc(C)c1,O,303.15,11.576285166572989,11.721694425105131
Cc1cc(C)cc(C)c1,O,308.15,11.73242237536424,11.70929819781935
Cc1cc(C)cc(C)c1,O,308.15,11.742218072031298,11.70929819781935
Cc1cc(C)cc(C)c1,O,313.15,11.52741991112068,11.696901970533567
Cc1cc(C)cc(C)c1,O,318.15,11.682701994261889,11.684505743247785
Cc1cc(C)cc(C)c1,O,318.15,11.702156430065118,11.684505743247785
Cc1cc(C)cc(C)c1,O,391.15,11.470036752926488,11.503520824875363
Cc1cc(C)nc(C)c1,O,353.15,5.310878148592895,5.4569333172524175
CC(C)CC(=O)CC(C)C,O,282.35,9.438192819018129,10.427375052844193
CC(C)CC(=O)CC(C)C,O,293.75,9.712780939207732,10.41509654308705
CC(C)CC(=O)CC(C)C,O,303.95,9.827815280580127,10.404110508041185
CC(C)CC(=O)CC(C)C,O,313.65,10.066303437938132,10.39366300412502
CC(C)CC(=O)CC(C)C,O,323.15,10.074714457324468,10.383430912660735
CC(C)CC(=O)CC(C)C,O,333.85,10.116338314364906,10.371906346485172
CC(C)CC(=O)CC(C)C,O,343.65,10.031603684065631,10.361351136343067
CC(C)CC(=O)CC(C)C,O,353.95,10.009575803330494,10.350257395071264
CC(C)CC(=O)CC(C)C,O,363.85,9.959693012459692,10.339594478703217
Brc1ccccc1,O,282.05,9.836182541525217,10.349286578213032
Brc1ccccc1,O,283.15,10.097894123820392,10.346559408210162
Brc1ccccc1,O,288.15,9.83480713223122,10.334163180924378
Brc1ccccc1,O,293.15,9.840297455199751,10.321766953638596
Brc1ccccc1,O,293.15,10.011956232841824,10.321766953638596
Brc1ccccc1,O,298.15,9.813847268450926,10.309370726352814
Brc1ccccc1,O,298.15,9.83072329258129,10.309370726352814
Brc1ccccc1,O,298.15,10.067016971317598,10.309370726352814
Brc1ccccc1,O,303.15,9.740374328833472,10.29697449906703
Brc1ccccc1,O,303.15,9.873172664533769,10.29697449906703
Brc1ccccc1,O,303.15,9.889773949448369,10.29697449906703
Brc1ccccc1,O,303.15,9.906373384514586,10.29697449906703
Brc1ccccc1,O,307.65,9.6778408710038,10.285817894509826
Brc1ccccc1,O,308.15,9.834400033713116,10.28457827178125
Brc1ccccc1,O,313.15,9.750371337465657,10.272182044495466
Brc1ccccc1,O,323.15,9.577729711232116,10.247389589923902
CC1CCCCC1,O,298.15,12.741398668292735,11.698833542303717
CC1CCCCC1,O,298.15,12.859545610119978,11.698833542303717
CC1CCCCC1,O,299.25,12.732524540687162,11.695978468226318
CC1CCCCC1,O,310.93,12.859233419868705,11.665662772568124
CC1CCCCC1,O,313.25,12.62812279174118,11.659641161786702
CC1CCCCC1,O,328.85,12.57422694878184,11.619151020325413
Cc1ccccc1,O,273.2,9.081026359403577,9.641779743938297
Cc1ccccc1,O,273.35,9.110348751307235,9.641407857119724
Cc1ccccc1,O,273.65,9.113736956302716,9.640664083482577
Cc1ccccc1,O,277.65,9.044204320337174,9.630747101653949
Cc1ccccc1,O,278.15,9.14656635852812,9.629507478925373
Cc1ccccc1,O,278.16,9.00134870863888,9.629482686470801
Cc1ccccc1,O,278.2,9.107944346760144,9.629383516652513
Cc1ccccc1,O,279.45,9.047344858341992,9.62628445983107
Cc1ccccc1,O,280.25,9.080740668693124,9.624301063465342
Cc1ccccc1,O,282.15,9.079259688195805,9.619590497096745
Cc1ccccc1,O,283.15,8.800803987457876,9.617111251639589
Cc1ccccc1,O,283.15,8.818575485776252,9.617111251639589
Cc1ccccc1,O,283.15,9.085158028837856,9.617111251639589
Cc1ccccc1,O,283.15,9.138474806824464,9.617111251639589
Cc1ccccc1,O,283.2,9.13609623670653,9.616987289366731
Cc1ccccc1,O,284.15,9.392161803728454,9.614632006182433
Cc1ccccc1,O,284.95,9.106477622994536,9.612648609816707
Cc1ccccc1,O,285.25,9.092388697101006,9.611904836179562
Cc1ccccc1,O,285.65,8.879878834853354,9.610913137996697
Cc1ccccc1,O,288.06,8.997142201007838,9.604938156444952
Cc1ccccc1,O,288.15,9.115261265472366,9.604715024353807
Cc1ccccc1,O,288.15,9.150189013153147,9.604715024353807
Cc1ccccc1,O,288.15,9.167652053623216,9.604715024353807
Cc1ccccc1,O,288.15,9.220043147437568,9.604715024353807
Cc1ccccc1,O,288.15,9.364990926845092,9.604715024353807
Cc1ccccc1,O,288.2,9.130408241522094,9.60459106208095
Cc1ccccc1,O,288.25,9.110636052063375,9.60446709980809
Cc1ccccc1,O,288.5,8.907221089912099,9.603847288443802
Cc1ccccc1,O,289.15,9.300647146507275,9.60223577889665
Cc1ccccc1,O,291.05,9.086466197944697,9.597525212528053
Cc1ccccc1,O,292.6,8.896032285784635,9.59368238206946
Cc1ccccc1,O,292.95,8.760242894079592,9.592814646159457
Cc1ccccc1,O,293,9.055169672105311,9.592690683886598
Cc1ccccc1,O,293.06,8.961467389510952,9.592541929159168
Cc1ccccc1,O,293.15,8.837292113919505,9.592318797068025
Cc1ccccc1,O,293.15,8.854459398473775,9.592318797068025
Cc1ccccc1,O,293.15,8.957453851462736,9.592318797068025
Cc1ccccc1,O,293.15,9.12568077284239,9.592318797068025
Cc1ccccc1,O,293.15,9.341973714442616,9.592318797068025
Cc1ccccc1,O,293.2,9.137154436154749,9.592194834795166
Cc1ccccc1,O,293.25,9.112587511254462,9.59207087252231
Cc1ccccc1,O,294.15,9.04309263219944,9.589839551610869
Cc1ccccc1,O,294.15,9.18337505374573,9.589839551610869
Cc1ccccc1,O,294.15,9.376693441755052,9.589839551610869
Cc1ccccc1,O,294.15,9.475914862764256,9.589839551610869
Cc1ccccc1,O,295.15,9.18448908838575,9.587360306153712
Cc1ccccc1,O,295.7,9.098592835993506,9.585996721152275
Cc1ccccc1,O,296.15,9.25363929637133,9.584881060696556
Cc1ccccc1,O,298.15,9.01099391044024,9.579922569782243
Cc1ccccc1,O,298.15,9.026184333549264,9.579922569782243
Cc1ccccc1,O,298.15,9.031248394472314,9.579922569782243
Cc1ccccc1,O,298.15,9.039687273169696,9.579922569782243
Cc1ccccc1,O,298.15,9.0666916859896,9.579922569782243
Cc1ccccc1,O,298.15,9.073443321875358,9.579922569782243
Cc1ccccc1,O,298.15,9.085257759112876,9.579922569782243
Cc1ccccc1,O,298.15,9.090321839457612,9.579922569782243
Cc1ccccc1,O,298.15,9.092009436249963,9.579922569782243
Cc1ccccc1,O,298.15,9.100448494075064,9.579922569782243
Cc1ccccc1,O,298.15,9.103823632593691,9.579922569782243
Cc1ccccc1,O,298.15,9.108886659260149,9.579922569782243
Cc1ccccc1,O,298.15,9.117326653285389,9.579922569782243
Cc1ccccc1,O,298.15,9.125765660268652,9.579922569782243
Cc1ccccc1,O,298.15,9.127453205997451,9.579922569782243
Cc1ccccc1,O,298.15,9.129141162478808,9.579922569782243
Cc1ccccc1,O,298.15,9.130828440082924,9.579922569782243
Cc1ccccc1,O,298.15,9.134204190549726,9.579922569782243
Cc1ccccc1,O,298.15,9.140954923440944,9.579922569782243
Cc1ccccc1,O,298.15,9.144330902858217,9.579922569782243
Cc1ccccc1,O,298.15,9.16458435013798,9.579922569782243
Cc1ccccc1,O,298.15,9.169648577312891,9.579922569782243
Cc1ccccc1,O,298.15,9.178086772026672,9.579922569782243
Cc1ccccc1,O,298.15,9.193277627769948,9.579922569782243
Cc1ccccc1,O,298.15,9.201716291264368,9.579922569782243
Cc1ccccc1,O,298.15,9.206780041514758,9.579922569782243
Cc1ccccc1,O,298.15,9.213535262872702,9.579922569782243
Cc1ccccc1,O,298.15,9.233783423702649,9.579922569782243
Cc1ccccc1,O,298.15,9.235471912613788,9.579922569782243
Cc1ccccc1,O,298.15,9.237157555335209,9.579922569782243
Cc1ccccc1,O,298.15,9.33674392177802,9.579922569782243
Cc1ccccc1,O,298.16,9.005494639831529,9.57989777732767
Cc1ccccc1,O,301.8,8.800730184885747,9.570873323863621
Cc1ccccc1,O,302.5,9.173872426,9.56913785204361
Cc1ccccc1,O,302.6,9.184515768926298,9.568889927497896
Cc1ccccc1,O,302.85,8.7649528645906,9.568270116133608
Cc1ccccc1,O,302.9,9.164904625451886,9.568146153860749
Cc1ccccc1,O,303,9.459533663347038,9.567898229315034
Cc1ccccc1,O,303.15,8.823796620606405,9.56752634249646
Cc1ccccc1,O,303.15,8.951613683499803,9.56752634249646
Cc1ccccc1,O,303.15,9.0561921921458,9.56752634249646
Cc1ccccc1,O,303.15,9.076111593377435,9.56752634249646
Cc1ccccc1,O,303.15,9.104330756809954,9.56752634249646
Cc1ccccc1,O,303.15,9.105990456600937,9.56752634249646
Cc1ccccc1,O,303.2,9.098866764946992,9.567402380223601
Cc1ccccc1,O,305.35,9.03058192760138,9.562072002490716
Cc1ccccc1,O,308.15,9.062350674262396,9.555130115210677
Cc1ccccc1,O,308.15,9.06888279282118,9.555130115210677
Cc1ccccc1,O,308.15,9.081947753207606,9.555130115210677
Cc1ccccc1,O,308.15,9.08521356169547,9.555130115210677
Cc1ccccc1,O,308.15,9.17503024251354,9.555130115210677
Cc1ccccc1,O,308.15,9.289345618596135,9.555130115210677
Cc1ccccc1,O,308.2,9.071694206889964,9.55500615293782
Cc1ccccc1,O,308.26,8.938592014312718,9.554857398210391
Cc1ccccc1,O,308.95,9.058381954052496,9.553146718844953
Cc1ccccc1,O,312.4,9.11663829847554,9.544593322017763
Cc1ccccc1,O,313.15,8.828794406676037,9.542733887924896
Cc1ccccc1,O,313.15,8.840043063513251,9.542733887924896
Cc1ccccc1,O,313.15,8.875396167319272,9.542733887924896
Cc1ccccc1,O,313.15,8.894679861183063,9.542733887924896
Cc1ccccc1,O,313.15,8.991097951346903,9.542733887924896
Cc1ccccc1,O,313.15,9.005559686508679,9.542733887924896
Cc1ccccc1,O,313.15,9.03769980283508,9.542733887924896
Cc1ccccc1,O,313.2,9.029238071586958,9.542609925652037
Cc1ccccc1,O,313.25,8.999895845639381,9.542485963379178
Cc1ccccc1,O,318.15,8.86183057375042,9.530337660639113
Cc1ccccc1,O,318.15,8.985202332993122,9.530337660639113
Cc1ccccc1,O,318.15,9.02474546360775,9.530337660639113
Cc1ccccc1,O,318.15,9.086432241164882,9.530337660639113
Cc1ccccc1,O,318.2,8.987966524364063,9.530213698366254
Cc1ccccc1,O,318.25,8.952781343845938,9.530089736093398
Cc1ccccc1,O,318.46,8.938173316770946,9.529569094547394
Cc1ccccc1,O,323.15,8.87027247872259,9.51794143335333
Cc1ccccc1,O,323.15,8.887402728129342,9.51794143335333
Cc1ccccc1,O,323.15,8.971492907150653,9.51794143335333
Cc1ccccc1,O,323.2,8.93219006094142,9.517817471080473
Cc1ccccc1,O,328.15,8.873587095867073,9.505545206067548
Cc1ccccc1,O,329.6,8.852998062541484,9.501950300154672
Cc1ccccc1,O,333.15,8.716360393562175,9.493148978781765
Cc1ccccc1,O,333.15,8.740528724300805,9.493148978781765
Cc1ccccc1,O,333.15,8.791885764416985,9.493148978781765
Cc1ccccc1,O,333.15,8.84626381786314,9.493148978781765
Cc1ccccc1,O,345.8,8.697738171031087,9.461786523748735
Cc1ccncc1,O,298.15,3.7364712815169647,4.142935780621956
Clc1ccccc1,O,281.75,9.282716845951756,10.04221340830826
Clc1ccccc1,O,283.15,9.462366768969428,10.03874246466824
Clc1ccccc1,O,283.15,9.569000344441529,10.03874246466824
Clc1ccccc1,O,288.15,9.340139809511028,10.026346237382459
Clc1ccccc1,O,290.55,9.31210242091172,10.020396048285281
Clc1ccccc1,O,292.55,9.320977939471694,10.01543755737097
Clc1ccccc1,O,293.15,9.447268478261009,10.013950010096675
Clc1ccccc1,O,293.15,9.464439807410836,10.013950010096675
Clc1ccccc1,O,293.15,9.48160338639967,10.013950010096675
Clc1ccccc1,O,293.15,9.60176740578042,10.013950010096675
Clc1ccccc1,O,294.15,9.348744871703682,10.011470764639519
Clc1ccccc1,O,294.15,9.382956651222289,10.011470764639519
Clc1ccccc1,O,295.65,9.312978184439327,10.007751896453785
Clc1ccccc1,O,297.35,9.285503501541193,10.003537179176618
Clc1ccccc1,O,298.15,8.961995672539324,10.001553782810895
Clc1ccccc1,O,298.15,9.198289045576756,10.001553782810895
Clc1ccccc1,O,298.15,9.265803460675327,10.001553782810895
Clc1ccccc1,O,298.15,9.417704073762875,10.001553782810895
Clc1ccccc1,O,298.15,9.58648651574606,10.001553782810895
Clc1ccccc1,O,298.15,9.670874304845492,10.001553782810895
Clc1ccccc1,O,298.2,8.95976652653895,10.001429820538036
Clc1ccccc1,O,301.85,9.249589930867268,9.992380574619414
Clc1ccccc1,O,302.15,9.236173797007153,9.991636800982267
Clc1ccccc1,O,303.15,9.224923519100926,9.98915755552511
Clc1ccccc1,O,303.15,9.424120220337429,9.98915755552511
Clc1ccccc1,O,303.15,9.444036053224185,9.98915755552511
Clc1ccccc1,O,303.15,9.44735526977601,9.98915755552511
Clc1ccccc1,O,303.15,9.455652377261345,9.98915755552511
Clc1ccccc1,O,303.15,9.477232830220409,9.98915755552511
Clc1ccccc1,O,308.25,9.166425056401016,9.976513403693613
Clc1ccccc1,O,313.15,8.910986447703975,9.964365100953547
Clc1ccccc1,O,313.15,9.076502646722323,9.964365100953547
Clc1ccccc1,O,313.15,9.110248176538928,9.964365100953547
OC1CCCCC1,O,298.15,4.972718796750344,4.526323474750164
OC1CCCCC1,O,323.15,4.987755537289413,4.40628935981448
OC1CCCCC1,O,333.15,5.028206675844481,4.3582757138402055
O=C1CCCCC1,O,333.15,4.690273911233281,4.262770483991838
O=C1CCCCC1,O,343.15,4.668069864957137,4.214756838017564
O=C1CCCCC1,O,353.15,4.666133573946208,4.166743192043291
Oc1ccccc1,O,323.15,3.902893457640381,5.518861857975418
Oc1ccccc1,O,333.15,3.8408341531107086,5.515814509849585
Oc1ccccc1,O,343.18,3.745618891306538,5.512758019679375
Oc1ccccc1,O,347.7,3.638172829707157,5.511380618326498
Oc1ccccc1,O,349.05,3.69922574616808,5.510969226329511
Oc1ccccc1,O,349.25,3.736526107581289,5.510908279366994
Oc1ccccc1,O,353.12,3.5947857840614805,5.509728955642297
Oc1ccccc1,O,356.34,3.6447394611197352,5.508747709545779
Oc1ccccc1,O,357.8,3.561369893807908,5.508302796719407
Oc1ccccc1,O,361.85,3.6031064009938127,5.507068620728445
Oc1ccccc1,O,361.99,3.5436629124232213,5.507025957854683
Oc1ccccc1,O,363.14,3.5124584547409388,5.5066755128202125
Oc1ccccc1,O,365.4,3.424422250977492,5.5059868121437745
Oc1ccccc1,O,366.86,3.482045918414364,5.505541899317403
Oc1ccccc1,O,371.65,3.533943466012837,5.504082219565129
Oc1ccccc1,O,373.15,3.630177202110063,5.503625117346254
Cc1cccnc1,O,298.15,3.882266643673006,4.165318979384754
CCCCOC(=O)CCC,O,293.15,9.359243019224692,10.259076947627367
CCCCOC(=O)CCC,O,302.85,9.537923214751478,10.248629443711202
CCCCOC(=O)CCC,O,312.75,9.62274137108546,10.237966527343158
CCCCOC(=O)CCC,O,323.15,9.639665225612012,10.226765079845414
CCCCOC(=O)CCC,O,333.05,9.7240617988542,10.21610216347737
CCCCOC(=O)CCC,O,343.35,9.726696673310206,10.205008422205564
CCCCOC(=O)CCC,O,353.15,9.687102361966382,10.19445321206346
CCCCOC(=O)CCC,O,363.45,9.649162883738343,10.183359470791656
CCCOC(C)=O,O,273.35,5.125908516137082,6.108908047787277
CCCOC(C)=O,O,283.15,5.365527316240767,6.061854674732489
CCCOC(C)=O,O,293.15,5.539540492928713,6.013841028758215
CCCOC(C)=O,O,293.15,5.608203592087855,6.013841028758215
CCCOC(C)=O,O,298.15,5.482033783405554,5.9898342057710785
CCCOC(C)=O,O,298.15,5.549542901989202,5.9898342057710785
CCCOC(C)=O,O,298.15,5.583300800949484,5.9898342057710785
CCCOC(C)=O,O,298.15,5.6001796725736375,5.9898342057710785
CCCOC(C)=O,O,298.15,5.701446414858653,5.9898342057710785
CCCOC(C)=O,O,303.15,5.627700247250142,5.965827382783941
CCCOC(C)=O,O,303.15,5.74390022125209,5.965827382783941
CCCOC(C)=O,O,303.25,5.690656707437273,5.965347246324198
CCCOC(C)=O,O,308.15,5.786955661876955,5.941820559796804
CCCOC(C)=O,O,313.15,5.701964155849417,5.917813736809667
CCCOC(C)=O,O,313.25,5.779025992310212,5.917333600349925
CCCOC(C)=O,O,323.15,5.763104287401009,5.869800090835394
CCCOC(C)=O,O,323.25,5.822264525203999,5.8693199543756505
CCCOC(C)=O,O,333.15,5.766497459161016,5.82178644486112
CCCOC(C)=O,O,333.25,5.854143124240932,5.821306308401377
CCCOC(C)=O,O,343.25,5.845872140562276,5.773292662427103
CCCCBr,O,298.15,9.417549644277916,9.652925459701919
CCCCBr,O,303.15,9.43972043575617,9.640529232416137
CCCCC,O,273.2,11.274127520527108,9.982954833248225
CCCCC,O,277.15,11.489953621007944,9.972702521788477
CCCCC,O,283.15,11.45365729775314,9.957129390457212
CCCCC,O,283.2,11.486686206940185,9.956999614362786
CCCCC,O,286.65,11.420909951786417,9.948045063847307
CCCCC,O,293.15,11.537871703931298,9.931174171571772
CCCCC,O,295.45,11.478918735349747,9.92520447122812
CCCCC,O,298.15,11.334848487191852,9.91819656212905
CCCCC,O,298.15,11.503629390044969,9.91819656212905
CCCCC,O,298.15,11.52050665499054,9.91819656212905
CCCCC,O,298.15,11.554259328463203,9.91819656212905
CCCCC,O,298.2,11.450647852717555,9.918066786034624
CCCCC,O,298.28,11.514374414735332,9.91785914428354
CCCCC,O,303.15,11.504748121445722,9.90521895268633
CCCCC,O,303.31,11.414412561918711,9.904803669184162
CCCCC,O,311.48,11.325636390464757,9.883598255354757
CCCCC,O,313.19,11.315028031570638,9.879159912925347
CCCCC,O,313.2,11.298524832712529,9.879133957706461
CCCCC,O,313.25,11.521240796573942,9.879004181612034
CCCCC,O,323.34,11.229046816987465,9.852815365756625
CCCCC,O,328.85,11.431453987090478,9.838514040150745
CCCCC,O,333.21,11.177259703060844,9.827197564716695
C=CCCC,O,298.15,10.170609711022548,8.928561223633377
CCCCCl,O,273.35,8.758269387404333,8.593287666808903
CCCCCl,O,278.15,8.809619492198717,8.580829161743893
CCCCCl,O,283.15,8.873378415461755,8.567851552301171
CCCCCl,O,285.65,8.957970100774979,8.56136274757981
CCCCCl,O,293.15,8.912174199575185,8.54189633341573
CCCCCl,O,293.15,8.920756492234805,8.54189633341573
CCCCCl,O,293.15,8.94135574116444,8.54189633341573
CCCCCl,O,298.15,8.042770211208635,8.528918723973009
CCCCCl,O,298.15,8.937307802974093,8.528918723973009
CCCCCl,O,298.15,8.96262488828945,8.528918723973009
CCCCCl,O,303.15,8.98490419460209,8.515941114530289
CCCCCl,O,308.15,8.975421513051286,8.502963505087568
CCCCN,O,298.15,2.0263136707485208,3.822120591814356
CCCC#N,O,298.15,4.772149652482776,4.199934234960628
CCCCS,O,288.15,8.72485105602336,8.62459635814299
CCCCS,O,292.8,8.768158892232123,8.613067866767212
CCCCS,O,298.15,8.722804751587736,8.599803903571425
CCCCS,O,308.15,8.68824481372968,8.57501144899986
CCCCS,O,312.8,8.667633568001994,8.563482957624082
CCCCS,O,318.15,8.599948524285365,8.550218994428295
CCCCS,O,332.8,8.429476110931006,8.513898048480954
CCCCS,O,333.15,8.344685718570501,8.513030312570947
CCOC=O,O,293.15,3.8283978885825816,3.875753594596989
CCOC=O,O,298.15,3.851837662114781,3.8517467716098523
CCOC=O,O,303.15,3.926371570644781,3.8277399486227157
CCOC=O,O,303.15,4.075769780814546,3.8277399486227157
CCOC=O,O,303.25,3.990251761192938,3.8272598121629726
CCOC=O,O,313.15,3.70412268352663,3.7797263026484416
CCOC=O,O,313.25,4.007069514110659,3.779246166188699
CCOC=O,O,323.25,4.028964798450258,3.7312325202144248
CCOC=O,O,333.25,4.039441250785091,3.6832188742401515
C1CCOC1,O,288.15,2.650350464302834,3.7040159798508334
C1CCOC1,O,293.15,2.8026571033618155,3.6800091568636963
C1CCOC1,O,298.15,2.833072157619292,3.6560023338765597
C1CCOC1,O,298.15,2.8668301493131305,3.6560023338765597
C1CCOC1,O,298.15,2.900586080303136,3.6560023338765597
C1CCOC1,O,308.15,3.025334764161573,3.607988687902286
C1CCOC1,O,308.15,3.155978622696088,3.607988687902286
C1CCOC1,O,318.15,3.178395438659848,3.559975041928012
C1CCOC1,O,323.15,3.284071629947348,3.535968218940875
C1CCOC1,O,328.15,3.3414721469425333,3.5119613959537386
c1ccsc1,O,288.15,7.127998628774648,7.508819996897401
c1ccsc1,O,298.15,7.133200180158179,7.484027542325837
c1ccsc1,O,298.15,7.33573827896526,7.484027542325837
c1ccsc1,O,308.15,7.176942368797674,7.459235087754272
c1ccsc1,O,318.15,7.160123596171431,7.434442633182707
c1ccsc1,O,333.15,6.9974497200008265,7.39725395132536
CC(=O)CCC(C)C,O,288.15,6.757945829032305,7.25060302276713
CC(=O)CCC(C)C,O,293.15,6.978567827186062,7.226596199779993
CC(=O)CCC(C)C,O,298.15,6.993116127932794,7.202589376792856
CC(=O)CCC(C)C,O,302.85,6.789964493295722,7.180022963184948
CC(=O)CCC(C)C,O,303.15,6.877972131577098,7.17858255380572
CC(=O)CCC(C)C,O,312.65,6.879412387221745,7.132969590130159
CC(=O)CCC(C)C,O,313.15,7.037949860639964,7.130568907831446
CC(=O)CCC(C)C,O,322.95,6.972578134692802,7.083515534776658
CC(=O)CCC(C)C,O,323.15,6.934523784196179,7.082555261857172
CC(=O)CCC(C)C,O,332.65,6.999185213087984,7.0369422981816125
CC(=O)CCC(C)C,O,333.15,7.073456140759773,7.034541615882898
CC(=O)CCC(C)C,O,343.15,7.021744460399267,6.986527969908625
CC(=O)CCC(C)C,O,353.05,6.982677205499396,6.938994460394094
CC(=O)CCC(C)C,O,362.85,7.078881063015357,6.891941087339305
CC(=O)OCC(C)C,O,293.15,6.855869177340134,7.205197248558585
CC(=O)OCC(C)C,O,298.15,6.757074239651425,7.181190425571449
CC(=O)OCC(C)C,O,298.15,6.925850567251229,7.181190425571449
CC(=O)OCC(C)C,O,298.15,6.942736247877383,7.181190425571449
CC(=O)OCC(C)C,O,298.2,6.940725730652046,7.180950357341578
CC(=O)OCC(C)C,O,303.05,6.966448625321355,7.157663739044054
CC(=O)OCC(C)C,O,303.2,6.977188053697474,7.15694353435444
CC(=O)OCC(C)C,O,304.1,6.9421470438170445,7.152622306216756
CC(=O)OCC(C)C,O,308.2,7.014517811355055,7.132936711367304
CC(=O)OCC(C)C,O,312.85,7.081750602029617,7.110610365989266
CC(=O)OCC(C)C,O,313.2,7.052591283027586,7.108929888380167
CC(=O)OCC(C)C,O,316.9,7.027793547465953,7.091164839369686
CC(=O)OCC(C)C,O,318.2,7.075436859036577,7.0849230653930295
CC(=O)OCC(C)C,O,333.6,7.01495809655915,7.010982050592648
CC(=O)OCC(C)C,O,333.65,7.028352129922369,7.010741982362777
CC(=O)OCC(C)C,O,342.6,6.927616728077693,6.967769769215802
CC(=O)OCC(C)C,O,343.25,7.112058459882479,6.964648882227474
CC(=O)OCC(C)C,O,353.35,7.0657926814219625,6.916155099793457
CCCCCC(C)=O,O,282.85,7.081506885093025,7.467088195892471
CCCCCC(C)=O,O,292.95,7.282960472460229,7.418594413458454
CCCCCC(C)=O,O,293.15,7.27400127393574,7.4176341405389685
CCCCCC(C)=O,O,298.15,7.257601963327289,7.393627317551832
CCCCCC(C)=O,O,298.15,7.308234645577643,7.393627317551832
CCCCCC(C)=O,O,303.15,7.376845991646308,7.369620494564695
CCCCCC(C)=O,O,303.85,7.479531118611891,7.366259539346496
CCCCCC(C)=O,O,312.85,7.526227403549787,7.323047257969649
CCCCCC(C)=O,O,322.95,7.549151165551882,7.274553475535633
CCCCCC(C)=O,O,333.35,7.551654440573136,7.224619283722388
CCCCCC(C)=O,O,343.25,7.60795751401576,7.177085774207857
CCCCCC(C)=O,O,353.35,7.517477371396954,7.12859199177384
CCCCCC(C)=O,O,363.65,7.500042910431035,7.079137936420339
CCCCCC,O,280.8,12.676457452118594,11.22402029672191
CCCCCC,O,283.15,13.235427742067422,11.217920820283833
CCCCCC,O,287.15,12.670397682043967,11.207538732729656
CCCCCC,O,293.15,12.720580481623692,11.191965601398392
CCCCCC,O,295.5,12.83196027296716,11.185866124960313
CCCCCC,O,298.09,13.080853646447576,11.179143723268984
CCCCCC,O,298.15,12.79065139278426,11.17898799195567
CCCCCC,O,298.15,12.875042393271857,11.17898799195567
CCCCCC,O,298.15,13.128214227749076,11.17898799195567
CCCCCC,O,298.15,13.14509113409974,11.17898799195567
CCCCCC,O,298.15,13.161970554332402,11.17898799195567
CCCCCC,O,298.15,13.296993766180613,11.17898799195567
CCCCCC,O,303.15,13.009217075464468,11.166010382512951
CCCCCC,O,303.95,13.099274877536924,11.163933965002116
CCCCCC,O,308.15,12.830076050360551,11.15303277307023
CCCCCC,O,310.93,12.947462221213858,11.145817222220078
CCCCCC,O,313.15,12.979273302936438,11.140055163627508
CCCCCC,O,313.15,13.413150623809525,11.140055163627508
CCCCCC,O,313.25,13.07057522375202,11.139795611438654
CCCCCC,O,323.15,12.675369775263892,11.114099944742069
CCCCCC,O,328.85,12.805392546245963,11.099305469977367
CCCCCC,O,333.15,12.69567667574337,11.088144725856626
CCCCCC,O,333.15,13.284767900357924,11.088144725856626
CCCCCC,O,342.85,12.6434336286219,11.06296816353775
CCCCCC,O,342.85,12.658112767760786,11.06296816353775
CCCCCC,O,343.45,12.792653027610072,11.061410850404624
CCCCC#N,O,298.15,6.013651584340012,5.5261121158115
CCCCC=O,O,298.15,5.4230362932055325,5.382582202320888
OCCCCO,O,299.4,1.0339990980761775,-1.565268629
OCCCCO,O,309.1,0.9736611232452792,-1.611841866
OCCCCO,O,318.4,1.0948452020988657,-1.656494556
OCCCCO,O,326.8,1.1084999112845304,-1.696826019
OCCCCO,O,337.6,1.1159805828292018,-1.748680757
OCCCCO,O,349.9,1.1377592811553714,-1.807737541
OCCCCO,O,373.15,1.203200506180481,-1.919369268
CCCOC=O,O,293.15,5.007817995902639,5.270128299641746
CCCOC=O,O,298.15,5.120619105831329,5.24612147665461
CCCOC=O,O,303.15,5.115397630880768,5.2221146536674725
CCCOC=O,O,313.15,4.869693656153827,5.174101007693198
C1CCCCC1,O,288.36,10.879585631171953,10.49364001131169
C1CCCCC1,O,289.15,11.230282673984483,10.49158954901974
C1CCCCC1,O,289.25,11.258266736460357,10.491329996830885
C1CCCCC1,O,293.15,11.113079042443358,10.481207461465564
C1CCCCC1,O,294.25,11.293311925825348,10.478352387388165
C1CCCCC1,O,298.1,11.290506650970476,10.46835962811727
C1CCCCC1,O,298.15,10.984261683074358,10.468229852022843
C1CCCCC1,O,298.15,11.169919530153532,10.468229852022843
C1CCCCC1,O,298.15,11.321821858616676,10.468229852022843
C1CCCCC1,O,298.15,11.355577847044357,10.468229852022843
C1CCCCC1,O,298.15,11.389334219271488,10.468229852022843
C1CCCCC1,O,298.26,10.874400930351085,10.467944344615102
C1CCCCC1,O,298.75,11.275693131212916,10.466672538889718
C1CCCCC1,O,302.25,11.257648625267125,10.457588212279813
C1CCCCC1,O,308.15,11.17793792564033,10.442274633137401
C1CCCCC1,O,308.36,10.874474781329312,10.441729573540808
C1CCCCC1,O,313.15,11.063246679583042,10.42929702369468
C1CCCCC1,O,313.15,11.2239425467854,10.42929702369468
C1CCCCC1,O,313.35,11.18273942872504,10.428777919316971
C1CCCCC1,O,318.36,10.849393395746052,10.415774354655365
C1CCCCC1,O,323.15,11.081668590423362,10.40334180480924
C1CCCCC1,O,333.14,10.997867564408986,10.377412541142684
C1CCCCC1,O,343.15,10.833787692783346,10.351431367038359
C1=CCCCC1,O,278.26,9.699429459649265,9.866622448456816
C1=CCCCC1,O,288.36,9.638701357561253,9.841582069339537
C1=CCCCC1,O,293.15,9.909896968276868,9.829706483599757
C1=CCCCC1,O,296.15,9.929783756734707,9.82226874722829
C1=CCCCC1,O,298.15,9.979128277994544,9.817310256313975
C1=CCCCC1,O,298.26,9.638466762627424,9.817037539313688
C1=CCCCC1,O,308.36,9.627865794576714,9.791997160196408
C1=CCCCC1,O,318.36,9.603294206147275,9.767204705624842
c1ccncc1,O,298.15,2.7902751413578795,2.9801313294916376
c1ccncc1,O,298.15,2.857791172440768,2.9801313294916376
c1ccncc1,O,298.15,2.992813016666928,2.9801313294916376
c1ccncc1,O,333.15,3.174547691018658,2.9694656110512225
c1ccncc1,O,343.15,3.206382102334804,2.96641826292539
c1ccncc1,O,343.15,3.235709342836108,2.96641826292539
c1ccncc1,O,353.15,3.24068036856054,2.963370914799557
c1ccncc1,O,353.15,3.2549299913386465,2.963370914799557
c1ccncc1,O,356.32,3.1520905149232497,2.962404905443668
c1ccncc1,O,362.06,3.032975070381329,2.9606557276194394
c1ccncc1,O,363.15,2.9996794731019185,2.9603235666737238
c1ccncc1,O,366.87,2.989523036076247,2.959189953170914
c1ccncc1,O,372.8,3.2395094793146657,2.957382875732295
c1ccncc1,O,373.15,2.842272188544562,2.957276218547891
C1CCNCC1,O,333.15,2.481793475552584,2.92324161699809
C1CCNCC1,O,343.15,1.8918129273350288,2.875227971023816
C1CCNCC1,O,363.15,1.9329580602885363,2.7792006790752684
C1CCNCC1,O,373.15,1.971533338977221,2.731187033100995
CC(C)CNCC(C)C,O,283.15,7.969032542136641,9.064483567578492
CC(C)CNCC(C)C,O,293.15,8.302092211745212,9.053712944984508
CCCCCCCC(=O)OC,O,304.16,11.627387436437244,11.564915300339557
CCCCCCCC(=O)OC,O,312.82,11.60853559978355,11.555587941173165
CCCCCCCC(=O)OC,O,313.87,11.482459040964637,11.554457025800797
CCCCCCCC(=O)OC,O,323.22,11.886129055122252,11.544386493675422
CCCCCCCC(=O)OC,O,333.34,11.601000442802563,11.53348662361031
CCCCCCC(C)=O,O,282.85,8.265318320402352,8.927937262048456
CCCCCCC(C)=O,O,292.35,8.42522043620967,8.91770517058417
CCCCCCC(C)=O,O,298.15,8.300205652913364,8.91145820947966
CCCCCCC(C)=O,O,302.85,8.934511768755389,8.906396016860487
CCCCCCC(C)=O,O,313.55,8.897534660722243,8.894871450684924
CCCCCCC(C)=O,O,323.15,8.783399297320296,8.8845316529947
CCCCCCC(C)=O,O,333.55,8.815485772795283,8.873330205496956
CCCCCCC(C)=O,O,353.75,8.821488988485044,8.851573547857106
CCCCCCC(C)=O,O,364.15,8.912576986760145,8.84037210035936
CCCCCCC(=O)O,O,293.15,7.87862510109929,6.953574855312036
CCCCCCC(=O)O,O,298.15,7.529132521286524,6.9295680323249
CCCCCCC(=O)O,O,298.15,7.832934391901697,6.9295680323249
CCCCCCC(=O)O,O,303.15,7.824437934044365,6.905561209337763
CCCCCCC(=O)O,O,313.15,7.751101054445194,6.857547563363489
CCCCCCC(=O)O,O,323.15,7.691332569332827,6.809533917389215
CCCCCCC(=O)O,O,333.15,7.613492866681373,6.761520271414941
CCCCCCC(=O)O,O,343.15,7.518970885750264,6.713506625440667
CCCCCCO,O,283.15,6.822777832153492,6.538274000396806
CCCCCCO,O,283.15,6.876094318753943,6.538274000396806
CCCCCCO,O,293.15,6.961883551020356,6.4902603544225315
CCCCCCO,O,293.15,7.013375760845821,6.4902603544225315
CCCCCCO,O,298.15,6.594049508438615,6.466253531435395
CCCCCCO,O,298.15,6.6278058987214425,6.466253531435395
CCCCCCO,O,298.15,6.678440223049093,6.466253531435395
CCCCCCO,O,298.15,6.914730892718563,6.466253531435395
CCCCCCO,O,298.15,6.948484469196206,6.466253531435395
CCCCCCO,O,298.15,7.066637604042329,6.466253531435395
CCCCCCO,O,298.2,6.861297642354015,6.466013463205524
CCCCCCO,O,302.85,6.888738602745491,6.443687117827486
CCCCCCO,O,303.15,6.87236952297164,6.442246708448258
CCCCCCO,O,303.15,6.905568890575984,6.442246708448258
CCCCCCO,O,304.07,6.872093903863068,6.437829453018624
CCCCCCO,O,306.24,6.88705857211591,6.427410491842207
CCCCCCO,O,312.95,6.988191755272481,6.395193335393469
CCCCCCO,O,313.15,6.881392822978955,6.394233062473984
CCCCCCO,O,313.15,6.977812916737572,6.394233062473984
CCCCCCO,O,313.15,7.009950791296807,6.394233062473984
CCCCCCO,O,313.26,6.891790517647881,6.393704912368267
CCCCCCO,O,323.15,6.99527152850218,6.346219416499711
CCCCCCO,O,323.15,7.010844216558948,6.346219416499711
CCCCCCO,O,323.15,7.026417927665528,6.346219416499711
CCCCCCO,O,323.15,7.259995403630756,6.346219416499711
CCCCCCO,O,333.15,6.977850209645398,6.298205770525437
CCCCCCO,O,333.15,6.992960024996364,6.298205770525437
CCCCCCO,O,333.15,7.023171070481263,6.298205770525437
CCCCCCO,O,343.15,6.913787051213856,6.2501921245511625
CCCOCCC,O,283.15,7.223813415681597,8.090465010588622
CCCOCCC,O,288.15,7.304273818965395,8.066458187601484
CCCOCCC,O,293.15,7.538787665470283,8.042451364614347
CCCOCCC,O,298.15,7.345616584065706,8.018444541627211
CCCOCCC,O,298.15,7.716937301330978,8.018444541627211
CCCOCCC,O,298.15,7.750692215777994,8.018444541627211
CCCOCCC,O,303.25,7.829260392308848,7.993957582180331
CCCCCCCC,O,288.15,15.82581234236997,13.726526070494357
CCCCCCCC,O,293.15,15.953433249394182,13.713548461051637
CCCCCCCC,O,298.15,15.859600790681446,13.700570851608916
CCCCCCCC,O,298.15,15.977747937052513,13.700570851608916
CCCCCCCC,O,298.15,16.02838208087667,13.700570851608916
CCCCCCCC,O,298.15,16.079015887871112,13.700570851608916
CCCCCCCC,O,298.15,16.11277250813946,13.700570851608916
CCCCCCCC,O,298.15,16.50096744141374,13.700570851608916
CCCCCCCC,O,303.05,15.927133673004768,13.68785279435505
CCCCCCCC,O,303.45,15.933314271279148,13.686814585599633
CCCCCCCC,O,310.9,15.930439892573665,13.667477947529978
CCCCCCCC,O,313.25,16.308525909854346,13.6613784710919
C=CCCCCCC,O,298.15,14.649332307806988,12.710935513113244
C=CCCCCCC,O,310.93,14.43594187386214,12.67776474337765
CCCCCCCO,O,278.15,8.189114034157281,7.90043924872023
CCCCCCCO,O,283.15,8.213116119105427,7.876432425733093
CCCCCCCO,O,283.35,7.915063353241347,7.875472152813607
CCCCCCCO,O,283.69,7.92730993019125,7.873839688850482
CCCCCCCO,O,288.23,8.007553530784541,7.852041493578161
CCCCCCCO,O,291.09,8.06079261962832,7.838309590829519
CCCCCCCO,O,291.15,8.644486417073614,7.838021508953673
CCCCCCCO,O,293.15,7.960463235459272,7.8284187797588185
CCCCCCCO,O,293.15,8.114955868400415,7.8284187797588185
CCCCCCCO,O,293.15,8.32094713722018,7.8284187797588185
CCCCCCCO,O,293.18,8.095830381855269,7.8282747388208955
CCCCCCCO,O,293.35,8.050425919511902,7.827458506839333
CCCCCCCO,O,295.05,8.128189841994683,7.819296187023706
CCCCCCCO,O,297.11,8.148457233556323,7.809405375953006
CCCCCCCO,O,298.14,8.150274530733762,7.804459970417656
CCCCCCCO,O,298.15,7.997733736497603,7.804411956771682
CCCCCCCO,O,298.15,8.082124180049494,7.804411956771682
CCCCCCCO,O,298.15,8.11587945443055,7.804411956771682
CCCCCCCO,O,298.15,8.149636397180501,7.804411956771682
CCCCCCCO,O,298.15,8.250904636985393,7.804411956771682
CCCCCCCO,O,298.22,8.162051357378001,7.804075861249862
CCCCCCCO,O,299.19,8.167780385632168,7.799418537590357
CCCCCCCO,O,301.17,8.193729179778135,7.789911835687451
CCCCCCCO,O,303.15,8.020694446046257,7.780405133784545
CCCCCCCO,O,303.15,8.153490755252557,7.780405133784545
CCCCCCCO,O,303.15,8.203290339321374,7.780405133784545
CCCCCCCO,O,303.29,8.211186918256912,7.779732942740905
CCCCCCCO,O,303.31,8.209944943711289,7.779636915448957
CCCCCCCO,O,303.75,8.248942435503263,7.777524315026088
CCCCCCCO,O,306.05,8.222709372778858,7.766481176452006
CCCCCCCO,O,308.05,8.232062528017133,7.756878447257151
CCCCCCCO,O,312.95,8.198903446851173,7.733351760729756
CCCCCCCO,O,313.15,8.058593094041152,7.732391487810271
CCCCCCCO,O,313.15,8.219288377677602,7.732391487810271
CCCCCCCO,O,313.15,8.460330733776932,7.732391487810271
CCCCCCCO,O,323.15,8.574580579039688,7.684377841835998
CCCCCCCO,O,323.25,8.241987629275059,7.683897705376254
CCCCCCCO,O,333.15,8.12083548473861,7.636364195861724
CCCCCCCO,O,333.15,8.166150925548243,7.636364195861724
CCCCCCCO,O,333.15,8.589087715700634,7.636364195861724
CCCCCCCO,O,343.15,8.365867849892497,7.5883505498874495
CCCCCCCO,O,343.15,8.527179165198545,7.5883505498874495
CCCCCCCO,O,343.25,8.038302186180593,7.587870413427707
CCCCCCCO,O,353.15,8.096007154535206,7.540336903913176
CCCCCCCO,O,353.15,8.224251980574325,7.540336903913176
CCCCCCCO,O,353.25,7.991588899112438,7.539856767453433
CCCCCCCO,O,363.15,7.921782336097301,7.492323257938902
CCCCCCCO,O,363.15,7.963355677056955,7.492323257938902
CCCCCCCO,O,363.65,7.8859460542708195,7.489922575640189
CCCCCCCCC,O,298.15,17.56439326441402,14.961362281435537
CCCCCCCCC,O,298.15,17.868197707356956,14.961362281435537
CCCCCCCCO,O,278.15,9.82041024511876,9.611780575338873
CCCCCCCCO,O,283.15,9.834780354526336,9.60639526404188
CCCCCCCCO,O,288.15,9.538261869287462,9.601009952744889
CCCCCCCCO,O,288.15,9.852609961205772,9.601009952744889
CCCCCCCCO,O,293.15,9.787919561855292,9.595624641447895
CCCCCCCCO,O,293.15,9.822250381775506,9.595624641447895
CCCCCCCCO,O,293.15,9.856579366334692,9.595624641447895
CCCCCCCCO,O,293.65,9.63098304918408,9.595086110318196
CCCCCCCCO,O,298.15,9.341052795036909,9.590239330150904
CCCCCCCCO,O,298.15,9.459198452570382,9.590239330150904
CCCCCCCCO,O,298.15,9.492952111989853,9.590239330150904
CCCCCCCCO,O,298.15,9.543585980054386,9.590239330150904
CCCCCCCCO,O,298.15,9.577341813632218,9.590239330150904
CCCCCCCCO,O,298.15,9.627977763014904,9.590239330150904
CCCCCCCCO,O,298.15,9.779878201821504,9.590239330150904
CCCCCCCCO,O,298.15,9.796759435470996,9.590239330150904
CCCCCCCCO,O,303.15,9.726111745335166,9.58485401885391
CCCCCCCCO,O,303.75,9.36947859331448,9.584207781498272
CCCCCCCCO,O,308.15,9.677822073834651,9.57946870755692
CCCCCCCCO,O,313.15,9.425862957359028,9.574083396259926
CCCCCCCCO,O,313.15,9.570487281660292,9.574083396259926
CCCCCCCCO,O,313.15,9.61869463578504,9.574083396259926
CCCCCCCCO,O,313.15,9.666904088855215,9.574083396259926
CCCCCCCCO,O,313.25,9.355072550932205,9.573975690033986
CCCCCCCCO,O,318.15,9.549231110234617,9.568698084962934
CCCCCCCCO,O,323.15,9.501052848112993,9.563312773665942
CCCCCCCCO,O,333.15,9.343865514581172,9.552542151071957
CCCCCCCCO,O,333.15,9.434491415599531,9.552542151071957
CCCCCCCCO,O,333.15,9.585538693948006,9.552542151071957
CCCCNCCCC,O,283.15,7.089159748713608,8.647411661300318
CCCCNCCCC,O,293.15,6.98072689143796,8.636641038706331
CCCCNCCCC,O,293.15,7.289712905288262,8.636641038706331
CCCCNCCCC,O,303.15,7.285725852780908,8.625870416112347
CCCCNCCCC,O,303.15,7.468319188736555,8.625870416112347
CCCCNCCCC,O,313.15,7.514271010370738,8.615099793518363
CCCCNCCCC,O,323.15,7.6108379387998175,8.604329170924377
CCCCCCCOC(C)=O,O,282.35,10.932127919175104,11.576032491331823
CCCCCCCOC(C)=O,O,292.75,10.783466934951129,11.56483104383408
CCCCCCCOC(C)=O,O,303.75,10.60790350135924,11.552983358980695
CCCCCCCOC(C)=O,O,313.45,10.6616684441069,11.54253585506453
CCCCCCCOC(C)=O,O,323.15,10.692128986866836,11.532088351148365
CCCCCCCOC(C)=O,O,333.35,10.735256895734237,11.521102316102501
CCCCCCCOC(C)=O,O,343.35,10.827980553640142,11.510331693508517
CCCCCCCOC(C)=O,O,353.55,10.94601790657611,11.499345658462651
CCCCCCCOC(C)=O,O,363.75,10.7059262621864,11.488359623416788
CCCCCCCCOC(C)=O,O,292.35,10.968377583799205,12.943359494085295
CCCCCCCCOC(C)=O,O,302.85,11.039381174976468,12.932050340361611
CCCCCCCCOC(C)=O,O,313.15,11.030858971042209,12.920956599089806
CCCCCCCCOC(C)=O,O,323.65,11.113584565554964,12.909647445366122
CCCCCCCCOC(C)=O,O,344.35,11.026785949708415,12.887352256596573
CCCCCCCCOC(C)=O,O,353.75,11.197883158320671,12.877227871358228
CCCCCCCOC=O,O,292.65,8.827230512804654,10.822654223574222
CCCCCCCOC=O,O,302.85,8.896436151123625,10.811668188528358
CCCCCCCCCCO,O,288.15,12.62666607467392,12.351018434997194
CCCCCCCCCCO,O,298.15,12.333528745882244,12.34024781240321
CCCCCCCCCCO,O,298.15,12.3672854724472,12.34024781240321
CCCCCCCCCCO,O,298.15,12.451674119251605,12.34024781240321
CCCCCCCCCCO,O,298.15,12.485430164835725,12.34024781240321
CCCCCCCCCC=O,O,293.15,10.240034786344982,12.319164750470595
CCCCCCCCCC=O,O,303.15,10.691613039654746,12.308394127876609
CCCCCCCCCC=O,O,313.15,10.715856732946712,12.297623505282624
CCCCCCCCCC=O,O,323.15,10.742195049751905,12.28685288268864
CCCCCCCCCC=O,O,333.15,10.75571111883389,12.276082260094656
CCCCCCCCCC=O,O,343.15,10.347246662481972,12.265311637500671
CCCCCCCCCC=O,O,353.15,10.365137637885567,12.254541014906687
CCCCCCCCCC=O,O,363.15,10.067683325346,12.243770392312701
CCCCCCCCCCCC,O,296.15,21.679615392199796,18.74892761469249
CCCCCCCCCCCC,O,298.15,21.61513681899976,18.743736570915402
CCCCCCCCCCCCO,O,298.15,14.901905180649807,15.090256294655518
CCCCCCCCCCCCO,O,307.15,14.948498508122466,15.080562734320932
CCCCCCCCCCCCO,O,322.15,14.77079505416385,15.064406800429953
CCCCCCOCCOCCO,O,328.07,6.427127411858895,6.602708678287543
CCCCCCOCCOCCO,O,333.15,6.3793764959685575,6.597237202009799
CCCCCCOCCOCCO,O,338.13,6.4749009883045865,6.591873431957994
CCCCCCOCCOCCO,O,343.27,6.416101364571204,6.586337331944686
CCCCCCOCCOCCO,O,348.17,6.387616421373572,6.581059726873634
CCCCCCOCCOCCO,O,353.15,6.430130683805038,6.575695956821829
CCCCCCOCCOCCO,O,357.6,6.385221380083985,6.570903029767506
CCCCCCOCCOCCO,O,362.8,6.3942477287308845,6.565302306018634
CCCCCCOCCOCCO,O,367.7,6.391075888640481,6.560024700947581
CCCCCCOCCOCCO,O,372.8,6.409115110079948,6.554531683424649
CCCCCCOCCOCCO,O,377.2,6.404070763367513,6.549792609483296
CCCCCCOCCOCCO,O,382.5,6.418205053661431,6.544084179508484
CCCCCCCCCCCCCCO,O,318.15,17.71967274798057,17.812536763277244
c1ccc2c(c1)CCCC2,O,374.15,11.596678205031605,11.688146975740509
Clc1ccc(Cl)c(Cl)c1,O,303.15,12.456648467775452,12.287136296418055
O=C1CCCC1,O,298.15,3.3967307544517005,3.4148329786563907
CCN(CC)CC,O,298.15,4.234406459606258,5.73988738008658
CN(C)c1ccccc1,O,283.15,8.759576074150388,8.326811903904293
CN(C)c1ccccc1,O,293.15,8.647645849597819,8.32376455577846
CN(C)c1ccccc1,O,303.15,8.519839686357143,8.320717207652628
CN(C)c1ccccc1,O,323.15,8.453584371306038,8.314622511400962
CN(C)c1ccccc1,O,333.15,8.47240919184262,8.31157516327513
CN(C)c1ccccc1,O,343.15,8.54067922272155,8.308527815149297
CN(C)c1ccccc1,O,353.15,8.32597215143525,8.305480467023463
CN(C)c1ccccc1,O,363.15,8.25306617421264,8.30243311889763
CC(=O)Oc1ccccc1,O,324.15,6.908495005317137,5.859038496565411
CCCC(=O)CCC,O,282.75,7.153168998942075,7.562490946105862
CCCC(=O)CCC,O,283.15,7.17018877182252,7.560570400266891
CCCC(=O)CCC,O,292.65,7.29899975145033,7.514957436591331
CCCC(=O)CCC,O,293.15,7.208222768540317,7.512556754292617
CCCC(=O)CCC,O,302.85,7.315431274609682,7.4659835176975715
CCCC(=O)CCC,O,303.15,7.468849972796959,7.464543108318344
CCCC(=O)CCC,O,312.85,7.556637043244067,7.417969871723297
CCCC(=O)CCC,O,323.15,7.467279634166284,7.368515816369795
CCCC(=O)CCC,O,323.15,7.607431101504782,7.368515816369795
CCCC(=O)CCC,O,333.75,7.636158593356985,7.317621351637065
CCCC(=O)CCC,O,343.45,7.6724414203243985,7.27104811504202
CCCC(=O)CCC,O,348.15,7.6536561869779485,7.248481701434111
CCCC(=O)CCC,O,354.05,7.624555507582176,7.22015365030929
CCCC(=O)CCC,O,363.35,7.626735884573053,7.175500959553215
CCC=O,O,293.15,2.647082187000059,2.7781943525771062
CCC=O,O,297.35,3.153906277518844,2.7580286212679113
CCC=O,O,298.15,2.5288278368459283,2.7541875295899696
CCC=O,O,298.15,2.630095866813733,2.7541875295899696
CCC=O,O,298.15,2.7651234261285094,2.7541875295899696
CCC=O,O,303.15,2.698235527713819,2.730180706602833
CCC=O,O,303.15,2.831034501513586,2.730180706602833
CCC=O,O,313.15,2.7036204040228244,2.682167060628559
CC(C)CCO,O,293.15,4.930306990088413,5.208318208794716
CC(C)CCO,O,298.15,5.2870390042513495,5.184311385807579
CC(C)CCO,O,303.15,5.03760174232607,5.160304562820443
CC(C)CCO,O,303.15,5.054199126341725,5.160304562820443
CC(C)CCO,O,313.15,5.118041715461003,5.1122909168461685
CC(C)CCO,O,313.15,5.134108775081005,5.1122909168461685
CC(C)CCO,O,323.15,5.173745715294986,5.064277270871894
CC(C)CCO,O,323.15,5.189316900969615,5.064277270871894
CC(C)CCO,O,333.15,5.176370047285811,5.016263624897621
CC(C)CCO,O,333.15,5.191472416328861,5.016263624897621
CC(C)CCO,O,343.15,5.188842844403001,4.968249978923348
CC(C)CCO,O,353.15,5.095974718596411,4.920236332949074
CC(C)CCO,O,371.15,5.011561531672429,4.83381177019538
CC(=O)CC(C)=O,O,303.15,3.764680100029648,3.848243528918734
CC(=O)CC(C)=O,O,323.15,3.729601443633858,3.752216236970186
CC(=O)CC(C)=O,O,333.15,3.661271847052386,3.704202590995912
CC(=O)CC(C)=O,O,343.15,3.411127910339064,3.6561889450216385
CC(=O)CC(C)=O,O,343.15,3.660428537939921,3.6561889450216385
CC(=O)CC(C)=O,O,353.15,3.578567812948667,3.608175299047365
CC(=O)CC(C)=O,O,354.15,3.317946198999836,3.6033739344499374
CC(=O)CC(C)=O,O,363.15,3.2419749734469088,3.5601616530730906
CC(=O)CC(C)=O,O,373.15,3.1698242265278336,3.5121480070988174
CCCC=O,O,293.15,4.158864333183889,4.104372233427978
CCCC=O,O,298.15,3.8917835627420136,4.080365410440841
CCCC=O,O,298.15,4.128075877186113,4.080365410440841
CCCC=O,O,298.15,4.144953705965294,4.080365410440841
CCCC=O,O,298.15,4.246222661693681,4.080365410440841
CCCC=O,O,303.15,4.298983283736533,4.056358587453705
CCCC=O,O,308.15,4.188118714455007,4.032351764466568
CCCC=O,O,313.15,4.114230519379585,4.0083449414794305
CCCCOC(C)=O,O,283.15,6.720115203910376,7.376052011097949
CCCCOC(C)=O,O,292.85,6.926135326263567,7.329478774502903
CCCCOC(C)=O,O,293.15,6.861380395672182,7.328038365123675
CCCCOC(C)=O,O,293.15,6.98154462895263,7.328038365123675
CCCCOC(C)=O,O,293.15,7.015873987326884,7.328038365123675
CCCCOC(C)=O,O,298.1,6.919209429027253,7.304271610366409
CCCCOC(C)=O,O,298.15,6.714540607053545,7.3040315421365385
CCCCOC(C)=O,O,298.15,6.917081652838381,7.3040315421365385
CCCCOC(C)=O,O,298.15,6.933958944478773,7.3040315421365385
CCCCOC(C)=O,O,298.15,6.967711442135736,7.3040315421365385
CCCCOC(C)=O,O,298.15,6.984586682085989,7.3040315421365385
CCCCOC(C)=O,O,298.15,7.001464177419488,7.3040315421365385
CCCCOC(C)=O,O,298.15,7.11961136587841,7.3040315421365385
CCCCOC(C)=O,O,298.2,6.999322097507557,7.303791473906667
CCCCOC(C)=O,O,303.15,6.924504228940106,7.280024719149401
CCCCOC(C)=O,O,303.15,6.990910062198179,7.280024719149401
CCCCOC(C)=O,O,303.15,7.05730395725399,7.280024719149401
CCCCOC(C)=O,O,303.2,7.05521792943091,7.279784650919529
CCCCOC(C)=O,O,303.45,7.127693699347399,7.278584309770173
CCCCOC(C)=O,O,308.15,6.91850726861904,7.256017896162264
CCCCOC(C)=O,O,308.15,7.14713431859675,7.256017896162264
CCCCOC(C)=O,O,308.2,7.096116891193358,7.255777827932393
CCCCOC(C)=O,O,310.3,7.044059074942518,7.2456949622777955
CCCCOC(C)=O,O,312.75,7.156473005415775,7.233931619014099
CCCCOC(C)=O,O,313.15,7.012061238791353,7.232011073175127
CCCCOC(C)=O,O,313.15,7.044198677598685,7.232011073175127
CCCCOC(C)=O,O,313.2,7.154709102519406,7.231771004945256
CCCCOC(C)=O,O,317.55,7.128455848645207,7.210885068946447
CCCCOC(C)=O,O,317.6,6.999769122744558,7.210645000716575
CCCCOC(C)=O,O,318.15,7.0105104035542825,7.20800425018799
CCCCOC(C)=O,O,318.2,7.182564855211243,7.207764181958119
CCCCOC(C)=O,O,323.15,7.011556579695878,7.183997427200854
CCCCOC(C)=O,O,323.15,7.058267920594749,7.183997427200854
CCCCOC(C)=O,O,323.15,7.167277045839916,7.183997427200854
CCCCOC(C)=O,O,328.15,7.014940129528651,7.159990604213717
CCCCOC(C)=O,O,333.15,7.02044090042503,7.13598378122658
CCCCOC(C)=O,O,333.15,7.035541449378067,7.13598378122658
CCCCOC(C)=O,O,333.35,7.164410972828795,7.1350235083070945
CCCCOC(C)=O,O,341.8,7.037809382839615,7.094451977458833
CCCCOC(C)=O,O,343.35,7.220768784325388,7.08700986233282
CCCCOC(C)=O,O,353.25,7.198617290065543,7.039476352818289
CCCCOC(C)=O,O,363.65,6.905246133708334,6.989542161005045
CCCCOC(C)=O,O,363.65,7.199991963423599,6.989542161005045
C1COCCO1,O,288.15,1.6362103119869418,2.2622726947786536
C1COCCO1,O,288.15,1.7235305915377923,2.2622726947786536
C1COCCO1,O,298.15,1.7498361740543509,2.21425904880438
C1COCCO1,O,298.15,1.7835928798949945,2.21425904880438
C1COCCO1,O,298.15,1.8342265099175912,2.21425904880438
C1COCCO1,O,308.15,1.863236364083924,2.166245402830106
C1COCCO1,O,308.15,1.9448881984702249,2.166245402830106
C1COCCO1,O,318.15,1.944145736251262,2.118231756855832
C1COCCO1,O,328.15,2.0716147420374487,2.0702181108815587
C1COCCO1,O,338.15,2.12191537116921,2.0222044649072846
C1COCCO1,O,348.15,2.1445619247529133,1.9741908189330108
CC(=O)OCCC(C)C,O,282.25,8.019494366335309,8.687655255312022
CC(=O)OCCC(C)C,O,292.55,8.242727397927073,8.676561514040218
CC(=O)OCCC(C)C,O,296.9,8.255433544130934,8.671876293211835
CC(=O)OCCC(C)C,O,298.15,8.111931062706361,8.670529965387587
CC(=O)OCCC(C)C,O,298.15,8.297590862565896,8.670529965387587
CC(=O)OCCC(C)C,O,303.15,8.082470215781134,8.665144654090593
CC(=O)OCCC(C)C,O,303.15,8.19866695766945,8.665144654090593
CC(=O)OCCC(C)C,O,303.45,8.267867356001808,8.664821535412774
CC(=O)OCCC(C)C,O,310.1,8.360448149139152,8.657659071387775
CC(=O)OCCC(C)C,O,312.85,8.383844639218243,8.654697150174428
CC(=O)OCCC(C)C,O,320.7,8.393937960573194,8.64624221143815
CC(=O)OCCC(C)C,O,339.3,8.38735553995125,8.626208853413338
CC(=O)OCCC(C)C,O,343.35,8.26197056463828,8.621846751262776
CC(=O)OCCC(C)C,O,345.5,8.378170175967321,8.619531067405068
CC(=O)OCCC(C)C,O,353.45,8.361925554691476,8.610968422442852
CC(=O)OCCC(C)C,O,358.6,8.216044854454056,8.605421551806948
CC(=O)OCCC(C)C,O,363.85,8.231272233957355,8.599766974945107
CCCCCCC(C)O,O,283.15,8.43915813373076,8.998694451109348
CCCCCCC(C)O,O,293.15,8.862268316844718,8.987923828515363
CCCCCCC(C)O,O,293.25,8.683705437003429,8.987816122289424
CCCCCCC(C)O,O,298.15,8.860033679043301,8.982538517218371
CCCCCCC(C)O,O,298.15,8.961301923116606,8.982538517218371
CCCCCCC(C)O,O,302.75,8.922314240342828,8.977584030825138
CCCCCCC(C)O,O,312.65,8.961581532537418,8.966921114457094
CCCCCCC(C)O,O,323.15,9.012084536169752,8.95561196073341
CCCCCCC(C)O,O,333.45,8.982971657216911,8.944518219461607
CCCCCCC(C)O,O,343.25,8.89505823104411,8.9339630093195
CCCCCCC(C)O,O,353.25,8.844621800290472,8.923192386725516
CCCCCCC(C)O,O,363.65,8.66751483554823,8.911990939227772
CCCCCCCCCCCCCC(=O)OCC,O,313.15,9.620082985167896,21.198089070205064
CCCCCCCCCCCCCC(=O)OCC,O,333.15,9.594404776544264,21.176547825017096
CCCCCCCC=O,O,313.15,9.811547686837264,9.547615023030321
CCCCCCCC=O,O,323.5,9.756349725076657,9.536467428645546
CCCCCCCC=O,O,333.15,9.715300829230952,9.52607377784235
CCCCCCCC=O,O,344.3,9.6559296311685,9.514064533650057
CCCCCCCC=O,O,353.15,9.59607205039396,9.50453253265438
CCCCCCCC=O,O,363.15,9.552013346996567,9.493761910060396
CCCCCCCCCC,O,293.15,19.80980609403882,16.23513132070488
CCCCCCCCCC,O,298.15,19.809756234145112,16.22215371126216
CCCCCCCCC=O,O,298.15,11.320816568039398,10.948055350711357
CCCCCCCCC=O,O,303.15,11.435394101231076,10.942670039414367
ClC(Cl)=C(Cl)Cl,O,282.65,10.46504146110181,11.046440809265118
ClC(Cl)=C(Cl)Cl,O,292.65,10.395524774505333,11.021648354693552
ClC(Cl)=C(Cl)Cl,O,293.15,10.476837169640476,11.020408731964974
ClC(Cl)=C(Cl)Cl,O,293.15,10.497435751694878,11.020408731964974
ClC(Cl)=C(Cl)Cl,O,298,10.692753676671884,11.008384391497763
ClC(Cl)=C(Cl)Cl,O,298.15,10.502969449707573,11.008012504679192
ClC(Cl)=C(Cl)Cl,O,298.15,10.74938800843689,11.008012504679192
ClC(Cl)=C(Cl)Cl,O,298.15,10.832935349379431,11.008012504679192
ClC(Cl)=C(Cl)Cl,O,304.25,10.645505846369993,10.992889107390535
ClC(Cl)=C(Cl)Cl,O,313.15,10.678005020683758,10.970823822821846
ClC(Cl)=C(Cl)Cl,O,313.15,10.927083507897464,10.970823822821846
ClC(Cl)=C(Cl)Cl,O,323,10.52098133661988,10.946403255068851
ClC(Cl)=C(Cl)Cl,O,323.25,10.425896826028856,10.945783443704563
ClC(Cl)=C(Cl)Cl,O,334.45,10.316156649492797,10.91801589458441
CC(=O)N(C)C,O,349.03,0.3831854154170829,-0.169468262
CC(=O)N(C)C,O,351.15,0.3237126062359053,-0.1701143
CC(=O)N(C)C,O,353.5,0.5466347548546097,-0.170830427
CC(=O)N(C)C,O,353.5,0.5893410118343562,-0.170830427
CC(=O)N(C)C,O,363.87,0.7319928233831434,-0.173990527
CC(=O)N(C)C,O,363.87,0.8149709304127856,-0.173990527
CC(=O)N(C)C,O,370.86,0.7559576469706205,-0.176120623
CC(=O)N(C)C,O,372.28,0.7226962740164955,-0.176553347
COC(=O)c1ccccc1C(=O)OC,O,293.16,7.779722058299229,5.6006845083234325
COC(=O)c1ccccc1C(=O)OC,O,303.15,8.132565469174546,5.597640207545726
COC(=O)c1ccccc1C(=O)OC,O,313.15,8.043290771754833,5.594592859419892
COC(=O)c1ccccc1C(=O)OC,O,313.15,8.059361581660625,5.594592859419892
COC(=O)c1ccccc1C(=O)OC,O,323.15,7.8641701619404465,5.5915455112940595
COC(=O)c1ccccc1C(=O)OC,O,323.15,7.879741800026524,5.5915455112940595
C=CCOC(=O)c1ccccc1C(=O)OCC=C,O,293.15,11.122585887101398,9.467651296016335
CCC(C)c1ccccc1,O,298.15,12.838439567162858,13.361662316094659
CCC(C)CO,O,293.15,4.877393383377327,5.2442598422509565
CCC(C)CO,O,293.15,4.911727985708679,5.2442598422509565
CCC(C)CO,O,303.15,5.0040939460528335,5.196246196276683
CCC(C)CO,O,303.15,5.053892720543152,5.196246196276683
CCC(C)CO,O,313.15,5.086620550667463,5.148232550302409
CCC(C)CO,O,313.15,5.150901457156883,5.148232550302409
CCC(C)CO,O,323.15,5.144215852178804,5.100218904328136
CCC(C)CO,O,323.15,5.190932581215896,5.100218904328136
CCC(C)CO,O,333.15,5.133371966137588,5.052205258353862
CCC(C)CO,O,333.15,5.178688879092506,5.052205258353862
CCC(C)CO,O,343.15,5.132988610830353,5.0041916123795875
CCC(C)CO,O,353.15,5.070531807769023,4.956177966405314
CCC(C)CO,O,363.15,5.089317076130451,4.90816432043104
CC(=O)OCc1ccccc1,O,282.85,8.186751136647267,6.81508290769634
CC(=O)OCc1ccccc1,O,293.15,8.0943143403542,6.811944139126732
CC(=O)OCc1ccccc1,O,303.85,8.171249037483847,6.8086834766320905
CC(=O)OCc1ccccc1,O,313.45,7.994035168590676,6.805758022431291
CC(=O)OCc1ccccc1,O,322.95,7.891270920419171,6.802863041711749
CC(=O)OCc1ccccc1,O,333.25,7.785970242004062,6.799724273142141
CC(=O)OCc1ccccc1,O,343.55,7.669060983057548,6.796585504572533
N#CCc1ccccc1,O,283.15,8.633563674334026,5.989178780504348
N#CCc1ccccc1,O,293.15,8.611511970854673,5.9861314323785155
N#CCc1ccccc1,O,303.15,8.330350228453282,5.983084084252683
N#CCc1ccccc1,O,313.15,8.104062779790318,5.98003673612685
N#CCc1ccccc1,O,323.15,7.849596791700297,5.976989388001018
C=CC(=O)OCCCC,O,293.15,8.726114484173591,8.604736796229707
C=CC(=O)OCCCC,O,303.15,8.525139535430412,8.556723150255433
C=CC(=O)OCCCC,O,308.15,8.572264539960887,8.532716327268297
C=CC(=O)OCCCC,O,313.15,8.700669081710847,8.50870950428116
C=CC(=O)OCCCC,O,318.15,8.590081133922073,8.484702681294022
C=CC(=O)OCCCC,O,322.15,8.527523648032254,8.465497222904313
C=CC(=O)OCCCC,O,332.65,8.370887988526528,8.415082894631325
C=CC(=O)OCCCC,O,338.15,8.349138970419785,8.388675389345476
C=CC(=O)OCCCC,O,343.65,8.286226619918157,8.362267884059625
C=CC(=O)OCCCC,O,352.65,8.115063514567566,8.319055602682777
C=CC(=O)OCCCC,O,358.95,8.004532551704518,8.288807005718986
CCOC(C)=O,O,273.35,3.755460419291917,4.741259132302286
CCOC(C)=O,O,283.15,3.967786891810959,4.694205759247498
CCOC(C)=O,O,288.15,4.067654873468627,4.670198936260361
CCOC(C)=O,O,288.15,4.137511006371375,4.670198936260361
CCOC(C)=O,O,293.15,4.131153716056096,4.646192113273224
CCOC(C)=O,O,293.15,4.1483196739872685,4.646192113273224
CCOC(C)=O,O,293.15,4.199816571664264,4.646192113273224
CCOC(C)=O,O,298.15,4.160093288266214,4.622185290286087
CCOC(C)=O,O,298.15,4.210728100520219,4.622185290286087
CCOC(C)=O,O,298.15,4.22760571000044,4.622185290286087
CCOC(C)=O,O,298.15,4.278239880004347,4.622185290286087
CCOC(C)=O,O,303.15,4.288963802690647,4.5981784672989505
CCOC(C)=O,O,303.15,4.322162504860085,4.5981784672989505
CCOC(C)=O,O,303.15,4.554558764335637,4.5981784672989505
CCOC(C)=O,O,303.25,4.3193889724254575,4.597698330839208
CCOC(C)=O,O,313.11,4.39445409293185,4.550356875908573
CCOC(C)=O,O,313.15,4.23269391315669,4.550164821324676
CCOC(C)=O,O,313.15,4.377319322644893,4.550164821324676
CCOC(C)=O,O,313.25,4.438923139218585,4.549684684864934
CCOC(C)=O,O,318.15,4.263002360249284,4.526157998337539
CCOC(C)=O,O,323.1,4.450494535054278,4.5023912435802735
CCOC(C)=O,O,323.15,4.293495922260317,4.502151175350402
CCOC(C)=O,O,323.25,4.49337121007885,4.50167103889066
CCOC(C)=O,O,333.11,4.552257686658636,4.454329583960026
CCOC(C)=O,O,333.25,4.548809336362173,4.453657392916386
CCOC(C)=O,O,343.12,4.564032516647782,4.406267924339778
CCOC(C)=O,O,343.25,4.560969573694568,4.405643746942112
CCOC(=O)CC(C)=O,O,303.15,4.307934623931238,3.391666295330535
ClCCCCl,O,298.15,7.831899094518252,8.206042407797414
ClCCCCl,O,303.15,7.777138872680089,8.193646180511632
C1=CCCC1,O,298.15,8.859694360304044,7.9841057220325045
C1CCOCC1,O,273.35,3.671509465551409,5.268195422970772
C1CCOCC1,O,278.15,3.7947968147048416,5.245148872903121
C1CCOCC1,O,288.15,4.058036669352501,5.197135226928847
C1CCOCC1,O,298.15,4.259077622056551,5.1491215809545725
C1CCOCC1,O,298.15,4.3097112855801445,5.1491215809545725
C1CCOCC1,O,298.15,4.3603457946399296,5.1491215809545725
C1CCOCC1,O,308.15,4.419781129223049,5.101107934980299
C1CCOCC1,O,318.15,4.559282256259092,5.053094289006025
CCCCCCC,O,277.45,14.850003793061546,12.493506724875157
CCCCCCC,O,286.65,14.832920021838689,12.469627923500552
CCCCCCC,O,298.15,14.22328632776968,12.439779421782294
CCCCCCC,O,298.15,14.30767310489975,12.439779421782294
CCCCCCC,O,298.15,14.44269954345967,12.439779421782294
CCCCCCC,O,298.15,14.510211530763602,12.439779421782294
CCCCCCC,O,298.15,14.543966965626456,12.439779421782294
CCCCCCC,O,298.15,14.712748941012954,12.439779421782294
CCCCCCC,O,305.85,14.558594863729914,12.419793903240505
CCCCCCC,O,308.15,14.699736670658366,12.413824202896853
CCCCCCC,O,313.25,14.561558490259673,12.400587041265279
CCCCCCC,O,318.15,14.662052418369775,12.387868984011412
CCCCCCC,O,328.85,14.3948729492176,12.36009689980399
CCCCCCOC(C)=O,O,282.65,9.45803603820655,10.203798515749154
CCCCCCOC(C)=O,O,283.15,9.320852594773612,10.203259984619455
CCCCCCOC(C)=O,O,292.85,9.911783049560237,10.19281248070329
CCCCCCOC(C)=O,O,298.15,9.488570414402314,10.187104050728479
CCCCCCOC(C)=O,O,298.15,9.707983487025336,10.187104050728479
CCCCCCOC(C)=O,O,298.15,9.92739937258244,10.187104050728479
CCCCCCOC(C)=O,O,302.75,9.653088419530386,10.182149564335244
CCCCCCOC(C)=O,O,313.15,9.591376166161172,10.1709481168375
CCCCCCOC(C)=O,O,323.15,9.75282744025025,10.160177494243516
CCCCCCOC(C)=O,O,333.85,9.65617937422262,10.148652928067953
CCCCCCOC(C)=O,O,343.15,9.53497857612037,10.138636249055548
CCCCCCOC(C)=O,O,353.15,9.43254748496886,10.127865626461563
CCCCCCOC(C)=O,O,363.35,9.385083283246589,10.1168795914157
CCCCOCCCC,O,282.45,9.937917964340636,10.70424648410565
CCCCOCCCC,O,293.05,10.2886921285257,10.692829624156024
CCCCOCCCC,O,293.15,10.163333263493245,10.692721917930085
CCCCOCCCC,O,293.15,10.214828776912452,10.692721917930085
CCCCOCCCC,O,304.05,10.313744494780352,10.680981939302642
CCCCOCCCC,O,308.15,9.76108262053892,10.676565984039108
CCCCOCCCC,O,323.15,9.213495389669482,10.66041005014813
CCCCOCCCC,O,323.65,10.38652771076918,10.65987151901843
CCCCOCCCC,O,338.15,8.887093296114196,10.644254116257155
CCCCCCCCCO,O,288.15,10.740180810938622,10.972920809649738
CCCCCCCCCO,O,293.15,11.128996774392588,10.967535498352746
CCCCCCCCCO,O,298.15,10.80053022331384,10.962150187055752
CCCCCCCCCO,O,298.15,10.81740747626428,10.962150187055752
Cl/C=C\Cl,O,293.15,6.718601233808835,7.532306922784427
Cl/C=C\Cl,O,293.15,6.77009881852349,7.532306922784427
Cl/C=C\Cl,O,303.15,6.703352516903754,7.507514468212862
Cl/C=C\Cl,O,303.15,6.79963094750158,7.507514468212862
Cl/C=C\Cl,O,313.15,6.704585908875345,7.482722013641297
Cl/C=C\Cl,O,313.15,6.775293028906696,7.482722013641297
Cl/C=C/Cl,O,293.15,7.104686263160091,7.532306922784427
Cl/C=C/Cl,O,293.15,7.106401198695947,7.532306922784427
Cl/C=C/Cl,O,293.15,7.116702538093588,7.532306922784427
Cl/C=C/Cl,O,293.15,7.125291136530643,7.532306922784427
Cl/C=C/Cl,O,303.15,7.103815361886605,7.507514468212862
Cl/C=C/Cl,O,303.15,7.190133309842012,7.507514468212862
Cl/C=C/Cl,O,303.15,7.281426956592456,7.507514468212862
Cl/C=C/Cl,O,303.15,7.289726555674568,7.507514468212862
Cl/C=C/Cl,O,313.15,7.132561447382247,7.482722013641297
Cl/C=C/Cl,O,313.15,7.230584876562191,7.482722013641297
Cl/C=C/Cl,O,313.15,7.306115204960254,7.482722013641297
Cl/C=C/Cl,O,313.15,7.314146624666475,7.482722013641297
Cl/C=C/Cl,O,323.15,7.320301920407384,7.457929559069733
Cl/C=C/Cl,O,323.15,7.320923971475334,7.457929559069733
C1CCCC1,O,276.5,9.984168518018269,9.194913188856123
C1CCCC1,O,282.2,10.056719238789547,9.180118714091423
C1CCCC1,O,296.2,10.091414204725744,9.143781407651804
C1CCCC1,O,298.15,10.091795322814823,9.138720139969145
C1CCCC1,O,298.15,10.125550520230094,9.138720139969145
C1CCCC1,O,313.25,10.088247799972017,9.099527759452128
C1CCCC1,O,328.85,9.98187812695804,9.059037617990839
C1CCCCCC1,O,298.15,12.106937158558743,11.783995907631123
C1CCCCCCC1,O,288.15,13.946293176167524,13.153204495015677
C1CCCCCCC1,O,293.15,13.92636296553903,13.140226885572957
C1CCCCCCC1,O,298.15,13.587193647876068,13.127249276130236
C1CCCCCCC1,O,298.15,13.894377189716176,13.127249276130236
C1CCCCCCC1,O,303.15,13.854125318334477,13.114271666687516
C1CCCCCCC1,O,308.15,13.801029207528073,13.101294057244795
C1CCCCCCC1,O,313.15,13.751674723218116,13.088316447802075
Fc1ccccc1,O,282.65,8.054395536660829,8.655360862507777
Fc1ccccc1,O,292.35,8.033499479153269,8.631312181573358
Fc1ccccc1,O,298.15,8.110301065602458,8.616932557921851
Fc1ccccc1,O,302.85,8.124334290138874,8.605280104273216
Fc1ccccc1,O,303.15,8.132680049860774,8.60453633063607
Fc1ccccc1,O,303.15,8.13433852969412,8.60453633063607
Fc1ccccc1,O,312.75,8.136541664191242,8.580735574247367
Fc1ccccc1,O,320.85,8.014775455424052,8.560653686044398
Fc1ccccc1,O,333.25,7.92139048371904,8.529911042375659
Fc1ccccc1,O,343.15,7.917784046398291,8.50536651234981
Fc1ccccc1,O,353.15,7.93451704553774,8.480574057778245
CCOCOCC,O,298.15,4.588851761800602,5.790595750674784
CCOCOCC,O,333.15,4.796344111359203,5.6225479897648265
CCOCOCC,O,373.15,4.764231645318428,5.430493405867732
CC(C)(C)C,O,298.15,11.664100292767346,10.05023227327337
c1ccc2c(c1)CCC2,O,298.15,11.008048777806648,11.143197953538772
c1ccc2c(c1)CCC2,O,298.15,11.024927300843608,11.143197953538772
c1ccc2c(c1)CCC2,O,298.15,11.227463592715642,11.143197953538772
CCCCC(=O)CCCC,O,282.65,9.447946829420498,10.339544092648742
CCCCC(=O)CCCC,O,283.15,9.68434224757168,10.339005561519043
CCCCC(=O)CCCC,O,292.95,9.609485551339528,10.328450351376938
CCCCC(=O)CCCC,O,303.15,9.994388023851752,10.317464316331073
CCCCC(=O)CCCC,O,303.25,9.723313687799632,10.317356610105133
CCCCC(=O)CCCC,O,313.95,9.900743791865064,10.30583204392957
CCCCC(=O)CCCC,O,323.15,10.044552992814731,10.295923071143104
CCCCC(=O)CCCC,O,323.15,10.215846383794071,10.295923071143104
CCCCC(=O)CCCC,O,333.75,10.030032093861085,10.28450621119348
CCCCC(=O)CCCC,O,343.45,10.139989482093224,10.274058707277316
CCCCC(=O)CCCC,O,353.15,10.2138944490933,10.263611203361151
CCCCC(=O)CCCC,O,363.75,9.943462788657657,10.252194343411526
CC=C(C)C,O,293.15,9.7957352900419,8.936022396877572
CC=C(C)C,O,313.15,9.712817241679936,8.88411195910669
CC=C(C)C,O,323.15,9.648904932386538,8.858156740221247
CC=C(C)C,O,333.15,9.545940800111362,8.832201521335808
CC(C)CCl,O,285.65,8.60725142202962,8.412953691521315
CC(O)C(C)O,O,299,0.6535223857766775,-1.138399597
CC(O)C(C)O,O,308.9,0.6744178770456575,-1.185933106
CC(O)C(C)O,O,318.5,0.7466121152288958,-1.232026206
CC(O)C(C)O,O,327.4,0.8157983476131893,-1.274758351
CC(O)C(C)O,O,337.7,0.8323654969363938,-1.324212407
CC(O)C(C)O,O,347.4,0.9036997976947256,-1.370785643
Cc1cccc(C)c1C,O,288.15,11.772022860566231,11.674983925231974
Cc1cccc(C)c1C,O,298.15,11.49435917309635,11.65019147066041
Cc1cccc(C)c1C,O,298.15,11.629383178330428,11.65019147066041
Cc1cccc(C)c1C,O,308.15,11.49879104300329,11.625399016088846
Cc1cccc(C)c1C,O,318.15,11.32131207246758,11.60060656151728
Cc1ccccc1C=O,O,283.15,8.68337012226168,7.2427564637305295
Cc1ccccc1C=O,O,293.15,8.750652947237747,7.239709115604697
Cc1ccccc1C=O,O,303.15,8.608060790282442,7.236661767478863
Cc1ccccc1C=O,O,313.15,8.484043770612308,7.23361441935303
CC(C)Cc1ccccc1,O,298.15,13.558864513271065,13.459919472391025
CCCCCOC(=O)CCC,O,282.55,10.162712278421289,11.64240466448184
CCCCCOC(=O)CCC,O,292.35,10.435978773074892,11.631849454339735
CCCCCOC(=O)CCC,O,302.75,10.455534770971598,11.620648006841991
CCCCCOC(=O)CCC,O,313.25,10.209629439349508,11.609338853118306
CCCCCOC(=O)CCC,O,323.15,10.146410201457932,11.598675936750261
CCCCCOC(=O)CCC,O,333.15,10.273308211694824,11.587905314156277
CCCCCOC(=O)CCC,O,353.15,10.651028216926404,11.566364068968308
CCCCCOC(=O)CCC,O,363.65,10.377735287809234,11.555054915244623
CCCCl,O,283.15,7.207793202543487,7.9484658106425865
CCCCl,O,285.65,7.536193257172631,7.942267696999695
CCCCl,O,293.15,7.380592390123867,7.9236733560710215
CCCCl,O,298.15,6.817825100979668,7.911277128785239
CCCCl,O,298.15,7.465941474107965,7.911277128785239
CCCCl,O,303.15,7.361883559069582,7.8988809014994565
CC(C)CC(C)(C)C,O,283.15,14.855797870269948,13.739503679937078
CC(C)CC(C)(C)C,O,293.15,14.99732057199922,13.713548461051637
CC(C)CC(C)(C)C,O,298.15,14.788722119902031,13.700570851608916
CC(C)CC(C)(C)C,O,298.15,14.822478937835584,13.700570851608916
CC(C)CC(C)(C)C,O,298.15,14.957504761758154,13.700570851608916
CC(C)CC(C)(C)C,O,298.15,15.531356836868731,13.700570851608916
CC(C)CC(C)(C)C,O,303.15,14.787856428627553,13.687593242166196
CC(C)CC(C)(C)C,O,313.15,14.887118146559866,13.661638023280755
CC(C)CC(C)(C)C,O,323.15,14.611823347134976,13.635682804395314
CC(=O)OC(C)(C)C,O,308.2,6.888844593787309,7.189152991075773
CC(=O)OC(C)(C)C,O,313.15,6.940290230618548,7.165386236318508
CC(=O)OC(C)(C)C,O,313.2,6.9546006962136415,7.165146168088636
CC(=O)OC(C)(C)C,O,318.2,7.0514659366484365,7.141139345101499
CC(=O)OC(C)(C)C,O,323.15,7.03946751794955,7.1173725903442335
CC(=O)OC(C)(C)C,O,333.65,7.13239371240312,7.066958262071246
CC(=O)OC(C)(C)C,O,343.65,7.118907217443969,7.018944616096973
Clc1cccc(Cl)c1,O,283.15,11.270795303327413,11.667396322954193
Clc1cccc(Cl)c1,O,283.15,11.30633908407136,11.667396322954193
Clc1cccc(Cl)c1,O,293.15,11.166711329772331,11.642603868382627
Clc1cccc(Cl)c1,O,293.15,11.304039785402718,11.642603868382627
Clc1cccc(Cl)c1,O,293.15,11.321205480996252,11.642603868382627
Clc1cccc(Cl)c1,O,293.15,11.544365990804549,11.642603868382627
Clc1cccc(Cl)c1,O,298.15,11.213037199119604,11.630207641096845
Clc1cccc(Cl)c1,O,298.15,11.229915129607988,11.630207641096845
Clc1cccc(Cl)c1,O,303.15,11.077075888852333,11.617811413811062
Clc1cccc(Cl)c1,O,303.15,11.126874673481293,11.617811413811062
Clc1cccc(Cl)c1,O,303.15,11.176673404108554,11.617811413811062
Clc1cccc(Cl)c1,O,308.15,10.99463370551492,11.605415186525281
Clc1cccc(Cl)c1,O,313.15,10.87792643052584,11.593018959239497
Clc1cccc(Cl)c1,O,318.15,10.812344723832208,11.580622731953715
Clc1cccc(Cl)c1,O,328.15,10.697734936497554,11.55583027738215
CCCCCC(C)O,O,283.35,7.234667679925587,7.411190527779969
CCCCCC(C)O,O,292.65,7.322655733876787,7.366537837023895
CCCCCC(C)O,O,298.15,7.573520985200845,7.3401303317380435
CCCCCC(C)O,O,303.15,7.567061250873311,7.316123508750907
CCCCCC(C)O,O,303.85,7.510518127803507,7.312762553532708
CCCCCC(C)O,O,313.15,7.566321366685756,7.268109862776633
CCCCCC(C)O,O,323.15,7.673599794357483,7.220096216802359
CCCCCC(C)O,O,333.45,7.6980473189284435,7.170642161448857
CCCCCC(C)O,O,343.45,7.572451543368067,7.122628515474584
CCCCCC(C)O,O,353.15,7.578431876414713,7.076055278879538
CCCCCC(C)O,O,363.35,7.505057636841712,7.027081359985779
CCCCCCl,O,298.15,10.387492701417678,9.907936649009104
COC(=O)C(C)C,O,293.15,5.703198971117785,5.914961001163952
CCC(=O)OC,O,293.15,4.492836525479681,4.723604781363582
CCC(C)(C)CC,O,298.15,13.748270791747036,12.439779421782294
CCC(C)(C)CC,O,313.25,13.615940700801684,12.400587041265279
CCC(C)(C)CC,O,328.85,13.43557283587739,12.36009689980399
C=CC(C)C,O,298.15,10.296849714576547,9.090774316929997
CC(=O)C(C)C,O,298.15,4.445859047200433,4.809468380043969
CCC(C)C(C)C,O,298.15,13.883944606672191,12.439779421782294
CC(C)C(=O)C(C)C,O,282.45,7.009589584863405,7.6229123357825
CC(C)C(=O)C(C)C,O,293.15,6.947850609546079,7.571537734590027
CC(C)C(=O)C(C)C,O,293.15,7.068010147426844,7.571537734590027
CC(C)C(=O)C(C)C,O,298.15,6.9705516584718135,7.547530911602891
CC(C)C(=O)C(C)C,O,302.85,7.288845723948646,7.524964497994982
CC(C)C(=O)C(C)C,O,303.15,6.978316253685674,7.523524088615754
CC(C)C(=O)C(C)C,O,312.75,7.416378479192928,7.477430988480451
CC(C)C(=O)C(C)C,O,323.15,7.011881032635023,7.4274967966672065
CC(C)C(=O)C(C)C,O,323.65,7.445680372629845,7.425096114368492
CC(C)C(=O)C(C)C,O,333.75,7.508129059389727,7.376602331934476
CC(C)C(=O)C(C)C,O,343.35,7.545194170233724,7.330509231799173
CC(C)C(=O)C(C)C,O,353.15,7.108358699454104,7.283455858744385
CC(C)C(=O)C(C)C,O,353.35,7.54811858110168,7.282495585824899
CCc1ccccc1N,O,313.15,7.172386203403165,7.602664688304015
CCc1ccccc1N,O,323.15,7.131954273120564,7.599617340178182
CCC(O)CC,O,283.15,4.223407444240737,4.771775583483122
CCC(O)CC,O,293.15,4.380963569820617,4.723761937508848
CCC(O)CC,O,303.15,4.511035315237415,4.675748291534575
CCC(O)CC,O,313.15,4.631646572560939,4.627734645560301
CCC(O)CC,O,323.15,4.696317166236348,4.579720999586026
CCC(O)CC,O,333.15,4.754779139199795,4.531707353611753
CCC(O)CC,O,343.15,4.704327501521277,4.48369370763748
CCC(O)CC,O,353.15,4.781649711298413,4.435680061663206
CCC(O)CC,O,363.15,4.75390910576492,4.387666415688932
CCC(O)CC,O,371.15,4.64461202853662,4.349255498909512
CCCC(C)CC,O,298.15,13.925942193729904,12.439779421782294
CCCC(C)CC,O,298.15,14.567303933956952,12.439779421782294
CCCC(=O)CC,O,298.15,6.027962807748154,6.132881560305904
CCCCC(C)CC,O,298.15,15.897446486074,13.700570851608916
CCCCC(O)CC,O,293.05,7.092565403388176,7.352636746699509
CCCCC(O)CC,O,298.15,6.930279689060809,7.328149787252629
CCCCC(O)CC,O,298.15,7.267839405049959,7.328149787252629
CCCCC(O)CC,O,298.15,7.284718026617589,7.328149787252629
CCCCC(O)CC,O,298.15,7.3353536297247635,7.328149787252629
CCCCC(O)CC,O,302.95,7.293167328438807,7.305103237184978
CCCCC(O)CC,O,303.15,7.315052041919271,7.304142964265493
CCCCC(O)CC,O,313.15,7.402140496845546,7.256129318291219
CCCCC(O)CC,O,323.15,7.48468881674424,7.208115672316945
CCCCC(O)CC,O,333.15,7.547179901090975,7.160102026342671
CCCCC(O)CC,O,343.15,7.502605824716972,7.112088380368398
CCCCC(O)CC,O,352.95,7.652849540164829,7.065035007313609
CCCCC(O)CC,O,363.35,7.615623570323476,7.0151008155003645
CCCCOC(=O)CC,O,282.55,8.027140312465516,8.713259185698586
CCCCOC(=O)CC,O,292.95,8.168341848854064,8.702057738200843
CCCCOC(=O)CC,O,303.75,8.327046699514549,8.69042546579934
CCCCOC(=O)CC,O,313.35,8.476285776581104,8.680085668109113
CCCCOC(=O)CC,O,323.15,8.460916976559602,8.669530457967008
CCCCOC(=O)CC,O,333.05,8.495705986014777,8.658867541598964
CCCCOC(=O)CC,O,343.15,8.536750690631768,8.64798921277904
CCCCOC(=O)CC,O,343.25,8.509427113345183,8.647881506553098
CCCCOC(=O)CC,O,353.35,8.47154498612044,8.637003177733174
CCCCOC(=O)CC,O,363.15,8.547724336313388,8.62644796759107
CCCCOC(=O)CC,O,363.55,8.512803571114679,8.62601714268731
CCCC(C)(C)C,O,298.15,14.04838263335613,12.439779421782294
CC(C)CC=O,O,371.7,3.857015453296461,5.085658115888575
Ic1ccccc1,O,291.75,10.50661428794381,10.196646501229921
Ic1ccccc1,O,293.45,10.535543596228411,10.19612845204853
Ic1ccccc1,O,296.65,10.518819126923232,10.195153300648265
Ic1ccccc1,O,298.15,10.777711765791071,10.194696198429389
Ic1ccccc1,O,302.05,10.48990661603094,10.193507732660315
Ic1ccccc1,O,303.15,10.400467769480066,10.193172524366473
Ic1ccccc1,O,303.15,10.483466034990435,10.193172524366473
Ic1ccccc1,O,305.95,10.457177244370198,10.19231926689124
Ic1ccccc1,O,308.35,10.435432583322047,10.19158790334104
CCCCOC(=O)CCCC,O,333.15,8.263404848387323,11.587905314156277
CCCCOC(=O)CCCC,O,343.15,7.923022189938894,11.577134691562293
CCCCOC(=O)CCCC,O,353.15,7.852310772304591,11.566364068968308
CCCCOC(=O)CCCC,O,363.15,7.682016900396698,11.555593446374322
CCCCC(C)C,O,298.15,14.60155592089095,12.439779421782294
CCCCC(C)=O,O,297.85,5.766237576983244,6.0808703905656
CCCCC(C)=O,O,298.15,5.586540542576868,6.079429981186372
CCCCC(C)=O,O,298.15,5.8734689888702745,6.079429981186372
CCCCC(C)=O,O,298.15,5.907223873626454,6.079429981186372
C=CCCCC,O,298.15,11.3181579779037,10.175608997014583
C=CCCCC,O,298.15,11.419426543846098,10.175608997014583
C=CCCCC,O,310.93,11.314451355246238,10.14243822727899
C=CCCC=C,O,298.15,10.207632121428992,9.471808921638111
CCCCOC=O,O,293.15,6.735755073313727,6.596306180492618
CC(C)C(C)O,O,283.15,4.088666807568764,4.816011318706179
CC(C)C(C)O,O,293.15,4.287953564333992,4.767997672731905
CC(C)C(C)O,O,303.15,4.467891208502732,4.719984026757632
CC(C)C(C)O,O,313.15,4.597929031998974,4.671970380783358
CC(C)C(C)O,O,323.15,4.682436736007183,4.623956734809084
CC(C)C(C)O,O,333.15,4.740373929454093,4.57594308883481
CC(C)C(C)O,O,343.15,4.744471152565014,4.527929442860536
CC(C)C(C)O,O,353.15,4.713324794530294,4.479915796886263
CC(C)C(C)O,O,371.15,4.71992642328628,4.39349123413257
COC(=O)OC,O,273.35,3.674975743944621,3.360476991056549
COC(=O)OC,O,283.15,3.813977889092073,3.313423618001761
COC(=O)OC,O,293.15,3.861849084308512,3.265409972027487
COC(=O)OC,O,298.15,3.888045836846664,3.2414031490403503
COC(=O)OC,O,303.15,3.9154830126933664,3.2173963260532137
COC(=O)OC,O,313.15,3.925170201057484,3.1693826800789395
COC(=O)OC,O,323.15,3.940851443931638,3.121369034104666
COC(=O)OC,O,333.15,3.915901474434136,3.073355388130392
CC(=O)OC1CCCCC1,O,282.55,7.955579408818141,8.238373497607913
CC(=O)OC1CCCCC1,O,292.95,7.981541946214591,8.22717205011017
CC(=O)OC1CCCCC1,O,296.65,8.003670600768988,8.223186919750397
CC(=O)OC1CCCCC1,O,302.85,8.107400733822313,8.216509133742125
CC(=O)OC1CCCCC1,O,312.75,8.12216938272536,8.20584621737408
CC(=O)OC1CCCCC1,O,322.95,8.194069070988586,8.194860182328217
CC(=O)OC1CCCCC1,O,333.25,8.23547728594296,8.183766441056413
CC(=O)OC1CCCCC1,O,343.15,8.195074251619113,8.173103524688367
CC(=O)OC1CCCCC1,O,353.25,8.056052569428296,8.162225195868443
CC(=O)OC1CCCCC1,O,363.45,7.940993141686007,8.151239160822579
CCCC(=O)OC,O,293.15,5.828463148299428,6.03780211772904
CCCC(=O)OC,O,293.15,6.01728822711744,6.03780211772904
CSSC,O,283.15,7.799724629351133,7.471174533212101
CSSC,O,288.15,7.781071701767894,7.458778305926318
CSSC,O,293.15,7.764953964046604,7.446382078640536
CSSC,O,298.15,7.599266121470886,7.433985851354754
CSSC,O,298.15,7.7342875914710305,7.433985851354754
CSSC,O,323.15,7.399685503795835,7.372004714925842
CSSC,O,348.15,7.122511756919254,7.31002357849693
C#CCCC,O,298.15,7.743421467282405,7.777299625557191
C1=CCC=CC1,O,278.26,8.517771024438577,8.525804514340546
C1=CCC=CC1,O,288.36,8.420688898943077,8.500764135223267
C1=CCC=CC1,O,298.15,8.747801611141627,8.476492322197705
C1=CCC=CC1,O,298.26,8.45641718314145,8.476219605197418
C1=CCC=CC1,O,308.36,8.44060584044924,8.451179226080137
C1=CCC=CC1,O,318.36,8.407929512763083,8.426386771508572
CCCCCOC(C)=O,O,285.6,8.247683660222066,8.828710325179081
CCCCCOC(C)=O,O,292.85,8.240342909402774,8.820901623798441
CCCCCOC(C)=O,O,293.15,8.396942363263216,8.820578505120622
CCCCCOC(C)=O,O,298.1,8.387963390807467,8.815247046936598
CCCCCOC(C)=O,O,298.1,8.506130221810077,8.815247046936598
CCCCCOC(C)=O,O,298.15,8.216723032154494,8.815193193823628
CCCCCOC(C)=O,O,298.15,8.23360140897784,8.815193193823628
CCCCCOC(C)=O,O,299.9,8.434341876628993,8.813308334869681
CCCCCOC(C)=O,O,303.15,8.327697159514246,8.809807882526638
CCCCCOC(C)=O,O,306.1,8.501504769159913,8.806630548861412
CCCCCOC(C)=O,O,343.35,8.457177759006251,8.766509979698817
CCCCCOC(C)=O,O,345.9,8.489891879125711,8.763763470937352
CCCCCOC(C)=O,O,353.1,8.39663330387285,8.756008622669682
CCCCCOC(C)=O,O,353.15,8.437530744767646,8.755954769556713
CCCCCOC(C)=O,O,353.25,8.455190119974505,8.755847063330773
CCCCCOC(C)=O,O,363.15,8.24041940667199,8.745184146962728
CCCCCOC(C)=O,O,364.5,8.205882140514687,8.74373011291254
CCCCCOC(C)=O,O,368.15,8.049557955311988,8.739798835665736
C#CCCCCC,O,298.15,10.9837389740722,10.506270586294454
CCCCOCC,O,304.35,6.946706725117077,7.9886760811231605
CCCCOCC,O,323.95,7.089143066616001,7.894569335013585
CCCCOCC,O,333.35,6.9866496352448175,7.849436507797767
CCCCOCC,O,353.35,7.157330417797891,7.753409215849219
CCCCOCC,O,363.85,7.229650354603547,7.7029948875762315
C1=CCCCCC1,O,298.15,11.28148256917451,10.43145904195687
CCCCCCCC(C)O,O,288.15,10.379439082895484,10.377593533602418
CCCCCCCC(C)O,O,292.95,9.968816386294392,10.372423634757306
CCCCCCCC(C)O,O,298.15,10.357212525499737,10.366822911008434
CCCCCCCC(C)O,O,303.15,10.121775333657077,10.361437599711442
CCCCCCCC(C)O,O,343.35,10.36951139793745,10.318139696883623
CCCCCCCC(C)O,O,363.65,10.2345056566668,10.296275333017835
C#CCCCCCC,O,298.15,12.460389229495275,11.783566480014118
CCCCCCOC=O,O,281.85,8.28113662483033,9.456188870628269
CCCCCCOC=O,O,292.85,8.399186380724089,9.444341185774887
CCCCCCOC=O,O,302.85,8.537572123205312,9.4335705631809
CCCCCCOC=O,O,312.75,8.520854480709147,9.422907646812856
CCCCCCOC=O,O,322.95,8.687826708,9.411921611766992
CCCCCCOC=O,O,333.35,8.693709597547866,9.400720164269249
CCCCCCOC=O,O,343.45,8.602443852588443,9.389841835449324
CCCCCCOC=O,O,353.35,8.519723986251687,9.37917891908128
CCCCCCOC=O,O,363.75,8.447448608893898,9.367977471583535
ClCC(Cl)(Cl)Cl,O,283.15,8.966542480761566,10.00190361322677
ClCC(Cl)(Cl)Cl,O,293.15,8.919906516840937,9.977111158655203
ClCC(Cl)(Cl)Cl,O,293.15,9.02290174528275,9.977111158655203
ClCC(Cl)(Cl)Cl,O,293.15,9.108730591287246,9.977111158655203
ClCC(Cl)(Cl)Cl,O,303.15,8.881544595794486,9.952318704083638
ClCC(Cl)(Cl)Cl,O,303.15,9.014341303010326,9.952318704083638
ClCC(Cl)(Cl)Cl,O,303.15,9.030940941609174,9.952318704083638
ClCC(Cl)(Cl)Cl,O,308.15,8.865198663851123,9.939922476797857
ClCC(Cl)(Cl)Cl,O,308.15,8.979511111117185,9.939922476797857
ClCC(Cl)(Cl)Cl,O,313.15,8.850612200249095,9.927526249512074
ClCC(Cl)(Cl)Cl,O,313.15,8.982382751603717,9.927526249512074
ClCC(Cl)(Cl)Cl,O,313.15,9.075586518164652,9.927526249512074
ClCC(Cl)(Cl)Cl,O,323.15,8.913557008135198,9.90273379494051
ClCC(Cl)(Cl)Cl,O,333.15,8.811099353970462,9.877941340368945
ClCC(Cl)(Cl)Cl,O,343.15,8.682244810945235,9.85314888579738
CCOC(C)(C)C,O,288.15,5.770212954909876,7.220665371512602
CCOC(C)(C)C,O,298.15,6.23519669127631,7.172651725538328
CCOC(C)(C)C,O,300.65,6.908245158971339,7.16064831404476
CCOC(C)(C)C,O,308.15,6.496025086152011,7.124638079564055
CCOC(C)(C)C,O,308.25,6.917309491786948,7.124157943104312
CCOC(C)(C)C,O,315.75,7.019797422763675,7.088147708623607
CCOC(C)(C)C,O,318.15,6.7788531547412765,7.076624433589781
CCOC(C)(C)C,O,325.65,7.022502600406058,7.040614199109076
CCOC(C)(C)C,O,329.95,7.023678809051352,7.019968331340138
CCOC(C)(C)C,O,330.2,6.917091559959124,7.018767990190781
CCCCCOC=O,O,282.25,7.690395754024842,7.962838390970036
CCCCCOC=O,O,293.05,7.82017452632191,7.910983653317821
CCCCCOC=O,O,293.15,8.193159672193268,7.910503516858078
CCCCCOC=O,O,304.05,7.844295597074979,7.85816864274612
CCCCCOC=O,O,312.75,7.8457918469379555,7.8163967707485025
CCCCCOC=O,O,323.15,7.801698147192384,7.766462578935258
CCCCCOC=O,O,333.25,7.901088530154467,7.717968796501241
CCCCCOC=O,O,343.35,7.782306929273553,7.669475014067224
CCCCCOC=O,O,353.15,7.710097613567479,7.622421641012436
CCCCCOC=O,O,363.65,7.816098512993452,7.572007312739449
C=CCC(C)C,O,298.15,11.482562129178342,10.417518042839347
C#CCCCC,O,298.15,9.455378478625605,9.088393267731952
C=C(C)CCC,O,298.15,10.998926478075994,10.104135086036607
CCCCCCCC(C)=O,O,282.95,10.038079632432964,10.305927181169974
CCCCCCCC(C)=O,O,293.35,10.107664367100291,10.294725733672228
CCCCCCCC(C)=O,O,303.45,10.234132126986603,10.283847404852304
CCCCCCCC(C)=O,O,312.95,10.153740306328956,10.273615313388019
CCCCCCCC(C)=O,O,333.15,10.183665287751843,10.251858655748169
CCCCCCCC(C)=O,O,343.55,10.077890338460763,10.240657208250425
CCCCCCCC(C)=O,O,354.35,10.294806405868188,10.229024935848923
CCCCCCCC(C)=O,O,364.35,9.944067917866402,10.218254313254938
CN1CCCC1=O,O,328.45,0.1067355698373595,0.5066317724184324
CN1CCCC1=O,O,333.15,0.2832673418532423,0.5051995187992908
CN1CCCC1=O,O,337.95,0.3204009250145069,0.5037367916988913
CN1CCCC1=O,O,343.15,0.4391126275203824,0.5021521706734582
CN1CCCC1=O,O,351.01,0.4545345983418038,0.4997569550465535
CN1CCCC1=O,O,353.15,0.5486126173266493,0.4991048225476251
CCc1cccs1,O,298.15,10.09452518044815,10.2723909668033
CCOC(C)(C)CC,O,278.65,7.067285747475276,7.950486694027297
CCOC(C)(C)CC,O,288.15,7.224797104740324,7.940254602563011
CCOC(C)(C)CC,O,288.23,7.518493203801357,7.940168437582259
CCOC(C)(C)CC,O,289.4,6.915644080402374,7.938908274738763
CCOC(C)(C)CC,O,293.15,7.3949478286485535,7.934869291266018
CCOC(C)(C)CC,O,297.95,7.027829022296564,7.929699392420906
CCOC(C)(C)CC,O,298.15,7.611283390742919,7.929483979969026
CCOC(C)(C)CC,O,307.25,7.028954694383982,7.9196827134085
CCOC(C)(C)CC,O,318.15,7.138882872835421,7.907942734781057
CCOC(C)(C)CC,O,329.15,7.136212686720088,7.896095049927674
CCOC(C)(C)CC,O,341.65,7.131058817497712,7.882631771685193
CCOC(C)(C)CC,O,351.65,7.129954384447737,7.871861149091209
CCOC(C)(C)CC,O,363.65,7.128952938275891,7.858936401978427
CCCCCCC(=O)CC,O,282.65,9.4592920110679,10.339544092648742
CCCCCCC(=O)CC,O,302.85,9.359053437596309,10.317787435008892
CCCCCCC(=O)CC,O,312.95,9.603267203386242,10.306909106188968
CCCCCCC(=O)CC,O,323.15,9.458948920441824,10.295923071143104
CCCCCCC(=O)CC,O,333.75,9.4164191446638,10.28450621119348
CCCCCCC(=O)CC,O,353.35,9.677301878655724,10.263395790909271
CCC(C)(C)OC,O,288.15,5.965713311874338,7.308622082312118
CCC(C)(C)OC,O,298.15,6.264182716731766,7.260608436337844
CCC(C)(C)OC,O,298.15,6.281062283503355,7.260608436337844
CCC(C)(C)OC,O,298.15,6.331695781265723,7.260608436337844
CCC(C)(C)OC,O,303.25,6.463589362546752,7.236121476890965
CCCCCCc1ccccc1,O,278.15,16.090363649100425,16.067423585536126
CCCCCCc1ccccc1,O,279.15,16.089919402548627,16.066346523276728
CCCCCCc1ccccc1,O,281.15,16.091236142343593,16.064192398757932
CCCCCCc1ccccc1,O,282.15,16.10546522184816,16.063115336498534
CCCCCCc1ccccc1,O,283.15,16.107285430506035,16.062038274239136
CCCCCCc1ccccc1,O,284.15,16.080888988243135,16.060961211979738
CCCCCCc1ccccc1,O,285.15,16.077749584832844,16.059884149720336
CCCCCCc1ccccc1,O,286.15,16.088830575574818,16.058807087460938
CCCCCCc1ccccc1,O,287.15,16.082437384749024,16.05773002520154
CCCCCCc1ccccc1,O,288.15,16.102411291942268,16.05665296294214
CCCCCCc1ccccc1,O,289.15,16.089306182703478,16.055575900682744
CCCCCCc1ccccc1,O,290.15,16.098962779325735,16.054498838423342
CCCCCCc1ccccc1,O,291.15,16.086208620495643,16.053421776163944
CCCCCCc1ccccc1,O,292.15,16.063327906601252,16.052344713904546
CCCCCCc1ccccc1,O,293.15,16.056175565390948,16.051267651645148
CCCCCCc1ccccc1,O,294.15,16.04919134697772,16.05019058938575
CCCCCCc1ccccc1,O,295.15,16.05260521022235,16.04911352712635
CCCCCCc1ccccc1,O,296.15,16.02042989897096,16.048036464866954
CCCCCCc1ccccc1,O,297.15,16.008064243650594,16.046959402607555
CCCCCCc1ccccc1,O,298.15,16.00433663307153,16.045882340348157
CCCCCCc1ccccc1,O,299.15,16.00428172794254,16.04480527808876
CCCCCCc1ccccc1,O,300.15,15.990594042590777,16.04372821582936
CCCCCCc1ccccc1,O,302.15,15.987477724352663,16.041574091310565
CCCCCCCCCCC,O,298.15,21.35766569496045,17.482945141088784
CCCCCCCCCCC,O,298.15,21.577076727147507,17.482945141088784
CCc1cccc2ccccc12,O,298.15,13.694370644292167,13.126227251493326
CCc1cccc2ccccc12,O,298.15,13.7112483278589,13.126227251493326
CCc1cccc2ccccc12,O,310.93,13.62019737426114,13.122332740588512
COC(C)(C)C,O,288.15,4.837622278093863,5.92517069406211
COC(C)(C)C,O,293.15,4.700880285813743,5.9011638710749725
COC(C)(C)C,O,298.15,4.722090627494867,5.877157048087836
COC(C)(C)C,O,298.15,4.823357475302053,5.877157048087836
COC(C)(C)C,O,298.15,4.924627050164017,5.877157048087836
COC(C)(C)C,O,303.15,4.909967454295495,5.853150225100699
COC(C)(C)C,O,303.25,5.023531775831276,5.852670088640956
COC(C)(C)C,O,308.15,5.1909993807394175,5.829143402113562
COC(C)(C)C,O,313.15,5.062487432301507,5.805136579126425
COC(C)(C)C,O,313.25,5.26881131291526,5.8046564426666825
CCC1CCCCC1,O,278.15,14.291539747007542,12.973004867219892
CCC1CCCCC1,O,283.15,14.315036581021785,12.960027257777172
CCC1CCCCC1,O,288.15,14.304820367767483,12.94704964833445
CCC1CCCCC1,O,293.15,14.296874414780644,12.934072038891731
CCC1CCCCC1,O,298.15,14.274143535678796,12.92109442944901
CCC1CCCCC1,O,303.15,14.253888062028198,12.90811682000629
CCC1CCCCC1,O,303.45,14.16949989889739,12.907338163439727
CCC1CCCCC1,O,308.15,14.203266446069405,12.895139210563569
CCC1CCCCC1,O,311.5,13.750305147839,12.886444212236945
CCC1CCCCC1,O,313.15,14.155811171276452,12.882161601120849
CCC1CCCCC1,O,343.55,13.48210421667918,12.803257735709106
CCCCCCCCCCN,O,333.15,9.652208123642737,11.931108487135557
CCCC1CCCC1,O,298.15,14.922190217710142,12.879863460112764
CCCCCNCCCCC,O,303.15,9.66293076705104,11.375878898364656
C[C@@H]1CCCC[C@@H]1C,O,278.15,13.790372221053577,12.769429685608166
C[C@@H]1CCCC[C@@H]1C,O,283.15,13.83662604856835,12.756452076165447
C[C@@H]1CCCC[C@@H]1C,O,288.15,13.855356075886398,12.743474466722725
C[C@@H]1CCCC[C@@H]1C,O,293.15,13.85818683224471,12.730496857280006
C[C@@H]1CCCC[C@@H]1C,O,298.15,13.845845757760348,12.717519247837284
C[C@@H]1CCCC[C@@H]1C,O,303.15,13.835607259663396,12.704541638394565
C[C@@H]1CCCC[C@@H]1C,O,308.15,13.794651512855244,12.691564028951843
C[C@@H]1CCCC[C@@H]1C,O,313.15,13.772587399210376,12.678586419509124
C[C@H]1CC[C@H](C)CC1,O,298.15,14.295433576990447,12.709357587079827
CCCCC(C)CCC,O,298.15,18.224306914834703,14.961362281435537
CC1CCCC(C)(C)C1,O,298.15,15.189117270192048,14.146176504834635
C#CCCCCCCC,O,298.15,13.672756192754555,13.030614253395324
CC(C)CCC(C)(C)C,O,298.15,16.350349576500484,14.961362281435537
CCOC(=O)C(C)(C)C,O,293.15,8.212288999292687,8.929006602553986
CCOC(=O)C(C)(C)C,O,303.85,8.317365695916616,8.917482036378424
CCOC(=O)C(C)(C)C,O,313.25,8.557707298544033,8.907357651140078
CCOC(=O)C(C)(C)C,O,323.15,8.455494367851637,8.896694734772034
CCOC(=O)C(C)(C)C,O,333.35,8.653257872554112,8.88570869972617
CCOC(=O)C(C)(C)C,O,343.45,8.708168859796075,8.874830370906245
CCOC(=O)C(C)(C)C,O,353.55,8.677684867423539,8.863952042086321
CCOC(=O)C(C)(C)C,O,363.55,8.77972359592786,8.853181419492335
C=C(C)[C@H]1CC=C(C)CC1,O,293,12.994086725842177,12.70975506223367
C=C(C)[C@H]1CC=C(C)CC1,O,298,13.960969286275445,12.696777452790949
C=C(C)[C@H]1CC=C(C)CC1,O,298.15,12.963716940120428,12.696388124507667
CCCC(C)O,O,283.15,4.289111958358626,4.747814494512295
CCCC(C)O,O,293.15,4.443061760457327,4.699800848538021
CCCC(C)O,O,293.15,4.49455924426811,4.699800848538021
CCCC(C)O,O,298.15,4.571522395215837,4.675794025550884
CCCC(C)O,O,303.15,4.632493481636982,4.651787202563748
CCCC(C)O,O,303.15,4.649091373046019,4.651787202563748
CCCC(C)O,O,313.15,4.773882894374127,4.6037735565894735
CCCC(C)O,O,323.15,4.856271258176871,4.555759910615199
CCCC(C)O,O,333.15,4.900128224285551,4.507746264640926
CCCC(C)O,O,343.15,4.894146420650586,4.459732618666653
CCCC(C)O,O,353.15,4.813955144323389,4.411718972692379
CCCC(C)O,O,363.15,4.873378876936347,4.3637053267181045
CCCC(C)O,O,371.15,4.768572225429468,4.325294409938685
C[C@@H]1CCCC[C@H]1C,O,278.15,14.056069575846871,12.769429685608166
C[C@@H]1CCCC[C@H]1C,O,283.15,14.091337636843903,12.756452076165447
C[C@@H]1CCCC[C@H]1C,O,288.15,14.09234652347526,12.743474466722725
C[C@@H]1CCCC[C@H]1C,O,293.15,14.095102493329152,12.730496857280006
C[C@@H]1CCCC[C@H]1C,O,298.15,14.082586780623036,12.717519247837284
C[C@@H]1CCCC[C@H]1C,O,303.15,14.072073411357184,12.704541638394565
C[C@@H]1CCCC[C@H]1C,O,303.35,14.043824718608702,12.704022534016856
C[C@@H]1CCCC[C@H]1C,O,308.15,14.03075902495851,12.691564028951843
C[C@@H]1CCCC[C@H]1C,O,313.15,13.976114655340613,12.678586419509124
ClC(Cl)(Cl)Cl,O,298.15,9.344023003163578,10.018301747815354
CCOCC,O,298.15,4.194262292761239,5.378069324410879
CCO,O,298.15,1.4206957878372228,1.1615420080319017
CC(C)O,O,298.15,2.105352923464337,2.011457719363723
ClC(Cl)Cl,O,298.15,6.680882281922419,8.207419909284376
CCCO,O,298.15,2.4595888418037104,2.487719888882775
CCCCO,O,298.15,3.971828468296071,3.801917225248235
CCCCCO,O,298.15,5.420565972243946,5.140075650584523
c1ccccc1,O,298.15,7.800675024533052,8.28851978590362
CC(Cl)(Cl)Cl,O,298.15,8.693386005777015,9.120372967194674
CI,O,298.15,6.398192191215386,6.81224547498772
S=C=S,O,298.15,7.735459575932075,8.113004766132113
CSC,O,298.15,5.132227362464354,5.409368309781012
C=C(Cl)Cl,O,298.15,7.876308235679102,8.119708491631762
CCC(C)(C)O,O,299.15,3.761871982963448,4.250443122705594
CCC(C)C,O,298.15,11.307435173893335,9.91819656212905
CC(Cl)CCl,O,298.15,7.664797023383653,8.059005176126023
CC(C)C(C)C,O,298.15,12.555256601950225,11.17898799195567
ClC(Cl)C(Cl)Cl,O,298.15,8.069727269253008,9.283783193052741
CCOC(=O)c1ccccc1C(=O)OCC,O,298.15,9.4955719444038,8.000367546906503
CCCCOC(=O)c1ccccc1C(=O)OCCCC,O,298.15,14.199356990758837,13.901269336965537
Cc1ccccc1[N+](=O)[O-],O,303.15,9.34010467803146,8.261774318223889
COC(=O)c1ccccc1,O,298.15,8.155571747981373,7.339182351550089
CCOC(=O)c1ccccc1,O,298.15,8.982600021551178,8.629199109618988
Cc1ccccc1C,O,298.15,10.24259916009427,10.669737089075156
Cc1ccccc1O,O,408.15,4.2140546288499605,6.976937967888979
Cc1ccc(C)c(C)c1,O,298.15,11.699297142275542,11.690633804171082
CCC(C)CC,O,298.15,12.665078520566368,11.17898799195567
CCC(=O)CC,O,298.15,4.589331412234065,4.80670367945503
CC1CCCC1,O,298.15,11.559999872356157,10.358280600459523
CCOC(=O)C(C)C,O,298.15,6.994309051286712,7.210680915720152
CC(C)c1ccccc1,O,298.15,11.50972434685432,12.039965102691314
O=[N+]([O-])c1ccccc1,O,298.15,8.139504715904003,6.945876648714868
Cc1ccc(C(C)C)cc1,O,298.15,12.653223375125444,13.049758836375943
CCc1ccccc1,O,298.15,10.354579095336446,10.811451093591357
C=Cc1ccccc1,O,298.15,9.88294295004442,10.310470717720083
N#Cc1ccccc1,O,298.15,7.462214939768189,6.176027642986829
COc1ccccc1,O,298.15,8.011769616939242,8.284210694271334
CCCc1ccccc1,O,298.15,11.641925355831775,12.12204532558341
CCCCc1ccccc1,O,298.15,13.278465865499683,13.405359642759901
CCOC(=O)OCC,O,298.15,5.866482221138933,5.823203842642302
Cc1ccc(O)c(C)c1,O,298.15,6.6659053492712905,7.487646082348597
CCCOC(=O)CC,O,298.15,6.675922838362722,7.4109347003756
Cc1ccc(C)cc1,O,298.15,10.327371978668042,10.690987974472401
BrCCBr,O,298.15,7.831196385885125,7.746455352603835
C=CCC,O,298.15,9.437117314522814,7.6815134502521705
CCCC(C)C,O,298.15,12.854745335988287,11.17898799195567
CCCC(C)=O,O,298.15,4.435387290596168,4.741271555850085
CC(C)CC(C)C,O,298.15,14.142502281921896,12.439779421782294
CC(C)OC(C)C,O,298.15,6.09996014326128,7.074042669066085
Brc1cccc(Br)c1,O,298.15,11.795861291796776,11.70256200597138
Cc1cccc(C)c1,O,298.15,10.504352215294016,10.702090955883694
Cc1cc(C)cc(C)c1,O,298.15,11.83222247679126,11.734090652390915
CC(C)CC(=O)CC(C)C,O,298.15,9.951930037224434,10.410357469145698
CC1CCCCC1,O,298.15,12.849995442661148,11.698833542303717
Cc1ccccc1,O,298.15,9.126539109777628,9.579922569782243
Clc1ccccc1,O,298.15,9.247626522762106,10.001553782810895
Oc1ccccc1,O,317.15,3.809826368312844,5.520690266850918
CCCCOC(=O)CCC,O,298.15,9.462662070567756,10.253691636330375
CCCOC(C)=O,O,298.15,5.556484373301816,5.9898342057710785
CCCCBr,O,298.15,9.073648561918066,9.652925459701919
C1CCOC1,O,298.15,2.8678989020441064,3.6560023338765597
CC(=O)OCC(C)C,O,298.15,6.777122538346684,7.181190425571449
CCCCCC(C)=O,O,298.15,7.282479352954612,7.393627317551832
CCCCCC,O,298.15,13.02445061381499,11.17898799195567
C1CCCCC1,O,298.15,11.309994995919718,10.468229852022843
CC(C)CNCC(C)C,O,298.15,7.599921979028121,9.048327633687514
CCCCCCC(=O)O,O,298.15,8.02595121672408,6.9295680323249
CCCCCCO,O,298.15,6.860659478567379,6.466253531435395
CCCCCCCC,O,298.15,16.218881719769755,13.700570851608916
C=CCCCCCC,O,298.15,14.569635239248038,12.710935513113244
CCCCCCCO,O,298.15,8.275984951714754,7.804411956771682
CCCCCCC=O,O,298.15,6.636892302552782,8.034937964022637
CCCCCCCCC,O,298.15,17.925933500815713,14.961362281435537
CCCCCCCCO,O,298.15,9.66076609867324,9.590239330150904
CCCCNCCCC,O,298.15,7.293813281565073,8.63125572740934
CCCCCCCCOC(C)=O,O,298.15,10.87359958070665,12.937112532980784
CCCCCCCCCCO,O,298.15,12.39664754956028,12.34024781240321
CCCCCCCCCCCC,O,298.15,21.639556568820566,18.743736570915402
CCCCCCCCCCCO,O,298.15,13.75380109792358,13.71215866930806
CCCCCCCCCCCCO,O,298.15,15.093456611083433,15.090256294655518
COC(=O)c1ccccc1O,O,298.15,8.797412486486651,7.873221757119294
c1ccc2c(c1)CCCC2,O,374.15,11.556578647891632,11.688146975740509
CC(=O)Oc1ccccc1,O,298.15,7.245569471919918,5.8669616016925765
CCC=O,O,298.15,2.667228206581955,2.7541875295899696
CC(C)CCO,O,298.15,5.192134290457894,5.184311385807579
CCCCOC(C)=O,O,298.15,6.879568744750009,7.3040315421365385
C1COCCO1,O,298.15,1.7715567619105357,2.21425904880438
CCCCCCCCCC,O,298.15,19.692859710390568,16.22215371126216
ClC(Cl)=C(Cl)Cl,O,298.15,10.546014896095707,11.008012504679192
COC(=O)c1ccccc1C(=O)OC,O,298.15,7.799749219918193,5.599163881608642
CC(=O)OCc1ccccc1,O,298.15,8.301901235496373,6.810420465063815
N#CCc1ccccc1,O,298.15,8.195355741974407,5.984607758315599
CCOC(C)=O,O,298.15,4.132683476448549,4.622185290286087
C1=CCCC1,O,298.15,8.569996245542786,7.9841057220325045
C1CCOCC1,O,298.15,4.068551427612793,5.1491215809545725
CCCCCCC,O,298.15,14.561771874173706,12.439779421782294
CCCCCCCCCO,O,298.15,11.039769672875115,10.962150187055752
C1CCCC1,O,298.15,10.119997147742298,9.138720139969145
C1CC[C@H]2CCCC[C@H]2C1,O,298.15,15.9599928383993,14.608165860367981
CCCCCOC(=O)CCC,O,298.15,10.389499856426916,11.625602493235224
CC(C)CC(C)(C)C,O,298.15,15.310482178262024,13.700570851608916
Clc1cccc(Cl)c1,O,298.15,11.075308480507946,11.630207641096845
CCC(C)(C)CC,O,298.15,13.733221829874203,12.439779421782294
CC(C)C(=O)C(C)C,O,298.15,7.202862218759208,7.547530911602891
CCC(O)CC,O,298.15,4.610565604504999,4.699755114521711
C=CCCCC,O,298.15,11.395206677249902,10.175608997014583
CCCCCOC(C)=O,O,298.15,8.116927542661447,8.815193193823628
C#CCCCCC,O,298.15,10.824272171755844,10.506270586294454
CCCCCCCC(C)=O,O,298.15,10.018480031541882,10.289555834827116
CCCCCCc1ccccc1,O,298.15,16.129193837624353,16.045882340348157
CCCCCCCCCCC,O,298.15,21.649451452592015,17.482945141088784
CCc1cccc2ccccc12,O,310.93,13.521350213414545,13.122332740588512
COC(C)(C)C,O,298.15,4.987660039335725,5.877157048087836
CC(C)CCC(C)(C)C,O,298.15,16.13663277195673,14.961362281435537
C[C@@H]1CCCC[C@H]1C,O,298.15,14.11122776210894,12.717519247837284
CNc1ccccc1,O,298.15,6.956173945583463,6.429571159194944
C[CH2][Sn]([CH2]C)([CH2]C)[CH2]C,O,298.15,19.499491605323577,16.246731509047187
CC(C)CBr,O,298.15,9.609579471990063,9.688293841219618
CC(O)C(C)(C)C,O,298.15,5.652980287725815,6.16232664376035
CCCCCBr,O,310.93,11.097909896050211,10.923746468049378
CCC(O)(CC)CC,O,298.15,6.156400428423123,6.889954817780469
Fc1ccc(F)cc1,O,298.15,8.55000882035786,9.017037170400823
CCCCCCBr,O,297.65,12.779160138326912,11.544447005416474
CCC(O)C(C)(C)C,O,291.15,6.869761572747886,7.758211231111688
CC(=O)CC(C)C,O,298.15,5.689477308591143,6.123665716409429
CC(=O)C(C)(C)C,O,298.15,5.689477308591143,6.2038430850887245
C=CC(=O)OCC,O,298.15,5.65152028999339,5.886903176906705
CC(C)COC=O,O,298.15,6.640928873956351,6.449458240940391
C=CCCCCCCC,O,298.15,15.648621481523998,13.971726942939865
CC(C)C(C)(C)O,O,298.15,4.845257379632188,5.51848397401587
CC=CCC,O,298.15,9.861576423457429,8.997279505860453
C=CCC=C,O,298.15,8.821350302051895,8.326548739062769
CCCCCCCBr,O,298.15,14.21541355953052,12.79019701785341
C1CCC2CCCCC2C1,O,298.15,15.971056292308932,14.608165860367981
CCCCCCC(=O)OC,O,298.15,9.462662070567756,10.19947758761369
CCCCCC(=O)OCC,O,298.15,9.462662070567756,10.21421107508682
CCOC(=O)CCC(=O)OCC,O,298.15,6.190827569756788,6.421653759896366
Cc1ccc(Cl)cc1,O,303.15,10.949890337751633,11.31038064839393
CCCC(O)CCC,O,298.15,7.302476207889564,7.328149787252629
C=CCCCC=C,O,298.15,11.70626938504592,10.749104815357773
ClCCBr,O,298.15,7.044669692732212,7.985679576045632
CCCCCCCCBr,O,298.15,15.671478806471027,14.050988447680032
CCOC(=O)CCCC(=O)OCC,O,298.15,7.006776745253455,7.440891206369037
CCCCCCCCl,O,298.15,13.21390647063941,12.369023267985439
Fc1ccccc1F,O,358.65,8.617735116290048,8.820571457313864
Cc1ccc(C)c2ccccc12,O,298.15,13.538569262956331,12.825977206588831
Cc1ccccc1Cl,O,298.15,10.999905769321252,11.348471473745988
Cc1cccc(Cl)c1,O,298.15,10.999905769321252,11.287882614696544
CCCCC(=O)OC,O,298.15,7.077599314264979,7.351953720078191
CCc1ccc2ccccc2c1,O,298.15,13.896721813389098,12.82213092980227
CCCCOC(=O)C(C)O,O,293.15,5.35156425143441,6.316955178148552
CCC(C)(O)CC,O,298.15,5.134945131912493,5.8859500960204745
ClCCCBr,O,298.15,8.266077029193603,8.662315023893274
C=CCBr,O,298.15,7.461709355347804,7.921761398325412
BrCCCBr,O,298.15,8.792090890908575,8.081126533297155
COC(=O)CCCCC(=O)OC,O,291.15,5.781283493434948,5.32520634088938
CCOC(=O)CC(=O)OCC,O,298.15,6.001946914622364,5.528224740890924
CC(C)NC(C)C,O,303.15,3.7200873812381294,5.741046542570223
ClC(Cl)Br,O,362.9,8.020424964500826,8.201886763187407
OC1CCCC1,O,298.15,3.7835325999368816,3.5515754937846524
Cc1ccc(C)c(N)c1,O,298.15,7.253470382684528,7.158665506687885
c1cc[nH]c1,O,298.15,4.351219428500323,4.800218019239544
CC(C)(C)c1ccncc1,O,298.15,7.489003951044503,7.055582462874066
O=Cc1ccc([N+](=O)[O-])cc1,O,298.15,5.720488810116383,5.6322648741407635
CCCCCC(=O)OC,O,298.15,8.4091825004774,8.821379962266235
OC1CCCCCC1,O,335.15,6.090925192709615,5.893302588590396
CCCCCC(=O)O,O,298.15,6.410748730441526,5.642096485519204
CC(C)C(O)C(C)C,O,298.15,6.836759689107108,7.524446158067462
CCOc1ccccc1,O,298.15,9.38470535905368,9.345549742877932
CCCCOP(=O)(OCCCC)OCCCC,O,298.15,10.522845556275565,11.093717777235373
COc1ccccc1OC,O,298.15,7.000544101015574,5.866707101235112
CCCCCCCl,O,298.15,11.291517905949068,11.138479958497271
CCC(=O)c1ccccc1,O,298.15,7.83394485523554,7.433423864426532
Cc1ccc(C#N)cc1,O,340.15,8.968447138824107,7.403341678209457
CCCNCCC,O,293.15,4.881429769493539,6.051146806670191
CC(C)C(=O)O,O,298.15,2.8787882608194155,3.0212585167635972
CC12CCC(CC1)C(C)(C)O2,O,298.15,8.08948860931126,8.388449575707178
C1=CC=CCC=C1,O,298.15,9.08999480584128,9.265088935010356
CCC(C)Cl,O,388.15,8.541669195182758,8.179921625731623
CCCOCC,O,299.15,5.638667787566901,6.663504207208085
Cc1ccncc1C,O,298.15,4.891408717035143,4.629930099915435
O=C1CCCCCC1,O,298.15,5.102770742800852,5.816898848179738
c1ccoc1,O,298.15,6.028278520230698,6.477633506377107
CCCc1ccc(O)cc1,O,298.15,8.671166712694705,9.048107582595701
C=CC(=O)OC,O,298.15,4.619368905387905,4.54321535039254
ClCBr,O,298.15,6.046979667035337,6.9012265743357695
Cc1ccccc1C#N,O,293.15,8.712763264428487,7.833676529905918
ClCC1CO1,O,298.15,4.313121259359028,4.565634704554499
Cc1cccc(N)c1C,O,298.15,6.89009729030364,7.026079997294677
CN(C)CCO,O,298.15,-0.295878236,-0.073638981
CC(C)CC(=O)O,O,298.15,4.738345265140508,4.245927154992277
C1COCCN1,O,298.15,0.1162707816653864,0.02689079736064759
C1=CCC=C1,O,298.15,8.799996381453365,7.701355318887259
c1cscn1,O,298.15,3.0634423225759337,3.026658126343274
CCCCC(=O)O,O,293.15,5.16265799710028,4.286338362974926
C=CCc1ccc(O)c(OC)c1,O,298.15,8.386163809009206,7.683351302870267
Cc1ccc(C(C)C)cc1O,O,298.15,8.845696618388068,9.725518049266764
Nc1ccccc1Cl,O,298.15,7.34706127025902,7.38408364957982
CCOC(=O)CCCCC(=O)OCC,O,298.15,7.572760153595802,7.340233133450924
CCOC(=O)C(=O)OCC,O,298.15,5.570532947065902,4.363144090688256
OCCOc1ccccc1,O,293.15,5.337220721656273,4.115303878472965
COC(=O)CCC(=O)OC,O,298.2,4.288368214962458,3.5204421338123693
OC1CCCCCCC1,O,298.15,6.748775960018189,7.525832418397529
C#N,O,335.15,1.8590130512498544,1.5888131747525929
CCOC(=O)c1ccccc1O,O,298.15,9.975263879946276,9.388614783657832
Cc1cc(C)cc(N)c1,O,298.15,7.250656803368254,7.014207464178682
CCCCCc1ccccc1,O,298.15,14.462985458697862,14.696762426638525
CC1=CCCCC1,O,298.15,11.299994586332184,10.4699895846382
CC(C)CCC#N,O,298.15,7.675513519411669,6.920486820856256
CC1COC(=O)O1,O,298.15,3.3126684901932784,0.9839940610125257
C=CCCCCC,O,298.15,12.922516342640554,11.45014408328662
CCc1ccccc1C,O,298.15,11.50972434685432,11.811096923290037
CCCCC(=O)OCC,O,298.15,7.968811068923613,8.842300218181968
Cc1cccc(C)c1N,O,298.15,7.6450963627831,6.283909760773995
CC1OC(C)OC(C)O1,O,303.15,4.438212005816852,4.828959476311614
ClCCOCCCl,O,293.15,7.037422967104174,5.5447773103314315
CS,O,298.15,4.356708826689592,5.2996829916457155
Cc1cccc(C)n1,O,298.15,4.147885329150131,4.818028411743491
CCOCCO,O,341.15,1.7681496035889213,1.0166041259971337
OCc1ccccc1,O,333.15,4.755002985745314,4.486160583735868
CNC=O,O,420.15,2.933856869835904,-0.648941385
