Solute_SMILES,Solvent_SMILES,T_K,ln_gamma_inf,QSPR_ln_gamma_inf_pred
CCO,ClC(Cl)(Cl)Cl,293.2,3.5380565643793527,-0.902635251
CCO,ClC(Cl)(Cl)Cl,298.2,3.326473835466219,-0.92096261
CCO,ClC(Cl)(Cl)Cl,313.2,2.9652730660692823,-0.975944687
CCO,ClC(Cl)(Cl)Cl,333.2,2.322387720290225,-1.049254123
CO,ClC(Cl)(Cl)Cl,293.2,3.877431560658527,-1.255593095
CO,ClC(Cl)(Cl)Cl,313.2,3.2733640101522705,-1.328902531
CO,ClC(Cl)(Cl)Cl,333.2,2.5726122302071057,-1.402211967
CC(C)=O,ClC(Cl)(Cl)Cl,293.2,1.1600209167967532,0.7279214171426429
CC(C)=O,ClC(Cl)(Cl)Cl,295.7,1.1474024528375415,0.7148135734999155
CC(C)=O,ClC(Cl)(Cl)Cl,316.5,1.0577902941478543,0.6057563143924245
CC(C)=O,ClC(Cl)(Cl)Cl,328.9,1.0367368849500225,0.5407414099244976
CC(C)=O,ClC(Cl)(Cl)Cl,333,1.0152306797290584,0.5192445463504249
CC(C)=O,ClC(Cl)(Cl)Cl,338.6,0.9858167945227654,0.48988297659071556
CC(C)=O,ClC(Cl)(Cl)Cl,344.4,0.947789398933526,0.4594727793395883
CC(C)=O,ClC(Cl)(Cl)Cl,346.8,0.9516578757114464,0.44688924944257025
CC(C)=O,ClC(Cl)(Cl)Cl,349.8,0.8415671856782185,0.43115983707129724
CC(C)=O,ClC(Cl)(Cl)Cl,349.8,0.6575200029167941,0.43115983707129724
ClC(Cl)Cl,ClC(Cl)(Cl)Cl,293.2,0.1739533071234379,2.004061936443977
ClC(Cl)Cl,ClC(Cl)(Cl)Cl,293.2,0.1484200051182732,2.004061936443977
ClC(Cl)Cl,ClC(Cl)(Cl)Cl,303.2,0.1570037488096647,1.928003847828081
ClC(Cl)Cl,ClC(Cl)(Cl)Cl,328.2,0.1222176327242491,1.7378586262883418
CCCO,ClC(Cl)(Cl)Cl,314.9,2.768204123921957,-0.808752226
CCCO,ClC(Cl)(Cl)Cl,327,2.476538400117484,-0.853104435
CCCO,ClC(Cl)(Cl)Cl,338.9,2.1770218700187,-0.89672355
CCCO,ClC(Cl)(Cl)Cl,344.4,2.172476407647025,-0.916883645
c1ccccc1,ClC(Cl)(Cl)Cl,293.2,0.0953101798043249,1.305509130325344
c1ccccc1,ClC(Cl)(Cl)Cl,313.2,0.1222176327242491,1.1533929530935523
c1ccccc1,ClC(Cl)(Cl)Cl,328.3,0.0953101798043249,1.0385452392835495
c1ccccc1,ClC(Cl)(Cl)Cl,349.1,0.0953101798043249,0.8803444149624866
c1ccccc1,ClC(Cl)(Cl)Cl,349.8,0.0953101798043249,0.875020348759374
CC(Cl)(Cl)Cl,ClC(Cl)(Cl)Cl,328.2,0.0861776962410524,1.299379838846828
CCBr,ClC(Cl)(Cl)Cl,293.2,0.2231435513142097,1.5250930501470004
CCI,ClC(Cl)(Cl)Cl,293.2,0.3001045924503381,1.2599228339887931
CC#N,ClC(Cl)(Cl)Cl,293.2,2.5952547069568657,0.042367035999838265
CC#N,ClC(Cl)(Cl)Cl,314.9,2.3702437414678603,-0.071409047
CC#N,ClC(Cl)(Cl)Cl,316.5,2.312535423847214,-0.079798067
CC#N,ClC(Cl)(Cl)Cl,330,2.2082744135228043,-0.150580422
CC#N,ClC(Cl)(Cl)Cl,340.2,2.163323025660538,-0.204060424
CC#N,ClC(Cl)(Cl)Cl,346,2.091864061678393,-0.234470622
ClCCl,ClC(Cl)(Cl)Cl,293.2,0.4574248470388755,1.8925005870952765
ClCCl,ClC(Cl)(Cl)Cl,328.2,0.3987761199573678,1.626297276939641
S=C=S,ClC(Cl)(Cl)Cl,293.2,0.1906203596086497,1.208417773824829
CC(Cl)Cl,ClC(Cl)(Cl)Cl,328.2,0.3364722366212129,1.5857407184989265
C[N+](=O)[O-],ClC(Cl)(Cl)Cl,293.2,2.7212954278522306,-0.063164937
C[N+](=O)[O-],ClC(Cl)(Cl)Cl,298.2,2.711377991194885,-0.089380624
C[N+](=O)[O-],ClC(Cl)(Cl)Cl,314.9,2.4595888418037104,-0.17694102
C[N+](=O)[O-],ClC(Cl)(Cl)Cl,328.3,2.3702437414678603,-0.247199062
C[N+](=O)[O-],ClC(Cl)(Cl)Cl,340.2,2.2082744135228043,-0.309592398
C[N+](=O)[O-],ClC(Cl)(Cl)Cl,349.1,2.128231705849268,-0.356256321
CC(C)CO,ClC(Cl)(Cl)Cl,293.2,2.917770732084279,-0.571492521
ClC=C(Cl)Cl,ClC(Cl)(Cl)Cl,328.2,-0.010050336,1.4510009963814845
CC(C)[N+](=O)[O-],ClC(Cl)(Cl)Cl,314.9,1.5216989981260935,-0.041064542
CC(C)[N+](=O)[O-],ClC(Cl)(Cl)Cl,333,1.4445632692438664,-0.13596533
CC(C)[N+](=O)[O-],ClC(Cl)(Cl)Cl,340.2,1.410986973710262,-0.17371592
CC(C)[N+](=O)[O-],ClC(Cl)(Cl)Cl,346.3,1.3762440252663892,-0.205699058
ClCCCl,ClC(Cl)(Cl)Cl,313.2,0.5481214085096876,1.627725000030857
ClCCCl,ClC(Cl)(Cl)Cl,328.2,0.5007752879124892,1.513637867107013
CCC#N,ClC(Cl)(Cl)Cl,293.2,1.9740810260220096,0.07700736954486498
CCCC(C)C,ClC(Cl)(Cl)Cl,298.2,0.3435897043900768,1.1899870924548317
CC(C)CC(C)C,ClC(Cl)(Cl)Cl,298.2,0.371563556432483,1.213804995900674
CC(C)OC(C)C,ClC(Cl)(Cl)Cl,293.2,0.0392207131532813,0.9483538938777994
Cc1ccccc1,ClC(Cl)(Cl)Cl,298.2,0.0198026272961797,1.2697224791687631
Cc1ccccc1,ClC(Cl)(Cl)Cl,313.2,0.048790164169432,1.1556353462449191
CCCCC,ClC(Cl)(Cl)Cl,298.2,0.2851789422336624,1.1661691890089894
C1CCOC1,ClC(Cl)(Cl)Cl,303.2,-0.198450939,1.0626463665811308
CCCCCC,ClC(Cl)(Cl)Cl,293.2,0.2851789422336624,1.2251318536129467
CCCCCC,ClC(Cl)(Cl)Cl,298.2,0.3001045924503381,1.1899870924548317
CCCCCC,ClC(Cl)(Cl)Cl,313.2,0.2468600779315258,1.0845528089804861
CCCCCCCC,ClC(Cl)(Cl)Cl,298.2,0.2070141693843261,1.2376228993465164
CCCCCCCC,ClC(Cl)(Cl)Cl,298.2,0.2851789422336624,1.2376228993465164
CCCCCCCC,ClC(Cl)(Cl)Cl,313.2,0.1739533071234379,1.1321886158721708
CCCCCCCCC,ClC(Cl)(Cl)Cl,298.2,0.2468600779315258,1.2614408027923587
C1COCCO1,ClC(Cl)(Cl)Cl,298.2,0.2231435513142097,0.8612165948102697
C1COCCO1,ClC(Cl)(Cl)Cl,298.2,0.2546422183735807,0.8612165948102697
C1COCCO1,ClC(Cl)(Cl)Cl,303.2,0.2776317365982795,0.8350009075248153
C1COCCO1,ClC(Cl)(Cl)Cl,308.2,0.2851789422336624,0.8087852202393608
C1COCCO1,ClC(Cl)(Cl)Cl,313.2,0.2776317365982795,0.7825695329539064
C1COCCO1,ClC(Cl)(Cl)Cl,313.2,0.29266961396282,0.7825695329539064
C1COCCO1,ClC(Cl)(Cl)Cl,337.7,0.29266961396282,0.654112665255179
CCCCCCCCCC,ClC(Cl)(Cl)Cl,313.2,0.0953101798043249,1.179824422763856
CCCCCCC,ClC(Cl)(Cl)Cl,298.2,0.29266961396282,1.213804995900674
CCCCCCC,ClC(Cl)(Cl)Cl,313.2,0.2151113796169455,1.1083707124263285
CCCCCCC,ClC(Cl)(Cl)Cl,328.3,0.2390169004704999,1.0022335337288206
CCCCCCC,ClC(Cl)(Cl)Cl,349.1,0.1397619423751586,0.856031327311062
CC(C)C(C)C(C)C,ClC(Cl)(Cl)Cl,298.2,0.3074846997479607,1.2376228993465164
CC(C)CCC(C)C,ClC(Cl)(Cl)Cl,298.2,0.3220834991691132,1.2376228993465164
COC(C)(C)C,ClC(Cl)(Cl)Cl,308.2,-0.235722334,0.6929583759442246
CCC1CCCCC1,ClC(Cl)(Cl)Cl,298.2,0.2070141693843261,1.1246845711803126
CO,CCOCC,298.2,1.551808799597464,-1.298465005
CO,CCOCC,338.2,1.3402504226184837,-1.445083877
CO,CCOCC,388.2,1.0577902941478543,-1.628357467
CC(C)=O,CCOCC,298.1,0.8197798314933114,0.3714437180997976
CC(C)=O,CCOCC,338.2,0.7178397931503168,0.16119390607045236
CC(C)=O,CCOCC,388.3,0.6259384308664954,-0.101487281
CC#N,CCOCC,298.1,1.3787660946990992,-0.314110663
CC#N,CCOCC,338.2,1.199964782928397,-0.524360475
CC#N,CCOCC,388.2,0.9820784724121582,-0.786517348
C[N+](=O)[O-],CCOCC,298.2,1.3686394258811698,-0.42016695
Cc1ccccc1,CCOCC,298.2,0.1823215567939546,0.9861763616335977
CCCCCCCC,CCOCC,298.2,0.4252677354043441,1.0205628406305625
C1COCCO1,CCOCC,298.2,0.6729444732424258,0.5304302693071707
ClC(Cl)(Cl)Cl,Nc1ccccc1,293.2,1.5686159179138452,1.4549200659494952
CCO,Nc1ccccc1,298.2,0.8754687373538999,-0.480240311
CCO,Nc1ccccc1,313.2,0.9895411936137476,-0.535222388
CCO,Nc1ccccc1,313.2,0.9321640810304452,-0.535222388
CCO,Nc1ccccc1,328.2,0.8960880245566357,-0.590204465
CCO,Nc1ccccc1,350.8,0.7747271675523681,-0.673044128
CCO,Nc1ccccc1,386.7,0.6312717768418578,-0.804634566
CO,Nc1ccccc1,293.2,0.8712933659434193,-0.814870796
CC(C)=O,Nc1ccccc1,386.7,0.0953101798043249,0.25076303073787454
CC(C)=O,Nc1ccccc1,350.8,-0.061875404,0.4389916654474382
CC(C)=O,Nc1ccccc1,313.2,-0.356674944,0.6361336338340564
CC(C)=O,Nc1ccccc1,277.4,-0.478035801,0.8238379547979111
CC(C)=O,Nc1ccccc1,293.2,-0.223143551,0.740996382975875
ClC(Cl)Cl,Nc1ccccc1,293.2,0.4054651081081644,1.8336183954213423
c1ccccc1,Nc1ccccc1,293.2,0.7975071958841882,1.1350655893027097
c1ccccc1,Nc1ccccc1,293.2,0.8064758658669485,1.1350655893027097
c1ccccc1,Nc1ccccc1,298.2,0.7884573603642703,1.0970365449947614
c1ccccc1,Nc1ccccc1,298.2,0.8064758658669485,1.0970365449947614
c1ccccc1,Nc1ccccc1,298.2,0.85015092936961,1.0970365449947614
c1ccccc1,Nc1ccccc1,333.2,0.6931471805599453,0.8308332348391261
c1ccccc1,Nc1ccccc1,373.2,0.5877866649021191,0.5266008803755433
CCBr,Nc1ccccc1,293.2,0.7608058290337602,1.354649509124366
CCI,Nc1ccccc1,293.2,1.0402767116551463,1.0894792929661588
CC#N,Nc1ccccc1,293.2,-0.020202707,0.05544200183307035
CC#N,Nc1ccccc1,343.2,0.0295588022415444,-0.206714871
CC#N,Nc1ccccc1,393.2,0.0953101798043249,-0.468871744
ClCCl,Nc1ccccc1,293.2,0.3435897043900768,1.7220570460726417
S=C=S,Nc1ccccc1,293.2,1.2612978709452054,1.0379742328021941
C[N+](=O)[O-],Nc1ccccc1,298.2,0.131028262406404,-0.076305659
CCC(C)C,Nc1ccccc1,293.2,3.010128153837724,0.5102984528695416
CNC(C)=O,Nc1ccccc1,413.5,0.2311117209633866,1.032352928962918
CC1CCCC1,Nc1ccccc1,293.2,2.617395832834079,0.43065873749739136
Cc1cccc(O)c1,Nc1ccccc1,453.2,-0.248461359,1.0376823111655373
Cc1cccc(O)c1,Nc1ccccc1,453.2,-0.198450939,1.0376823111655373
Cc1cccc(O)c1,Nc1ccccc1,437.9,-0.261364764,1.122917061001971
Cc1cccc(O)c1,Nc1ccccc1,437.9,-0.223143551,1.122917061001971
Cc1cccc(O)c1,Nc1ccccc1,422.9,-0.261364764,1.2064805412337687
Cc1cccc(O)c1,Nc1ccccc1,422.9,-0.261364764,1.2064805412337687
Cc1cccc(O)c1,Nc1ccccc1,407.9,-0.287682072,1.2900440214655664
Cc1cccc(O)c1,Nc1ccccc1,407.9,-0.274436846,1.2900440214655664
Cc1cccc(O)c1,Nc1ccccc1,408.2,-0.274436846,1.28837275186093
CC1CCCCC1,Nc1ccccc1,293.2,2.862200880929469,0.45628212746232855
CC1CCCCC1,Nc1ccccc1,293.2,2.863913698933143,0.45628212746232855
Cc1ccccc1,Nc1ccccc1,298.2,1.043804052173115,1.0992789381461283
Clc1ccccc1,Nc1ccccc1,293.2,0.9516578757114464,1.1708356049627238
Clc1ccccc1,Nc1ccccc1,343.2,0.7323678937132266,0.7905451618832449
Clc1ccccc1,Nc1ccccc1,393.2,0.5822156198526637,0.41025471880376596
CCCCC,Nc1ccccc1,293.2,2.9816333491744893,0.5102984528695416
CCCCC,Nc1ccccc1,293.2,3.0007198150650303,0.5102984528695416
C=CCCC,Nc1ccccc1,293.2,2.341805806147327,0.5108145202910706
CCCCCC,Nc1ccccc1,293.2,3.2136622578153133,0.5341163563153839
CCCCCC,Nc1ccccc1,293.2,3.246490991901174,0.5341163563153839
CCCCCC,Nc1ccccc1,298.2,3.2676659890376327,0.49897159515726885
CCCCCC,Nc1ccccc1,298.2,3.282038399825841,0.49897159515726885
CCCCCC,Nc1ccccc1,298.2,3.295836866004329,0.49897159515726885
CCCCCC,Nc1ccccc1,298.2,3.299164656097004,0.49897159515726885
CCCCCC,Nc1ccccc1,323.2,2.6390573296152584,0.3232477893666932
CCCCCC,Nc1ccccc1,373.2,2.079441541679836,-0.028199822
CCCCCCCC,Nc1ccccc1,298.2,3.630720539940404,0.546607402048954
C1COCCO1,Nc1ccccc1,298.2,-0.967584026,0.8742915606435018
CCOC(C)=O,Nc1ccccc1,293.2,0.3646431135879092,0.8910086769132941
CCCCCCC,Nc1ccccc1,293.2,3.4585224482814247,0.5579342597612262
CCCCCCC,Nc1ccccc1,293.2,3.459466289786131,0.5579342597612262
C1CCCC1,Nc1ccccc1,293.2,2.217027204632399,0.3973601247033378
CC(C)CC(C)(C)C,Nc1ccccc1,293.2,3.673765816303888,0.581752163207069
CC(C)CC(C)(C)C,Nc1ccccc1,293.2,3.674526947889536,0.581752163207069
C=CCCCC,Nc1ccccc1,293.2,2.525728644308256,0.5377926601863168
ClC(Cl)(Cl)Cl,CCO,298.2,1.6370530794670737,1.582911281652363
ClC(Cl)(Cl)Cl,CCO,313.2,1.4883995840570443,1.468824148728519
ClC(Cl)(Cl)Cl,CCO,333.2,1.3987168811184478,1.3167079714967276
Nc1ccccc1,CCO,313.2,1.128171090909654,1.1077800583158042
Nc1ccccc1,CCO,350.8,1.0402767116551463,0.898314267868098
Nc1ccccc1,CCO,386.7,0.8919980393051105,0.6983190051799957
CC(C)=O,CCO,293.2,0.8671004876833833,0.9451258289488926
CC(C)=O,CCO,303.2,0.9932517730102834,0.8926944543779838
CC(C)=O,CCO,313.2,0.9162907318741552,0.8402630798070745
CC(C)=O,CCO,314.3,0.8878912573524571,0.8344956286042744
CC(C)=O,CCO,318.5,0.8544153281560676,0.8124744512844928
CC(C)=O,CCO,322.5,0.7747271675523681,0.7915019014561291
CC(C)=O,CCO,323,0.7975071958841882,0.7888803327275835
CC(C)=O,CCO,323.2,0.8329091229351039,0.7878317052361656
CC(C)=O,CCO,323.2,0.7654678421395714,0.7878317052361656
CC(C)=O,CCO,335.8,0.7080357930536959,0.72176817327682
CC(C)=O,CCO,348.3,0.6523251860396901,0.6562289550631837
CC(C)=O,CCO,351.5,0.5481214085096876,0.6394509152004928
ClC(Cl)Cl,CCO,298.2,0.5364933705145685,1.961609611124211
ClC(Cl)Cl,CCO,323.2,0.7654678421395714,1.7714643895844713
ClC(Cl)Cl,CCO,323.2,0.7608058290337602,1.7714643895844713
CCCO,CCO,313.2,0.0198026272961797,-0.089741427
CCCCO,CCO,313.2,0.0953101798043249,0.0979301149221965
c1ccccc1,CCO,296.8,1.6863989535702288,1.2737049374118028
c1ccccc1,CCO,298.2,1.791759469228055,1.2630568050055775
c1ccccc1,CCO,298.2,1.6505798557652755,1.2630568050055775
c1ccccc1,CCO,298.2,1.4906543764441336,1.2630568050055775
c1ccccc1,CCO,313.2,1.449269160281279,1.1489696720817335
c1ccccc1,CCO,318.8,1.62924053973028,1.1063771424568323
c1ccccc1,CCO,333.2,1.7047480922384253,0.9968534948499421
c1ccccc1,CCO,334.7,1.547562508716013,0.9854447815575584
c1ccccc1,CCO,346.4,1.4816045409242156,0.8964568178769596
c1ccccc1,CCO,353.2,1.4816045409242156,0.8447373176181507
c1ccccc1,CCO,373.2,1.6094379124341005,0.6926211403863594
CCBr,CCO,293.2,1.4327007339340465,1.520669769135182
CCI,CCO,293.2,1.8196988379172965,1.2554995529769748
CC#N,CCO,293.2,1.545432582458188,0.25957144780608843
CC#N,CCO,323.2,1.308332819650179,0.10227732409336099
CC#N,CCO,343.2,1.118414915964289,-0.002585425
CC#N,CCO,393.2,0.7371640659767196,-0.264742298
ClCCl,CCO,298.2,0.9162907318741552,1.8500482617755099
C[N+](=O)[O-],CCO,298.2,2.050270164379556,0.127823787381927
C[N+](=O)[O-],CCO,298.2,1.9198594718553708,0.127823787381927
C[N+](=O)[O-],CCO,348.2,1.541159071680806,-0.134333085
C[N+](=O)[O-],CCO,398.2,1.0885619528146082,-0.396489958
CC(C)(C)O,CCO,313.2,-0.248461359,0.08058684515458125
CC(C)CO,CCO,313.2,0.0676586484738148,0.06797754090032426
CC(C)CO,CCO,351.4,0.1988508587451651,-0.072043482
CC(C)CO,CCO,351.5,0.1988508587451651,-0.072410029
CC(C)CO,CCO,424,0.3220834991691132,-0.338156735
CC(C)CO,CCO,424,0.3220834991691132,-0.338156735
CNC(C)=O,CCO,313.2,-0.198450939,1.8576422244223627
CC1CCCC1,CCO,313.2,2.0831845279586703,0.7388434239500032
Cc1ccc(C)cc1,CCO,313.2,1.9615022438151493,1.104992480421644
CCCC(C)C,CCO,298.2,2.325324579963535,0.9477353262423414
CC(C)CC(C)C,CCO,298.2,2.47232786758114,0.9715532296881837
Cc1cccc(C)n1,CCO,313.2,-0.072570693,0.9945380498346379
CC1CCCCC1,CCO,313.2,2.374905754573672,0.7644668139149404
CC1CCCCC1,CCO,333.2,2.278292400425001,0.6238877692824802
Cc1ccccc1,CCO,296.4,2.0541237336955462,1.2789896541078054
Cc1ccccc1,CCO,298.2,1.7526720805200082,1.2652991981569444
Cc1ccccc1,CCO,303.2,1.786746927404511,1.227270153848996
Cc1ccccc1,CCO,313.2,1.747459210331475,1.1512120652331004
Cc1ccccc1,CCO,318.5,1.7227665977411035,1.1109012782666756
Cc1ccccc1,CCO,318.5,1.7227665977411035,1.1109012782666756
Cc1ccccc1,CCO,318.6,1.9459101490553128,1.1101406973805164
Cc1ccccc1,CCO,318.6,1.9315214116032136,1.1101406973805164
Cc1ccccc1,CCO,323.2,1.7647307968401356,1.0751539766172047
Cc1ccccc1,CCO,323.2,1.7101878155342434,1.0751539766172047
Cc1ccccc1,CCO,330,1.6752256529721037,1.0234344763583954
Cc1ccccc1,CCO,333.2,1.7298840655099674,0.999095888001309
Cc1ccccc1,CCO,333.2,1.6808279085207734,0.999095888001309
Cc1ccccc1,CCO,337.2,1.791759469228055,0.9686726525549507
Cc1ccccc1,CCO,343.2,1.6845453849209058,0.9230377993854133
Cc1ccccc1,CCO,349.4,1.6370530794670737,0.8758817844435578
Cc1ccccc1,CCO,351.2,1.6467336971777973,0.8621913284926968
Cc1ccccc1,CCO,351.8,1.7227665977411035,0.8576278431757429
Clc1ccccc1,CCO,323.2,1.6486586255873816,1.1086815991258523
Clc1ccccc1,CCO,335.8,1.62924053973028,1.0128484074698236
Clc1ccccc1,CCO,348,1.589235205116581,0.9200575393584307
CCCCC,CCO,293.2,2.26176309847379,0.9590621839546141
CCCCC,CCO,298.2,2.0515563381903004,0.923917422796499
CCCCC,CCO,298.2,2.2502386126218363,0.923917422796499
CCCCC,CCO,299.7,2.186051276738094,0.9133739944490644
CCCCC,CCO,303.2,2.224623551524334,0.8887726616383835
CCCCC,CCO,304.2,2.2082744135228043,0.8817437094067606
CCCCC,CCO,310.4,2.163323025660538,0.8381642055706982
CCCCC,CCO,312.1,2.151762203259462,0.8262149867769386
CCCCC,CCO,313.2,2.1126345090356,0.8184831393221534
CCCCC,CCO,313.2,2.1701959049483,0.8184831393221534
CCCCC,CCO,322,2.1400661634962708,0.7566283596838708
CCCCC,CCO,322.2,2.1162555148025524,0.7552225692375463
CCCCC,CCO,323.2,2.110213200346589,0.7481936170059234
CCCCC,CCO,324.7,2.1162555148025524,0.7376501886584887
CCCCC,CCO,335.2,2.1041341542702074,0.663846190226447
CCCCC,CCO,343,2.0541237336955462,0.6090203628197877
CCCCC,CCO,352.4,1.9459101490553128,0.5429482118425311
CCCCC,CCO,354.2,1.9315214116032136,0.5302960978256097
CCCCC,CCO,354.4,2.0014800002101243,0.5288903073792852
CCCC#N,CCO,278.2,1.5107219394949427,0.4328875613086325
CCCC#N,CCO,288.2,1.425515074273172,0.3804561867377232
CCCC#N,CCO,293.2,1.3737155789130306,0.35424049945226876
CCCC#N,CCO,298.2,1.3506671834767394,0.3280248121668139
CCCC#N,CCO,303.2,1.308332819650179,0.30180912488135947
CCCC#N,CCO,308.2,1.289232648276759,0.27559343759590504
CCCC#N,CCO,313.2,1.252762968495368,0.24937775031045017
CCCC#N,CCO,323.2,1.2149127443642704,0.19694637573954132
CCCCCC,CCO,293.2,2.258633205464863,0.9828800874004564
CCCCCC,CCO,293.2,2.4849066497880004,0.9828800874004564
CCCCCC,CCO,298.2,2.4849066497880004,0.9477353262423414
CCCCCC,CCO,298.2,2.359910159613315,0.9477353262423414
CCCCCC,CCO,303.2,2.5416019934645457,0.9125905650842259
CCCCCC,CCO,313.2,2.105352923464337,0.8423010427679958
CCCCCC,CCO,313.2,2.451005098112319,0.8423010427679958
CCCCCC,CCO,313.2,2.2925347571405443,0.8423010427679958
CCCCCC,CCO,322.2,2.302585092994046,0.7790404726833886
CCCCCC,CCO,333.2,1.979621206397625,0.7017219981355356
CCCCCC,CCO,333.2,2.272125885509337,0.7017219981355356
CCCCCC,CCO,350.9,2.091864061678393,0.577309543635808
CCCCCC,CCO,354.2,2.163323025660538,0.554114001271452
CCCCCC,CCO,373.2,2.128231705849268,0.4205639088706148
c1ccncc1,CCO,313.2,-0.040821995,0.750609287892436
c1ccncc1,CCO,336.4,-0.040821995,0.6213644384672556
c1ccncc1,CCO,350.6,-0.061875404,0.5422576771811536
CCCCCCCC,CCO,298.2,2.7800607370784824,0.995371133134026
CCCCCCCC,CCO,298.2,2.738902664584975,0.995371133134026
CCCCCCCC,CCO,322.2,2.6741486494265287,0.8266762795750733
CCCCCCCC,CCO,338,2.5726122302071057,0.7156188343154297
CCCCCCCC,CCO,343.2,2.658859956911438,0.6790682827109902
CCCCCCCC,CCO,353.7,2.5649493574615367,0.6052642842789484
CCCCCCCCC,CCO,298.2,2.9780773383152703,1.0191890365798688
CCCCCCCCC,CCO,301.1,3.0349529867072724,0.9988050751081614
CCCCCCCCC,CCO,320.9,2.9856819377004897,0.8596318209220257
CCCCCCCCC,CCO,320.9,2.9391619220655967,0.8596318209220257
CCCCCCCCC,CCO,355.2,2.740840023925201,0.6185387593773566
CNC=O,CCO,303.2,0.378436435720245,1.7437226439717426
CNC=O,CCO,313.2,0.3576744442718159,1.688013657150544
C1COCCO1,CCO,298.2,1.1314021114911006,1.0784210066165199
C1COCCO1,CCO,323.2,1.0612565021243408,0.9473425701892473
C1COCCO1,CCO,323.2,1.043804052173115,0.9473425701892473
CCOC(C)=O,CCO,298.2,1.2837077723447896,1.068922435600857
CCOC(C)=O,CCO,328.2,0.9631743177730056,0.9116283118881299
CCCCCCC,CCO,293.5,2.5416019934645457,1.0045893051768116
CCCCCCC,CCO,298.2,2.570319527636131,0.9715532296881837
CCCCCCC,CCO,303.2,2.70805020110221,0.9364084685300682
CCCCCCC,CCO,303.2,2.574899688314705,0.9364084685300682
CCCCCCC,CCO,303.3,2.5733752977756086,0.935705573306906
CCCCCCC,CCO,303.3,2.476538400117484,0.935705573306906
CCCCCCC,CCO,313.1,2.4069451083182885,0.8668218414370004
CCCCCCC,CCO,313.2,2.73046379593911,0.8661189462138381
CCCCCCC,CCO,313.2,2.6461747973841225,0.8661189462138381
CCCCCCC,CCO,313.2,2.5556757206762075,0.8661189462138381
CCCCCCC,CCO,319.4,2.468099531471619,0.8225394423777757
CCCCCCC,CCO,322.2,2.4849066497880004,0.8028583761292309
CCCCCCC,CCO,322.8,2.3513752571634776,0.798641004790257
CCCCCCC,CCO,323.2,2.5877640352277083,0.795829423897608
CCCCCCC,CCO,323.2,2.4475508632442318,0.795829423897608
CCCCCCC,CCO,333.2,2.653945942109009,0.7255399015813779
CCCCCCC,CCO,335.2,2.388762789235098,0.7114819971181316
CCCCCCC,CCO,337.7,2.4159137783010487,0.6939096165390741
CCCCCCC,CCO,343.1,2.388762789235098,0.6559532744883096
CCCCCCC,CCO,347.8,2.33214389523559,0.6229171989996818
CCCCCCC,CCO,354.2,2.379546134130174,0.5779319047172944
C1CCCC1,CCO,313.2,1.916922612182061,0.7055448111559497
CC(C)CC(C)(C)C,CCO,296.7,2.6390573296152584,1.0059145614814602
CC(C)CC(C)(C)C,CCO,318.7,2.5572273113676265,0.8512776123857542
CC(C)CC(C)(C)C,CCO,333.2,2.495681722955959,0.7493578050272203
CC(C)CC(C)(C)C,CCO,337,2.501435951739211,0.7226477865470526
CC(C)CC(C)(C)C,CCO,353.2,2.476538400117484,0.6087787603947596
CC(C)C(C)C(C)C,CCO,298.2,2.5915163848462583,0.995371133134026
CC(C)CCC(C)C,CCO,298.2,2.66095859356836,0.995371133134026
COC(=O)OC,CCO,313.2,1.6937790608678511,1.1262173135385218
CCC1CCCCC1,CCO,298.2,2.5974910105351463,0.8824328049678223
ClC(Cl)(Cl)Cl,CO,293.2,2.012232791986386,1.7019415315245823
ClC(Cl)(Cl)Cl,CO,298.2,2.0255131996542803,1.6639124872166344
ClC(Cl)(Cl)Cl,CO,313.2,1.9768549529047348,1.5498253542927904
ClC(Cl)(Cl)Cl,CO,333.2,1.874874375938561,1.397709177060999
CCOCC,CO,298.2,1.244154593958768,1.562789323722971
CCOCC,CO,338.2,1.1908875647772803,1.416170451543368
CCOCC,CO,388.2,1.091923300517313,1.232896861318864
CCO,CO,337,0.0198026272961797,-0.186406805
CC(C)=O,CO,298.2,0.7701082216960737,1.0608506936205238
CC(C)=O,CO,303.2,0.7466879474879751,1.0346350063350693
CC(C)=O,CO,308.2,0.712949807856125,1.0084193190496147
CC(C)=O,CO,313.2,0.6931471805599453,0.9822036317641603
CC(C)=O,CO,313.2,0.6981347220709843,0.9822036317641603
CC(C)=O,CO,323.2,0.6626879730752367,0.929772257193251
CC(C)=O,CO,337.7,0.5423242908253617,0.8537467640654328
CC(C)=O,CO,337.8,0.6043159668533296,0.8532224503197234
CC(C)=O,CO,337.8,0.6830968447064438,0.8532224503197234
ClC(Cl)Cl,CO,293.2,0.7929925155296614,2.08063986099643
ClC(Cl)Cl,CO,298.2,0.85015092936961,2.042610816688482
ClC(Cl)Cl,CO,303.2,0.8241754429663494,2.0045817723805337
ClC(Cl)Cl,CO,317.7,0.8878912573524571,1.8942975438874852
ClC(Cl)Cl,CO,323.2,1.0473189942805592,1.8524655951487423
ClC(Cl)Cl,CO,328.2,0.8712933659434193,1.8144365508407945
CCCO,CO,313.2,0.1222176327242491,0.07425518605878767
CCCO,CO,333.2,0.1133286853070032,0.0009457499689862203
CCCCO,CO,313.2,0.262364264467491,0.2619267275712587
c1ccccc1,CO,298.2,1.867176108512809,1.3440580105698494
c1ccccc1,CO,298.2,1.9198594718553708,1.3440580105698494
c1ccccc1,CO,298.2,1.9459101490553128,1.3440580105698494
c1ccccc1,CO,298.2,1.969905654611529,1.3440580105698494
c1ccccc1,CO,298.2,2.0149030205422647,1.3440580105698494
c1ccccc1,CO,303.2,1.969905654611529,1.3060289662619011
c1ccccc1,CO,333.2,1.7578579175523736,1.077854700414214
c1ccccc1,CO,373.2,1.547562508716013,0.7736223459506304
CC#N,CO,326,0.9783261227936078,0.22953709117059207
CC#N,CO,333.5,0.9555114450274363,0.1902135602424102
ClCCl,CO,298.2,1.0331844833456545,1.9310494673397813
ClCCl,CO,298.2,1.181727195378616,1.9310494673397813
ClCCl,CO,348.2,1.1631508098056809,1.5507590242603024
ClCCl,CO,398.2,1.1786549963416462,1.1704685811808235
C[N+](=O)[O-],CO,298.2,1.7209792871670078,0.2697643393390132
C[N+](=O)[O-],CO,298.2,1.7369512327330598,0.2697643393390132
C[N+](=O)[O-],CO,308.7,1.6193882432872684,0.2147113960395588
C[N+](=O)[O-],CO,318.5,1.547562508716013,0.16332864896006782
C[N+](=O)[O-],CO,328.5,1.4445632692438664,0.11089727438915897
C[N+](=O)[O-],CO,337,1.3428648031925547,0.06633060600388596
C[N+](=O)[O-],CO,348.2,1.4206957878372228,0.007607466484468084
C[N+](=O)[O-],CO,388.2,1.1908875647772803,-0.202118032
CC(C)(C)O,CO,313.2,-0.356674944,0.24458345780364343
CC(C)CO,CO,313.2,0.2231435513142097,0.23197415354938644
CNC(C)=O,CO,398.6,-0.356674944,1.509138000090152
CCc1ccccc1,CO,298.2,2.580216829592325,1.3138711793561182
CCc1ccccc1,CO,298.2,2.631888840136646,1.3138711793561182
CCCCc1ccccc1,CO,298.2,3.198673117550681,1.3098359118906724
CCCCc1ccccc1,CO,298.2,3.210843653170937,1.3098359118906724
Cc1ccc(C)cc1,CO,313.2,2.546315277916644,1.185993685985915
ClCCCl,CO,323.2,1.599387576580599,1.628244835967414
CCCC(C)C,CO,298.2,3.173878458937465,0.9522389964855495
CC(C)CC(C)C,CO,298.2,3.4041928906419536,0.9760568999313923
Cc1cccc(C)n1,CO,313.2,-0.020202707,1.1217885729554622
Cc1ccccc1,CO,298.2,2.269028309465203,1.3463004037212158
Cc1ccccc1,CO,298.2,2.306577114263583,1.3463004037212158
Cc1ccccc1,CO,298.2,2.312535423847214,1.3463004037212158
Cc1ccccc1,CO,303.2,2.299580583973747,1.3082713594132676
Cc1ccccc1,CO,307.2,2.286455711064162,1.2778481239669093
Cc1ccccc1,CO,308.2,2.312535423847214,1.2702423151053197
Cc1ccccc1,CO,308.7,2.272125885509337,1.2664394106745251
Cc1ccccc1,CO,318.2,2.2793164660546914,1.194184226489424
Cc1ccccc1,CO,318.5,2.242835088588272,1.191902483830947
Cc1ccccc1,CO,328.2,2.2438960966453663,1.1181261378735283
Cc1ccccc1,CO,328.5,2.21375387928743,1.1158443952150514
Cc1ccccc1,CO,337,2.186051276738094,1.0511950198915399
Cc1ccccc1,CO,337.2,2.2202898502672155,1.0496738581192222
Clc1ccccc1,CO,328.2,2.169053700369523,1.151653760382176
CCCCC,CO,298.2,2.970414465569701,0.9284210930397072
CCCCC,CO,298.2,2.913437030827161,0.9284210930397072
CCCCC,CO,303.2,3.0106208860477417,0.8932763318815917
CCCCC,CO,313.2,2.917770732084279,0.8229868095653616
CCCC#N,CO,278.2,1.3787660946990992,0.5748281132657178
CCCC#N,CO,288.2,1.269760544863939,0.522396738694809
CCCC#N,CO,298.2,1.2383742310432684,0.4699653641238992
CCCC#N,CO,308.2,1.1969481893889715,0.41753398955299037
CCCC#N,CO,318.2,1.1537315878891892,0.3651026149820815
CCCCCC,CO,298.2,3.295836866004329,0.9522389964855495
CCCCCC,CO,298.2,3.2538567937634464,0.9522389964855495
CCCCCC,CO,303.2,3.254242968705492,0.9170942353274341
CCCCCC,CO,313.2,3.157000421150113,0.846804713011204
CCCCCC,CO,333.2,2.9444389791664403,0.7062256683787438
CCCCCC,CO,373.2,2.602689685444384,0.425067579113823
c1ccncc1,CO,298.2,-0.198450939,0.9614232912450582
c1ccncc1,CO,308.2,-0.139262067,0.9057143044238596
c1ccncc1,CO,313.2,-0.116533816,0.8778598110132605
c1ccncc1,CO,318.2,-0.094310679,0.8500053176026614
CCCCCCCC,CO,298.2,3.8716175907931074,0.9998748033772342
CCCCCCCC,CO,298.2,3.8255932774297583,0.9998748033772342
CCCCCCCC,CO,308.7,3.765840495250065,0.9260708049451924
CCCCCCCC,CO,318.5,3.681351187693145,0.8571870730752869
CCCCCCCC,CO,328.5,3.580737295494233,0.7868975507590568
CCCCCCCC,CO,337,3.475067230228611,0.7271514567902608
CCCCCCCCC,CO,298.2,4.171151270461866,1.023692706823077
CNC=O,CO,303.2,0.1655144384775733,1.8709731670925667
CNC=O,CO,313.2,0.131028262406404,1.815264180271368
C1COCCO1,CO,298.2,1.220829921392359,1.2203615585736056
C1COCCO1,CO,308.7,1.172482137234565,1.1653086152741512
C1COCCO1,CO,318.5,1.1378330018213911,1.1139258681946602
C1COCCO1,CO,328.5,1.091923300517313,1.0614944936237511
C1COCCO1,CO,337,1.0577902941478543,1.0169278252384784
CCCCCCC,CO,298.2,3.559340082758951,0.9760568999313923
CCCCCCC,CO,303.2,3.55820113047182,0.9409121387732764
CCCCCCC,CO,313.2,3.456316680883235,0.8706226164570463
C1CCCC1,CO,288.2,2.785011242238338,0.8857722871897336
CC(C)C(C)C(C)C,CO,298.2,3.6152329139456376,0.9998748033772342
CC(C)CCC(C)C,CO,298.2,3.680090948080857,0.9998748033772342
COC(=O)OC,CO,313.2,1.6956156086751528,1.2681578654956074
CCC1CCCCC1,CO,298.2,3.6653549090669792,0.8869364752110305
ClC(Cl)(Cl)Cl,CC(C)O,354.8,1.2267122912954254,1.003868334055281
CCO,CC(C)O,298.2,-0.127833372,-0.374743434
ClC(Cl)Cl,CC(C)O,323.2,0.6678293725756554,1.622910223553359
CCCCO,CC(C)O,313.2,-0.020202707,-0.068630207
c1ccccc1,CC(C)O,298.2,1.5040773967762742,1.114502638974466
c1ccccc1,CC(C)O,298.2,1.4445632692438664,1.114502638974466
c1ccccc1,CC(C)O,313.2,1.3029127521808397,1.0004155060506221
C[N+](=O)[O-],CC(C)O,298.2,2.238579763018133,-0.075085412
CCC(C)(C)C,CC(C)O,308.2,1.7783364488959144,0.8110933553052324
CC(C)CO,CC(C)O,313.2,-0.020202707,-0.098582781
CCc1ccccc1,CC(C)O,298.2,1.824549292051046,1.0843158077607349
CCc1ccccc1,CC(C)O,298.2,1.803358605071407,1.0843158077607349
CCCCc1ccccc1,CC(C)O,298.2,2.1412419425852827,1.080280540295289
CCCCc1ccccc1,CC(C)O,298.2,2.1400661634962708,1.080280540295289
CCCC(C)C,CC(C)O,298.2,1.8702625307159984,0.881382877621463
CC(C)CC(C)C,CC(C)O,298.2,2.005525858729668,0.9052007810673057
CC(C)CC(C)C,CC(C)O,308.2,1.9329696377795784,0.8349112587510752
Cc1cccc(C)n1,CC(C)O,313.2,0.1133286853070032,0.8276113334605135
CC1CCCCC1,CC(C)O,323.9,1.7950872593207297,0.6229045764156957
CC1CCCCC1,CC(C)O,332.7,1.7578579175523736,0.5610497967774135
CC1CCCCC1,CC(C)O,343.8,1.6974487897568136,0.48302842700639737
CC1CCCCC1,CC(C)O,354.6,1.6409365794934714,0.4071157429048693
Cc1ccccc1,CC(C)O,298.2,1.667706820558076,1.1167450321258325
Cc1ccccc1,CC(C)O,298.2,1.6448050562713916,1.1167450321258325
Cc1ccccc1,CC(C)O,298.2,1.6253112615903906,1.1167450321258325
Cc1ccccc1,CC(C)O,313.2,1.603419840108537,1.0026578992019886
Cc1ccccc1,CC(C)O,321,1.5390154481375546,0.9433325900815901
Cc1ccccc1,CC(C)O,331.7,1.4678743481123135,0.8619504352625817
Cc1ccccc1,CC(C)O,343.1,1.4060969884160703,0.7752442142404603
Cc1ccccc1,CC(C)O,354.8,1.289232648276759,0.6862562505598624
CCCCC,CC(C)O,298.2,1.6845453849209058,0.8575649741756206
CCCCC,CC(C)O,308.2,1.8594181177018696,0.7872754518593901
CCCC#N,CC(C)O,278.2,1.541159071680806,0.2299783622118179
CCCC#N,CC(C)O,288.2,1.4655675420143983,0.17754698764090904
CCCC#N,CC(C)O,293.2,1.410986973710262,0.15133130035545417
CCCC#N,CC(C)O,298.2,1.366091653802371,0.12511561306999974
CCCC#N,CC(C)O,303.2,1.3402504226184837,0.09889992578454532
CCCC#N,CC(C)O,308.2,1.2919836816486494,0.07268423849909045
CCCC#N,CC(C)O,313.2,1.2669476034873244,0.046468551213636466
CCCC#N,CC(C)O,323.2,1.1474024528375415,-0.005962823
CCCCCC,CC(C)O,298.2,1.87640694328834,0.881382877621463
CCCCCC,CC(C)O,308.2,2.0014800002101243,0.8110933553052324
CCCCCC,CC(C)O,323.9,1.7369512327330598,0.7007388052687511
CCCCCC,CC(C)O,328.2,1.7647307968401356,0.6705143106727722
CCCCCC,CC(C)O,332.7,1.7011051009599245,0.6388840256304684
CCCCCC,CC(C)O,343.8,1.6544112780768316,0.5608626558594527
CCCCCC,CC(C)O,354.6,1.631199404215613,0.4849499717579242
c1ccncc1,CC(C)O,313.2,-0.010050336,0.5836825715183118
CCCCCCCC,CC(C)O,298.2,2.221375037568502,0.9290186845131481
CCCCCCCC,CC(C)O,298.2,2.26176309847379,0.9290186845131481
CCCCCCCC,CC(C)O,308.2,2.2965670206684825,0.8587291621969175
CCCCCCCC,CC(C)O,353.2,1.8373699804801076,0.5424263117738817
CCCCCCCCC,CC(C)O,298.2,2.3841650799864684,0.9528365879589904
C1COCCO1,CC(C)O,298.2,1.1019400787607845,0.8755118075197057
C1COCCO1,CC(C)O,323.2,0.8415671856782185,0.7444333710924331
C1COCCO1,CC(C)O,333.2,0.7839015438284094,0.6920019965215243
C1COCCO1,CC(C)O,343.2,0.9001613499442714,0.6395706219506145
C1COCCO1,CC(C)O,353.2,0.8329091229351039,0.5871392473797057
CCOC(C)=O,CC(C)O,288.2,1.2669476034873244,0.9184446110749525
CCOC(C)=O,CC(C)O,328.2,0.6729444732424258,0.7087191127913157
CCCCCCC,CC(C)O,298.2,2.074428999856292,0.9052007810673057
CCCCCCC,CC(C)O,303.2,1.9401794743463283,0.8700560199091902
CCCCCCC,CC(C)O,308.2,2.1400661634962708,0.8349112587510752
CCCCCCC,CC(C)O,323.9,1.8779371654691075,0.7245567087145939
CCCCCCC,CC(C)O,332.7,1.8373699804801076,0.6627019290763112
CCCCCCC,CC(C)O,343.8,1.7749523509116738,0.5846805593052955
CCCCCCC,CC(C)O,354.6,1.7404661748405046,0.508767875203767
C1CCCC1,CC(C)O,308.2,1.5238800240724537,0.6743371236931863
C1CCCCCC1,CC(C)O,308.2,1.912501086924184,0.6935308025402365
CC(C)CC(C)(C)C,CC(C)O,308.2,2.012232791986386,0.8587291621969175
CC(C)C(C)C(C)C,CC(C)O,298.2,2.1126345090356,0.9290186845131481
CC(C)CCC(C)C,CC(C)O,298.2,2.169053700369523,0.9290186845131481
CCC1CCCCC1,CC(C)O,298.2,2.113842968397168,0.8160803563469439
ClC(Cl)(Cl)Cl,CC(C)=O,300.9,0.7371640659767196,1.481440765392029
ClC(Cl)(Cl)Cl,CC(C)=O,304,0.7701082216960737,1.457862757921101
ClC(Cl)(Cl)Cl,CC(C)=O,306.9,0.7275486072772777,1.435805912222491
ClC(Cl)(Cl)Cl,CC(C)=O,310.9,0.7561219797213337,1.4053826767761328
ClC(Cl)(Cl)Cl,CC(C)=O,313.9,0.7275486072772777,1.3825652501913641
ClC(Cl)(Cl)Cl,CC(C)=O,319.5,0.7275486072772777,1.3399727205664624
ClC(Cl)(Cl)Cl,CC(C)=O,324.4,0.7080357930536959,1.3027042571446739
ClC(Cl)(Cl)Cl,CC(C)=O,326,0.7654678421395714,1.2905349629661305
ClC(Cl)(Cl)Cl,CC(C)=O,327.6,0.7561219797213337,1.2783656687875866
ClC(Cl)(Cl)Cl,CC(C)=O,328.4,0.712949807856125,1.2722810216983156
ClC(Cl)(Cl)Cl,CC(C)=O,329.4,0.7654678421395714,1.264675212836726
ClC(Cl)(Cl)Cl,CC(C)=O,329.4,0.7419373447293773,1.264675212836726
CCOCC,CC(C)=O,298.1,0.6626879730752367,1.0052119197388503
CCOCC,CC(C)=O,338.2,0.5822156198526637,0.8582265003787983
CCOCC,CC(C)=O,388.3,0.5068176023684519,0.6745863629738453
Nc1ccccc1,CC(C)=O,386.7,0.2070141693843261,0.37326523983387316
Nc1ccccc1,CC(C)=O,350.8,-0.072570693,0.5732605025219755
Nc1ccccc1,CC(C)=O,313.2,-0.415515444,0.7827262929696817
Nc1ccccc1,CC(C)=O,277.4,-0.527632742,0.9821644657895723
CCO,CC(C)=O,298.3,0.8919980393051105,-0.602496998
CCO,CC(C)=O,303.3,0.8415671856782185,-0.620824357
CCO,CC(C)=O,306.8,0.8064758658669485,-0.633653508
CCO,CC(C)=O,308.2,0.8064758658669485,-0.638785169
CCO,CC(C)=O,313.2,0.7371640659767196,-0.657112528
CCO,CC(C)=O,315.2,0.7514160886839212,-0.664443471
CCO,CC(C)=O,318.4,0.7275486072772777,-0.676172981
CCO,CC(C)=O,323.2,0.688134638736401,-0.693767246
CCO,CC(C)=O,327.4,0.6523251860396901,-0.709162227
CCO,CC(C)=O,328.5,0.6523251860396901,-0.713194246
CCO,CC(C)=O,329.4,0.5538851132264376,-0.716493171
CO,CC(C)=O,303.2,0.7466879474879751,-0.973415654
CO,CC(C)=O,308.3,0.688134638736401,-0.99210956
CO,CC(C)=O,313.3,0.6575200029167941,-1.010436919
CO,CC(C)=O,323.2,0.6471032420585384,-1.04672509
CO,CC(C)=O,329.3,0.5364933705145685,-1.069084468
CO,CC(C)=O,329.4,0.5596157879354227,-1.069451015
CO,CC(C)=O,329.4,0.5709795465857378,-1.069451015
ClC(Cl)Cl,CC(C)=O,328.5,-0.634878272,1.6502187702840039
ClC(Cl)Cl,CC(C)=O,329.4,-0.46203546,1.6433735423085736
ClC(Cl)Cl,CC(C)=O,324.4,-0.653926467,1.6814025866165214
ClC(Cl)Cl,CC(C)=O,323.2,-0.597837001,1.6905295572504286
ClC(Cl)Cl,CC(C)=O,319.5,-0.673344553,1.71867105003831
ClC(Cl)Cl,CC(C)=O,313.9,-0.673344553,1.7612635796632117
ClC(Cl)Cl,CC(C)=O,307.2,-0.693147181,1.8122224990358617
c1ccccc1,CC(C)=O,298.2,0.5306282510621704,1.1821219726715353
c1ccccc1,CC(C)=O,304,0.4637340162321402,1.1380082812743155
c1ccccc1,CC(C)=O,314.4,0.4510756193602167,1.058907869113784
c1ccccc1,CC(C)=O,323.2,0.4054651081081644,0.9919767511317956
c1ccccc1,CC(C)=O,329,0.4317824164255378,0.9478630597345763
c1ccccc1,CC(C)=O,329.4,0.3987761199573678,0.9448207361899406
c1ccccc1,CC(C)=O,329.4,0.371563556432483,0.9448207361899406
c1ccccc1,CC(C)=O,333.2,0.4700036292457356,0.9159186625158999
c1ccccc1,CC(C)=O,373.2,0.4054651081081644,0.6116863080523167
CCI,CC(C)=O,307.9,0.7793248768009977,1.062759330377565
CCI,CC(C)=O,315.4,0.7561219797213337,1.0057157639156435
CCI,CC(C)=O,336.4,0.712949807856125,0.8459937778222626
ClCCl,CC(C)=O,398.2,-0.235722334,1.0085325432825094
ClCCl,CC(C)=O,348.2,-0.342490309,1.3888229863619888
ClCCl,CC(C)=O,303.2,-0.544727175,1.731084385133519
ClCCl,CC(C)=O,298.2,-0.494296322,1.7691134294414672
S=C=S,CC(C)=O,300.9,1.4398351280479205,1.0644949322447284
S=C=S,CC(C)=O,306.9,1.4085449700547104,1.01886007907519
S=C=S,CC(C)=O,313.9,1.355835153635182,0.9656194170440635
S=C=S,CC(C)=O,319.5,1.3297240096314962,0.9230268874191614
S=C=S,CC(C)=O,324.4,1.2947271675944,0.8857584239973733
S=C=S,CC(C)=O,328.7,1.252762968495368,0.8530534458925381
C[N+](=O)[O-],CC(C)=O,348.2,-0.094310679,-0.396837192
C[N+](=O)[O-],CC(C)=O,298.2,-0.127833372,-0.134680319
C[N+](=O)[O-],CC(C)=O,298.2,-0.094310679,-0.134680319
C[N+](=O)[O-],CC(C)=O,298.3,0.0953101798043249,-0.135204633
CC1CCCC1,CC(C)=O,308.2,1.7263316639055997,0.6431869240461427
ClCCCl,CC(C)=O,329.4,-0.020202707,1.4191527831272448
CCCC(C)C,CC(C)=O,298.2,1.9300710850255671,0.8169340651803654
CC(C)CC(C)C,CC(C)=O,298.2,2.0373166153791646,0.8407519686262077
Cc1ccccc1,CC(C)=O,298.2,0.636576829071551,1.1843643658229022
Cc1ccccc1,CC(C)=O,298.3,0.7371640659767196,1.183603784936743
Cc1ccccc1,CC(C)=O,308.2,0.7080357930536959,1.1083062772070056
Cc1ccccc1,CC(C)=O,318.4,0.636576829071551,1.0307270268187922
Cc1ccccc1,CC(C)=O,328.5,0.5766133643039938,0.9539083573167373
Clc1ccccc1,CC(C)=O,313.2,0.4574248470388755,1.1038048554077058
Clc1ccccc1,CC(C)=O,353.2,0.4446858212614457,0.799572500944123
Clc1ccccc1,CC(C)=O,386.7,0.4382549309311553,0.5447779040808722
CCCCC,CC(C)=O,238.2,2.6939512767227085,1.214853295631904
CCCCC,CC(C)=O,258.2,2.262804222982201,1.0742742509994434
CCCCC,CC(C)=O,298.2,1.7884205679625405,0.793116161734523
CCCCC,CC(C)=O,298.2,1.6370530794670737,0.793116161734523
CCCCC,CC(C)=O,303.2,1.7647307968401356,0.7579714005764076
CCCCC,CC(C)=O,303.2,1.7526720805200082,0.7579714005764076
CCCCC,CC(C)=O,308.2,1.665818245870208,0.7228266394182925
CCCCC,CC(C)=O,318.3,1.506297153514587,0.6518342218789002
CCCCC,CC(C)=O,323.2,1.4562867329399256,0.6173923559439474
CCCCCC,CC(C)=O,253.2,2.5718485799218085,1.1332369156034012
CCCCCC,CC(C)=O,268.2,2.4561641809223462,1.027802632129056
CCCCCC,CC(C)=O,293.2,2.0719132752590443,0.8520788263384804
CCCCCC,CC(C)=O,298.2,1.9671123567059163,0.8169340651803654
CCCCCC,CC(C)=O,298.2,1.8718021769015916,0.8169340651803654
CCCCCC,CC(C)=O,300.9,1.8578592709325787,0.7979558941549829
CCCCCC,CC(C)=O,303.2,1.913977101952304,0.7817893040222499
CCCCCC,CC(C)=O,303.2,1.873339456220478,0.7817893040222499
CCCCCC,CC(C)=O,306.9,1.8309801823813363,0.755782180765245
CCCCCC,CC(C)=O,308.2,1.8718021769015916,0.7466445428641348
CCCCCC,CC(C)=O,313.3,1.7369512327330598,0.7107968864828575
CCCCCC,CC(C)=O,316.7,1.7119945007591924,0.6868984488953394
CCCCCC,CC(C)=O,318.2,1.7884205679625405,0.6763550205479048
CCCCCC,CC(C)=O,324.4,1.6563214983329508,0.6327755167118423
CCCCCC,CC(C)=O,328.4,1.599387576580599,0.6046597077853502
CCCCCC,CC(C)=O,329.4,1.6845453849209058,0.5976307555537272
CCCCCC,CC(C)=O,333.2,1.62924053973028,0.5709207370735596
CCCCCC,CC(C)=O,373.2,1.5040773967762742,0.2897626478086388
c1ccncc1,CC(C)=O,303.2,0.262364264467491,0.4812645093675121
CCCCCCCC,CC(C)=O,298.2,2.3589654264301534,0.86456987207205
CCCCCCCC,CC(C)=O,298.2,2.331172549845958,0.86456987207205
CCCCCCCC,CC(C)=O,298.3,2.401525040848949,0.8638669768488874
CCCCCCCC,CC(C)=O,308.2,2.277267285009756,0.7942803497558195
CCCCCCCC,CC(C)=O,318.4,2.057962510002712,0.7225850369932649
CCCCCCCC,CC(C)=O,328.4,1.9544450515051504,0.6522955146770348
CCCCCCCCC,CC(C)=O,298.2,2.554121718809473,0.8883877755178928
CCCC=O,CC(C)=O,328.2,0.0676586484738148,0.573411726786925
C1COCCO1,CC(C)=O,298.2,0.2546422183735807,0.815916900034547
C1COCCO1,CC(C)=O,298.3,0.3001045924503381,0.815392586288838
C1COCCO1,CC(C)=O,308.2,0.3293037471426003,0.7634855254636381
C1COCCO1,CC(C)=O,318.4,0.3074846997479607,0.710005523401311
C1COCCO1,CC(C)=O,328.4,0.3148107398400336,0.6575741488304017
CCCCCCCCCC,CC(C)=O,313.2,2.511223958105374,0.8067713954893896
CCCCCCCCCC,CC(C)=O,333.2,2.167910189667444,0.6661923508569294
CCCCCCC,CC(C)=O,273.2,2.6166656393003573,1.016475774416783
CCCCCCC,CC(C)=O,298.2,2.134166441369082,0.8407519686262077
CCCCCCC,CC(C)=O,303.2,2.0554049638515948,0.8056072074680922
CCCCCCC,CC(C)=O,303.2,2.032087845296365,0.8056072074680922
CCCCCCC,CC(C)=O,313.2,1.9947003132247447,0.7353176851518621
CCCCCCC,CC(C)=O,313.2,1.99197551589856,0.7353176851518621
CCCCCCC,CC(C)=O,323.2,1.88706964903238,0.665028162835632
C1CCCC1,CC(C)=O,308.2,1.4929040961781488,0.6098883112520888
CCCCCCCCCCCCCCCC,CC(C)=O,333.2,3.542696943935855,0.8090997715319839
CC(C)C(C)C(C)C,CC(C)=O,298.2,2.1644717908644115,0.86456987207205
CC(C)CCC(C)C,CC(C)=O,298.2,2.238579763018133,0.86456987207205
CCC1CCCCC1,CC(C)=O,298.2,2.2353763433005955,0.7516315439058463
ClC(Cl)(Cl)Cl,ClC(Cl)Cl,293.2,0.1906203596086497,1.809536317476888
ClC(Cl)(Cl)Cl,ClC(Cl)Cl,303.2,0.1823215567939546,1.7334782288609918
ClC(Cl)(Cl)Cl,ClC(Cl)Cl,328.2,0.1484200051182732,1.5433330073212526
CCO,ClC(Cl)Cl,298.2,1.6563214983329508,-0.557418212
CCO,ClC(Cl)Cl,316,1.501852701754163,-0.62266361
CCO,ClC(Cl)Cl,323.2,1.8389610707123487,-0.649055007
CCO,ClC(Cl)Cl,323.2,1.8229350866965048,-0.649055007
CO,ClC(Cl)Cl,293.2,2.131796772013764,-0.892048697
CO,ClC(Cl)Cl,298.2,2.256541154492639,-0.910376056
CO,ClC(Cl)Cl,303.2,2.0906287310704004,-0.928703415
CO,ClC(Cl)Cl,316,1.8531680973566984,-0.975621454
CO,ClC(Cl)Cl,318.2,2.2731562823032334,-0.983685492
CO,ClC(Cl)Cl,323.2,2.158714722574344,-1.002012851
CO,ClC(Cl)Cl,328.2,2.2235418856535927,-1.02034021
CO,ClC(Cl)Cl,328.4,1.935859813201812,-1.021073305
CC(C)O,ClC(Cl)Cl,323.2,1.0681530811834012,-0.462475782
CC(C)=O,ClC(Cl)Cl,334.2,-0.653926467,0.7994812478208573
CC(C)=O,ClC(Cl)Cl,323,-0.733969175,0.8582043873402756
CC(C)=O,ClC(Cl)Cl,323.2,-0.994252273,0.8571557598488573
CC(C)=O,ClC(Cl)Cl,305,-0.94160854,0.9525808615679119
c1ccccc1,ClC(Cl)Cl,331.9,-0.15082289,1.1953370378865857
c1ccccc1,ClC(Cl)Cl,334.3,-0.210721031,1.1770830966187704
c1ccccc1,ClC(Cl)Cl,334.3,-0.210721031,1.1770830966187704
c1ccccc1,ClC(Cl)Cl,319.8,-0.186329578,1.2873673251118198
c1ccccc1,ClC(Cl)Cl,298.7,-0.287682072,1.4478498920913596
CC(Cl)(Cl)Cl,ClC(Cl)Cl,328.2,0,1.4835525493515869
CCBr,ClC(Cl)Cl,323,-0.186329578,1.4826126565763897
CCBr,ClC(Cl)Cl,305,-0.198450939,1.619517216085002
CC#N,ClC(Cl)Cl,298.7,0.2851789422336624,0.30005824640478007
CC#N,ClC(Cl)Cl,318.3,0.2390169004704999,0.19729275224579812
CC#N,ClC(Cl)Cl,319.8,0.2776317365982795,0.18942804606016228
CC#N,ClC(Cl)Cl,328.3,0.2546422183735807,0.14486137767488927
CC#N,ClC(Cl)Cl,331.9,0.3001045924503381,0.1259860828293622
ClCCl,ClC(Cl)Cl,298.2,0.2311117209633866,2.038644253292087
ClCCl,ClC(Cl)Cl,308.2,0.0582689081239758,1.9625861646761908
CC(Cl)Cl,ClC(Cl)Cl,328.2,-0.020202707,1.7699134290036849
C[N+](=O)[O-],ClC(Cl)Cl,298.2,0.947789398933526,0.1971478419946191
C[N+](=O)[O-],ClC(Cl)Cl,319.8,1.0647107369924282,0.08389607292145573
C[N+](=O)[O-],ClC(Cl)Cl,331.9,0.9555114450274363,0.020454109690655642
ClC=C(Cl)Cl,ClC(Cl)Cl,328.2,0.0676586484738148,1.6351737068862429
COC(C)=O,ClC(Cl)Cl,323.3,-0.713349888,0.8890785214158101
COC(C)=O,ClC(Cl)Cl,313.4,-0.84397007,0.9409855822410105
ClCCCl,ClC(Cl)Cl,328.2,0.048790164169432,1.6978105776117718
CCCC(C)C,ClC(Cl)Cl,298.2,0.7514160886839212,1.250589348634512
CC(C)CC(C)C,ClC(Cl)Cl,298.2,0.7514160886839212,1.2744072520803544
Cc1ccccc1,ClC(Cl)Cl,318.2,-0.198450939,1.3017790124417297
Cc1ccccc1,ClC(Cl)Cl,298.2,-0.385662481,1.4538951896735215
CCCCC,ClC(Cl)Cl,298.2,0.6729444732424258,1.2267714451886698
CCCCC,ClC(Cl)Cl,298.2,0.7561219797213337,1.2267714451886698
C1CCOC1,ClC(Cl)Cl,323,-1.386294361,1.2453607113496727
C1CCOC1,ClC(Cl)Cl,323.2,-1.427116356,1.2443120838582549
C1CCOC1,ClC(Cl)Cl,323.4,-1.347073648,1.2432634563668366
C1CCOC1,ClC(Cl)Cl,313.2,-1.560647748,1.2967434584291637
C1CCOC1,ClC(Cl)Cl,313.6,-1.46967597,1.294646203446327
C1CCOC1,ClC(Cl)Cl,303.2,-1.714798428,1.349174833000073
C1CCOC1,ClC(Cl)Cl,305,-1.560647748,1.339737185577309
CCCCCC,ClC(Cl)Cl,298.2,0.7080357930536959,1.250589348634512
CCCCCC,ClC(Cl)Cl,308.2,0.7323678937132266,1.1802998263182816
CCCCCC,ClC(Cl)Cl,318.2,0.6830968447064438,1.1100103040020515
CCCCCC,ClC(Cl)Cl,319.8,0.5822156198526637,1.0987639804314546
CCCCCC,ClC(Cl)Cl,328.2,0.5481214085096876,1.0397207816858214
CCCCCC,ClC(Cl)Cl,331.9,0.5068176023684519,1.0137136584288164
CCCCCC,ClC(Cl)Cl,334.3,0.4382549309311553,0.9968441730729207
CCCCCC,ClC(Cl)Cl,334.3,0.494696241836107,0.9968441730729207
c1ccncc1,ClC(Cl)Cl,303.2,-1.237874356,0.7936836974479546
CCCCCCCC,ClC(Cl)Cl,298.2,0.7275486072772777,1.2982251555261968
CCCCCCCC,ClC(Cl)Cl,298.2,0.7227059828014898,1.2982251555261968
CCCCCCCCC,ClC(Cl)Cl,298.2,0.7275486072772777,1.3220430589720396
C1COCCO1,ClC(Cl)Cl,323.2,-1.30933332,1.0166666248019394
C1COCCO1,ClC(Cl)Cl,303.2,-1.660731207,1.1215293739437575
C1COCCO1,ClC(Cl)Cl,298.2,-1.514127733,1.147745061229212
CCOC(C)=O,ClC(Cl)Cl,323.2,-1.560647748,1.0071680537862768
CCOC(C)=O,ClC(Cl)Cl,313.2,-1.832581464,1.0595994283571857
CCCCCCC,ClC(Cl)Cl,298.2,0.7227059828014898,1.2744072520803544
CCCCCCC,ClC(Cl)Cl,323.2,0.5187937934151675,1.0986834462897788
CC(C)C(C)C(C)C,ClC(Cl)Cl,298.2,0.6931471805599453,1.2982251555261968
CC(C)CCC(C)C,ClC(Cl)Cl,298.2,0.7275486072772777,1.2982251555261968
CN1CCCC1=O,ClC(Cl)Cl,373.2,-1.832581464,0.523740586937711
CN1CCCC1=O,ClC(Cl)Cl,323.2,-2.995732274,0.8022855210437032
CCC1CCCCC1,ClC(Cl)Cl,298.2,0.6259384308664954,1.185286827359993
ClC(Cl)(Cl)Cl,CCCO,332.9,1.1631508098056809,1.2886471494051492
ClC(Cl)(Cl)Cl,CCCO,343.1,1.144222799920162,1.2110678990169355
ClC(Cl)(Cl)Cl,CCCO,352.4,1.1314021114911006,1.1403338766041524
ClC(Cl)(Cl)Cl,CCCO,362.4,1.1314021114911006,1.0642757879882567
ClC(Cl)(Cl)Cl,CCCO,369.9,1.1052568313867783,1.0072322215263352
CCO,CCCO,298.2,-0.083381609,-0.269797114
CCO,CCCO,313.2,0.0295588022415444,-0.324779191
CO,CCCO,313.2,0.0582689081239758,-0.677737035
CO,CCCO,333.2,0.048790164169432,-0.751046472
CCCCO,CCCO,313.2,0.0392207131532813,0.03631611267553381
CCCCO,CCCO,333.2,0.0198026272961797,-0.036993323
CCCCO,CCCO,353.2,0.0198026272961797,-0.11030276
c1ccccc1,CCCO,298.2,1.1939224684724346,1.2327142402555222
c1ccccc1,CCCO,313.2,1.3217558399823195,1.1186271073316782
C[N+](=O)[O-],CCCO,298.2,2.137710449803812,0.07023664962734966
CC(C)(C)O,CCCO,313.2,-0.235722334,0.01897284290791834
CCC(C)(C)C,CCCO,308.2,1.791759469228055,0.9015940431246423
CC(C)CO,CCCO,313.2,0.009950330853168,0.006363538653661349
Cc1ccc(C)cc1,CCCO,313.2,1.6752256529721037,1.0746499156715883
CCCC(C)C,CCCO,298.2,1.867176108512809,0.9718835654408728
CC(C)CC(C)C,CCCO,298.2,2.010894999144726,0.9957014688867152
CC(C)CC(C)C,CCCO,308.2,1.951608170169951,0.9254119465704846
Cc1cccc(C)n1,CCCO,313.2,-0.371063681,0.9484903428147071
Cc1ccccc1,CCCO,298.2,1.4469189829363254,1.234956633406889
Cc1ccccc1,CCCO,343.2,1.3862943611198906,0.892695234635358
Cc1ccccc1,CCCO,353.2,1.316408233655724,0.8166371460194624
Cc1ccccc1,CCCO,363.2,1.264126727145683,0.7405790574035667
Cc1ccccc1,CCCO,370.2,1.2119409739751128,0.6873383953724392
CCCCC,CCCO,298.2,1.631199404215613,0.9480656619950305
CCCCC,CCCO,308.2,1.7263316639055997,0.8777761396788
CCCC#N,CCCO,278.2,1.900613874140137,0.37530042355405513
CCCC#N,CCCO,288.2,1.572773928062509,0.32286904898314583
CCCC#N,CCCO,293.2,1.5040773967762742,0.2966533616976914
CCCC#N,CCCO,298.2,1.4085449700547104,0.27043767441223654
CCCC#N,CCCO,303.2,1.3711807233098423,0.24422198712678211
CCCC#N,CCCO,308.2,1.3110318766193438,0.2180062998413277
CCCC#N,CCCO,313.2,1.2584609896100056,0.19179061255587282
CCCC#N,CCCO,323.2,1.1568811967920856,0.13935923798496397
CCCCCC,CCCO,298.2,1.9065751436566365,0.9718835654408728
CCCCCC,CCCO,308.2,1.864080130807681,0.9015940431246423
c1ccncc1,CCCO,313.2,-0.186329578,0.7045615808725052
CCCCCCCC,CCCO,298.2,2.190535589185423,1.0195193723325575
CCCCCCCC,CCCO,298.2,2.253394848803274,1.0195193723325575
CCCCCCCC,CCCO,308.2,2.1234584270966104,0.949229850016327
CCCCCCCC,CCCO,358.2,2.066862759472976,0.5977822384351761
CCCCCCCC,CCCO,363.2,1.8931119634883424,0.562637477277061
CCCCCCCCC,CCCO,298.2,2.470638677990296,1.0433372757783999
CCCCCCC,CCCO,298.2,2.0681277817795625,0.9957014688867152
CCCCCCC,CCCO,303.2,2.002830439307996,0.9605567077285997
CCCCCCC,CCCO,308.2,1.9947003132247447,0.9254119465704846
CCCCCCC,CCCO,313.2,1.965712776351493,0.8902671854123696
CCCCCCC,CCCO,323.2,1.9242486522741336,0.8199776630961395
CCCCCCC,CCCO,333.2,1.8468787684491343,0.7496881407799094
CCCCCCC,CCCO,333.2,1.888583653863595,0.7496881407799094
CCCCCCC,CCCO,353.2,1.7732559976634952,0.6091090961474488
C1CCCC1,CCCO,308.2,1.4816045409242156,0.7648378115125958
C1CCCCCC1,CCCO,308.2,1.8180767775454283,0.7840314903596459
CC(C)CC(C)(C)C,CCCO,308.2,2.0412203288596382,0.949229850016327
CC(C)CC(C)(C)C,CCCO,328.4,1.965712776351493,0.8072450149375423
CC(C)CC(C)(C)C,CCCO,348.5,1.8809906029559973,0.6659630750819194
CC(C)C(C)C(C)C,CCCO,298.2,2.0856720914304723,1.0195193723325575
CC(C)CCC(C)C,CCCO,298.2,2.152924318439639,1.0195193723325575
COC(=O)OC,CCCO,313.2,1.6272778305624314,1.0686301757839443
CCC1CCCCC1,CCCO,298.2,2.060513531794317,0.9065810441663538
ClC(Cl)(Cl)Cl,CCCCO,293.2,0.9820784724121582,1.5650605792584211
ClC(Cl)(Cl)Cl,CCCCO,359.6,0.947789398933526,1.060034870848873
CCOCC,CCCCO,318.2,0.5933268452777344,1.205697642507874
CCOCC,CCCCO,328.2,0.5187937934151675,1.1690429244629732
CCO,CCCCO,298.2,-0.072570693,-0.327968745
CCO,CCCCO,308.2,0.0198026272961797,-0.364623463
CCO,CCCCO,313.2,0.0582689081239758,-0.382950822
CCO,CCCCO,318.2,0.009950330853168,-0.401278181
CCO,CCCCO,328.2,0,-0.437932899
CO,CCCCO,308.2,0.1133286853070032,-0.717581307
CO,CCCCO,313.2,0.1043600153242428,-0.735908666
CO,CCCCO,318.2,0.0769610411361284,-0.754236025
CO,CCCCO,328.2,0.048790164169432,-0.790890743
CC(C)O,CCCCO,313.2,-0.020202707,-0.196371597
CC(C)=O,CCCCO,293.2,0.8754687373538999,0.8338925089297367
CC(C)=O,CCCCO,308.2,0.7608058290337602,0.7552454470733729
CC(C)=O,CCCCO,318.2,0.6931471805599453,0.7028140725024636
CC(C)=O,CCCCO,328.2,0.6043159668533296,0.6503826979315548
ClC(Cl)Cl,CCCCO,293.2,0.1823215567939546,1.9437589087302687
ClC(Cl)Cl,CCCCO,308.2,0.2776317365982795,1.8296717758064247
ClC(Cl)Cl,CCCCO,318.2,0.3364722366212129,1.753613687190529
ClC(Cl)Cl,CCCCO,328.2,0.3220834991691132,1.6775555985746333
CCCO,CCCCO,313.2,0.0392207131532813,-0.209527059
CCCO,CCCCO,333.2,0.0198026272961797,-0.282836495
CCCO,CCCCO,353.2,0.0198026272961797,-0.356145931
c1ccccc1,CCCCO,318.2,1.0784095813505905,1.055060881071896
c1ccccc1,CCCCO,328.2,1.0331844833456545,0.9790027924560003
CCBr,CCCCO,293.2,0.9783261227936078,1.4647900224332924
CCI,CCCCO,293.2,1.235471471385307,1.1996198062750847
CC#N,CCCCO,293.2,1.7351891177396608,0.148338127786932
CC#N,CCCCO,333.2,1.7334238922150915,-0.06138737
ClCCl,CCCCO,308.2,0.6780335427498971,1.718110426457724
ClCCl,CCCCO,318.2,0.6626879730752367,1.6420523378418284
ClCCl,CCCCO,328.2,0.6523251860396901,1.5659942492259327
S=C=S,CCCCO,293.2,1.144222799920162,1.14811474611112
C[N+](=O)[O-],CCCCO,293.2,2.2082744135228043,0.0428061546482259
CC(C)(C)O,CCCCO,313.2,-0.210721031,-0.039198787
CC(C)CO,CCCCO,313.2,0.009950330853168,-0.051808092
CC1=CCC2CC1C2(C)C,CCCCO,353.2,1.8594181177018696,0.5962591237185717
CC1=CCC2CC1C2(C)C,CCCCO,373.2,1.6253112615903906,0.4556800790861115
Cc1ccc(C)cc1,CCCCO,313.2,1.4398351280479205,1.0491127337197539
ClCCCl,CCCCO,293.2,1.0715836162801904,1.7195381495489404
CCC#N,CCCCO,293.2,1.6486586255873816,0.18297846133195872
CCCC(C)C,CCCCO,298.2,1.6094379124341005,1.0031265935040383
CC(C)CC(C)C,CCCCO,298.2,1.7263316639055997,1.0269444969498807
Cc1cccc(C)n1,CCCCO,313.2,-0.527632742,0.9058760018112588
Cc1ccccc1,CCCCO,298.2,1.229640551074514,1.2094194514550547
Cc1ccccc1,CCCCO,308.2,1.1600209167967532,1.1333613628391586
Cc1ccccc1,CCCCO,318.2,1.1939224684724346,1.0573032742232629
Cc1ccccc1,CCCCO,323.2,1.2029723039923526,1.019274229915315
Cc1ccccc1,CCCCO,328.2,1.1662709371419244,0.9812451856073672
Cc1ccccc1,CCCCO,349.5,1.029619417181158,0.8192414568555093
Cc1ccccc1,CCCCO,359.9,0.959350221334602,0.7401410446949779
Cc1ccccc1,CCCCO,363.2,1.0188473201992472,0.7150418754517323
Cc1ccccc1,CCCCO,373.2,0.9783261227936078,0.6389837868358361
Cc1ccccc1,CCCCO,381,0.8754687373538999,0.5796584777154377
Cc1ccccc1,CCCCO,383.2,0.8878912573524571,0.5629256982199404
Cc1ccccc1,CCCCO,389.9,0.8197798314933114,0.5119667788472904
Cc1ccccc1,CCCCO,390.2,0.85015092936961,0.5096850361888134
CCCCC,CCCCO,298.2,1.3937663759585917,0.979308690058196
CCCCC,CCCCO,308.2,1.415853163361435,0.909019167741965
CCCCC,CCCCO,318.2,1.3428648031925547,0.8387296454257349
CCCCC,CCCCO,328.2,1.3480731482996928,0.7684401231095048
CCCC#N,CCCCO,278.2,1.665818245870208,0.32165424128947606
CCCC#N,CCCCO,288.2,1.4562867329399256,0.26922286671856677
CCCC#N,CCCCO,293.2,1.410986973710262,0.24300717943311234
CCCC#N,CCCCO,298.2,1.3762440252663892,0.21679149214765747
CCCC#N,CCCCO,303.2,1.33500106673234,0.19057580486220305
CCCC#N,CCCCO,308.2,1.269760544863939,0.16436011757674862
CCCC#N,CCCCO,313.2,1.235471471385307,0.13814443029129375
CCCC#N,CCCCO,323.2,1.1631508098056809,0.0857130557203849
CCCCCC,CCCCO,298.2,1.6331544390514163,1.0031265935040383
CCCCCC,CCCCO,308.2,1.574846467664481,0.9328370711878078
CCCCCC,CCCCO,318.2,1.5390154481375546,0.8625475488715777
CCCCCC,CCCCO,328.2,1.541159071680806,0.7922580265553476
CCCCCC,CCCCO,333.2,1.5282278570085572,0.7571132653972326
c1ccncc1,CCCCO,313.2,-0.174353387,0.6619472398690571
CCCCCCCC,CCCCO,298.2,1.8547342683894437,1.050762400395723
CCCCCCCC,CCCCO,308.2,1.8341801851120072,0.9804728780794925
CCCCCCCC,CCCCO,318.2,1.7934247485471162,0.9101833557632624
CCCCCCCC,CCCCO,328.2,1.8931119634883424,0.8398938334470323
CCCCCCCCC,CCCCO,298.2,2.102913897864978,1.0745803038415653
C1COCCO1,CCCCO,298.2,0.883767540168595,0.9671876865973636
CCOC(C)=O,CCCCO,308.2,0.8878912573524571,0.905257741010792
CCOC(C)=O,CCCCO,318.2,0.8329091229351039,0.8528263664398827
CCOC(C)=O,CCCCO,328.2,0.7371640659767196,0.8003949918689734
CCCCCCC,CCCCO,293.2,1.9459101490553128,1.0620892581079957
CCCCCCC,CCCCO,298.2,1.7681496035889213,1.0269444969498807
CCCCCCC,CCCCO,308.2,1.713797927758343,0.9566549746336501
CCCCCCC,CCCCO,318.2,1.6845453849209058,0.88636545231742
CCCCCCC,CCCCO,328.2,1.6505798557652755,0.8160759300011899
CCCCCCC,CCCCO,333.2,1.6253112615903906,0.7809311688430749
CCCCCCC,CCCCO,353.2,1.6351056591826785,0.6403521242106143
CCCCCCC,CCCCO,363.2,1.5129270120532563,0.5700626018943842
CCCCCCC,CCCCO,373.2,1.5602476682433286,0.4997730795781541
CC(C)C(C)C(C)C,CCCCO,298.2,1.780024213009634,1.050762400395723
CC(C)CCC(C)C,CCCCO,298.2,1.851599469584072,1.050762400395723
C=CCCCC,CCCCO,318.2,1.3937663759585917,0.8662238527425101
C=CCCCC,CCCCO,328.2,1.358409157630355,0.79593433042628
CCC1CCCCC1,CCCCO,298.2,1.742219023667919,0.9378240722295192
CCOCC,CCCCCO,303.5,0.5128236264286637,1.1945237037701228
CCOCC,CCCCCO,308.2,0.5596157879354227,1.1772959862890195
CCOCC,CCCCCO,313.2,0.5068176023684519,1.1589686272665691
CCOCC,CCCCCO,318.2,0.6678293725756554,1.1406412682441187
CCOCC,CCCCCO,323.5,0.5128236264286637,1.1212142676803214
CCOCC,CCCCCO,328.2,0.4637340162321402,1.1039865501992179
CCO,CCCCCO,308.2,0.0861776962410524,-0.429679837
CCO,CCCCCO,313.2,0.1133286853070032,-0.448007196
CCO,CCCCCO,318.2,0.1570037488096647,-0.466334555
CCO,CCCCCO,323.5,0.1133286853070032,-0.485761556
CCO,CCCCCO,328.2,0.131028262406404,-0.502989273
CO,CCCCCO,303.5,0.1397619423751586,-0.765409963
CO,CCCCCO,308.2,0.2151113796169455,-0.782637681
CO,CCCCCO,313.2,0.1133286853070032,-0.80096504
CO,CCCCCO,318.2,0.3001045924503381,-0.819292399
CO,CCCCCO,323.5,0.1222176327242491,-0.8387194
CO,CCCCCO,328.2,0.1823215567939546,-0.855947117
CC(C)=O,CCCCCO,303.5,0.85015092936961,0.718360099877124
CC(C)=O,CCCCCO,308.2,0.8878912573524571,0.6937173538287964
CC(C)=O,CCCCCO,313.2,0.7654678421395714,0.667501666543342
CC(C)=O,CCCCCO,318.2,0.7275486072772777,0.6412859792578871
CC(C)=O,CCCCCO,323.5,0.688134638736401,0.6134973507353054
CC(C)=O,CCCCCO,328.2,0.7419373447293773,0.5888546046869783
ClC(Cl)Cl,CCCCCO,308.2,0.378436435720245,1.7945238282581477
ClC(Cl)Cl,CCCCCO,318.2,0.2546422183735807,1.718465739642252
ClC(Cl)Cl,CCCCCO,328.2,0.2776317365982795,1.6424076510263563
c1ccccc1,CCCCCO,303.5,0.9516578757114464,1.1317183237889856
c1ccccc1,CCCCCO,308.2,1.075002423028976,1.0959710221395147
c1ccccc1,CCCCCO,313.2,0.9516578757114464,1.0579419778315668
c1ccccc1,CCCCCO,318.2,0.9783261227936078,1.019912933523619
c1ccccc1,CCCCCO,323.5,0.9162907318741552,0.9796021465571942
c1ccccc1,CCCCCO,328.2,0.9631743177730056,0.9438548449077233
ClCCl,CCCCCO,303.5,0.598836501088704,1.718709780558918
ClCCl,CCCCCO,308.2,0.7371640659767196,1.682962478909447
ClCCl,CCCCCO,313.2,0.5653138090500605,1.6449334346014992
ClCCl,CCCCCO,318.2,0.6097655716208943,1.6069043902935514
ClCCl,CCCCCO,323.5,0.5766133643039938,1.5665936033271266
ClCCl,CCCCCO,328.2,0.5877866649021191,1.5308463016776557
CC1CCCC1,CCCCCO,303.5,1.2119409739751128,0.879468978192341
CC1CCCC1,CCCCCO,313.2,1.1878434223960523,0.8112881415455977
CC1CCCC1,CCCCCO,323.5,1.1662709371419244,0.7388899335598804
Cc1ccccc1,CCCCCO,303.5,1.118414915964289,1.1339607169403525
Cc1ccccc1,CCCCCO,308.2,1.1052568313867783,1.0982134152908811
Cc1ccccc1,CCCCCO,313.2,1.0681530811834012,1.0601843709829337
Cc1ccccc1,CCCCCO,318.2,1.1151415906193205,1.0221553266749854
Cc1ccccc1,CCCCCO,323.2,1.029619417181158,0.984126282367038
Cc1ccccc1,CCCCCO,323.5,1.0508216248317612,0.9818445397085611
Cc1ccccc1,CCCCCO,328.2,1.1216775615991057,0.9460972380590897
CCCOC(C)=O,CCCCCO,303.5,1.1537315878891892,0.9889009693161741
CCCOC(C)=O,CCCCCO,313.2,1.0224509277025455,0.9380425359823921
CCCOC(C)=O,CCCCCO,323.5,0.7884573603642703,0.8840382201743555
CCCCC,CCCCCO,303.5,1.3402504226184837,0.9591086935644908
CCCCC,CCCCCO,308.2,1.4609379041156565,0.9260726180758625
CCCCC,CCCCCO,313.2,1.3402504226184837,0.8909278569177475
CCCCC,CCCCCO,318.2,1.3056264580524355,0.8557830957596324
CCCCC,CCCCCO,323.5,1.3029127521808397,0.8185296489320302
CCCCC,CCCCCO,328.2,1.2612978709452054,0.7854935734434023
CCCCCC,CCCCCO,303.5,1.4134230285081433,0.9829265970103331
CCCCCC,CCCCCO,308.2,1.449269160281279,0.9498905215217048
CCCCCC,CCCCCO,313.2,1.410986973710262,0.9147457603635898
CCCCCC,CCCCCO,318.2,1.42791603581071,0.8796009992054747
CCCCCC,CCCCCO,323.5,1.3762440252663892,0.8423475523778725
CCCCCC,CCCCCO,328.2,1.3029127521808397,0.8093114768892447
CCCCCCCC,CCCCCO,308.2,1.7578579175523736,0.99752632841339
CCCCCCCC,CCCCCO,313.2,1.3711807233098423,0.9623815672552749
CCCCCCCC,CCCCCO,318.2,1.6900958154515549,0.9272368060971599
CCCCCCCC,CCCCCO,328.2,1.667706820558076,0.8569472837809298
CCCCCCCCC,CCCCCO,353.2,1.4929040961781488,0.7050413814361964
CCCCCCCCC,CCCCCO,373.2,1.4973884086254774,0.5644623368037363
CCCC=O,CCCCCO,303.5,1.0543120297715298,0.7926599152953107
CCCC=O,CCCCCO,313.2,0.9631743177730056,0.7418014819615286
CCCC=O,CCCCCO,323.5,0.883767540168595,0.6877971661534921
CCOC(C)=O,CCCCCO,303.5,0.9122827104766164,0.8683723938145427
CCOC(C)=O,CCCCCO,313.2,0.8415671856782185,0.8175139604807611
CCOC(C)=O,CCCCCO,323.5,0.7654678421395714,0.7635096446727245
CCCCCCC,CCCCCO,303.5,1.5325568680981427,1.0067445004561755
CCCCCCC,CCCCCO,308.2,1.547562508716013,0.9737084249675476
CCCCCCC,CCCCCO,313.2,1.5539252025038417,0.9385636638094326
CCCCCCC,CCCCCO,318.2,1.5282278570085572,0.9034189026513175
CCCCCCC,CCCCCO,323.5,1.4883995840570443,0.8661654558237153
CCCCCCC,CCCCCO,328.2,1.547562508716013,0.8331293803350874
C=CCCCC,CCCCCO,303.5,1.249901736214336,0.986602900881266
C=CCCCC,CCCCCO,308.2,1.2325602611778486,0.9535668253926377
C=CCCCC,CCCCCO,313.2,1.2809338454620642,0.9184220642345227
C=CCCCC,CCCCCO,318.2,1.172482137234565,0.8832773030764076
C=CCCCC,CCCCCO,323.5,1.2383742310432684,0.8460238562488054
C=CCCCC,CCCCCO,328.2,1.247032293786383,0.8129877807601775
ClC(Cl)(Cl)Cl,c1ccccc1,293.2,0.1222176327242491,1.4994836953316621
ClC(Cl)(Cl)Cl,c1ccccc1,293.2,0.1222176327242491,1.4994836953316621
ClC(Cl)(Cl)Cl,c1ccccc1,313.2,0.1222176327242491,1.3473675180998699
ClC(Cl)(Cl)Cl,c1ccccc1,353.3,0.1397619423751586,1.0423745827501278
CCO,c1ccccc1,298.2,2.827313621929028,-0.914997592
CCO,c1ccccc1,298.2,2.803360380906535,-0.914997592
CCO,c1ccccc1,298.2,2.719978771967484,-0.914997592
CCO,c1ccccc1,307.3,2.667228206581955,-0.948353386
CCO,c1ccccc1,307.3,2.653241964607215,-0.948353386
CCO,c1ccccc1,313.2,2.5572273113676265,-0.969979669
CCO,c1ccccc1,317.4,2.476538400117484,-0.985374651
CCO,c1ccccc1,317.7,2.388762789235098,-0.986474292
CCO,c1ccccc1,321,2.379546134130174,-0.998570349
CCO,c1ccccc1,321,2.312535423847214,-0.998570349
CCO,c1ccccc1,337.3,2.0541237336955462,-1.05831754
CCO,c1ccccc1,338.2,2.151762203259462,-1.061616464
CCO,c1ccccc1,342.4,2.066862759472976,-1.077011446
CCO,c1ccccc1,349,2.028148247292285,-1.10120356
CCO,c1ccccc1,352.2,1.7578579175523736,-1.11293307
CCO,c1ccccc1,354.2,1.7404661748405046,-1.120264013
CO,c1ccccc1,298.2,2.9652730660692823,-1.267955436
CC(C)O,c1ccccc1,313.2,2.631888840136646,-0.783400444
CC(C)=O,c1ccccc1,293.2,0.5481214085096876,0.6236956161010658
CC(C)=O,c1ccccc1,293.2,0.5364933705145685,0.6236956161010658
CC(C)=O,c1ccccc1,323.2,0.4885800148186709,0.46640149238833883
CC(C)=O,c1ccccc1,332.2,0.4885800148186709,0.4192132552745207
CC(C)=O,c1ccccc1,349.8,0.4824261492442928,0.32693403602972015
CC(C)=O,c1ccccc1,350.7,0.4700036292457356,0.32221521231833883
CC(C)=O,c1ccccc1,353.3,0.4574248470388755,0.308583054929902
CC(C)=O,c1ccccc1,353.3,0.418710334858185,0.308583054929902
ClC(Cl)Cl,c1ccccc1,353.3,-0.139262067,1.4210729122219758
ClC(Cl)Cl,c1ccccc1,353.3,-0.127833372,1.4210729122219758
ClC(Cl)Cl,c1ccccc1,293.2,-0.210721031,1.8781820248035097
CCCO,c1ccccc1,298.2,2.4932054526026954,-0.74157383
CCCO,c1ccccc1,313.2,2.309560706730471,-0.796555907
CCBr,c1ccccc1,293.2,0.009950330853168,1.399213138506533
CCBr,c1ccccc1,293.2,0.009950330853168,1.399213138506533
CCI,c1ccccc1,293.2,0.1222176327242491,1.1340429223483257
CCI,c1ccccc1,293.2,0.1133286853070032,1.1340429223483257
CC#N,c1ccccc1,293.2,1.244154593958768,-0.061858765
CC#N,c1ccccc1,293.2,1.2119409739751128,-0.061858765
CC#N,c1ccccc1,298.2,1.1249295969854831,-0.088074452
CC#N,c1ccccc1,318.2,1.1249295969854831,-0.192937201
CC#N,c1ccccc1,348,1.0473189942805592,-0.349182698
CC#N,c1ccccc1,397.9,0.9707789171582248,-0.610815257
ClCCl,c1ccccc1,348,-0.072570693,1.3498223498397
ClCCl,c1ccccc1,298.2,-0.116533816,1.7285916311468608
ClCCl,c1ccccc1,293.2,-0.094310679,1.766620675454809
ClCCl,c1ccccc1,293.2,-0.083381609,1.766620675454809
S=C=S,c1ccccc1,293.2,0.3920420877760237,1.0825378621843615
S=C=S,c1ccccc1,293.2,0.3987761199573678,1.0825378621843615
C[N+](=O)[O-],c1ccccc1,318.2,1.247032293786383,-0.298469175
CC(C)(C)O,c1ccccc1,313.2,1.8213182714695997,-0.626227635
CC1=CCC2CC1C2(C)C,c1ccccc1,338.2,0.5653138090500605,0.6155859754710065
CC1=CCC2CC1C2(C)C,c1ccccc1,353.2,0.3364722366212129,0.5101516919966609
N#Cc1ccccc1,c1ccccc1,323.2,0.412109650826833,0.29055287850251954
N#Cc1ccccc1,c1ccccc1,353.2,0.3987761199573678,0.12342591803892411
Cc1ccc(C)cc1,c1ccccc1,308.2,0.0676586484738148,1.0215648941009423
ClCCCl,c1ccccc1,298.2,0.0392207131532813,1.615932221314233
ClCCCl,c1ccccc1,353.3,0.0295588022415444,1.196852153040647
CCCC(C)C,c1ccccc1,298.2,0.8109302162163288,0.9170191617821271
CC(C)CC(C)C,c1ccccc1,298.2,0.883767540168595,0.9408370652279698
CC(C)OC(C)C,c1ccccc1,343.2,0.2151113796169455,0.771045321292773
Cc1ccccc1,c1ccccc1,298.2,-0.083381609,1.1438425675282953
Oc1ccccc1,c1ccccc1,353.2,1.1939224684724346,1.470014183875587
CCCCC,c1ccccc1,293.2,0.8109302162163288,0.9283460194943998
CCCCC,c1ccccc1,298.2,0.712949807856125,0.8932012583362847
C=CCCC,c1ccccc1,293.2,0.5423242908253617,0.9288620869159288
CCCCCC,c1ccccc1,293.2,0.7929925155296614,0.9521639229402421
CCCCCC,c1ccccc1,293.2,0.8020015854720274,0.9521639229402421
CCCCCC,c1ccccc1,298.2,0.7466879474879751,0.9170191617821271
CCCCCC,c1ccccc1,313.2,0.6981347220709843,0.8115848783077819
CCCCCC,c1ccccc1,353.3,0.4574248470388755,0.5297238938196989
c1ccncc1,c1ccccc1,298.2,0.2231435513142097,0.45934037056523636
c1ccncc1,c1ccccc1,303.2,0.2231435513142097,0.43148587715463727
c1ccncc1,c1ccccc1,313.2,0.2231435513142097,0.37577689033343864
c1ccncc1,c1ccccc1,323.2,0.2231435513142097,0.32006790351224046
c1ccncc1,c1ccccc1,329.7,0.1906203596086497,0.2838570620784613
c1ccncc1,c1ccccc1,351.1,0.1988508587451651,0.16463983028109652
CCCCCCCC,c1ccccc1,298.2,0.7747271675523681,0.9646549686738122
CCCCCCCC,c1ccccc1,298.2,0.8372475245337022,0.9646549686738122
CCCCCCCCC,c1ccccc1,298.2,0.8628899551470398,0.9884728721196545
C1COCCO1,c1ccccc1,298.2,-0.030459207,0.7569907937686935
CCOC(C)=O,c1ccccc1,328.2,0.3576744442718159,0.5901980990403035
CCCCCCC,c1ccccc1,298.2,0.7227059828014898,0.9408370652279698
CCCCCCC,c1ccccc1,313.2,0.6780335427498971,0.8354027817536243
CCCCCCC,c1ccccc1,318,0.6523251860396901,0.8016638110418337
CCCCCCC,c1ccccc1,333.2,0.5877866649021191,0.6948237371211641
CCCCCCC,c1ccccc1,335.4,0.5364933705145685,0.6793600422115933
CCCCCCC,c1ccccc1,349.4,0.4637340162321402,0.5809547109688711
CC(C)CC(C)(C)C,c1ccccc1,313.2,0.8153648132841944,0.8592206851994666
CC(C)C(C)C(C)C,c1ccccc1,298.2,0.8153648132841944,0.9646549686738122
CC(C)CCC(C)C,c1ccccc1,298.2,0.7839015438284094,0.9646549686738122
COC(=O)OC,c1ccccc1,283.2,0.4700036292457356,0.9620812244034223
COC(=O)OC,c1ccccc1,293.2,0.4446858212614457,0.9096498498325132
COC(=O)OC,c1ccccc1,313.2,0.3920420877760237,0.804787100690695
COC(=O)OC,c1ccccc1,323.2,0.378436435720245,0.7523557261197862
COC(=O)OC,c1ccccc1,333.2,0.3646431135879092,0.6999243515488769
COC(=O)OC,c1ccccc1,343.2,0.3576744442718159,0.6474929769779676
COC(=O)OC,c1ccccc1,363.2,0.3364722366212129,0.5426302278361494
COC(=O)OC,c1ccccc1,373.2,0.3293037471426003,0.49019885326524015
CN1CCCC1=O,c1ccccc1,333.3,-0.186329578,0.3838216240609751
CN1CCCC1=O,c1ccccc1,354.2,-0.127833372,0.2673898416046705
COC(C)(C)C,c1ccccc1,308.2,0.0953101798043249,0.698923393583702
CCC1CCCCC1,c1ccccc1,298.2,0.688134638736401,0.8517166405076084
ClC(Cl)(Cl)Cl,CC(Cl)(Cl)Cl,328.2,0.0769610411361284,1.3289176886830405
ClC(Cl)Cl,CC(Cl)(Cl)Cl,328.2,-0.030459207,1.707616018154888
CC(Cl)Cl,CC(Cl)(Cl)Cl,328.2,0.0582689081239758,1.5554981103654728
ClC=C(Cl)Cl,CC(Cl)(Cl)Cl,328.2,0,1.4207583882480308
ClCCCl,CC(Cl)(Cl)Cl,328.2,0.2070141693843261,1.4833952589735597
COC(=O)OC,CC(Cl)(Cl)Cl,298.2,0.494696241836107,0.9462610866755989
COC(=O)OC,CC(Cl)(Cl)Cl,333.2,0.5187937934151675,0.7627512756774175
C[N+](=O)[O-],CCBr,298.2,1.3297240096314962,-0.080918166
Cc1ccccc1,CCBr,298.2,0.0676586484738148,1.2542491227521215
CCCCCCCC,CCBr,298.2,0.7975071958841882,1.1421998654316203
C1COCCO1,CCBr,298.2,0.2776317365982795,0.869679052771053
ClC(Cl)(Cl)Cl,CC#N,293.2,1.897619859927532,1.8283600395678752
ClC(Cl)(Cl)Cl,CC#N,352.6,1.589235205116581,1.376574993189454
CCOCC,CC#N,298.1,1.2178757094949273,1.2481256003385552
CCOCC,CC#N,338.2,1.1052568313867783,1.1011401809785033
CCOCC,CC#N,388.2,0.9669838461896731,0.9178665907539993
Nc1ccccc1,CC#N,293.2,0.5306282510621704,1.160227211355728
Nc1ccccc1,CC#N,343.2,0.4510756193602167,0.8816822772497357
Nc1ccccc1,CC#N,393.2,0.4574248470388755,0.603137343143743
CCO,CC#N,293.2,1.4206957878372228,-0.340889411
CCO,CC#N,298.2,1.3609765531356006,-0.35921677
CCO,CC#N,323.2,1.0986122886681098,-0.450853565
CCO,CC#N,343.2,0.9321640810304452,-0.524163001
CCO,CC#N,393.2,0.5933268452777344,-0.707436591
CO,CC#N,326,0.9400072584914712,-0.81407473
CO,CC#N,333.5,0.9321640810304452,-0.841565769
CC(C)=O,CC#N,293.2,0.0953101798043249,1.0300142732348818
CC(C)=O,CC#N,298.2,0.0392207131532813,1.0037985859494272
ClC(Cl)Cl,CC#N,293.2,0.3987761199573678,2.2070583690397227
ClC(Cl)Cl,CC#N,298.2,0.2546422183735807,2.169029324731775
ClC(Cl)Cl,CC#N,318.1,0.2776317365982795,2.017673728386142
ClC(Cl)Cl,CC#N,328.3,0.2700271372130602,1.9400944779979281
CCCCO,CC#N,333.2,1.1878434223960523,-0.126412979
c1ccccc1,CC#N,293.2,1.1600209167967532,1.5085055629210897
c1ccccc1,CC#N,298.2,1.1052568313867783,1.4704765186131419
c1ccccc1,CC#N,298.2,1.0647107369924282,1.4704765186131419
c1ccccc1,CC#N,298.2,1.0402767116551463,1.4704765186131419
c1ccccc1,CC#N,298.2,0.9932517730102834,1.4704765186131419
c1ccccc1,CC#N,318.2,1.0818051703517284,1.31836034138135
c1ccccc1,CC#N,333.2,0.9555114450274363,1.2042732084575065
c1ccccc1,CC#N,348,0.9555114450274363,1.0917072373059806
c1ccccc1,CC#N,373.2,0.8754687373538999,0.9000408539939233
c1ccccc1,CC#N,397.9,0.8372475245337022,0.712177375112661
CCBr,CC#N,293.2,1.0577902941478543,1.728089482742746
CCI,CC#N,293.2,1.6370530794670737,1.4629192665845387
ClCCl,CC#N,298.2,0.1823215567939546,2.057467975383074
ClCCl,CC#N,348.2,0.2231435513142097,1.677177532303595
ClCCl,CC#N,398.1,0.2468600779315258,1.2976476701102748
S=C=S,CC#N,293.2,2.517696472610991,1.4114142064205746
C[N+](=O)[O-],CC#N,298.2,-0.030459207,0.21271223166791664
C[N+](=O)[O-],CC#N,348.2,-0.040821995,-0.049444641
C[N+](=O)[O-],CC#N,398.2,-0.030459207,-0.311601514
CC(C)(C)O,CC#N,333.2,0.9516578757114464,-0.143756249
CCC(C)(C)C,CC#N,298.2,2.96010509591084,0.9639326789631855
CCC(C)C,CC#N,313.2,3.0378334495726262,0.8346804920429975
CCC(C)C,CC#N,333.2,2.803360380906535,0.6941014474105374
CC(C)CO,CC#N,333.2,1.244154593958768,-0.156365553
CCC(C)O,CC#N,333.2,1.2919836816486494,-0.156000853
CCC(C)CC,CC#N,298.2,3.0155349008501706,0.9639326789631855
CCc1ccccc1,CC#N,298.2,1.7227665977411035,1.4402896873994107
CCc1ccccc1,CC#N,298.2,1.7209792871670078,1.4402896873994107
CCCCc1ccccc1,CC#N,298.2,2.4069451083182885,1.4362544199339649
CCCCc1ccccc1,CC#N,298.2,2.4069451083182885,1.4362544199339649
ClCCCl,CC#N,333.2,0.418710334858185,1.6786052553948108
CCCC(C)C,CC#N,298.2,3.2276373305367736,0.9639326789631855
CCCC(C)C,CC#N,298.2,3.086486636822455,0.9639326789631855
CC(C)CC(C)C,CC#N,298.2,3.5148236417370144,0.9877505824090278
Cc1ccccc1,CC#N,293.2,1.4929040961781488,1.5107479560724562
Cc1ccccc1,CC#N,298.2,1.4586150226995167,1.4727189117645088
Cc1ccccc1,CC#N,298.2,1.4422019930581866,1.4727189117645088
Cc1ccccc1,CC#N,298.2,1.3937663759585917,1.4727189117645088
Cc1ccccc1,CC#N,343.2,1.2781522025001877,1.1304575129929777
Cc1ccccc1,CC#N,393.2,1.1249295969854831,0.7501670699134984
Clc1ccccc1,CC#N,293.2,1.463255402256019,1.5442755785811038
Clc1ccccc1,CC#N,328.2,1.423108334242607,1.2780722684254684
Clc1ccccc1,CC#N,343.2,1.297463147413275,1.1639851355016253
Clc1ccccc1,CC#N,393.2,1.1505720275988207,0.783694692422146
CCCCC,CC#N,293.2,3.2928695047765277,0.9752595366754582
CCCCC,CC#N,298.2,2.8449093838194077,0.9401147755173431
CCCCC,CC#N,298.2,2.8355635214011694,0.9401147755173431
CCCCC,CC#N,313.2,3.056356895370426,0.8346804920429975
C=CCCC,CC#N,293.2,2.624668592163159,0.9757756040969872
C=CCCC,CC#N,298.2,1.805004695978076,0.9406308429388721
C=CCCC,CC#N,313.2,2.4239173781615704,0.8351965594645261
CCCCCl,CC#N,323.2,1.5496879080283263,1.6574461675316696
CCCCCl,CC#N,348.2,1.3812818192963463,1.4673009459919308
CCCCCC,CC#N,298.2,3.3311325072138684,0.9639326789631855
CCCCCC,CC#N,298.2,3.2386784521643803,0.9639326789631855
CCCCCC,CC#N,298.2,3.1780538303479458,0.9639326789631855
CCCCCC,CC#N,333.2,2.760009940032921,0.7179193508563797
CCCCCC,CC#N,373.2,2.379546134130174,0.4367612615914589
c1ccncc1,CC#N,315.8,0.6523251860396901,0.6771541307164513
c1ccncc1,CC#N,334.6,0.5933268452777344,0.5724212354925982
c1ccncc1,CC#N,352.6,0.5596157879354227,0.4721450592144407
CCCCCCCC,CC#N,298.2,4.034417613641752,1.0115684858548701
CCCCCCCC,CC#N,298.2,4.017103481878653,1.0115684858548701
CCCCCCCC,CC#N,298.2,3.8480176754522337,1.0115684858548701
CCCCCCCCC,CC#N,298.2,4.366278277705742,1.0353863893007125
C1COCCO1,CC#N,298.2,0.3148107398400336,1.163309450902509
C1COCCO1,CC#N,313.2,0.371563556432483,1.0846623890461455
CCOC(C)=O,CC#N,293.2,0.4574248470388755,1.1800265671723011
CCOC(C)=O,CC#N,313.2,0.4252677354043441,1.075163818030483
CCOC(C)=O,CC#N,353.2,0.412109650826833,0.8654383197468465
CCOC(C)=O,CC#N,393.2,0.3920420877760237,0.6557128214632102
CCCCCCC,CC#N,298.2,3.677565694213663,0.9877505824090278
CCCCCCC,CC#N,298.2,3.4531571205928664,0.9877505824090278
CC(C)CC(C)(C)C,CC#N,293.2,4.411949448325136,1.0467132470129852
CC(C)CC(C)(C)C,CC#N,298.2,3.478158422798284,1.0115684858548701
CC(C)CC(C)(C)C,CC#N,313.2,3.965563772356176,0.9061342023805246
CC(C)C(C)C(C)C,CC#N,298.2,3.695606774863363,1.0115684858548701
CC(C)CCC(C)C,CC#N,298.2,3.8480176754522337,1.0115684858548701
C=CCCCC,CC#N,298.2,2.5416019934645457,0.9676089828341183
CCC1CCCCC1,CC#N,298.2,3.734808386002336,0.8986301576886664
ClC(Cl)(Cl)Cl,ClCCl,308.2,0.5068176023684519,1.7240903048105318
CCO,ClCCl,298.2,2.2202898502672155,-0.528954114
CO,ClCCl,298.2,2.7650604558189897,-0.881911958
CO,ClCCl,348.2,1.9416152247724323,-1.065185549
CO,ClCCl,398.2,1.3609765531356006,-1.248459139
CC(C)=O,ClCCl,398.2,-0.261364764,0.4895257549453609
CC(C)=O,ClCCl,348.2,-0.328504067,0.7516826277999065
CC(C)=O,ClCCl,303.2,-0.733969175,0.9876238133689974
CC(C)=O,ClCCl,298.2,-0.371063681,1.0138395006544518
ClC(Cl)Cl,ClCCl,308.2,0.048790164169432,2.10278863428238
c1ccccc1,ClCCl,348,-0.061875404,1.1015246354724813
c1ccccc1,ClCCl,298.2,-0.083381609,1.480293916779643
CC(Cl)(Cl)Cl,ClCCl,308.2,0.1655144384775733,1.6643098468408661
CC#N,ClCCl,298.2,0.131028262406404,0.32828511951164785
CC#N,ClCCl,348.2,0.2390169004704999,0.06612824665710226
CC#N,ClCCl,398.1,0.3074846997479607,-0.195504312
CC(Cl)Cl,ClCCl,308.2,0.0198026272961797,1.9506707264929641
C[N+](=O)[O-],ClCCl,298.1,0.7701082216960737,0.22327746011865024
C[N+](=O)[O-],ClCCl,298.2,0.6418538861723947,0.2227531463729413
C[N+](=O)[O-],ClCCl,348,0.5766133643039938,-0.038355099
C[N+](=O)[O-],ClCCl,398.1,0.5481214085096876,-0.301036286
ClC=C(Cl)Cl,ClCCl,308.2,0.378436435720245,1.8159310043755221
ClCCCl,ClCCl,308.2,-0.010050336,1.878567875101051
CCCC(C)C,ClCCl,298.2,1.2556160374777745,1.2014935951049508
CC(C)CC(C)C,ClCCl,298.2,1.2809338454620642,1.2253114985507931
Cc1ccccc1,ClCCl,298.2,-0.15082289,1.4825363099310094
Cc1ccccc1,ClCCl,298.2,-0.040821995,1.4825363099310094
Cc1ccccc1,ClCCl,347.9,-0.094310679,1.1045276095100078
Clc1ccccc1,ClCCl,398.1,0.0676586484738148,0.7562436271668584
Clc1ccccc1,ClCCl,348,0.1043600153242428,1.1372946511324962
Clc1ccccc1,ClCCl,298,0.1043600153242428,1.5175850942119746
CCCCC,ClCCl,298.2,1.169381359556317,1.1776756916591085
CCCCC,ClCCl,298.2,1.2267122912954254,1.1776756916591085
CCCCC,ClCCl,348.2,0.9162907318741552,0.8262280800779571
CCCCC,ClCCl,398.2,0.6471032420585384,0.4747804684968062
C1CCOC1,ClCCl,303.2,-0.867500568,1.3747801373783948
CCCCCC,ClCCl,298.2,1.144222799920162,1.2014935951049508
CCCCCC,ClCCl,298.2,1.229640551074514,1.2014935951049508
c1ccncc1,ClCCl,303.2,-0.544727175,0.7938707587817957
CCCCCCCC,ClCCl,298.2,1.3737155789130306,1.249129401996636
CCCCCCCC,ClCCl,298.2,1.4206957878372228,1.249129401996636
CCCCCCCCC,ClCCl,298.2,1.425515074273172,1.2729473054424782
C1COCCO1,ClCCl,303.2,-0.891598119,1.1471346783220793
C1COCCO1,ClCCl,298.2,-0.867500568,1.1733503656075337
CCOC(C)=O,ClCCl,398.2,-0.400477567,0.6395380488827804
CCOC(C)=O,ClCCl,348.2,-0.356674944,0.9016949217373256
CCOC(C)=O,ClCCl,298.2,-0.314710745,1.1638517945918712
CCCCCCC,ClCCl,298.2,1.235471471385307,1.2253114985507931
CC(C)C(C)C(C)C,ClCCl,298.2,1.2781522025001877,1.249129401996636
CC(C)CCC(C)C,ClCCl,298.2,1.3297240096314962,1.249129401996636
CCC1CCCCC1,ClCCl,298.2,1.220829921392359,1.1361910738304317
CCO,ICI,298.2,3.479700443150099,-0.972680837
C[N+](=O)[O-],ICI,298.2,2.4176979000945504,-0.321893885
CCC(C)=O,ICI,298.2,1.3609765531356006,0.5129277679817115
Cc1ccccc1,ICI,298.2,1.3506671834767394,0.940667643903454
CCCCCCCC,ICI,298.2,4.041471072615033,0.5404371932223979
C1COCCO1,ICI,298.2,0.4510756193602167,0.6287033344114845
CCO,S=C=S,298.2,4.365134767003664,-1.024549302
CCO,S=C=S,298.3,4.360547602996758,-1.02491585
CCO,S=C=S,308.4,4.212127597878484,-1.061937115
CCO,S=C=S,318.7,4.014579593753238,-1.099691474
CC(C)=O,S=C=S,298.3,2.1210632163706555,0.5488881348144976
CC(C)=O,S=C=S,308.4,2.017566137961748,0.4959324464978794
CC(C)=O,S=C=S,318.7,1.9726911717329556,0.44192813068984327
C[N+](=O)[O-],S=C=S,298.2,3.6399517804905126,-0.241673906
C[N+](=O)[O-],S=C=S,298.3,3.720862499966987,-0.242198219
C[N+](=O)[O-],S=C=S,308.4,3.5409593240373143,-0.295153908
C[N+](=O)[O-],S=C=S,318.7,3.4210000089583352,-0.349158224
CCCC(C)C,S=C=S,298.2,0.8712933659434193,0.8300366647447812
CC(C)CC(C)C,S=C=S,298.2,1.0043016091968684,0.8538545681906236
Cc1ccccc1,S=C=S,298.2,0.3852624007906449,1.0405417584571905
Cc1ccccc1,S=C=S,298.3,0.6729444732424258,1.0397811775710313
Cc1ccccc1,S=C=S,308.4,0.62057648772511,0.9629625080689768
Cc1ccccc1,S=C=S,318.7,0.5481214085096876,0.8846226767946042
CCCCC,S=C=S,298.2,0.9001613499442714,0.8062187612989389
CCCCCC,S=C=S,298.2,0.8671004876833833,0.8300366647447812
CCCCCCCC,S=C=S,298.2,0.712949807856125,0.8776724716364663
CCCCCCCC,S=C=S,298.2,0.7701082216960737,0.8776724716364663
CCCCCCCCC,S=C=S,298.2,0.6830968447064438,0.9014903750823087
C1COCCO1,S=C=S,298.2,1.2919836816486494,0.7089233135132886
C1COCCO1,S=C=S,298.3,1.3270750014599193,0.7083989997675793
C1COCCO1,S=C=S,308.4,1.269760544863939,0.6554433114509615
C1COCCO1,S=C=S,318.7,1.205970806988609,0.6014389956429249
CCCCCCC,S=C=S,298.2,0.8064758658669485,0.8538545681906236
CC(C)C(C)C(C)C,S=C=S,298.2,0.9001613499442714,0.8776724716364663
CC(C)CCC(C)C,S=C=S,298.2,0.9202827531436923,0.8776724716364663
CCC1CCCCC1,S=C=S,298.2,0.5481214085096876,0.7647341434702621
CCO,CC(Cl)Cl,298.2,2.211565694606877,-0.625788193
C[N+](=O)[O-],CC(Cl)Cl,298.2,0.5423242908253617,0.09675833054691418
Cc1ccccc1,CC(Cl)Cl,298.2,-0.030459207,1.393379729952048
CCCCCCCC,CC(Cl)Cl,298.2,1.7967470107390942,1.2601366919810424
ClC(Cl)(Cl)Cl,C[N+](=O)[O-],293.2,2.175887439948088,1.8179732542964722
CCO,C[N+](=O)[O-],298.2,2.2375130962503307,-0.378103413
CCO,C[N+](=O)[O-],298.2,2.10900034392138,-0.378103413
CCO,C[N+](=O)[O-],348.2,1.4701758451005926,-0.561377003
CCO,C[N+](=O)[O-],398.2,0.959350221334602,-0.744650594
CO,C[N+](=O)[O-],298.2,1.979621206397625,-0.731061257
CO,C[N+](=O)[O-],348.2,1.3887912413184778,-0.914334847
CO,C[N+](=O)[O-],388.2,1.0402767116551463,-1.06095372
CC(C)=O,C[N+](=O)[O-],348.2,0.0582689081239758,0.7309535433079253
CC(C)=O,C[N+](=O)[O-],298.2,0.0953101798043249,0.9931104161624709
ClC(Cl)Cl,C[N+](=O)[O-],293.2,0.7884573603642703,2.1966715837683197
c1ccccc1,C[N+](=O)[O-],293.2,1.3506671834767394,1.4981187776496867
c1ccccc1,C[N+](=O)[O-],298.2,1.1631508098056809,1.4600897333417389
c1ccccc1,C[N+](=O)[O-],333.2,1.0647107369924282,1.1938864231861035
c1ccccc1,C[N+](=O)[O-],358.9,1.118414915964289,0.9984171354432516
c1ccccc1,C[N+](=O)[O-],371.5,0.9745596399981308,0.9025839437872225
c1ccccc1,C[N+](=O)[O-],373.2,0.9555114450274363,0.8896540687225203
CCBr,C[N+](=O)[O-],293.2,1.269760544863939,1.717702697471343
CCI,C[N+](=O)[O-],293.2,1.8180767775454283,1.4525324813131357
CC#N,C[N+](=O)[O-],348.2,0.009950330853168,0.045399162165121076
CC#N,C[N+](=O)[O-],398.2,0.0392207131532813,-0.216757711
CC#N,C[N+](=O)[O-],298.2,0.0676586484738148,0.3075560350196662
ClCCl,C[N+](=O)[O-],293.2,0.5187937934151675,2.085110234419619
ClCCl,C[N+](=O)[O-],298.1,0.5068176023684519,2.047841770997829
ClCCl,C[N+](=O)[O-],348,0.4762341789963717,1.66831190880451
ClCCl,C[N+](=O)[O-],398.1,0.4382549309311553,1.2872608848388722
S=C=S,C[N+](=O)[O-],293.2,2.714694743820879,1.4010274211491716
CCCC(C)C,C[N+](=O)[O-],298.2,3.7764323511217976,0.9217440071778333
CC(C)CC(C)C,C[N+](=O)[O-],298.2,4.120499519698952,0.9455619106236757
CC1CCCCC1,C[N+](=O)[O-],343.2,3.332204510175204,0.5276069279017421
CC1CCCCC1,C[N+](=O)[O-],353.2,3.214867803470662,0.4573174055855116
Cc1ccccc1,C[N+](=O)[O-],298.2,1.62924053973028,1.4623321264931057
Cc1ccccc1,C[N+](=O)[O-],343.2,1.4586150226995167,1.1200707277215747
Cc1ccccc1,C[N+](=O)[O-],353.2,1.4182774069729414,1.044012639105679
CCCCC,C[N+](=O)[O-],298.2,3.4490347110763158,0.897926103731991
CCCCCC,C[N+](=O)[O-],293.2,4.060443010546419,0.9568887683359484
CCCCCC,C[N+](=O)[O-],298.2,3.918402612392185,0.9217440071778333
CCCCCC,C[N+](=O)[O-],298.2,3.871201010907891,0.9217440071778333
CCCCCC,C[N+](=O)[O-],333.2,3.091042453358316,0.6757306790710276
CCCCCC,C[N+](=O)[O-],373.2,2.4849066497880004,0.39457258980610677
CCCCCCCC,C[N+](=O)[O-],298.2,4.8328633720008725,0.969379814069518
CCCCCCCC,C[N+](=O)[O-],298.2,4.711330381816482,0.969379814069518
CCCCCCCCC,C[N+](=O)[O-],298.2,5.251540174989108,0.9931977175153603
CCOC(C)=O,C[N+](=O)[O-],298.2,0.5007752879124892,1.14312271009989
CCOC(C)=O,C[N+](=O)[O-],348.2,0.4252677354043441,0.8809658372453448
CCOC(C)=O,C[N+](=O)[O-],398.2,0.378436435720245,0.6188089643907992
CCCCCCC,C[N+](=O)[O-],298.2,4.382526509715532,0.9455619106236757
CC(C)C(C)C(C)C,C[N+](=O)[O-],298.2,4.371597439183343,0.969379814069518
CC(C)CCC(C)C,C[N+](=O)[O-],298.2,4.566741159368309,0.969379814069518
CCC1CCCCC1,C[N+](=O)[O-],298.2,4.368561383720311,0.8564414859033143
CCO,CC(C)(C)O,313.2,-0.235722334,-0.558869038
CO,CC(C)(C)O,313.2,-0.510825624,-0.911826882
CCCO,CC(C)(C)O,313.2,-0.223143551,-0.385445276
CCCCO,CC(C)(C)O,313.2,-0.223143551,-0.197773734
c1ccccc1,CC(C)(C)O,313.2,1.1505720275988207,0.8980444542278678
CC#N,CC(C)(C)O,333.2,1.0612565021243408,-0.298049083
C[N+](=O)[O-],CC(C)(C)O,298.2,2.175887439948088,-0.220071245
Cc1ccc(C)cc1,CC(C)(C)O,313.2,1.3110318766193438,0.8540672625677779
Cc1cccc(C)n1,CC(C)(C)O,313.2,0.29266961396282,0.712446198361167
Cc1ccccc1,CC(C)(C)O,298.2,1.396244691973059,1.0143739803030787
Cc1ccccc1,CC(C)(C)O,313.2,1.2412685890696329,0.9002868473792347
CCCC#N,CC(C)(C)O,298.2,1.3056264580524355,-0.01987022
CCCC#N,CC(C)(C)O,303.2,1.2029723039923526,-0.046085908
CCCC#N,CC(C)(C)O,308.2,1.1151415906193205,-0.072301595
CCCC#N,CC(C)(C)O,313.2,1.0577902941478543,-0.098517282
CCCC#N,CC(C)(C)O,318.2,1.0224509277025455,-0.124732969
CCCC#N,CC(C)(C)O,323.2,0.9631743177730056,-0.150948657
CCCCCC,CC(C)(C)O,303.3,1.3376291891386096,0.8286243203475698
CCCCCC,CC(C)(C)O,313.1,1.2669476034873244,0.7597405884776642
CCCCCC,CC(C)(C)O,313.2,1.2919836816486494,0.759037693254502
CCCCCC,CC(C)(C)O,322.8,1.1969481893889715,0.6915597518309209
c1ccncc1,CC(C)(C)O,313.2,-0.139262067,0.46851743641896526
CCCCCCCC,CC(C)(C)O,298.2,1.7457155307266483,0.9121077836205322
CCCCCCCC,CC(C)(C)O,313.2,1.4036429994545037,0.8066735001461867
C1COCCO1,CC(C)(C)O,298.2,0.494696241836107,0.730525974096746
CCCCCCC,CC(C)(C)O,313.2,1.3887912413184778,0.7828555967003443
CCO,CC(C)CO,313.2,0.0392207131532813,-0.399728372
CO,CC(C)CO,313.2,0.0676586484738148,-0.752686216
CC(C)O,CC(C)CO,313.2,-0.030459207,-0.213149147
CCCO,CC(C)CO,313.2,0.009950330853168,-0.22630461
CCCCO,CC(C)CO,313.2,0.0392207131532813,-0.038633068
CC#N,CC(C)CO,333.2,1.289232648276759,-0.078095513
Cc1ccc(C)cc1,CC(C)CO,313.2,1.551808799597464,1.0337873558884727
Cc1cccc(C)n1,CC(C)CO,313.2,-0.415515444,0.8954813954006982
Cc1ccccc1,CC(C)CO,313.2,1.4036429994545037,1.0800069406999295
CCCC#N,CC(C)CO,278.2,1.81319474994812,0.30494609854721233
CCCC#N,CC(C)CO,288.2,1.6174060820832772,0.2525147239763035
CCCC#N,CC(C)CO,293.2,1.601405740736836,0.2262990366908486
CCCC#N,CC(C)CO,298.2,1.4883995840570443,0.20008334940539418
CCCC#N,CC(C)CO,303.2,1.415853163361435,0.17386766211993976
CCCC#N,CC(C)CO,308.2,1.3428648031925547,0.1476519748344849
CCCC#N,CC(C)CO,313.2,1.2556160374777745,0.12143628754903091
CCCC#N,CC(C)CO,323.2,1.128171090909654,0.06900491297812161
c1ccncc1,CC(C)CO,313.2,-0.261364764,0.6515526334584965
CC#N,CCC(C)O,333.2,1.181727195378616,-0.218532298
Cc1cccc(C)n1,CCC(C)O,313.2,-0.15082289,0.7746968944076174
CCCC#N,CCC(C)O,278.2,2.039920783517553,0.16450931347724307
CCCC#N,CCC(C)O,288.2,1.763017000362401,0.11207793890633377
CCCC#N,CCC(C)O,293.2,1.55814461804655,0.08586225162087935
CCCC#N,CCC(C)O,298.2,1.5238800240724537,0.05964656433542448
CCCC#N,CCC(C)O,303.2,1.3609765531356006,0.033430877049970054
CCCC#N,CCC(C)O,308.2,1.3110318766193438,0.007215189764515628
CCCC#N,CCC(C)O,313.2,1.1939224684724346,-0.019000498
CCCC#N,CCC(C)O,323.2,1.0647107369924282,-0.071431872
c1ccncc1,CCC(C)O,313.2,-0.186329578,0.5307681324654157
ClC(Cl)(Cl)Cl,ClC=C(Cl)Cl,328.2,-0.010050336,1.3575263070820087
ClC(Cl)Cl,ClC=C(Cl)Cl,328.2,0.0769610411361284,1.7362246365538558
CC(Cl)(Cl)Cl,ClC=C(Cl)Cl,328.2,0.0198026272961797,1.2977458491123421
CC(Cl)Cl,ClC=C(Cl)Cl,328.2,0.2311117209633866,1.5841067287644406
ClCCCl,ClC=C(Cl)Cl,328.2,0.3506568716131693,1.5120038773725275
ClC(Cl)(Cl)Cl,CNC(C)=O,304.2,1.095273387402595,1.6843998586423545
ClC(Cl)(Cl)Cl,CNC(C)=O,318.4,1.1474024528375415,1.576397372807783
ClC(Cl)(Cl)Cl,CNC(C)=O,331.9,1.1908875647772803,1.4737189531763235
CCOCC,CNC(C)=O,303.2,1.4327007339340465,1.7324265437153312
CCOCC,CNC(C)=O,318.4,1.415853163361435,1.6767113722870821
CCOCC,CNC(C)=O,333.2,1.4011829736136412,1.622462389580629
Nc1ccccc1,CNC(C)=O,413.5,0.0198026272961797,0.6034005675983787
CCO,CNC(C)=O,303.4,-0.105360516,0.12471762615044324
CCO,CNC(C)=O,313.2,-0.139262067,0.08879600246644048
CCO,CNC(C)=O,318.4,-0.139262067,0.06973554908309221
CCO,CNC(C)=O,332.8,-0.162518929,0.01695275509843497
CO,CNC(C)=O,398.6,-0.356674944,-0.577193134
CO,CNC(C)=O,303.2,-0.356674944,-0.227507123
CO,CNC(C)=O,318.4,-0.342490309,-0.283222295
CO,CNC(C)=O,332.8,-0.328504067,-0.336005089
CC(C)O,CNC(C)=O,303.2,-0.010050336,0.3120299455897746
CC(C)O,CNC(C)=O,318.4,-0.040821995,0.2563147741615255
CC(C)O,CNC(C)=O,333.3,-0.072570693,0.20169924427462305
CC(C)=O,CNC(C)=O,303.4,0.7419373447293773,1.0621775335196542
CC(C)=O,CNC(C)=O,318.4,0.7030975114131134,0.9835304716632904
CC(C)=O,CNC(C)=O,333.2,0.6523251860396901,0.9059320372983448
ClC(Cl)Cl,CNC(C)=O,303.1,-0.579818495,2.0714645778619505
ClC(Cl)Cl,CNC(C)=O,318.4,-0.314710745,1.9550957022796305
ClC(Cl)Cl,CNC(C)=O,333.1,-0.287682072,1.8432903120142634
CCCCO,CNC(C)=O,303.1,0.2390169004704999,0.48691257181141845
CCCCO,CNC(C)=O,318.4,0.0953101798043249,0.4308308532027205
CCCCO,CNC(C)=O,333.2,-0.030459207,0.37658187049626735
c1ccccc1,CNC(C)=O,303.3,1.2584609896100056,1.3713906099709998
c1ccccc1,CNC(C)=O,318.4,1.205970806988609,1.2565428961609975
c1ccccc1,CNC(C)=O,333.3,1.091923300517313,1.1432163441233123
CC#N,CNC(C)=O,303.1,0.7608058290337602,0.378196093613977
CC#N,CNC(C)=O,318.4,0.7030975114131134,0.297976090520486
CC#N,CNC(C)=O,333.2,0.6575200029167941,0.2203776561555406
CC=O,CNC(C)=O,303.1,0.7466879474879751,0.9342060167424351
CC=O,CNC(C)=O,318.4,0.7080357930536959,0.8539860136489441
CC=O,CNC(C)=O,333.2,0.6523251860396901,0.7763875792839992
ClCCl,CNC(C)=O,303.3,0.0198026272961797,1.9583820667409322
ClCCl,CNC(C)=O,318.4,0.0392207131532813,1.8435343529309298
ClCCl,CNC(C)=O,333.2,0.048790164169432,1.730968381779404
CC(C)CO,CNC(C)=O,318.4,0.009950330853168,0.4008782791808483
CC(C)CO,CNC(C)=O,318.4,0.009950330853168,0.4008782791808483
CC(C)CO,CNC(C)=O,333.2,-0.030459207,0.3466292964743951
CC(C)CO,CNC(C)=O,333.2,-0.030459207,0.3466292964743951
ClC=C(Cl)Cl,CNC(C)=O,303.4,0.7793248768009977,1.7823252052966168
ClC=C(Cl)Cl,CNC(C)=O,318.4,0.8329091229351039,1.6682380723727732
ClC=C(Cl)Cl,CNC(C)=O,333.2,0.8878912573524571,1.5556721012212473
COC(C)=O,CNC(C)=O,318.4,0.9001613499442714,1.0159775469759524
COC(C)=O,CNC(C)=O,331.9,0.8919980393051105,0.945195191305225
CCc1ccccc1,CNC(C)=O,303.1,1.6253112615903906,1.3427249405295862
CCc1ccccc1,CNC(C)=O,318.4,1.5953389880545987,1.2263560649472662
CCc1ccccc1,CNC(C)=O,331.9,1.572773928062509,1.1236776453158068
ClCCCl,CNC(C)=O,303.4,0.4700036292457356,1.8449620760221457
ClCCCl,CNC(C)=O,318.4,0.4824261492442928,1.7308749430983021
ClCCCl,CNC(C)=O,333.2,0.494696241836107,1.6183089719467763
COC=O,CNC(C)=O,318.4,0.7561219797213337,0.7641197464153926
COC=O,CNC(C)=O,331.9,0.7839015438284094,0.6933373907446656
CC(C)OC(C)C,CNC(C)=O,303.1,1.897619859927532,1.976806412377558
CC(C)OC(C)C,CNC(C)=O,318.4,1.8687205103641835,1.92072469376886
CC(C)OC(C)C,CNC(C)=O,333.2,1.8468787684491343,1.8664757110624068
CC1CCCCC1,CNC(C)=O,303.1,2.485739636091892,0.5217143201972267
CC1CCCCC1,CNC(C)=O,318.4,2.4042387467205457,0.41417135105339487
CC1CCCCC1,CNC(C)=O,333.2,2.3646204839134985,0.3101428580253742
Cc1ccccc1,CNC(C)=O,303.2,1.3376291891386096,1.3743935840085255
Cc1ccccc1,CNC(C)=O,318.4,1.3110318766193438,1.2587852893123643
Cc1ccccc1,CNC(C)=O,333.2,1.2864740258376797,1.1462193181608384
Clc1ccccc1,CNC(C)=O,332.8,1.118414915964289,1.1827892642141218
Oc1ccccc1,CNC(C)=O,413.5,-2.302585093,1.563303038001953
CCCOC(C)=O,CNC(C)=O,304.2,1.1908875647772803,1.3285238929930316
CCCOC(C)=O,CNC(C)=O,318.4,1.1568811967920856,1.2540713411023408
CCCOC(C)=O,CNC(C)=O,333.2,1.1151415906193205,1.1764729067373954
CCCCC,CNC(C)=O,303.4,2.481567748522486,0.573621959934953
CCCCC,CNC(C)=O,318.4,2.4309783077624445,0.4681876764606079
CCCCC,CNC(C)=O,333.2,2.3841650799864684,0.36415918343258724
C1CCOC1,CNC(C)=O,303.1,0.7561219797213337,1.4509067987661786
C1CCOC1,CNC(C)=O,318.4,0.7371640659767196,1.3706867956726878
C1CCOC1,CNC(C)=O,333.1,0.7227059828014898,1.2936126750534511
CCCCCC,CNC(C)=O,303,2.7239235502585,0.6002514442734448
CCCCCC,CNC(C)=O,318.4,2.6311691567662523,0.4920055799064502
CCCCCC,CNC(C)=O,333.8,2.543961412569315,0.38375971553945565
c1ccncc1,CNC(C)=O,318.4,0.4252677354043441,0.7760222618446084
c1ccncc1,CNC(C)=O,331.9,0.4574248470388755,0.7008151296359904
c1ccncc1,CNC(C)=O,398.6,0.4252677354043441,0.3292361875385965
CCCCOC(C)=O,CNC(C)=O,303,1.2669476034873244,1.4122046421186947
CCCCOC(C)=O,CNC(C)=O,318.4,1.2669476034873244,1.3314603252794948
CCCCOC(C)=O,CNC(C)=O,333.2,1.2412685890696329,1.2538618909145494
C1COCCO1,CNC(C)=O,303,0.9122827104766164,1.2237856534555722
C1COCCO1,CNC(C)=O,318.4,0.883767540168595,1.1430413366163723
C1COCCO1,CNC(C)=O,333.3,0.8329091229351039,1.0649185885057175
CCOC(C)=O,CNC(C)=O,304.2,1.0260415958332745,1.2079953174914007
CCOC(C)=O,CNC(C)=O,318.4,1.0152306797290584,1.1335427656007098
CCOC(C)=O,CNC(C)=O,331.9,1.000631880307906,1.0627604099299826
CCCCCCC,CNC(C)=O,303.1,2.9183111265854063,0.6233664524961244
CCCCCCC,CNC(C)=O,318.4,2.8361502037295256,0.5158234833522926
CCCCCCC,CNC(C)=O,333.2,2.7744619666214616,0.4117949903242719
COC(C)(C)C,CNC(C)=O,303.3,1.5644405465033646,1.7756598771504366
COC(C)(C)C,CNC(C)=O,318.4,1.4906543764441336,1.7203112529026365
COC(C)(C)C,CNC(C)=O,333.2,1.430311246536665,1.6660622701961834
ClC(Cl)Cl,COC(C)=O,322.7,-0.579818495,1.6785520745530107
ClC(Cl)Cl,COC(C)=O,312.9,-0.653926467,1.7530890013965883
CCCC(C)C,COC(C)=O,298.2,1.7101878155342434,0.8784563797654923
CC(C)CC(C)C,COC(C)=O,298.2,1.8421356765531216,0.9022742832113346
CCCCC,COC(C)=O,298.2,1.5282278570085572,0.85463847631965
CCCCCC,COC(C)=O,298.2,1.7681496035889213,0.8784563797654923
CCCCCCCC,COC(C)=O,298.2,2.1435893615035875,0.926092186657177
CCCCCCCCC,COC(C)=O,298.2,2.336019869080283,0.9499100901030193
CCCCCCC,COC(C)=O,298.2,1.9643112344262048,0.9022742832113346
CC(C)C(C)C(C)C,COC(C)=O,298.2,1.9300710850255671,0.926092186657177
CC(C)CCC(C)C,COC(C)=O,298.2,2.0149030205422647,0.926092186657177
CCC1CCCCC1,COC(C)=O,298.2,2.005525858729668,0.8131538584909732
ClC(Cl)(Cl)Cl,CC[N+](=O)[O-],293.2,1.3686394258811698,1.756204209289704
CCO,CC[N+](=O)[O-],293.2,1.9065751436566365,-0.479420267
CO,CC[N+](=O)[O-],293.2,1.803358605071407,-0.832378111
ClC(Cl)Cl,CC[N+](=O)[O-],293.2,0,2.1349025387615517
c1ccccc1,CC[N+](=O)[O-],293.2,0.598836501088704,1.4363497326429187
CCBr,CC[N+](=O)[O-],293.2,0.5306282510621704,1.655933652464575
CCI,CC[N+](=O)[O-],293.2,1.0260415958332745,1.3907634363063677
ClCCl,CC[N+](=O)[O-],293.2,-0.083381609,2.0233411894128506
S=C=S,CC[N+](=O)[O-],293.2,1.615419984111648,1.3392583761424035
CCCCC,CC[N+](=O)[O-],293.2,2.263844264677615,0.9343426064150311
C=CCCC,CC[N+](=O)[O-],293.2,1.6486586255873816,0.9348586738365596
CCCCCC,CC[N+](=O)[O-],293.2,2.4336133554004498,0.9581605098608734
CCCCCCC,CC[N+](=O)[O-],293.2,2.9882040071331994,0.9819784133067158
ClC(Cl)(Cl)Cl,CC(C)[N+](=O)[O-],293.2,0.8754687373538999,1.7161922111358616
CCO,CC(C)[N+](=O)[O-],293.2,2.130609828254235,-0.575994161
CO,CC(C)[N+](=O)[O-],293.2,2.122261538862764,-0.928952005
CO,CC(C)[N+](=O)[O-],293.2,2.122261538862764,-0.928952005
ClC(Cl)Cl,CC(C)[N+](=O)[O-],293.2,-0.127833372,2.094890540607709
CCBr,CC(C)[N+](=O)[O-],293.2,0.4252677354043441,1.6159216543107329
CCI,CC(C)[N+](=O)[O-],293.2,0.7975071958841882,1.3507514381525252
ClCCl,CC(C)[N+](=O)[O-],293.2,-0.094310679,1.9833291912590085
S=C=S,CC(C)[N+](=O)[O-],293.2,1.3937663759585917,1.2992463779885606
CC1CCCCC1,CC(C)[N+](=O)[O-],293.2,1.916922612182061,0.9229023544037522
CCCCC,CC(C)[N+](=O)[O-],293.2,1.8718021769015916,0.9769186798109653
C=CCCC,CC(C)[N+](=O)[O-],293.2,1.3001916620664788,0.9774347472324942
CCCCCC,CC(C)[N+](=O)[O-],293.2,2.0149030205422647,1.0007365832568076
CCCCCCC,CC(C)[N+](=O)[O-],293.2,2.175887439948088,1.02455448670265
CCCCO,CC1=CCC2CC1C2(C)C,353.2,1.9851308622085944,-1.125734073
CCCCO,CC1=CCC2CC1C2(C)C,373.2,1.8389610707123487,-1.199043509
c1ccccc1,CC1=CCC2CC1C2(C)C,353.2,0.1655144384775733,0.5065473484827727
c1ccccc1,CC1=CCC2CC1C2(C)C,373.2,0.1570037488096647,0.35443117125098134
CCc1ccccc1,CC1=CCC2CC1C2(C)C,353.2,0.2151113796169455,0.47636051726904194
CCc1ccccc1,CC1=CCC2CC1C2(C)C,373.2,0.2151113796169455,0.3242443400372501
Cc1ccccc1,CC1=CCC2CC1C2(C)C,353.2,0.3001045924503381,0.5087897416341396
Cc1ccccc1,CC1=CCC2CC1C2(C)C,373.2,0.3220834991691132,0.35667356440234776
C=CCCCCCC,CC1=CCC2CC1C2(C)C,353.2,0.1397619423751586,0.7715358456484105
C=CCCCCCC,CC1=CCC2CC1C2(C)C,373.2,0.0953101798043249,0.6309568010159503
CCCCCCC,CC1=CCC2CC1C2(C)C,353.2,0.1484200051182732,0.7472018747810392
CCCCCCC,CC1=CCC2CC1C2(C)C,373.2,0.1739533071234379,0.606622830148579
CCOCC,CCOC(=O)c1ccccc1C(=O)OCC,303.2,0.3852624007906449,0.41790700582250895
CCOCC,CCOC(=O)c1ccccc1C(=O)OCC,313.2,0.378436435720245,0.3812522877776081
CCOCC,CCOC(=O)c1ccccc1C(=O)OCC,323.2,0.378436435720245,0.3445975697327073
CCOCC,CCOC(=O)c1ccccc1C(=O)OCC,333.2,0.378436435720245,0.30794285168780666
CCO,CCOC(=O)c1ccccc1C(=O)OCC,303.2,1.029619417181158,-1.189068817
CCO,CCOC(=O)c1ccccc1C(=O)OCC,313.2,0.947789398933526,-1.225723535
CCO,CCOC(=O)c1ccccc1C(=O)OCC,323.2,0.8754687373538999,-1.262378253
CCO,CCOC(=O)c1ccccc1C(=O)OCC,333.2,0.7929925155296614,-1.299032972
CO,CCOC(=O)c1ccccc1C(=O)OCC,303.2,0.9321640810304452,-1.542026661
CO,CCOC(=O)c1ccccc1C(=O)OCC,313.2,0.8544153281560676,-1.578681379
CO,CCOC(=O)c1ccccc1C(=O)OCC,323.2,0.7929925155296614,-1.615336097
CO,CCOC(=O)c1ccccc1C(=O)OCC,333.2,0.7227059828014898,-1.651990816
CC(C)O,CCOC(=O)c1ccccc1C(=O)OCC,303.2,1.0402767116551463,-1.002489592
CC(C)O,CCOC(=O)c1ccccc1C(=O)OCC,313.2,0.9439058989071284,-1.03914431
CC(C)O,CCOC(=O)c1ccccc1C(=O)OCC,323.2,0.8671004876833833,-1.075799028
CC(C)O,CCOC(=O)c1ccccc1C(=O)OCC,333.2,0.7747271675523681,-1.112453746
CC(C)=O,CCOC(=O)c1ccccc1C(=O)OCC,303.2,-0.061875404,-0.220014583
CC(C)=O,CCOC(=O)c1ccccc1C(=O)OCC,313.2,-0.061875404,-0.272445958
CC(C)=O,CCOC(=O)c1ccccc1C(=O)OCC,323.2,-0.061875404,-0.324877332
CC(C)=O,CCOC(=O)c1ccccc1C(=O)OCC,333.2,-0.061875404,-0.377308707
ClC(Cl)Cl,CCOC(=O)c1ccccc1C(=O)OCC,333.2,-0.713349888,0.9352694560328367
ClC(Cl)Cl,CCOC(=O)c1ccccc1C(=O)OCC,323.2,-0.755022584,1.0113275446487324
ClC(Cl)Cl,CCOC(=O)c1ccccc1C(=O)OCC,313.2,-0.798507696,1.0873856332646281
ClC(Cl)Cl,CCOC(=O)c1ccccc1C(=O)OCC,303.2,-0.867500568,1.1634437218805238
CCCO,CCOC(=O)c1ccccc1C(=O)OCC,303.2,1.0367368849500225,-1.015645055
CCCO,CCOC(=O)c1ccccc1C(=O)OCC,313.2,0.9321640810304452,-1.052299773
CCCO,CCOC(=O)c1ccccc1C(=O)OCC,323.2,0.85015092936961,-1.088954491
CCCO,CCOC(=O)c1ccccc1C(=O)OCC,333.2,0.7608058290337602,-1.125609209
c1ccccc1,CCOC(=O)c1ccccc1C(=O)OCC,303.2,-0.094310679,0.4648909157618908
c1ccccc1,CCOC(=O)c1ccccc1C(=O)OCC,313.2,-0.083381609,0.3888328271459951
c1ccccc1,CCOC(=O)c1ccccc1C(=O)OCC,323.2,-0.083381609,0.3127747385300994
c1ccccc1,CCOC(=O)c1ccccc1C(=O)OCC,333.2,-0.083381609,0.23671664991420371
CC=O,CCOC(=O)c1ccccc1C(=O)OCC,303.2,-0.094310679,-0.349559041
CC=O,CCOC(=O)c1ccccc1C(=O)OCC,313.2,-0.094310679,-0.401990416
CC=O,CCOC(=O)c1ccccc1C(=O)OCC,323.2,-0.105360516,-0.45442179
CC=O,CCOC(=O)c1ccccc1C(=O)OCC,333.2,-0.105360516,-0.506853165
ClCCl,CCOC(=O)c1ccccc1C(=O)OCC,333.2,-0.616186139,0.8237081066841361
ClCCl,CCOC(=O)c1ccccc1C(=O)OCC,323.2,-0.634878272,0.8997661953000318
ClCCl,CCOC(=O)c1ccccc1C(=O)OCC,313.2,-0.653926467,0.9758242839159275
ClCCl,CCOC(=O)c1ccccc1C(=O)OCC,303.2,-0.673344553,1.0518823725318232
CC(C)CO,CCOC(=O)c1ccccc1C(=O)OCC,298.2,0.8586616190375187,-0.839598728
CC(C)CO,CCOC(=O)c1ccccc1C(=O)OCC,348.2,0.5187937934151675,-1.022872318
CCCC(C)=O,CCOC(=O)c1ccccc1C(=O)OCC,303.2,-0.010050336,-0.058714066
CCCC(C)=O,CCOC(=O)c1ccccc1C(=O)OCC,313.2,-0.010050336,-0.11114544
CCCC(C)=O,CCOC(=O)c1ccccc1C(=O)OCC,323.2,0,-0.163576815
CCCC(C)=O,CCOC(=O)c1ccccc1C(=O)OCC,333.2,0.009950330853168,-0.21600819
CC(C)OC(C)C,CCOC(=O)c1ccccc1C(=O)OCC,303.2,0.8241754429663494,0.6619203273042871
CC(C)OC(C)C,CCOC(=O)c1ccccc1C(=O)OCC,313.2,0.8153648132841944,0.6252656092593862
CC(C)OC(C)C,CCOC(=O)c1ccccc1C(=O)OCC,323.2,0.8109302162163288,0.5886108912144854
CC(C)OC(C)C,CCOC(=O)c1ccccc1C(=O)OCC,333.2,0.7929925155296614,0.5519561731695848
Cc1ccccc1,CCOC(=O)c1ccccc1C(=O)OCC,303.2,0.0861776962410524,0.46713330891325766
Cc1ccccc1,CCOC(=O)c1ccccc1C(=O)OCC,313.2,0.0769610411361284,0.3910752202973615
Cc1ccccc1,CCOC(=O)c1ccccc1C(=O)OCC,323.2,0.0861776962410524,0.3150171316814667
Cc1ccccc1,CCOC(=O)c1ccccc1C(=O)OCC,333.2,0.0861776962410524,0.23895904306557014
CCCCC,CCOC(=O)c1ccccc1C(=O)OCC,303.2,1.3987168811184478,0.004485793776372482
CCCCC,CCOC(=O)c1ccccc1C(=O)OCC,313.2,1.3376291891386096,-0.065803729
CCCCC,CCOC(=O)c1ccccc1C(=O)OCC,323.2,1.3001916620664788,-0.136093251
CCCCC,CCOC(=O)c1ccccc1C(=O)OCC,333.2,1.252762968495368,-0.206382773
C=CCCC,CCOC(=O)c1ccccc1C(=O)OCC,303.2,0.9555114450274363,0.005001861197901469
C=CCCC,CCOC(=O)c1ccccc1C(=O)OCC,313.2,0.9202827531436923,-0.065287661
C=CCCC,CCOC(=O)c1ccccc1C(=O)OCC,323.2,0.9001613499442714,-0.135577183
C=CCCC,CCOC(=O)c1ccccc1C(=O)OCC,333.2,0.8712933659434193,-0.205866706
C1CCOC1,CCOC(=O)c1ccccc1C(=O)OCC,303.2,-0.248461359,0.16714174102757262
C1CCOC1,CCOC(=O)c1ccccc1C(=O)OCC,313.2,-0.235722334,0.11471036645666333
C1CCOC1,CCOC(=O)c1ccccc1C(=O)OCC,323.2,-0.223143551,0.06227899188575403
C1CCOC1,CCOC(=O)c1ccccc1C(=O)OCC,333.2,-0.210721031,0.00984761731484518
CCCCCC,CCOC(=O)c1ccccc1C(=O)OCC,303.2,1.5769147207285403,0.02830369722221482
CCCCCC,CCOC(=O)c1ccccc1C(=O)OCC,313.2,1.5107219394949427,-0.041985825
CCCCCC,CCOC(=O)c1ccccc1C(=O)OCC,323.2,1.463255402256019,-0.112275347
CCCCCC,CCOC(=O)c1ccccc1C(=O)OCC,333.2,1.4085449700547104,-0.18256487
CCCCCCCC,CCOC(=O)c1ccccc1C(=O)OCC,303.2,1.925707441737794,0.07593950411389994
CCCCCCCC,CCOC(=O)c1ccccc1C(=O)OCC,313.2,1.8468787684491343,0.005649981797669845
CCCCCCCC,CCOC(=O)c1ccccc1C(=O)OCC,323.2,1.7833912195575383,-0.064639541
CCCCCCCC,CCOC(=O)c1ccccc1C(=O)OCC,333.2,1.713797927758343,-0.134929063
C=CCCCCCC,CCOC(=O)c1ccccc1C(=O)OCC,303.2,1.451613827240533,0.07645557153542848
C=CCCCCCC,CCOC(=O)c1ccccc1C(=O)OCC,313.2,1.3937663759585917,0.0061660492191983884
C=CCCCCCC,CCOC(=O)c1ccccc1C(=O)OCC,323.2,1.358409157630355,-0.064123473
C=CCCCCCC,CCOC(=O)c1ccccc1C(=O)OCC,333.2,1.3137236682850553,-0.134412995
CCCCCCC,CCOC(=O)c1ccccc1C(=O)OCC,303.2,1.747459210331475,0.052121600668057155
CCCCCCC,CCOC(=O)c1ccccc1C(=O)OCC,313.2,1.673351238177753,-0.018167922
CCCCCCC,CCOC(=O)c1ccccc1C(=O)OCC,323.2,1.623340817603092,-0.088457444
CCCCCCC,CCOC(=O)c1ccccc1C(=O)OCC,333.2,1.5602476682433286,-0.158746966
C=CCCCC,CCOC(=O)c1ccccc1C(=O)OCC,303.2,1.1216775615991057,0.03198000109314769
C=CCCCC,CCOC(=O)c1ccccc1C(=O)OCC,313.2,1.0784095813505905,-0.038309521
C=CCCCC,CCOC(=O)c1ccccc1C(=O)OCC,323.2,1.0543120297715298,-0.108599044
C=CCCCC,CCOC(=O)c1ccccc1C(=O)OCC,333.2,1.0224509277025455,-0.178888566
COC(C)(C)C,CCOC(=O)c1ccccc1C(=O)OCC,303.2,0.4574248470388755,0.4615068864380636
COC(C)(C)C,CCOC(=O)c1ccccc1C(=O)OCC,313.2,0.4510756193602167,0.42485216839316275
COC(C)(C)C,CCOC(=O)c1ccccc1C(=O)OCC,323.2,0.4510756193602167,0.3881974503482619
COC(C)(C)C,CCOC(=O)c1ccccc1C(=O)OCC,333.2,0.4446858212614457,0.3515427323033613
ClC(Cl)(Cl)Cl,c1ccc2ncccc2c1,298.2,0.3646431135879092,0.9181552665078758
CC(C)=O,c1ccc2ncccc2c1,298.2,0.4054651081081644,0.06482500238524747
ClC(Cl)Cl,c1ccc2ncccc2c1,298.2,-0.755022584,1.2968535959797238
c1ccccc1,c1ccc2ncccc2c1,293.2,0.5128236264286637,0.6363298341690387
c1ccccc1,c1ccc2ncccc2c1,298.2,0.2776317365982795,0.5983007898610904
CCBr,c1ccc2ncccc2c1,298.2,0.2390169004704999,0.8178847096827471
CCI,c1ccc2ncccc2c1,298.2,0.4382549309311553,0.5527144935245394
CC#N,c1ccc2ncccc2c1,298.2,0.7608058290337602,-0.620729379
CCC(C)C,c1ccc2ncccc2c1,293.2,2.1435893615035875,0.030707243636673986
CC(C)C(C)C,c1ccc2ncccc2c1,293.2,2.2438960966453663,0.05452514708251632
ClCCCl,c1ccc2ncccc2c1,298.2,-0.083381609,1.072632836798395
CCCC(C)C,c1ccc2ncccc2c1,293.2,2.2417729535972883,0.05452514708251632
CC(C)OC(C)C,c1ccc2ncccc2c1,298.2,1.144222799920162,0.7199868192032455
CC1CCCCC1,c1ccc2ncccc2c1,293.2,1.88706964903238,-0.023309082
CCCCC,c1ccc2ncccc2c1,293.2,2.0554049638515948,0.030707243636673986
CCCCCC,c1ccc2ncccc2c1,293.2,2.1412419425852827,0.05452514708251632
CCCCCC,c1ccc2ncccc2c1,298.2,1.8718021769015916,0.019380385924401278
CCOC(C)=O,c1ccc2ncccc2c1,298.2,0.3987761199573678,0.21483729632266657
CCCCCCC,c1ccc2ncccc2c1,293.2,2.256541154492639,0.07834305052835866
C1CCCC1,c1ccc2ncccc2c1,293.2,1.396244691973059,-0.082231085
CC(C)CC(C)(C)C,c1ccc2ncccc2c1,293.2,2.558776498354456,0.102160953974201
CCCC(C)(C)C,c1ccc2ncccc2c1,293.2,2.435366204227864,0.07834305052835866
C=CCCCC,c1ccc2ncccc2c1,293.2,1.715598108262491,0.058201450953449196
CCOCC,CCOC(=O)c1ccccc1,313.2,0.2546422183735807,0.49323041779451904
CCOCC,CCOC(=O)c1ccccc1,323.2,0.262364264467491,0.4565756997496182
CCOCC,CCOC(=O)c1ccccc1,333.2,0.262364264467491,0.4199209817047176
CCOCC,CCOC(=O)c1ccccc1,343.2,0.2700271372130602,0.38326626365981675
c1ccccc1,CCOC(=O)c1ccccc1,313.2,-0.040821995,0.7342626969565043
c1ccccc1,CCOC(=O)c1ccccc1,323.2,-0.040821995,0.6582046083406086
c1ccccc1,CCOC(=O)c1ccccc1,333.2,-0.040821995,0.5821465197247129
c1ccccc1,CCOC(=O)c1ccccc1,343.2,-0.030459207,0.5060884311088172
CC1CCCC1,CCOC(=O)c1ccccc1,313.2,0.7929925155296614,0.3369225514928944
CC1CCCC1,CCOC(=O)c1ccccc1,323.2,0.7654678421395714,0.2666330291766643
CC1CCCC1,CCOC(=O)c1ccccc1,333.2,0.7466879474879751,0.19634350686043422
CC1CCCC1,CCOC(=O)c1ccccc1,343.2,0.7275486072772777,0.12605398454420413
CCc1ccccc1,CCOC(=O)c1ccccc1,313.2,0.0953101798043249,0.704075865742773
CCc1ccccc1,CCOC(=O)c1ccccc1,323.2,0.0769610411361284,0.6280177771268773
CCc1ccccc1,CCOC(=O)c1ccccc1,333.2,0.0676586484738148,0.5519596885109816
CCc1ccccc1,CCOC(=O)c1ccccc1,343.2,0.0582689081239758,0.47590159989508596
Cc1ccc(C)cc1,CCOC(=O)c1ccccc1,313.2,0.0953101798043249,0.6902855052964139
Cc1ccc(C)cc1,CCOC(=O)c1ccccc1,323.2,0.1043600153242428,0.6142274166805182
Cc1ccc(C)cc1,CCOC(=O)c1ccccc1,333.2,0.1133286853070032,0.5381693280646225
Cc1ccc(C)cc1,CCOC(=O)c1ccccc1,343.2,0.1222176327242491,0.4621112394487268
CCCC(C)C,CCOC(=O)c1ccccc1,313.2,1.0986122886681098,0.4403801703108865
CCCC(C)C,CCOC(=O)c1ccccc1,323.2,1.0681530811834012,0.3700906479946564
CCCC(C)C,CCOC(=O)c1ccccc1,333.2,1.0473189942805592,0.2998011256784263
CCCC(C)C,CCOC(=O)c1ccccc1,343.2,1.029619417181158,0.22951160336219623
CC(C)OC(C)C,CCOC(=O)c1ccccc1,313.2,0.5423242908253617,0.7372437392762969
CC(C)OC(C)C,CCOC(=O)c1ccccc1,323.2,0.5538851132264376,0.7005890212313961
CC(C)OC(C)C,CCOC(=O)c1ccccc1,333.2,0.5481214085096876,0.6639343031864955
CC(C)OC(C)C,CCOC(=O)c1ccccc1,343.2,0.5653138090500605,0.6272795851415947
CC1CCCCC1,CCOC(=O)c1ccccc1,313.2,0.8586616190375187,0.3625459414578316
CC1CCCCC1,CCOC(=O)c1ccccc1,323.2,0.8241754429663494,0.2922564191416015
CC1CCCCC1,CCOC(=O)c1ccccc1,333.2,0.7929925155296614,0.2219668968253714
CC1CCCCC1,CCOC(=O)c1ccccc1,343.2,0.7608058290337602,0.15167737450914132
Cc1ccccc1,CCOC(=O)c1ccccc1,313.2,0.0392207131532813,0.7365050901078707
Cc1ccccc1,CCOC(=O)c1ccccc1,323.2,0.0392207131532813,0.660447001491975
Cc1ccccc1,CCOC(=O)c1ccccc1,333.2,0.0295588022415444,0.5843889128760793
Cc1ccccc1,CCOC(=O)c1ccccc1,343.2,0.0295588022415444,0.5083308242601836
CCCCC,CCOC(=O)c1ccccc1,313.2,1.0188473201992472,0.4165622668650446
CCCCC,CCOC(=O)c1ccccc1,323.2,1.000631880307906,0.3462727445488145
CCCCC,CCOC(=O)c1ccccc1,333.2,0.9745596399981308,0.2759832222325844
CCCCC,CCOC(=O)c1ccccc1,343.2,0.959350221334602,0.20569369991635433
C=CCCC,CCOC(=O)c1ccccc1,313.2,0.6678293725756554,0.41707833428657315
C=CCCC,CCOC(=O)c1ccccc1,323.2,0.6523251860396901,0.34678881197034306
C=CCCC,CCOC(=O)c1ccccc1,333.2,0.6418538861723947,0.27649928965411297
C=CCCC,CCOC(=O)c1ccccc1,343.2,0.6312717768418578,0.20620976733788288
CCCCCC,CCOC(=O)c1ccccc1,313.2,1.095273387402595,0.4403801703108865
CCCCCC,CCOC(=O)c1ccccc1,323.2,1.0612565021243408,0.3700906479946564
CCCCCC,CCOC(=O)c1ccccc1,333.2,1.0331844833456545,0.2998011256784263
CCCCCC,CCOC(=O)c1ccccc1,343.2,1.0043016091968684,0.22951160336219623
CCCCCCCC,CCOC(=O)c1ccccc1,313.2,1.2178757094949273,0.4880159772025716
CCCCCCCC,CCOC(=O)c1ccccc1,323.2,1.172482137234565,0.4177264548863415
CCCCCCCC,CCOC(=O)c1ccccc1,333.2,1.1249295969854831,0.34743693257011143
CCCCCCCC,CCOC(=O)c1ccccc1,343.2,1.085189268335969,0.27714741025388134
C=CCCCCCC,CCOC(=O)c1ccccc1,313.2,0.8415671856782185,0.4885320446241006
C=CCCCCCC,CCOC(=O)c1ccccc1,323.2,0.8153648132841944,0.4182425223078705
C=CCCCCCC,CCOC(=O)c1ccccc1,333.2,0.7975071958841882,0.3479529999916404
C=CCCCCCC,CCOC(=O)c1ccccc1,343.2,0.7793248768009977,0.27766347767541033
CCCCCCC,CCOC(=O)c1ccccc1,313.2,1.1505720275988207,0.4641980737567293
CCCCCCC,CCOC(=O)c1ccccc1,323.2,1.1151415906193205,0.3939085514404992
CCCCCCC,CCOC(=O)c1ccccc1,333.2,1.0818051703517284,0.3236190291242691
CCCCCCC,CCOC(=O)c1ccccc1,343.2,1.0508216248317612,0.253329506808039
C1CCCC1,CCOC(=O)c1ccccc1,313.2,0.636576829071551,0.3036239386988404
C1CCCC1,CCOC(=O)c1ccccc1,323.2,0.62057648772511,0.23333441638261032
C1CCCC1,CCOC(=O)c1ccccc1,333.2,0.598836501088704,0.16304489406638023
C1CCCC1,CCOC(=O)c1ccccc1,343.2,0.5822156198526637,0.09275537175015014
C=CCCCC,CCOC(=O)c1ccccc1,313.2,0.7323678937132266,0.44405647418181937
C=CCCCC,CCOC(=O)c1ccccc1,323.2,0.7178397931503168,0.3737669518655893
C=CCCCC,CCOC(=O)c1ccccc1,333.2,0.7030975114131134,0.3034774295493592
C=CCCCC,CCOC(=O)c1ccccc1,343.2,0.688134638736401,0.2331879072331291
COC(C)(C)C,CCOC(=O)c1ccccc1,313.2,0.29266961396282,0.5368302984100737
COC(C)(C)C,CCOC(=O)c1ccccc1,323.2,0.3001045924503381,0.5001755803651728
COC(C)(C)C,CCOC(=O)c1ccccc1,333.2,0.3074846997479607,0.46352086232027223
COC(C)(C)C,CCOC(=O)c1ccccc1,343.2,0.3148107398400336,0.4268661442753714
ClC(Cl)(Cl)Cl,CC(=O)c1ccccc1,293.2,0.5306282510621704,1.2565781146883266
CCO,CC(=O)c1ccccc1,293.2,1.2864740258376797,-0.908000856
CCO,CC(=O)c1ccccc1,298.2,1.1939224684724346,-0.926328215
CO,CC(=O)c1ccccc1,293.2,1.244154593958768,-1.2609587
ClC(Cl)Cl,CC(=O)c1ccccc1,293.2,-0.544727175,1.6352764441601741
c1ccccc1,CC(=O)c1ccccc1,298.2,0.2070141693843261,0.8986945937335933
CCBr,CC(=O)c1ccccc1,293.2,0.1655144384775733,1.1563075578631974
CCI,CC(=O)c1ccccc1,293.2,0.3506568716131693,0.8911373417049901
CC#N,CC(=O)c1ccccc1,293.2,0.5007752879124892,-0.324620088
ClCCl,CC(=O)c1ccccc1,293.2,-0.478035801,1.5237150948114735
S=C=S,CC(=O)c1ccccc1,293.2,0.7178397931503168,0.839632281541026
C[N+](=O)[O-],CC(=O)c1ccccc1,298.2,0.1906203596086497,-0.456367748
OCc1ccccc1,CC(=O)c1ccccc1,473.2,0.0295588022415444,0.1307516914936775
OCc1ccccc1,CC(=O)c1ccccc1,413.2,0.0295588022415444,0.46500561242086835
CCCC(C)C,CC(=O)c1ccccc1,298.2,1.8825138324965192,0.4030198994750478
CC(C)CC(C)C,CC(=O)c1ccccc1,298.2,2.0769384114617173,0.42683780292089013
CC1CCCCC1,CC(=O)c1ccccc1,293.2,1.5325568680981427,0.3603304317801075
Cc1ccccc1,CC(=O)c1ccccc1,298.2,0.2311117209633866,0.9009369868849602
CCCCC,CC(=O)c1ccccc1,293.2,1.791759469228055,0.4143467571873205
CCCCC,CC(=O)c1ccccc1,298.2,1.6544112780768316,0.37920199602920546
C=CCCC,CC(=O)c1ccccc1,293.2,1.3029127521808397,0.4148628246088495
CCCCCC,CC(=O)c1ccccc1,293.2,1.922787731634459,0.43816466063316284
CCCCCC,CC(=O)c1ccccc1,298.2,1.8547342683894437,0.4030198994750478
CCCCCC,CC(=O)c1ccccc1,298.2,1.908059924924216,0.4030198994750478
CCCCCCCC,CC(=O)c1ccccc1,298.2,2.028148247292285,0.45065570636673247
CCCCCCCC,CC(=O)c1ccccc1,298.2,2.149433913499871,0.45065570636673247
CCCCCCCCC,CC(=O)c1ccccc1,298.2,2.277267285009756,0.47447360981257525
C1COCCO1,CC(=O)c1ccccc1,298.2,-0.15082289,0.49422947086093894
CCCCCCC,CC(=O)c1ccccc1,293.2,2.0255131996542803,0.4619825640790052
CCCCCCC,CC(=O)c1ccccc1,298.2,1.9960599327407849,0.42683780292089013
CC(C)C(C)C(C)C,CC(=O)c1ccccc1,298.2,2.05668455455722,0.45065570636673247
CC(C)CCC(C)C,CC(=O)c1ccccc1,298.2,2.2353763433005955,0.45065570636673247
CCC1CCCCC1,CC(=O)c1ccccc1,298.2,1.809926773183504,0.3377173782005287
ClC(Cl)(Cl)Cl,O=[N+]([O-])c1ccccc1,293.2,0.8153648132841944,1.5015079169430985
CCO,O=[N+]([O-])c1ccccc1,293.2,2.3702437414678603,-0.767820755
CCO,O=[N+]([O-])c1ccccc1,298.2,2.214846178686039,-0.786148114
CO,O=[N+]([O-])c1ccccc1,293.2,2.341805806147327,-1.120778599
CC(C)=O,O=[N+]([O-])c1ccccc1,293.2,0.2151113796169455,0.6407593197576267
ClC(Cl)Cl,O=[N+]([O-])c1ccccc1,293.2,0.0198026272961797,1.8802062464149465
c1ccccc1,O=[N+]([O-])c1ccccc1,293.2,0.3293037471426003,1.181653440296313
c1ccccc1,O=[N+]([O-])c1ccccc1,298.2,0.1823215567939546,1.1436243959883656
c1ccccc1,O=[N+]([O-])c1ccccc1,298.2,0.3435897043900768,1.1436243959883656
c1ccccc1,O=[N+]([O-])c1ccccc1,333.2,0.0953101798043249,0.8774210858327303
c1ccccc1,O=[N+]([O-])c1ccccc1,373.2,0,0.5731887313691466
CCBr,O=[N+]([O-])c1ccccc1,293.2,0.4054651081081644,1.4012373601179697
CCI,O=[N+]([O-])c1ccccc1,293.2,0.6043159668533296,1.136067143959762
CC#N,O=[N+]([O-])c1ccccc1,293.2,0.5481214085096876,-0.044795061
ClCCl,O=[N+]([O-])c1ccccc1,293.2,-0.010050336,1.7686448970662454
S=C=S,O=[N+]([O-])c1ccccc1,293.2,0.9669838461896731,1.0845620837957979
C[N+](=O)[O-],O=[N+]([O-])c1ccccc1,298.2,0.3364722366212129,-0.176542722
ClCCCl,O=[N+]([O-])c1ccccc1,293.2,0.0861776962410524,1.6559854872336177
CCCC(C)C,O=[N+]([O-])c1ccccc1,298.2,2.1162555148025524,0.580182671646178
CC(C)CC(C)C,O=[N+]([O-])c1ccccc1,298.2,2.3045830956567186,0.6040005750920203
CC1CCCCC1,O=[N+]([O-])c1ccccc1,293.2,1.9768549529047348,0.5374932039512377
Cc1ccccc1,O=[N+]([O-])c1ccccc1,298.2,0.3364722366212129,1.145866789139732
CCCCC,O=[N+]([O-])c1ccccc1,293.2,2.009555414215669,0.5915095293584507
CCCCC,O=[N+]([O-])c1ccccc1,298.2,1.8809906029559973,0.5563647682003356
C=CCCC,O=[N+]([O-])c1ccccc1,293.2,1.501852701754163,0.5920255967799797
CCCCCC,O=[N+]([O-])c1ccccc1,293.2,2.1041341542702074,0.615327432804293
CCCCCC,O=[N+]([O-])c1ccccc1,298.2,1.9459101490553128,0.580182671646178
CCCCCC,O=[N+]([O-])c1ccccc1,298.2,2.1004689088719117,0.580182671646178
CCCCCC,O=[N+]([O-])c1ccccc1,298.2,2.10900034392138,0.580182671646178
CCCCCC,O=[N+]([O-])c1ccccc1,333.2,1.62924053973028,0.3341693435393722
CCCCCC,O=[N+]([O-])c1ccccc1,373.2,1.308332819650179,0.053011254274451414
CCCCCCCC,O=[N+]([O-])c1ccccc1,298.2,2.2321626286975,0.6278184785378631
CCCCCCCC,O=[N+]([O-])c1ccccc1,298.2,2.3896797998449792,0.6278184785378631
CCCCCCCCC,O=[N+]([O-])c1ccccc1,298.2,2.524127362941281,0.651636381983705
C1COCCO1,O=[N+]([O-])c1ccccc1,298.2,-0.198450939,0.7740544974252535
CCOC(C)=O,O=[N+]([O-])c1ccccc1,293.2,0.3220834991691132,0.7907716136950453
CCCCCCC,O=[N+]([O-])c1ccccc1,293.2,2.2407096892759584,0.6391453362501354
CCCCCCC,O=[N+]([O-])c1ccccc1,298.2,2.248128907197987,0.6040005750920203
CC(C)CC(C)(C)C,O=[N+]([O-])c1ccccc1,293.2,2.468099531471619,0.6629632396959781
CC(C)C(C)C(C)C,O=[N+]([O-])c1ccccc1,298.2,2.301584592660462,0.6278184785378631
CC(C)CCC(C)C,O=[N+]([O-])c1ccccc1,298.2,2.476538400117484,0.6278184785378631
CCC1CCCCC1,O=[N+]([O-])c1ccccc1,298.2,2.089391872533004,0.5148801503716589
CC1=CCC2CC1C2(C)C,CCc1ccccc1,353.2,0.1739533071234379,0.5329878943068218
CC1=CCC2CC1C2(C)C,CCc1ccccc1,373.2,0.1570037488096647,0.3924088496743616
CCC#N,CCc1ccccc1,313.2,0.9707789171582248,-0.270206421
CCC#N,CCc1ccccc1,353.2,0.883767540168595,-0.479931919
CCC#N,CCc1ccccc1,393.2,0.8020015854720274,-0.689657417
Clc1ccccc1,CCc1ccccc1,293.2,-0.010050336,1.130639152410946
CCO,N#Cc1ccccc1,293.2,1.547562508716013,-0.725200548
CCO,N#Cc1ccccc1,298.2,1.5238800240724537,-0.743527907
CO,N#Cc1ccccc1,293.2,1.547562508716013,-1.078158392
c1ccccc1,N#Cc1ccccc1,323.2,0.2070141693843261,0.9740348492709421
c1ccccc1,N#Cc1ccccc1,353.2,0.1988508587451651,0.745860583423255
CCBr,N#Cc1ccccc1,293.2,0.2851789422336624,1.4217930349402863
ClCCl,N#Cc1ccccc1,293.2,-0.356674944,1.789200571888562
S=C=S,N#Cc1ccccc1,293.2,0.8458682675776092,1.1051177586181145
C[N+](=O)[O-],N#Cc1ccccc1,298.2,0.1906203596086497,-0.164293421
CCCC(C)C,N#Cc1ccccc1,298.2,1.867176108512809,0.6126282897063904
CC(C)CC(C)C,N#Cc1ccccc1,298.2,2.063058062429312,0.6364461931522332
Cc1ccccc1,N#Cc1ccccc1,298.2,0.2700271372130602,1.1664224639620486
Cc1ccccc1,N#Cc1ccccc1,323.2,0.2851789422336624,0.976277242422309
Cc1ccccc1,N#Cc1ccccc1,353.2,0.2776317365982795,0.7481029765746219
CCCCC,N#Cc1ccccc1,293.2,1.805004695978076,0.6239551474186635
CCCCC,N#Cc1ccccc1,298.2,1.6409365794934714,0.5888103862605485
C=CCCC,N#Cc1ccccc1,293.2,1.2864740258376797,0.6244712148401925
CCCCCC,N#Cc1ccccc1,293.2,1.8991179875485544,0.6477730508645054
CCCCCC,N#Cc1ccccc1,298.2,1.8325814637483104,0.6126282897063904
CCCCCCCC,N#Cc1ccccc1,298.2,2.039920783517553,0.6602640965980755
CCCCCCCC,N#Cc1ccccc1,298.2,2.113842968397168,0.6602640965980755
CCCCCCCCC,N#Cc1ccccc1,298.2,2.2648832258100344,0.6840820000439178
C1COCCO1,N#Cc1ccccc1,298.2,-0.198450939,0.7863037986612191
CCCCCCC,N#Cc1ccccc1,293.2,2.018895041811802,0.6715909543103482
CCCCCCC,N#Cc1ccccc1,298.2,1.9712993830601329,0.6364461931522332
CC(C)C(C)C(C)C,N#Cc1ccccc1,298.2,2.066862759472976,0.6602640965980755
CC(C)CCC(C)C,N#Cc1ccccc1,298.2,2.217027204632399,0.6602640965980755
CCC1CCCCC1,N#Cc1ccccc1,298.2,1.8687205103641835,0.5473257684318718
CCO,OCc1ccccc1,298.2,0.0198026272961797,-0.347290319
c1ccccc1,OCc1ccccc1,298.2,0.8628899551470398,1.0508915133844416
CCC,OCc1ccccc1,298.2,2.081938421878423,0.45163378474344107
C[N+](=O)[O-],OCc1ccccc1,298.2,0.9439058989071284,-0.094323874
CC(=O)c1ccccc1,OCc1ccccc1,413.2,0.0953101798043249,-0.037524351
CC(=O)c1ccccc1,OCc1ccccc1,473.2,0.0198026272961797,-0.371778272
CCCC(C)C,OCc1ccccc1,298.2,2.552565298261815,0.5230874950809685
CC(C)CC(C)C,OCc1ccccc1,298.2,2.833213344056216,0.5469053985268109
CC1CCCCC1,OCc1ccccc1,298.2,2.0856720914304723,0.44525326622791317
Cc1ccccc1,OCc1ccccc1,298.2,1.0043016091968684,1.053133906535808
CCCCC,OCc1ccccc1,298.2,2.285438934159075,0.4992695916351262
CCCCC,OCc1ccccc1,298.2,2.444952334280968,0.4992695916351262
CCCCCC,OCc1ccccc1,298.2,2.551006451492524,0.5230874950809685
CCCCCC,OCc1ccccc1,298.2,2.599722324216582,0.5230874950809685
CCCCCCCC,OCc1ccccc1,298.2,2.920469789053444,0.5707233019726532
CCCCCCCC,OCc1ccccc1,298.2,3.044522437723423,0.5707233019726532
CCCCCCCCC,OCc1ccccc1,298.2,3.277522020300934,0.594541205418496
C1COCCO1,OCc1ccccc1,298.2,-0.755022584,0.8562733456069798
CCCCCCC,OCc1ccccc1,298.2,2.815408719422709,0.5469053985268109
C1CCCC1,OCc1ccccc1,298.2,1.7715567619105357,0.38633126346892244
CC(C)C(C)C(C)C,OCc1ccccc1,298.2,2.821973947420524,0.5707233019726532
CC(C)CCC(C)C,OCc1ccccc1,298.2,3.0726933146901194,0.5707233019726532
CCC1CCCCC1,OCc1ccccc1,298.2,2.5556757206762075,0.45778497380644945
ClC(Cl)(Cl)Cl,Cc1ccc(C)cc1,293.2,-0.072570693,1.410476345114514
CCO,Cc1ccc(C)cc1,298.2,2.747270914255491,-1.04956401
CCO,Cc1ccc(C)cc1,313.2,2.739548868161581,-1.104546087
CO,Cc1ccc(C)cc1,313.2,2.996232148595642,-1.457503931
CC(C)=O,Cc1ccc(C)cc1,293.2,0.7561219797213337,0.4816400841324171
CCCO,Cc1ccc(C)cc1,313.2,2.301584592660462,-0.931122325
CCCCO,Cc1ccc(C)cc1,313.2,2.2491843162669305,-0.743450783
c1ccccc1,Cc1ccc(C)cc1,293.2,-0.010050336,1.0906218684677285
c1ccccc1,Cc1ccc(C)cc1,308.2,0.048790164169432,0.9765347355438845
c1ccccc1,Cc1ccc(C)cc1,313.2,-0.127833372,0.9385056912359366
c1ccccc1,Cc1ccc(C)cc1,323.2,-0.162518929,0.8624476026200409
c1ccccc1,Cc1ccc(C)cc1,333.2,-0.020202707,0.7863895140041453
CCBr,Cc1ccc(C)cc1,293.2,0,1.3102057882893847
CCI,Cc1ccc(C)cc1,293.2,0.0295588022415444,1.0450355721311775
CC#N,Cc1ccc(C)cc1,293.2,1.6193882432872684,-0.203914297
ClCCl,Cc1ccc(C)cc1,293.2,-0.162518929,1.6776133252376608
S=C=S,Cc1ccc(C)cc1,293.2,0.0676586484738148,0.9935305119672133
C[N+](=O)[O-],Cc1ccc(C)cc1,298.2,1.425515074273172,-0.335661957
CC(C)(C)O,Cc1ccc(C)cc1,313.2,1.9740810260220096,-0.760794053
CC(C)CO,Cc1ccc(C)cc1,313.2,2.1424163408412245,-0.773403357
CCCC(C)C,Cc1ccc(C)cc1,298.2,0.4574248470388755,0.9281554594771606
CC(C)CC(C)C,Cc1ccc(C)cc1,298.2,0.5068176023684519,0.9519733629230029
Cc1ccccc1,Cc1ccc(C)cc1,298.2,-0.030459207,1.0548352173111475
CCCCC,Cc1ccc(C)cc1,293.2,0.3920420877760237,0.9394823171894333
CCCCC,Cc1ccc(C)cc1,298.2,0.378436435720245,0.9043375560313183
C=CCCC,Cc1ccc(C)cc1,293.2,0.2151113796169455,0.9399983846109623
CCCCCC,Cc1ccc(C)cc1,293.2,0.3646431135879092,0.9633002206352757
CCCCCC,Cc1ccc(C)cc1,298.2,0.412109650826833,0.9281554594771606
CCCCCC,Cc1ccc(C)cc1,313.2,0.2231435513142097,0.822721176002815
CCCCCC,Cc1ccc(C)cc1,313.2,0.3852624007906449,0.822721176002815
CCCCCC,Cc1ccc(C)cc1,323.2,0.1823215567939546,0.7524316536865849
CCCCCC,Cc1ccc(C)cc1,333.2,0.131028262406404,0.6821421313703548
CCCCCCCC,Cc1ccc(C)cc1,298.2,0.3364722366212129,0.9757912663688453
CCCCCCCC,Cc1ccc(C)cc1,298.2,0.4382549309311553,0.9757912663688453
CCCCCCCC,Cc1ccc(C)cc1,313.2,0.3646431135879092,0.8703569828944997
CCCCCCCCC,Cc1ccc(C)cc1,298.2,0.5068176023684519,0.9996091698146881
C1COCCO1,Cc1ccc(C)cc1,298.2,0.2231435513142097,0.6149352618000443
CCCCCCCCCC,Cc1ccc(C)cc1,313.2,0.2700271372130602,0.9179927897861848
CCOC(C)=O,Cc1ccc(C)cc1,293.2,0.2851789422336624,0.6316523780698367
CCCCCCC,Cc1ccc(C)cc1,298.2,0.412109650826833,0.9519733629230029
CCCCCCC,Cc1ccc(C)cc1,313.2,0.1988508587451651,0.8465390794486574
CCCCCCC,Cc1ccc(C)cc1,313.2,0.3435897043900768,0.8465390794486574
CCCCCCC,Cc1ccc(C)cc1,323.2,0.1570037488096647,0.7762495571324273
CCCCCCC,Cc1ccc(C)cc1,333.2,0.0953101798043249,0.7059600348161972
CC(C)CC(C)(C)C,Cc1ccc(C)cc1,313.2,0.4510756193602167,0.8703569828944997
CC(C)C(C)C(C)C,Cc1ccc(C)cc1,298.2,0.4700036292457356,0.9757912663688453
CC(C)CCC(C)C,Cc1ccc(C)cc1,298.2,0.5068176023684519,0.9757912663688453
CN1CCCC1=O,Cc1ccc(C)cc1,373.2,1.0224509277025455,0.047226978508481565
CN1CCCC1=O,Cc1ccc(C)cc1,473.2,0.688134638736401,-0.50986289
CCC1CCCCC1,Cc1ccc(C)cc1,298.2,0.3852624007906449,0.8628529382026415
ClC(Cl)(Cl)Cl,ClCCCl,293.2,0.6830968447064438,1.7682381913693086
ClC(Cl)(Cl)Cl,ClCCCl,306.9,0.62057648772511,1.664038609965531
ClC(Cl)(Cl)Cl,ClCCCl,313.2,0.598836501088704,1.6161220141375168
ClC(Cl)(Cl)Cl,ClCCCl,318.4,0.5653138090500605,1.5765718080572513
ClC(Cl)(Cl)Cl,ClCCCl,328.2,0.5822156198526637,1.5020348812136732
ClC(Cl)(Cl)Cl,ClCCCl,337.2,0.5007752879124892,1.4335826014593671
ClC(Cl)(Cl)Cl,ClCCCl,355,0.4382549309311553,1.2981992037230725
CCO,ClCCCl,318.4,2.272125885509337,-0.652593526
CCO,ClCCCl,337.2,1.9740810260220096,-0.721504395
CO,ClCCCl,318.4,2.2082744135228043,-1.00555137
CO,ClCCCl,323.2,2.299580583973747,-1.023145634
CO,ClCCCl,337.2,1.935859813201812,-1.074462239
CO,ClCCCl,355,1.7047480922384253,-1.139707638
CC(C)=O,ClCCCl,354.7,-0.248461359,0.626238904574369
CC(C)=O,ClCCCl,356.7,-0.116533816,0.6157526296601872
CC(C)=O,ClCCCl,337.2,-0.248461359,0.7179938100734597
CC(C)=O,ClCCCl,318.5,-0.274436846,0.8160404805210599
CC(C)=O,ClCCCl,293.2,-0.274436846,0.94869185818546
ClC(Cl)Cl,ClCCCl,328.2,0.0295588022415444,1.8807332106855208
ClC(Cl)Cl,ClCCCl,293.2,0.0582689081239758,2.146936520841156
c1ccccc1,ClCCCl,298.2,0.1906203596086497,1.4103546704145753
c1ccccc1,ClCCCl,318.4,0.0769610411361284,1.2567173314104663
c1ccccc1,ClCCCl,337.2,0.0582689081239758,1.1137281248125817
c1ccccc1,ClCCCl,355,0.0392207131532813,0.9783447270762871
c1ccccc1,ClCCCl,356.7,0.0676586484738148,0.9654148520115848
CC(Cl)(Cl)Cl,ClCCCl,328.2,0.29266961396282,1.442254423244007
CCBr,ClCCCl,293.2,0.1655144384775733,1.6679676345441798
CCI,ClCCCl,293.2,0.3220834991691132,1.4027974183859726
CC#N,ClCCCl,318.5,0.3852624007906449,0.13048609937825573
CC#N,ClCCCl,333.2,0.378436435720245,0.05341197875901926
CC#N,ClCCCl,343.9,0.371563556432483,-0.002689592
CC#N,ClCCCl,355.9,0.3576744442718159,-0.065607242
ClCCl,ClCCCl,293.2,0.0198026272961797,2.0353751714924555
ClCCl,ClCCCl,328.2,0.048790164169432,1.7691718613368201
S=C=S,ClCCCl,293.2,0.947789398933526,1.351292358222008
CC(Cl)Cl,ClCCCl,328.2,0.131028262406404,1.7286153028961055
C[N+](=O)[O-],ClCCCl,318.5,0.62057648772511,0.024954126239549623
C[N+](=O)[O-],ClCCCl,343.9,0.5481214085096876,-0.108221565
C[N+](=O)[O-],ClCCCl,355.3,0.4885800148186709,-0.167993332
ClC=C(Cl)Cl,ClCCCl,328.2,0.371563556432483,1.5938755807786635
CC[N+](=O)[O-],ClCCCl,318.5,0.3987761199573678,0.05979935413223636
CC[N+](=O)[O-],ClCCCl,337.2,0.3435897043900768,-0.038247316
CC[N+](=O)[O-],ClCCCl,354.2,0.3293037471426003,-0.127380653
CCCC(C)C,ClCCCl,298.2,1.631199404215613,1.126848648025434
CC(C)CC(C)C,ClCCCl,298.2,1.7298840655099674,1.1506665514712768
CC1CCCCC1,ClCCCl,354.7,0.959350221334602,0.6518786180856782
CCCCC,ClCCCl,293.2,1.5665304114228238,1.1381755057377068
CCCCC,ClCCCl,298.2,1.5040773967762742,1.1030307445795917
C=CCCC,ClCCCl,293.2,1.0715836162801904,1.1386915731592357
C1CCOC1,ClCCCl,343.2,-0.328504067,1.0736913093403118
C1CCOC1,ClCCCl,323.2,-0.371063681,1.17855405848213
C1CCOC1,ClCCCl,303.2,-0.478035801,1.283416807623948
CCCCCC,ClCCCl,293.2,1.6174060820832772,1.161993409183549
CCCCCC,ClCCCl,298.2,1.6428726885203375,1.126848648025434
CCCCCC,ClCCCl,298.2,1.7047480922384253,1.126848648025434
CCCCCC,ClCCCl,318.5,1.383791230901772,0.9841609177234867
CCCCCC,ClCCCl,337.2,1.2781522025001877,0.8527195109921362
CCCCCC,ClCCCl,354.2,1.1019400787607845,0.7332273230545447
c1ccncc1,ClCCCl,354.3,-0.116533816,0.42760982047499896
c1ccncc1,ClCCCl,330,-0.105360516,0.5629826584505113
CCCCCCCC,ClCCCl,298.2,1.860974538249528,1.1744844549171192
CCCCCCCCC,ClCCCl,298.2,1.9685099809725544,1.1983023583629615
CCOC(C)=O,ClCCCl,318.4,-0.186329578,0.966577088204188
CCCCCCC,ClCCCl,298.2,1.7578579175523736,1.1506665514712768
CCCCCCC,ClCCCl,318.5,1.4929040961781488,1.0079788211693295
CCCCCCC,ClCCCl,337.2,1.3506671834767394,0.876537414437979
CCCCCCC,ClCCCl,354.2,1.1314021114911006,0.7570452265003871
CC(C)CC(C)(C)C,ClCCCl,343.5,1.2325602611778486,0.8560729188245961
CC(C)C(C)C(C)C,ClCCCl,298.2,1.724550719534605,1.1744844549171192
CC(C)CCC(C)C,ClCCCl,298.2,1.8180767775454283,1.1744844549171192
CCC1CCCCC1,ClCCCl,298.2,1.5973653311998313,1.061546126750915
ClC(Cl)(Cl)Cl,CCC#N,293.2,1.144222799920162,1.7603182772507031
ClC(Cl)Cl,CCC#N,293.2,-0.116533816,2.1390166067225507
c1ccccc1,CCC#N,293.2,0.6097655716208943,1.4404638006039177
c1ccccc1,CCC#N,298.2,0.4574248470388755,1.4024347562959698
c1ccccc1,CCC#N,333.2,0.3920420877760237,1.1362314461403344
c1ccccc1,CCC#N,373.2,0.3364722366212129,0.8319990916767512
CCBr,CCC#N,293.2,0.5481214085096876,1.660047720425574
CCI,CCC#N,293.2,0.9858167945227654,1.3948775042673667
ClCCl,CCC#N,293.2,-0.198450939,2.0274552573738496
S=C=S,CCC#N,293.2,1.706564623164823,1.3433724441034025
CCc1ccccc1,CCC#N,313.2,0.8586616190375187,1.2581607921583946
CCc1ccccc1,CCC#N,353.2,0.7884573603642703,0.9539284376948118
CCc1ccccc1,CCC#N,393.2,0.6931471805599453,0.6496960832312286
CCCC(C)C,CCC#N,298.2,2.336986519711378,0.9653154076501984
CC(C)CC(C)C,CCC#N,298.2,2.5289235352047745,0.9891333110960407
CCCCC,CCC#N,293.2,2.1435893615035875,0.9766422653624711
CCCCC,CCC#N,298.2,2.048982334195127,0.9414975042043561
C=CCCC,CCC#N,293.2,1.5195132049061133,0.9771583327840001
CCCCCC,CCC#N,293.2,2.3978952727983707,1.0004601688083135
CCCCCC,CCC#N,298.2,2.392425796993835,0.9653154076501984
CCCCCC,CCC#N,298.2,2.322387720290225,0.9653154076501984
CCCCCC,CCC#N,313.2,2.624668592163159,0.8598811241758528
CCCCCC,CCC#N,333.2,2.0014800002101243,0.7193020795433926
CCCCCC,CCC#N,373.2,1.7047480922384253,0.43814399027847184
c1ccncc1,CCC#N,323.3,0.3074846997479607,0.5214318036571024
c1ccncc1,CCC#N,338,0.3293037471426003,0.4395395930299406
CCCCCCCC,CCC#N,298.2,2.8752581200861167,1.012951214541883
CCCCCCCC,CCC#N,313.2,2.7936160894318567,0.9075169310675375
CCCCCCCCC,CCC#N,298.2,3.112181086197238,1.0367691179877254
CCOC(C)=O,CCC#N,293.2,0.3646431135879092,1.0523633513765713
CCCCCCC,CCC#N,298.2,2.6290069937617573,0.9891333110960407
CCCCCCC,CCC#N,313.2,2.6290069937617573,0.8836990276216952
CC(C)C(C)C(C)C,CCC#N,298.2,2.6651427000909336,1.012951214541883
CC(C)CCC(C)C,CCC#N,298.2,2.7206373166076814,1.012951214541883
CCC1CCCCC1,CCC#N,298.2,2.6411978941143697,0.9000128863756793
COC(C)(C)C,CCCC(C)C,303.2,0.2231435513142097,0.5578955397671326
COC(C)(C)C,CCCC(C)C,323.2,0.1739533071234379,0.4845861036773309
CCCC(C)C,CCCC(C)=O,298.2,1.0818051703517284,0.8356884632966812
CC(C)CC(C)C,CCCC(C)=O,298.2,1.1662709371419244,0.859506366742524
CCCCC,CCCC(C)=O,298.2,0.947789398933526,0.8118705598508389
CCCCCC,CCCC(C)=O,298.2,1.1019400787607845,0.8356884632966812
CCCCCCCC,CCCC(C)=O,298.2,1.308332819650179,0.8833242701883663
CCCCCCCCC,CCCC(C)=O,298.2,1.4562867329399256,0.9071421736342087
CCCCCCC,CCCC(C)=O,298.2,1.2029723039923526,0.859506366742524
CC(C)C(C)C(C)C,CCCC(C)=O,298.2,1.1908875647772803,0.8833242701883663
CC(C)CCC(C)C,CCCC(C)=O,298.2,1.252762968495368,0.8833242701883663
CCC1CCCCC1,CCCC(C)=O,298.2,1.220829921392359,0.7703859420221626
Clc1ccccc1,CCC[N+](=O)[O-],353.5,0.3001045924503381,0.9979035431506711
CCCCC,CCC[N+](=O)[O-],298.2,1.6770965609079151,0.9499111345101032
CCO,CC(C)OC(C)C,298.2,1.536867219599265,-1.112658341
c1ccccc1,CC(C)OC(C)C,343.2,0.1222176327242491,0.46629409765604724
C[N+](=O)[O-],CC(C)OC(C)C,298.2,1.717395053939193,-0.662364702
Cc1ccccc1,CC(C)OC(C)C,298.2,0.2151113796169455,0.8107978895789447
CCCCCCCC,CC(C)OC(C)C,298.2,0.29266961396282,0.9895108371381038
C1COCCO1,CC(C)OC(C)C,298.2,0.7654678421395714,0.2882325175283267
CCCCCCC,CC(C)OC(C)C,313.2,0.0769610411361284,0.8602586502179159
CCCCCCC,CC(C)OC(C)C,323.2,0.0582689081239758,0.7899691279016858
CCCCCCC,CC(C)OC(C)C,333.2,0.0198026272961797,0.7196796055854557
CCCCCCC,CC(C)OC(C)C,343.2,0.048790164169432,0.6493900832692256
Nc1ccccc1,Cc1cccc(O)c1,453.2,-0.301105093,0.47992315510214034
Nc1ccccc1,Cc1cccc(O)c1,453.2,-0.248461359,0.47992315510214034
Nc1ccccc1,Cc1cccc(O)c1,437.9,-0.301105093,0.565157904938574
Nc1ccccc1,Cc1cccc(O)c1,437.9,-0.287682072,0.565157904938574
Nc1ccccc1,Cc1cccc(O)c1,438.2,-0.301105093,0.5634866353339381
Nc1ccccc1,Cc1cccc(O)c1,422.9,-0.430782916,0.6487213851703717
Nc1ccccc1,Cc1cccc(O)c1,422.9,-0.371063681,0.6487213851703717
Nc1ccccc1,Cc1cccc(O)c1,423.2,-0.371063681,0.6470501155657353
Nc1ccccc1,Cc1cccc(O)c1,408.2,-0.415515444,0.730613595797533
Nc1ccccc1,Cc1cccc(O)c1,407.9,-0.494296322,0.7322848654021694
Nc1ccccc1,Cc1cccc(O)c1,407.9,-0.415515444,0.7322848654021694
CCO,Cc1cccc(O)c1,298.2,-1.237874356,-0.012025725
C[N+](=O)[O-],Cc1cccc(O)c1,298.2,0.7080357930536959,0.327147068424682
Cc1ccccc1,Cc1cccc(O)c1,298.2,0.8544153281560676,1.376547887431515
CCCCCCCC,Cc1cccc(O)c1,298.2,2.465553921272185,0.9043519296413756
CCO,Cc1cccc(C)n1,298.2,-0.328504067,-1.034583239
CCO,Cc1cccc(C)n1,313.2,-0.094310679,-1.089565316
CO,Cc1cccc(C)n1,313.2,-0.301105093,-1.44252316
CC(C)O,Cc1cccc(C)n1,313.2,0.0953101798043249,-0.902986091
CCCO,Cc1cccc(C)n1,313.2,-0.274436846,-0.916141554
CCCCO,Cc1cccc(C)n1,313.2,-0.356674944,-0.728470012
C[N+](=O)[O-],Cc1cccc(C)n1,298.2,0.5481214085096876,-0.663950206
CC(C)(C)O,Cc1cccc(C)n1,313.2,0.3148107398400336,-0.745813282
CC(C)CO,Cc1cccc(C)n1,313.2,0.3001045924503381,-0.758422586
CCC(C)O,Cc1cccc(C)n1,313.2,-0.105360516,-0.758057886
Cc1ccccc1,Cc1cccc(C)n1,298.2,-0.105360516,0.7173208130545441
CCCCCCCC,Cc1cccc(C)n1,298.2,0.9555114450274363,0.4271448128762283
C1COCCO1,Cc1cccc(C)n1,298.2,0.0198026272961797,0.28664701284495475
CCO,Brc1ccccc1,298.2,2.8437459165561094,-0.960165642
C[N+](=O)[O-],Brc1ccccc1,298.2,1.4816045409242156,-0.211975713
Cc1ccccc1,Brc1ccccc1,298.2,0.009950330853168,1.1244992149448994
CCCCCCCC,Brc1ccccc1,298.2,0.9783261227936078,0.8471961626426623
C1COCCO1,Brc1ccccc1,298.2,-0.010050336,0.738621505929399
CCO,CC1CCCCC1,313.2,3.3488509012899463,-1.193310271
CCO,CC1CCCCC1,333.2,2.67000213346468,-1.266619708
C[N+](=O)[O-],CC1CCCCC1,343.2,3.1179499062782403,-0.524788066
C[N+](=O)[O-],CC1CCCCC1,353.2,2.9496883350525844,-0.577219441
Cc1ccccc1,CC1CCCCC1,343.2,0.2851789422336624,0.8080439886685782
Cc1ccccc1,CC1CCCCC1,353.2,0.262364264467491,0.7319859000526825
COC(C)(C)C,CC1CCCCC1,313.2,0.3220834991691132,0.45726543233262884
COC(C)(C)C,CC1CCCCC1,333.2,0.2546422183735807,0.3839559962428276
ClC(Cl)(Cl)Cl,Cc1ccccc1,293.2,0.0198026272961797,1.4691411305816064
ClC(Cl)(Cl)Cl,Cc1ccccc1,313.2,0.0676586484738148,1.3170249533498142
CCOCC,Cc1ccccc1,293.2,0.009950330853168,0.648691587788836
CCOCC,Cc1ccccc1,293.2,0.0953101798043249,0.648691587788836
CCOCC,Cc1ccccc1,293.2,0.1133286853070032,0.648691587788836
CCOCC,Cc1ccccc1,303.2,0.009950330853168,0.6120368697439351
CCOCC,Cc1ccccc1,303.2,0.1133286853070032,0.6120368697439351
CCOCC,Cc1ccccc1,313.2,0.0198026272961797,0.5753821516990343
CCOCC,Cc1ccccc1,313.2,0.2151113796169455,0.5753821516990343
CCO,Cc1ccccc1,293.2,2.853015971352396,-0.958284235
CCO,Cc1ccccc1,293.2,3.0155349008501706,-0.958284235
CCO,Cc1ccccc1,293.2,2.8892600290434745,-0.958284235
CCO,Cc1ccccc1,293.2,2.91235066461494,-0.958284235
CCO,Cc1ccccc1,293.2,2.9391619220655967,-0.958284235
CCO,Cc1ccccc1,298.2,2.7363136663750693,-0.976611594
CCO,Cc1ccccc1,301.5,2.7013612129514133,-0.988707651
CCO,Cc1ccccc1,301.8,2.70805020110221,-0.989807293
CCO,Cc1ccccc1,303.2,2.827905162910489,-0.994938953
CCO,Cc1ccccc1,303.2,2.797281334830153,-0.994938953
CCO,Cc1ccccc1,303.2,2.719319793360441,-0.994938953
CCO,Cc1ccccc1,303.2,2.6878474937846906,-0.994938953
CCO,Cc1ccccc1,313.2,2.7013612129514133,-1.031593672
CCO,Cc1ccccc1,313.2,2.644755350729896,-1.031593672
CCO,Cc1ccccc1,313.2,2.602689685444384,-1.031593672
CCO,Cc1ccccc1,313.2,2.379546134130174,-1.031593672
CCO,Cc1ccccc1,323.2,2.468099531471619,-1.06824839
CCO,Cc1ccccc1,323.2,2.4423470353692043,-1.06824839
CCO,Cc1ccccc1,333.2,2.295560478057081,-1.104903108
CCO,Cc1ccccc1,334,2.2082744135228043,-1.107835485
CCO,Cc1ccccc1,334.2,2.2192034840549946,-1.108568579
CCO,Cc1ccccc1,342.7,1.9387416595767009,-1.13972509
CCO,Cc1ccccc1,353.7,1.8082887711792652,-1.18004528
CCO,Cc1ccccc1,354.2,1.840549633397487,-1.181878015
CCO,Cc1ccccc1,381,1.47932922708708,-1.28011266
CO,Cc1ccccc1,293.2,3.0204248861443626,-1.311242079
CO,Cc1ccccc1,293.2,3.064325065019603,-1.311242079
CO,Cc1ccccc1,293.2,3.094219220268645,-1.311242079
CO,Cc1ccccc1,293.2,3.139832617527748,-1.311242079
CO,Cc1ccccc1,293.2,3.2347491740244907,-1.311242079
CO,Cc1ccccc1,303.2,2.9172300453990334,-1.347896797
CO,Cc1ccccc1,303.2,2.9444389791664403,-1.347896797
CO,Cc1ccccc1,303.2,3.054001181677967,-1.347896797
CO,Cc1ccccc1,313.2,2.8535925063928684,-1.384551516
CO,Cc1ccccc1,313.2,2.856470206220483,-1.384551516
CO,Cc1ccccc1,313.2,2.8678989020441064,-1.384551516
CO,Cc1ccccc1,323.2,2.714694743820879,-1.421206234
CO,Cc1ccccc1,381,1.6094379124341005,-1.633070504
CO,Cc1ccccc1,382.2,1.763017000362401,-1.63746907
CC(C)O,Cc1ccccc1,293.2,2.5832425505088623,-0.77170501
CC(C)O,Cc1ccccc1,293.2,2.604170070614818,-0.77170501
CC(C)O,Cc1ccccc1,303.2,2.423031246069913,-0.808359728
CC(C)O,Cc1ccccc1,313.2,2.35232718488886,-0.845014446
CC(C)=O,Cc1ccccc1,293.2,0.7839015438284094,0.5661084783464885
CC(C)=O,Cc1ccccc1,293.2,0.6830968447064438,0.5661084783464885
CC(C)=O,Cc1ccccc1,293.2,0.6780335427498971,0.5661084783464885
CC(C)=O,Cc1ccccc1,293.2,0.6678293725756554,0.5661084783464885
CC(C)=O,Cc1ccccc1,303.2,0.6729444732424258,0.5136771037755796
CC(C)=O,Cc1ccccc1,303.2,0.6575200029167941,0.5136771037755796
CC(C)=O,Cc1ccccc1,313.2,0.7323678937132266,0.4612457292046708
CC(C)=O,Cc1ccccc1,313.2,0.5596157879354227,0.4612457292046708
ClC(Cl)Cl,Cc1ccccc1,318.2,-0.248461359,1.6576942385137143
ClC(Cl)Cl,Cc1ccccc1,313.2,-0.186329578,1.6957232828216622
ClC(Cl)Cl,Cc1ccccc1,303.2,-0.139262067,1.7717813714375579
ClC(Cl)Cl,Cc1ccccc1,293.2,-0.400477567,1.847839460053454
ClC(Cl)Cl,Cc1ccccc1,293.2,-0.094310679,1.847839460053454
CCCO,Cc1ccccc1,293.2,2.766319109226186,-0.784860473
CCCO,Cc1ccccc1,303.2,2.617395832834079,-0.821515191
CCCO,Cc1ccccc1,313.2,2.4336133554004498,-0.858169909
CCCO,Cc1ccccc1,323.2,2.2925347571405443,-0.894824627
CCCCO,Cc1ccccc1,353.2,1.547562508716013,-0.81711724
CCCCO,Cc1ccccc1,363.2,1.410986973710262,-0.853771958
CCCCO,Cc1ccccc1,373.2,1.2864740258376797,-0.890426676
CCCCO,Cc1ccccc1,383.2,1.1568811967920856,-0.927081394
CCCCCO,Cc1ccccc1,353.2,1.42791603581071,-0.657941256
CCCCCO,Cc1ccccc1,363.2,1.289232648276759,-0.694595974
CCCCCO,Cc1ccccc1,373.2,1.1631508098056809,-0.731250692
CCCCCO,Cc1ccccc1,383.2,1.0647107369924282,-0.76790541
c1ccccc1,Cc1ccccc1,293.2,-0.010050336,1.149286653934821
c1ccccc1,Cc1ccccc1,298.2,-0.020202707,1.1112576096268731
CCBr,Cc1ccccc1,293.2,-0.020202707,1.3688705737564772
CCI,Cc1ccccc1,293.2,0.0582689081239758,1.10370035759827
CC#N,Cc1ccccc1,293.2,1.3862943611198906,-0.119445903
CC#N,Cc1ccccc1,293.2,1.324418957401803,-0.119445903
CC#N,Cc1ccccc1,343.2,1.2412685890696329,-0.381602776
CC#N,Cc1ccccc1,393.2,1.085189268335969,-0.643759649
ClCCl,Cc1ccccc1,293.2,-0.186329578,1.7362781107047534
ClCCl,Cc1ccccc1,293.2,-0.186329578,1.7362781107047534
ClCCl,Cc1ccccc1,293.2,-0.162518929,1.7362781107047534
ClCCl,Cc1ccccc1,298.2,-0.210721031,1.698249066396805
ClCCl,Cc1ccccc1,303.2,-0.174353387,1.6602200220888568
ClCCl,Cc1ccccc1,313.2,0,1.584161933472961
ClCCl,Cc1ccccc1,347.9,-0.127833372,1.3202403659758035
S=C=S,Cc1ccccc1,293.2,0.2390169004704999,1.0521952974343058
C[N+](=O)[O-],Cc1ccccc1,293.2,1.483874689458755,-0.224977876
C[N+](=O)[O-],Cc1ccccc1,298.2,1.3376291891386096,-0.251193563
C[N+](=O)[O-],Cc1ccccc1,343.2,1.366091653802371,-0.487134749
C[N+](=O)[O-],Cc1ccccc1,353.2,1.3056264580524355,-0.539566123
CC(C)(C)O,Cc1ccccc1,313.2,1.8421356765531216,-0.687841637
CC(C)CO,Cc1ccccc1,313.2,2.178155014615869,-0.700450941
CC[N+](=O)[O-],Cc1ccccc1,342.7,0.8544153281560676,-0.449667952
CC[N+](=O)[O-],Cc1ccccc1,381,0.7419373447293773,-0.650480117
CC1=CCC2CC1C2(C)C,Cc1ccccc1,353.2,0.1906203596086497,0.5342999311951924
CC1=CCC2CC1C2(C)C,Cc1ccccc1,373.2,0.1823215567939546,0.3937208865627322
N#Cc1ccccc1,Cc1ccccc1,323.2,0.5247285289349821,0.24450517148258832
N#Cc1ccccc1,Cc1ccccc1,353.2,0.5007752879124892,0.07737821101899289
ClCCCl,Cc1ccccc1,342.7,-0.051293294,1.247131162223441
ClCCCl,Cc1ccccc1,380.9,-0.030459207,0.9565892637107192
CCC#N,Cc1ccccc1,293.2,0.9707789171582248,-0.084805569
CCCC(C)C,Cc1ccccc1,298.2,0.6043159668533296,0.9411674009806585
CCC[N+](=O)[O-],Cc1ccccc1,362.7,0.5481214085096876,-0.540019183
CC(C)CC(C)C,Cc1ccccc1,298.2,0.6523251860396901,0.9649853044265013
CC1CCCCC1,Cc1ccccc1,343.2,0.3220834991691132,0.5470303217045673
CC1CCCCC1,Cc1ccccc1,353.2,0.3074846997479607,0.4767407993883368
CCCCC,Cc1ccccc1,293.2,0.494696241836107,0.9524942586929313
CCCCC,Cc1ccccc1,293.2,0.5877866649021191,0.9524942586929313
CCCCC,Cc1ccccc1,293.2,0.6043159668533296,0.9524942586929313
CCCCC,Cc1ccccc1,293.2,0.6151856390902335,0.9524942586929313
CCCCC,Cc1ccccc1,298.2,0.5187937934151675,0.9173494975348162
CCCCC,Cc1ccccc1,303.2,0.4762341789963717,0.8822047363767007
CCCCC,Cc1ccccc1,303.2,0.5766133643039938,0.8822047363767007
CCCCC,Cc1ccccc1,313.2,0.4574248470388755,0.8119152140604706
CCCCC,Cc1ccccc1,313.2,0.6678293725756554,0.8119152140604706
C=CCCC,Cc1ccccc1,293.2,0.3646431135879092,0.9530103261144602
CCCCCC,Cc1ccccc1,293.2,0.5538851132264376,0.9763121621387736
CCCCCC,Cc1ccccc1,293.2,0.5877866649021191,0.9763121621387736
CCCCCC,Cc1ccccc1,293.2,0.6259384308664954,0.9763121621387736
CCCCCC,Cc1ccccc1,293.2,0.7419373447293773,0.9763121621387736
CCCCCC,Cc1ccccc1,298.2,0.5538851132264376,0.9411674009806585
CCCCCC,Cc1ccccc1,303.2,0.5709795465857378,0.906022639822543
CCCCCC,Cc1ccccc1,303.2,0.6151856390902335,0.906022639822543
CCCCCC,Cc1ccccc1,313.2,0.4824261492442928,0.835733117506313
CCCCCC,Cc1ccccc1,313.2,0.6575200029167941,0.835733117506313
c1ccncc1,Cc1ccccc1,293.2,0.5128236264286637,0.4411471569559051
c1ccncc1,Cc1ccccc1,298.2,0.6471032420585384,0.4132926635453056
c1ccncc1,Cc1ccccc1,298.2,0.4824261492442928,0.4132926635453056
c1ccncc1,Cc1ccccc1,303.2,0.5653138090500605,0.3854381701347065
c1ccncc1,Cc1ccccc1,303.2,0.4637340162321402,0.3854381701347065
c1ccncc1,Cc1ccccc1,308.2,0.4637340162321402,0.35758367672410696
c1ccncc1,Cc1ccccc1,313.2,0.4700036292457356,0.32972918331350787
c1ccncc1,Cc1ccccc1,313.2,0.4382549309311553,0.32972918331350787
c1ccncc1,Cc1ccccc1,323.2,0.3920420877760237,0.2740201964923097
c1ccncc1,Cc1ccccc1,333.2,0.371563556432483,0.21831120967111106
c1ccncc1,Cc1ccccc1,373.2,0.29266961396282,-0.004524738
CCCCCCCC,Cc1ccccc1,298.2,0.5247285289349821,0.9888032078723437
CCCCCCCC,Cc1ccccc1,298.2,0.5596157879354227,0.9888032078723437
CCCCCCCC,Cc1ccccc1,333.2,0.3920420877760237,0.7427898797655379
CCCCCCCCC,Cc1ccccc1,298.2,0.6097655716208943,1.012621111318186
C1COCCO1,Cc1ccccc1,298.2,0.1397619423751586,0.6994036560141161
CCOC(C)=O,Cc1ccccc1,293.2,0.2468600779315258,0.7161207722839076
CCOC(C)=O,Cc1ccccc1,342.7,0.1484200051182732,0.45658546815790757
CCOC(C)=O,Cc1ccccc1,362.7,0.1906203596086497,0.3517227190160894
CCOC(C)=O,Cc1ccccc1,380.9,0.1823215567939546,0.2562976172970348
CCCCCCC,Cc1ccccc1,298.2,0.5653138090500605,0.9649853044265013
CC(C)CC(C)(C)C,Cc1ccccc1,313.2,0.598836501088704,0.8833689243979981
CC(C)C(C)C(C)C,Cc1ccccc1,298.2,0.62057648772511,0.9888032078723437
CC(C)CCC(C)C,Cc1ccccc1,298.2,0.6471032420585384,0.9888032078723437
C=CCCCC,Cc1ccccc1,293.2,0.3074846997479607,0.9799884660097065
C=CCCCC,Cc1ccccc1,293.2,0.3646431135879092,0.9799884660097065
C=CCCCC,Cc1ccccc1,293.2,0.378436435720245,0.9799884660097065
C=CCCCC,Cc1ccccc1,303.2,0.2851789422336624,0.9096989436934759
C=CCCCC,Cc1ccccc1,303.2,0.3576744442718159,0.9096989436934759
C=CCCCC,Cc1ccccc1,313.2,0.262364264467491,0.8394094213772458
C=CCCCC,Cc1ccccc1,313.2,0.4382549309311553,0.8394094213772458
COC(=O)OC,Cc1ccccc1,318.2,0.5364933705145685,0.7209842756506628
CN1CCCC1=O,Cc1ccccc1,363.3,0.8415671856782185,0.17064695657744888
CN1CCCC1=O,Cc1ccccc1,383.4,0.904218150639886,0.0586718930668404
CCC1CCCCC1,Cc1ccccc1,298.2,0.494696241836107,0.8758648797061395
Nc1ccccc1,Clc1ccccc1,293.2,1.1118575154181305,0.8623953820373456
Nc1ccccc1,Clc1ccccc1,343.2,0.7975071958841882,0.5838504479313533
Nc1ccccc1,Clc1ccccc1,393.2,0.6043159668533296,0.3053055138253611
CCO,Clc1ccccc1,298.2,2.746629683069685,-0.921087673
CO,Clc1ccccc1,328.2,2.6490076604684267,-1.384009671
CC(C)=O,Clc1ccccc1,313.2,0.4446858212614457,0.5609324887936191
CC(C)=O,Clc1ccccc1,353.2,0.412109650826833,0.3512069905099824
CC(C)=O,Clc1ccccc1,386.7,0.3987761199573678,0.1755618856974368
CC#N,Clc1ccccc1,293.2,1.2584609896100056,-0.019759143
CC#N,Clc1ccccc1,328.2,1.172482137234565,-0.203268954
CC#N,Clc1ccccc1,343.2,1.1118575154181305,-0.281916016
CC#N,Clc1ccccc1,393.2,0.9895411936137476,-0.544072889
ClCCl,Clc1ccccc1,398.1,0.0676586484738148,1.0172791141757007
ClCCl,Clc1ccccc1,348,0.048790164169432,1.3983301381413384
ClCCl,Clc1ccccc1,298,0.0676586484738148,1.7786205812208173
C[N+](=O)[O-],Clc1ccccc1,298.2,1.3787660946990992,-0.151506804
CCc1ccccc1,Clc1ccccc1,293.2,0.009950330853168,1.197950175772784
CCCC(C)C,Clc1ccccc1,298.2,0.8458682675776092,0.9313981068826558
CCC[N+](=O)[O-],Clc1ccccc1,353.6,0.5306282510621704,-0.392619872
CC(C)CC(C)C,Clc1ccccc1,298.2,0.9122827104766164,0.9552160103284981
Cc1ccccc1,Clc1ccccc1,298.2,-0.040821995,1.1923503558299342
CCCCC,Clc1ccccc1,298.2,0.7654678421395714,0.9075802034368134
CCCCCC,Clc1ccccc1,298.2,0.7975071958841882,0.9313981068826558
CCCCCCCC,Clc1ccccc1,298.2,0.7839015438284094,0.9790339137743405
CCCCCCCC,Clc1ccccc1,298.2,0.8241754429663494,0.9790339137743405
CCCCCCCCC,Clc1ccccc1,298.2,0.7793248768009977,1.0028518172201828
C1COCCO1,Clc1ccccc1,298.2,-0.061875404,0.799090415603064
CCOC(C)=O,Clc1ccccc1,313.2,0.0676586484738148,0.7109447827310378
CCOC(C)=O,Clc1ccccc1,353.2,0.1133286853070032,0.5012192844474015
CCOC(C)=O,Clc1ccccc1,393.2,0.131028262406404,0.2914937861637652
CCCCCCC,Clc1ccccc1,298.2,0.7975071958841882,0.9552160103284981
CC(C)C(C)C(C)C,Clc1ccccc1,298.2,0.85015092936961,0.9790339137743405
CC(C)CCC(C)C,Clc1ccccc1,298.2,0.9082585601768908,0.9790339137743405
CCC1CCCCC1,Clc1ccccc1,298.2,0.6830968447064438,0.8660955856081367
ClC(Cl)(Cl)Cl,O=C1CCCCC1,293.2,0.0953101798043249,1.3450479224994494
CCO,O=C1CCCCC1,298.2,0.7227059828014898,-0.812900177
CC(C)=O,O=C1CCCCC1,293.2,0.2311117209633866,0.43364090335880334
ClC(Cl)Cl,O=C1CCCCC1,293.2,-1.171182982,1.723746251971297
c1ccccc1,O=C1CCCCC1,293.2,-0.072570693,1.025193445852664
CCBr,O=C1CCCCC1,293.2,-0.040821995,1.2447773656743206
CCI,O=C1CCCCC1,293.2,0.1222176327242491,0.9796071495161129
CC#N,O=C1CCCCC1,293.2,0.3576744442718159,-0.251913478
ClCCl,O=C1CCCCC1,293.2,-0.94160854,1.6121849026225963
S=C=S,O=C1CCCCC1,293.2,0.6259384308664954,0.9281020893521488
C[N+](=O)[O-],O=C1CCCCC1,298.2,-0.051293294,-0.383661138
CCCC(C)C,O=C1CCCCC1,298.2,1.43746264769429,0.5938439321881055
CC(C)CC(C)C,O=C1CCCCC1,298.2,1.5303947050936475,0.6176618356339478
Cc1ccccc1,O=C1CCCCC1,298.2,0.009950330853168,0.989406794696083
CCCCC,O=C1CCCCC1,293.2,1.3787660946990992,0.6051707899003782
CCCCC,O=C1CCCCC1,298.2,1.3056264580524355,0.5700260287422632
C=CCCC,O=C1CCCCC1,293.2,0.9516578757114464,0.6056868573219072
CCCCCC,O=C1CCCCC1,293.2,1.4951487660319729,0.6289886933462205
CCCCCC,O=C1CCCCC1,298.2,1.4586150226995167,0.5938439321881055
CCCCCCCC,O=C1CCCCC1,298.2,1.5769147207285403,0.6414797390797902
CCCCCCCC,O=C1CCCCC1,298.2,1.673351238177753,0.6414797390797902
CCCCCCCCC,O=C1CCCCC1,298.2,1.7850704810772584,0.6652976425256325
C1COCCO1,O=C1CCCCC1,298.2,0.0392207131532813,0.5669360810264306
CCOC(C)=O,O=C1CCCCC1,293.2,0.2311117209633866,0.5836531972962229
CCCCCCC,O=C1CCCCC1,298.2,1.574846467664481,0.6176618356339478
CC(C)C(C)C(C)C,O=C1CCCCC1,298.2,1.5390154481375546,0.6414797390797902
CC(C)CCC(C)C,O=C1CCCCC1,298.2,1.6272778305624314,0.6414797390797902
CCC1CCCCC1,O=C1CCCCC1,298.2,1.3762440252663892,0.5285414109135864
ClC(Cl)(Cl)Cl,Oc1ccccc1,323.2,1.2237754316221157,1.6068478294000612
ClC(Cl)(Cl)Cl,Oc1ccccc1,328.2,1.5173226235262949,1.5688187850921134
ClC(Cl)(Cl)Cl,Oc1ccccc1,343.2,1.4327007339340465,1.4547316521682698
ClC(Cl)(Cl)Cl,Oc1ccccc1,358.2,1.4060969884160703,1.3406445192444263
ClC(Cl)(Cl)Cl,Oc1ccccc1,373.2,1.358409157630355,1.2265573863205823
ClC(Cl)Cl,Oc1ccccc1,323.2,0.5596157879354227,1.9855461588719088
c1ccccc1,Oc1ccccc1,298.2,1.0647107369924282,1.4771385742930154
c1ccccc1,Oc1ccccc1,328.2,1.0543120297715298,1.248964308445328
c1ccccc1,Oc1ccccc1,333.2,0.9162907318741552,1.21093526413738
c1ccccc1,Oc1ccccc1,343.2,0.9631743177730056,1.1348771755214844
c1ccccc1,Oc1ccccc1,353.2,0.7466879474879751,1.0588190869055887
c1ccccc1,Oc1ccccc1,358.2,0.9282193027394288,1.0207900425976408
c1ccccc1,Oc1ccccc1,373.2,0.7884573603642703,0.9067029096737969
c1ccccc1,Oc1ccccc1,373.2,0.9122827104766164,0.9067029096737969
CCBr,Oc1ccccc1,323.2,0.7178397931503168,1.506577272574932
CCI,Oc1ccccc1,323.2,0.8754687373538999,1.2414070564167248
ClCCl,Oc1ccccc1,323.2,0.5364933705145685,1.8739848095232081
S=C=S,Oc1ccccc1,323.2,1.1631508098056809,1.1899019962527602
CNC(C)=O,Oc1ccccc1,413.5,-2.813410717,1.5747680856190793
CC1CCCC1,Oc1ccccc1,328.2,2.2364452904895007,0.5940505743015807
CC1CCCC1,Oc1ccccc1,343.2,2.1126345090356,0.48861629082723557
CC1CCCC1,Oc1ccccc1,358.2,2.0412203288596382,0.38318200735289
CC1CCCC1,Oc1ccccc1,373.2,2.033397603178429,0.27774772387854485
Cc1ccc(C)cc1,Oc1ccccc1,343.2,1.249901736214336,1.0908999838613944
Cc1ccc(C)cc1,Oc1ccccc1,358.2,1.181727195378616,0.9768128509375509
Cc1ccc(C)cc1,Oc1ccccc1,373.2,1.169381359556317,0.8627257180137069
ClCCCl,Oc1ccccc1,323.2,0.5423242908253617,1.76132539969058
ClCCCl,Oc1ccccc1,328.2,0.8796267475025636,1.7232963553826322
ClCCCl,Oc1ccccc1,343.2,0.7608058290337602,1.6092092224587886
ClCCCl,Oc1ccccc1,358.2,0.7080357930536959,1.495122089534945
ClCCCl,Oc1ccccc1,373.2,0.7080357930536959,1.381034956611101
CC1CCCCC1,Oc1ccccc1,323.2,2.322387720290225,0.6548187254246329
CC1CCCCC1,Oc1ccccc1,328.2,2.3580197998821464,0.6196739642665179
CC1CCCCC1,Oc1ccccc1,343.2,2.244955980157409,0.5142396807921727
CC1CCCCC1,Oc1ccccc1,358.2,2.157559320943788,0.40880539731782717
CC1CCCCC1,Oc1ccccc1,373.2,2.134166441369082,0.30337111384348203
Cc1ccccc1,Oc1ccccc1,323.2,0.9631743177730056,1.2892357459046426
Cc1ccccc1,Oc1ccccc1,328.2,1.2383742310432684,1.2512067015966943
Cc1ccccc1,Oc1ccccc1,343.2,1.0986122886681098,1.1371195686728512
Cc1ccccc1,Oc1ccccc1,358.2,1.0612565021243408,1.0230324357490073
Cc1ccccc1,Oc1ccccc1,373.2,1.043804052173115,0.9089453028251633
CCCCC,Oc1ccccc1,323.2,2.388762789235098,0.708835050831846
CCCCCl,Oc1ccccc1,328.2,1.3029127521808397,1.6260791789035958
CCCCCl,Oc1ccccc1,343.2,1.205970806988609,1.5119920459797522
CCCCCl,Oc1ccccc1,358.2,1.1786549963416462,1.3979049130559087
CCCCCl,Oc1ccccc1,373.2,1.1568811967920856,1.2838177801320647
CCCCCC,Oc1ccccc1,298.2,2.862200880929469,0.908376760068264
CCCCCC,Oc1ccccc1,323.2,2.5649493574615367,0.7326529542776883
CCCCCC,Oc1ccccc1,328.2,2.6651427000909336,0.6975081931195732
CCCCCC,Oc1ccccc1,333.2,2.4849066497880004,0.6623634319614582
CCCCCC,Oc1ccccc1,343.2,2.553343811341229,0.5920739096452281
CCCCCC,Oc1ccccc1,358.2,2.4932054526026954,0.4866396261708825
CCCCCC,Oc1ccccc1,373.2,2.163323025660538,0.3812053426965374
CCCCCC,Oc1ccccc1,373.2,2.4595888418037104,0.3812053426965374
CCCCCCCC,Oc1ccccc1,328.2,2.995232148512309,0.7451440000112579
CCCCCCCC,Oc1ccccc1,343.2,2.831447079246135,0.6397097165369128
CCCCCCCC,Oc1ccccc1,358.2,2.714694743820879,0.5342754330625672
CCCCCCCC,Oc1ccccc1,373.2,2.649714624089247,0.42884114958822206
C=CCCCCCC,Oc1ccccc1,328.2,2.503891949699081,0.7456600674327873
C=CCCCCCC,Oc1ccccc1,343.2,2.365559892155434,0.6402257839584422
C=CCCCCCC,Oc1ccccc1,358.2,2.2793164660546914,0.5347915004840962
C=CCCCCCC,Oc1ccccc1,373.2,2.233235014859253,0.42935721700975105
CCCCCCCCCC,Oc1ccccc1,418.2,2.1838015570040787,0.16017410605687132
CCCCCCCCCC,Oc1ccccc1,433.2,2.1041341542702074,0.05473982258252619
CCCCCCC,Oc1ccccc1,323.2,2.734367509419584,0.7564708577235306
CCCCCCC,Oc1ccccc1,328.2,2.837908188360424,0.7213260965654156
CCCCCCC,Oc1ccccc1,343.2,2.696652156149841,0.6158918130910704
CCCCCCC,Oc1ccccc1,358.2,2.6004649904222727,0.5104575296167249
CCCCCCC,Oc1ccccc1,373.2,2.550226115908643,0.4050232461423797
C1CCCCCC1,Oc1ccccc1,328.2,2.180417459019838,0.5799456403545773
C1CCCCCC1,Oc1ccccc1,343.2,2.065596134857783,0.47451135688023216
C1CCCCCC1,Oc1ccccc1,358.2,2.004179057179289,0.3690770734058866
C1CCCCCC1,Oc1ccccc1,373.2,1.9851308622085944,0.26364278993154144
C=CCCCC,Oc1ccccc1,328.2,2.2235418856535927,0.7011844969905061
C=CCCCC,Oc1ccccc1,343.2,2.1162555148025524,0.595750213516161
C=CCCCC,Oc1ccccc1,358.2,2.061786606441115,0.4903159300418154
C=CCCCC,Oc1ccccc1,373.2,2.0425181875752383,0.38488164656747026
CCC1CCCCC1,Oc1ccccc1,328.2,2.5079719227189963,0.6322056718450542
CCC1CCCCC1,Oc1ccccc1,343.2,2.365559892155434,0.526771388370709
CCC1CCCCC1,Oc1ccccc1,358.2,2.281361456542419,0.42133710489636345
CCC1CCCCC1,Oc1ccccc1,373.2,2.201659174404085,0.3159028214220183
CCO,CCCCC,309.7,3.8501476017100575,-1.051449357
CCO,CCCCC,310.2,3.901972669574645,-1.053282092
CCO,CCCCC,323.7,3.49650756146648,-1.102765962
CCO,CCCCC,338.7,3.044522437723423,-1.157748039
CCO,CCCCC,339.2,3.1354942159291497,-1.159580775
CC(C)=O,CCCCC,238.2,2.948116419612328,0.9536271974570281
CC(C)=O,CCCCC,258.2,2.7800607370784824,0.8487644483152099
CC(C)=O,CCCCC,298.2,2.0781907597781832,0.6390389500315736
CC(C)=O,CCCCC,303.2,1.955860479908481,0.6128232627461188
ClCCl,CCCCC,298.2,0.959350221334602,1.8629381665517348
ClCCl,CCCCC,348.2,0.6626879730752367,1.482647723472256
ClCCl,CCCCC,398.2,0.4574248470388755,1.102357280392777
C[N+](=O)[O-],CCCCC,298.2,3.845028136603867,-0.152047404
CCCC(C)C,CCCCC,298.2,-0.020202707,1.5334586889337793
CC(C)CC(C)C,CCCCC,298.2,0.1133286853070032,1.5572765923796217
Cc1ccccc1,CCCCC,298.2,0.6626879730752367,1.2781891029331693
CCCCC,CCCCC,298.2,0.048790164169432,1.5096407854879368
C1CCOC1,CCCCC,313.2,0.7839015438284094,0.9475482121846073
CCCCCC,CCCCC,298.2,0.1133286853070032,1.5334586889337793
CCCCCCCC,CCCCC,298.2,0.1988508587451651,1.581094495825464
CCCCCCCC,CCCCC,298.2,0.1655144384775733,1.581094495825464
CCCCCCCCC,CCCCC,298.2,0.1906203596086497,1.6049123992713064
C1COCCO1,CCCCC,298.2,1.5602476682433286,0.7985498149846553
CCCCCCC,CCCCC,298.2,0.131028262406404,1.5572765923796217
CC(C)C(C)C(C)C,CCCCC,298.2,0.1988508587451651,1.581094495825464
CC(C)CCC(C)C,CCCCC,298.2,0.1484200051182732,1.581094495825464
CCC1CCCCC1,CCCCC,298.2,0.3364722366212129,1.4681561676592603
CC(C)=O,CCCCCl,293.2,0.5306282510621704,0.7183516456006402
CC(C)=O,CCCCCl,309.5,0.4824261492442928,0.6328885050500581
CC(C)=O,CCCCCl,326.7,0.4252677354043441,0.5427065407880947
CC(C)=O,CCCCCl,343.2,0.3506568716131693,0.45619477274609466
CC(C)=O,CCCCCl,350.8,0.3364722366212129,0.41634692807220386
ClC(Cl)Cl,CCCCCl,293.2,-0.072570693,2.027011500032566
CCBr,CCCCCl,293.2,0.0198026272961797,1.5480426137355892
CCI,CCCCCl,293.2,0.2546422183735807,1.282872397577382
CC#N,CCCCCl,323.2,1.5496879080283263,-0.124496859
CC#N,CCCCCl,348.2,1.3812818192963463,-0.255575296
ClCCl,CCCCCl,293.2,0.0198026272961797,1.9154501506838653
S=C=S,CCCCCl,293.2,0.4446858212614457,1.2313673374134178
C[N+](=O)[O-],CCCCCl,293.2,1.6863989535702288,-0.072734709
CCCCCC,CCCCCl,293.2,0.5481214085096876,1.2939366464675488
c1ccncc1,CCCCCl,349.3,0.3220834991691132,0.27366877592760996
CCOC(C)=O,CCCCCl,323.2,0.2231435513142097,0.7110698158253319
CCOC(C)=O,CCCCCl,348.2,0.2070141693843261,0.5799913793980593
CCO,CCCC#N,278.2,1.463255402256019,-0.519546962
CCO,CCCC#N,288.2,1.358409157630355,-0.55620168
CCO,CCCC#N,293.2,1.3217558399823195,-0.574529039
CCO,CCCC#N,298.2,1.252762968495368,-0.592856398
CCO,CCCC#N,298.2,1.2669476034873244,-0.592856398
CCO,CCCC#N,303.2,1.2119409739751128,-0.611183757
CCO,CCCC#N,308.2,1.181727195378616,-0.629511116
CCO,CCCC#N,313.2,1.1378330018213911,-0.647838475
CCO,CCCC#N,323.2,1.075002423028976,-0.684493193
CO,CCCC#N,278.2,1.3887912413184778,-0.872504806
CO,CCCC#N,288.2,1.324418957401803,-0.909159524
CO,CCCC#N,298.2,1.229640551074514,-0.945814242
CO,CCCC#N,308.2,1.1568811967920856,-0.98246896
CO,CCCC#N,318.2,1.0715836162801904,-1.019123678
CC(C)O,CCCC#N,278.2,1.5953389880545987,-0.332967737
CC(C)O,CCCC#N,288.2,1.4060969884160703,-0.369622455
CC(C)O,CCCC#N,293.2,1.3270750014599193,-0.387949814
CC(C)O,CCCC#N,298.2,1.249901736214336,-0.406277173
CC(C)O,CCCC#N,303.2,1.1908875647772803,-0.424604532
CC(C)O,CCCC#N,308.2,1.1346227261911428,-0.442931891
CC(C)O,CCCC#N,313.2,1.0681530811834012,-0.46125925
CC(C)O,CCCC#N,323.2,1.0043016091968684,-0.497913968
CCCO,CCCC#N,278.2,1.3937663759585917,-0.346123199
CCCO,CCCC#N,288.2,1.3297240096314962,-0.382777917
CCCO,CCCC#N,293.2,1.2725655957915476,-0.401105276
CCCO,CCCC#N,298.2,1.199964782928397,-0.419432635
CCCO,CCCC#N,303.2,1.1631508098056809,-0.437759994
CCCO,CCCC#N,308.2,1.1314021114911006,-0.456087353
CCCO,CCCC#N,313.2,1.0784095813505905,-0.474414712
CCCO,CCCC#N,323.2,1.0331844833456545,-0.51106943
CCCCO,CCCC#N,278.2,1.724550719534605,-0.158451658
CCCCO,CCCC#N,288.2,1.667706820558076,-0.195106376
CCCCO,CCCC#N,293.2,1.6370530794670737,-0.213433735
CCCCO,CCCC#N,298.2,1.603419840108537,-0.231761094
CCCCO,CCCC#N,303.2,1.5851452198650555,-0.250088453
CCCCO,CCCC#N,308.2,1.534714366238164,-0.268415812
CCCCO,CCCC#N,313.2,1.4996230464268938,-0.286743171
CCCCO,CCCC#N,323.2,1.4398351280479205,-0.323397889
C[N+](=O)[O-],CCCC#N,298.2,0.1133286853070032,-0.012167574
CC(C)(C)O,CCCC#N,298.2,1.0508216248317612,-0.249104363
CC(C)(C)O,CCCC#N,303.2,1.0260415958332745,-0.267431722
CC(C)(C)O,CCCC#N,308.2,0.9707789171582248,-0.285759081
CC(C)(C)O,CCCC#N,313.2,0.8878912573524571,-0.30408644
CC(C)(C)O,CCCC#N,318.2,0.85015092936961,-0.322413799
CC(C)(C)O,CCCC#N,323.2,0.8329091229351039,-0.340741159
CC(C)CO,CCCC#N,278.2,1.7526720805200082,-0.188404232
CC(C)CO,CCCC#N,288.2,1.4422019930581866,-0.22505895
CC(C)CO,CCCC#N,293.2,1.275362800412609,-0.243386309
CC(C)CO,CCCC#N,298.2,1.2383742310432684,-0.261713668
CC(C)CO,CCCC#N,303.2,1.1786549963416462,-0.280041027
CC(C)CO,CCCC#N,308.2,1.091923300517313,-0.298368386
CC(C)CO,CCCC#N,313.2,1.0543120297715298,-0.316695745
CC(C)CO,CCCC#N,323.2,0.959350221334602,-0.353350463
CCC(C)O,CCCC#N,278.2,1.501852701754163,-0.188039532
CCC(C)O,CCCC#N,288.2,1.297463147413275,-0.22469425
CCC(C)O,CCCC#N,293.2,1.2267122912954254,-0.243021609
CCC(C)O,CCCC#N,298.2,1.1410330045520618,-0.261348968
CCC(C)O,CCCC#N,303.2,1.128171090909654,-0.279676327
CCC(C)O,CCCC#N,308.2,1.0647107369924282,-0.298003686
CCC(C)O,CCCC#N,313.2,1.000631880307906,-0.316331045
CCC(C)O,CCCC#N,323.2,0.9082585601768908,-0.352985763
CCCC(C)C,CCCC#N,298.2,1.8309801823813363,0.9504893607428198
CC(C)CC(C)C,CCCC#N,298.2,1.9726911717329556,0.9743072641886625
Cc1ccccc1,CCCC#N,298.2,0.4054651081081644,1.3415474667390037
CCCCC,CCCC#N,298.2,1.601405740736836,0.9266714572969779
CCCCCC,CCCC#N,298.2,1.8687205103641835,0.9504893607428198
CCCCCCCC,CCCC#N,298.2,2.2289385528257477,0.9981251676345049
CCCCCCCC,CCCC#N,298.2,2.192770226986839,0.9981251676345049
CCCCCCCCC,CCCC#N,298.2,2.4078456036515385,1.0219430710803472
CCCCCCC,CCCC#N,298.2,2.048982334195127,0.9743072641886625
CC(C)C(C)C(C)C,CCCC#N,298.2,2.0425181875752383,0.9981251676345049
CC(C)CCC(C)C,CCCC#N,298.2,2.1412419425852827,0.9981251676345049
CCC1CCCCC1,CCCC#N,298.2,2.033397603178429,0.8851868394683011
ClC(Cl)(Cl)Cl,C1CCOC1,303.2,-0.261364764,1.282576659764417
ClC(Cl)Cl,C1CCOC1,337.3,-0.994252273,1.4019169070560604
ClC(Cl)Cl,C1CCOC1,327.7,-1.049822124,1.4749326721273208
ClC(Cl)Cl,C1CCOC1,323.2,-1.347073648,1.5091588120044737
ClC(Cl)Cl,C1CCOC1,323.3,-0.994252273,1.5083982311183144
ClC(Cl)Cl,C1CCOC1,313.2,-1.46967597,1.5852169006203694
ClC(Cl)Cl,C1CCOC1,313.6,-1.049822124,1.5821745770757332
ClC(Cl)Cl,C1CCOC1,303.2,-1.660731207,1.661274989236265
ClCCl,C1CCOC1,336.9,-0.693147181,1.2933978812519955
ClCCl,C1CCOC1,328.4,-0.733969175,1.3580472565755075
ClCCl,C1CCOC1,311.5,-0.798507696,1.4865854263363705
ClCCl,C1CCOC1,303.2,-1.049822124,1.549713639887564
ClCCl,C1CCOC1,293.7,-0.891598119,1.621968824072665
C[N+](=O)[O-],C1CCOC1,298.2,0.2851789422336624,-0.349393214
CCc1ccccc1,C1CCOC1,298.2,-0.105360516,0.9705643962118486
CCc1ccccc1,C1CCOC1,298.2,-0.105360516,0.9705643962118486
CCCCc1ccccc1,C1CCOC1,298.2,-0.105360516,0.9665291287464033
CCCCc1ccccc1,C1CCOC1,298.2,-0.105360516,0.9665291287464033
ClCCCl,C1CCOC1,343.2,-0.510825624,1.1328218755913535
ClCCCl,C1CCOC1,323.2,-0.579818495,1.2849380528231449
ClCCCl,C1CCOC1,303.2,-0.798507696,1.4370542300549363
CCCC(C)C,C1CCOC1,298.2,0.7747271675523681,0.7421630159750787
CC(C)CC(C)C,C1CCOC1,298.2,0.7701082216960737,0.7659809194209211
Cc1ccccc1,C1CCOC1,298.2,-0.198450939,1.0029936205769472
Cc1ccccc1,C1CCOC1,298.2,-0.174353387,1.0029936205769472
Cc1ccccc1,C1CCOC1,298.2,-0.174353387,1.0029936205769472
CCCCC,C1CCOC1,298.2,0.7275486072772777,0.7183451125292359
CCCCC,C1CCOC1,313.2,0.712949807856125,0.6129108290548908
CCCCCC,C1CCOC1,298.2,0.7839015438284094,0.7421630159750787
CCCCCC,C1CCOC1,313.2,0.6678293725756554,0.6367287325007331
CCCCCC,C1CCOC1,333.2,0.598836501088704,0.49614968786827296
CCCCCCCC,C1CCOC1,298.2,0.5766133643039938,0.7897988228667634
CCCCCCCC,C1CCOC1,298.2,0.8458682675776092,0.7897988228667634
CCCCCCCCC,C1CCOC1,298.2,0.8960880245566357,0.8136167263126057
CCCC=O,C1CCOC1,293.7,0.1906203596086497,0.5395870740084807
CCCC=O,C1CCOC1,311.5,0.1222176327242491,0.4462592272722623
CCCC=O,C1CCOC1,328.4,0.0953101798043249,0.3576502042474261
CCCC=O,C1CCOC1,336.9,0.0861776962410524,0.31308353586215354
C1COCCO1,C1CCOC1,298.2,0.1222176327242491,0.6012040049864664
CCOC(C)=O,C1CCOC1,313.2,0.0953101798043249,0.5130583721144402
CCOC(C)=O,C1CCOC1,333.2,0.0953101798043249,0.408195622972622
CCCCCCC,C1CCOC1,298.2,0.8285518175661483,0.7659809194209211
CCCCCCC,C1CCOC1,303.2,0.6830968447064438,0.7308361582628056
CCCCCCC,C1CCOC1,313.2,0.7030975114131134,0.6605466359465755
CCCCCCC,C1CCOC1,333.2,0.5822156198526637,0.5199675913141153
CCCCCCC,C1CCOC1,343.2,0.5306282510621704,0.4496780689978852
CC(C)C(C)C(C)C,C1CCOC1,298.2,0.7793248768009977,0.7897988228667634
CC(C)CCC(C)C,C1CCOC1,298.2,0.7884573603642703,0.7897988228667634
CCC1CCCCC1,C1CCOC1,298.2,0.7608058290337602,0.6768604947005596
CCCC(C)C,CCCCCC(C)=O,298.2,0.7839015438284094,0.8839849416937442
CC(C)CC(C)C,CCCCCC(C)=O,298.2,0.8712933659434193,0.9078028451395865
CCCCC,CCCCCC(C)=O,298.2,0.6312717768418578,0.8601670382479019
CCCCCC,CCCCCC(C)=O,298.2,0.7929925155296614,0.8839849416937442
CCCCCCCC,CCCCCC(C)=O,298.2,1.000631880307906,0.9316207485854289
CCCCCCCCC,CCCCCC(C)=O,298.2,1.128171090909654,0.9554386520312712
CCCCCCC,CCCCCC(C)=O,298.2,0.8796267475025636,0.9078028451395865
CC(C)C(C)C(C)C,CCCCCC(C)=O,298.2,0.8878912573524571,0.9316207485854289
CC(C)CCC(C)C,CCCCCC(C)=O,298.2,0.9516578757114464,0.9316207485854289
CCC1CCCCC1,CCCCCC(C)=O,298.2,0.8754687373538999,0.8186824204192251
ClC(Cl)(Cl)Cl,CCCCCC,301,0.1823215567939546,1.5393569740678599
ClC(Cl)(Cl)Cl,CCCCCC,313.2,0.1823215567939546,1.446566105956467
ClC(Cl)(Cl)Cl,CCCCCC,315,0.1823215567939546,1.432875650005606
ClC(Cl)(Cl)Cl,CCCCCC,332,0.1739533071234379,1.3035768993585828
ClC(Cl)(Cl)Cl,CCCCCC,340.3,0.1484200051182732,1.2404486858073893
CCO,CCCCCC,288.2,4.4272389774954295,-1.037698087
CCO,CCCCCC,293.2,4.247065649239764,-1.056025446
CCO,CCCCCC,297.2,4.136765278106052,-1.070687333
CCO,CCCCCC,297.4,4.063885354737392,-1.071420428
CCO,CCCCCC,297.7,4.084294226368599,-1.072520069
CCO,CCCCCC,298.2,4.096009841541162,-1.074352805
CCO,CCCCCC,298.2,4.013676659154646,-1.074352805
CCO,CCCCCC,303.2,3.9415818076696905,-1.092680164
CCO,CCCCCC,304.8,3.6375861597263857,-1.098544919
CCO,CCCCCC,308.2,3.779633817382401,-1.111007523
CCO,CCCCCC,313.2,3.6454498961866,-1.129334882
CCO,CCCCCC,313.2,3.481240089335692,-1.129334882
CCO,CCCCCC,316.6,3.6270040503958487,-1.141797486
CCO,CCCCCC,316.7,3.5667118201397288,-1.142164033
CCO,CCCCCC,318.2,3.5234150143864045,-1.147662241
CCO,CCCCCC,322.6,3.49650756146648,-1.163790317
CCO,CCCCCC,333.3,3.1354942159291497,-1.203010865
CCO,CCCCCC,334,3.109060958860994,-1.205576696
CCO,CCCCCC,334,3.086486636822455,-1.205576696
CCO,CCCCCC,351.5,2.6878474937846906,-1.269722452
CCO,CCCCCC,351.6,2.694627180770069,-1.270088999
CO,CCCCCC,288.2,4.832305758571839,-1.390655931
CO,CCCCCC,293.2,4.6443908991413725,-1.40898329
CO,CCCCCC,298.2,4.505349850705881,-1.427310649
CO,CCCCCC,303.2,4.359269647551265,-1.445638008
CO,CCCCCC,308.2,4.216562194946349,-1.463965367
CO,CCCCCC,313.2,4.065602093356446,-1.482292726
CO,CCCCCC,313.2,4.021773869387265,-1.482292726
CO,CCCCCC,318.2,3.9259259105971376,-1.500620085
CO,CCCCCC,333.3,3.66612246699132,-1.555968709
CO,CCCCCC,341.3,3.5380565643793527,-1.585292484
CC(C)O,CCCCCC,318.4,2.933856869835904,-0.96181611
CC(C)O,CCCCCC,328.2,2.5087859235779435,-0.997737734
CC(C)O,CCCCCC,328.4,2.700018029404946,-0.998470828
CC(C)O,CCCCCC,341.4,2.429217743927412,-1.046121962
CC(C)=O,CCCCCC,253.2,2.531313022602156,0.8134520423560883
CC(C)=O,CCCCCC,268.2,2.3933394562625097,0.7348049804997245
CC(C)=O,CCCCCC,293.2,2.017566137961748,0.603726544072452
CC(C)=O,CCCCCC,301.5,1.8261608959453877,0.5602085031785973
CC(C)=O,CCCCCC,301.9,1.8115620965242347,0.5581112481957611
CC(C)=O,CCCCCC,303.4,1.8196988379172965,0.5502465420101248
CC(C)=O,CCCCCC,313.2,1.754403682684286,0.4988637949306338
CC(C)=O,CCCCCC,318.2,1.6639260977181702,0.4726481076451794
CC(C)=O,CCCCCC,323.2,1.6174060820832772,0.4464324203597245
CC(C)=O,CCCCCC,333.2,1.5151272329628591,0.3940010457888157
CC(C)=O,CCCCCC,342,1.3635373739972745,0.3478614361664154
ClC(Cl)Cl,CCCCCC,301,0.4574248470388755,1.9180553035397074
ClC(Cl)Cl,CCCCCC,301.9,0.4446858212614457,1.9112100755642771
ClC(Cl)Cl,CCCCCC,308.2,0.412109650826833,1.8632934797362624
ClC(Cl)Cl,CCCCCC,315.3,0.4252677354043441,1.8092922368189766
ClC(Cl)Cl,CCCCCC,317.7,0.4317824164255378,1.7910382955511617
ClC(Cl)Cl,CCCCCC,318.2,0.3852624007906449,1.7872353911203667
ClC(Cl)Cl,CCCCCC,328.2,0.3435897043900768,1.711177302504471
ClC(Cl)Cl,CCCCCC,331.8,0.3920420877760237,1.6837963906027484
ClC(Cl)Cl,CCCCCC,334.7,0.378436435720245,1.661739544904139
ClC(Cl)Cl,CCCCCC,340.1,0.3293037471426003,1.620668177051555
ClC(Cl)Cl,CCCCCC,340.6,0.3506568716131693,1.61686527262076
ClC(Cl)Cl,CCCCCC,342,0.3435897043900768,1.6062171402145347
ClC(Cl)Cl,CCCCCC,342,0.3646431135879092,1.6062171402145347
CCCO,CCCCCC,301,3.6635616461296463,-0.911192363
CCCO,CCCCCC,315.3,3.261935314328648,-0.96360861
CCCO,CCCCCC,331.8,2.8094026953624978,-1.024088895
CCCO,CCCCCC,340.1,2.617395832834079,-1.054512311
CCCCO,CCCCCC,301,3.49650756146648,-0.723520822
CCCCO,CCCCCC,315.3,3.1135153092103742,-0.775937069
CCCCO,CCCCCC,331.8,2.714694743820879,-0.836417354
CCCCO,CCCCCC,333.2,2.66095859356836,-0.841549014
CCCCO,CCCCCC,340.3,2.501435951739211,-0.867573864
c1ccccc1,CCCCCC,313.2,0.4700036292457356,1.1267116293096815
c1ccccc1,CCCCCC,342,0.3435897043900768,0.9076643340959016
CCBr,CCCCCC,301,0.4824261492442928,1.4390864172427307
CCBr,CCCCCC,314.3,0.4317824164255378,1.3379291593835898
CCBr,CCCCCC,332,0.3148107398400336,1.2033063425334536
CCBr,CCCCCC,340.3,0.2311117209633866,1.1401781289822601
CCI,CCCCCC,298,0.7275486072772777,1.1967336276692921
CCI,CCCCCC,322.9,0.6259384308664954,1.0073489870157117
CCI,CCCCCC,329.1,0.6043159668533296,0.9601929720738562
CCI,CCCCCC,340.6,0.5128236264286637,0.872726170165576
CC#N,CCCCCC,295,3.317815772723105,-0.091265484
CC#N,CCCCCC,322.9,2.8213788864092133,-0.23754902
CC#N,CCCCCC,330.9,2.517696472610991,-0.279494119
CC#N,CCCCCC,332.3,2.617395832834079,-0.286834512
ClCCl,CCCCCC,298.2,0.7561219797213337,1.8277902190034578
C[N+](=O)[O-],CCCCCC,298.2,3.6821065698265074,-0.213575497
C[N+](=O)[O-],CCCCCC,322.9,3.173878458937465,-0.343080993
C[N+](=O)[O-],CCCCCC,332.3,2.990719731730447,-0.392366485
C[N+](=O)[O-],CCCCCC,340.9,2.87919845729804,-0.437457467
CC(C)(C)O,CCCCCC,303.3,2.8213788864092133,-0.749294677
CC(C)(C)O,CCCCCC,313.1,2.533696813957432,-0.785216301
CC(C)(C)O,CCCCCC,313.2,2.206074192613202,-0.785582848
CC(C)(C)O,CCCCCC,322.8,2.252343876557299,-0.820771377
CC[N+](=O)[O-],CCCCCC,298.1,3.030133700271324,-0.178205956
CC[N+](=O)[O-],CCCCCC,316.1,2.580216829592325,-0.27258243
CC[N+](=O)[O-],CCCCCC,332,2.509599262378372,-0.355948316
CC[N+](=O)[O-],CCCCCC,339.4,2.302585092994046,-0.394747533
Cc1ccc(C)cc1,CCCCCC,313.2,0.3852624007906449,1.0827344376495915
ClCCCl,CCCCCC,298,1.1537315878891892,1.7166519709431478
ClCCCl,CCCCCC,298.2,1.2837077723447896,1.7151308091708302
ClCCCl,CCCCCC,316,1.0043016091968684,1.5797474114345356
ClCCCl,CCCCCC,333.2,0.8960880245566357,1.4489274990151948
ClCCCl,CCCCCC,339.4,0.8415671856782185,1.4017714840733397
CCC#N,CCCCCC,295,2.954910279033736,-0.056625151
CCC#N,CCCCCC,313.2,2.6837575085331657,-0.152050253
CCC#N,CCCCCC,322.9,2.6100697927420065,-0.202908686
CCC#N,CCCCCC,332.3,2.3702437414678603,-0.252194178
CCC#N,CCCCCC,340.9,2.302585092994046,-0.29728516
CCCC(C)C,CCCCCC,298.2,0,1.5505121392676766
CCC[N+](=O)[O-],CCCCCC,301,2.6461747973841225,-0.178899536
CCC[N+](=O)[O-],CCCCCC,315.3,2.4423470353692043,-0.253876402
CCC[N+](=O)[O-],CCCCCC,332,2.26176309847379,-0.341436797
CCC[N+](=O)[O-],CCCCCC,340.3,2.1400661634962708,-0.384954838
CC(C)CC(C)C,CCCCCC,298.2,-0.116533816,1.574330042713519
Cc1ccccc1,CCCCCC,298.2,0.494696241836107,1.2430411553848923
Cc1ccccc1,CCCCCC,304.8,0.4637340162321402,1.1928428168984007
Cc1ccccc1,CCCCCC,322.8,0.378436435720245,1.0559382573897884
O=C1CCCCC1,CCCCCC,298,1.9600947840472696,0.5170929445437533
O=C1CCCCC1,CCCCCC,315.1,1.667706820558076,0.4274352940274988
O=C1CCCCC1,CCCCCC,331.7,1.547562508716013,0.34039921223978986
CCCCC,CCCCCC,298.2,-0.010050336,1.526694235821834
CCCCCl,CCCCCC,301,0.418710334858185,1.5966173678793423
CCCCCl,CCCCCC,315.3,0.4054651081081644,1.4878543011586114
CCCCCl,CCCCCC,332,0.3576744442718159,1.3608372931700652
CCCCCl,CCCCCC,340.3,0.3364722366212129,1.2977090796188717
C1CCOC1,CCCCCC,304.8,0.5007752879124892,0.9300624735795946
C1CCOC1,CCCCCC,313.2,0.5481214085096876,0.886020118940031
C1CCOC1,CCCCCC,322.4,0.4637340162321402,0.8377832543347945
C1CCOC1,CCCCCC,333.2,0.4574248470388755,0.7811573697982128
C1CCOC1,CCCCCC,340.2,0.412109650826833,0.7444554075985765
CCCCCC,CCCCCC,298.2,0.0198026272961797,1.5505121392676766
c1ccncc1,CCCCCC,296.6,1.7749523509116738,0.5215514027703532
c1ccncc1,CCCCCC,298.2,1.8293763327993615,0.5126379648789618
c1ccncc1,CCCCCC,303.2,1.766441661243765,0.48478347146836276
c1ccncc1,CCCCCC,313.2,1.6448050562713916,0.42907448464716413
c1ccncc1,CCCCCC,316.9,1.574846467664481,0.4084621595233209
c1ccncc1,CCCCCC,323.2,1.534714366238164,0.3733654978259655
c1ccncc1,CCCCCC,328.2,1.4816045409242156,0.3455110044153664
c1ccncc1,CCCCCC,330.1,1.4398351280479205,0.33492629691933873
c1ccncc1,CCCCCC,340.4,1.396244691973059,0.2775460404935042
CCCCCCCC,CCCCCC,298.2,0.0861776962410524,1.5981479461593615
CCCCCCCC,CCCCCC,298.2,0.0769610411361284,1.5981479461593615
CCCCCCCCC,CCCCCC,298.2,0.0198026272961797,1.6219658496052038
CCCC=O,CCCCCC,303.2,1.2412685890696329,0.6255949849197293
CCCC=O,CCCCCC,323.2,1.1378330018213911,0.5207322357779112
CCCC=O,CCCCCC,341.2,1.043804052173115,0.4263557615502749
C1COCCO1,CCCCCC,298.2,1.3937663759585917,0.7370217217400792
C1COCCO1,CCCCCC,353.2,1.128171090909654,0.44864916160007917
CCOC(C)=O,CCCCCC,298.1,1.220829921392359,0.7280474644701251
CCOC(C)=O,CCCCCC,316,1.0818051703517284,0.6341953039881982
CCOC(C)=O,CCCCCC,332,0.9555114450274363,0.5503051046747434
CCOC(C)=O,CCCCCC,339.4,0.8712933659434193,0.5115058874922709
CCCCCCC,CCCCCC,298.2,-0.030459207,1.574330042713519
CC(C)C(C)C(C)C,CCCCCC,298.2,0.0953101798043249,1.5981479461593615
CC(C)CCC(C)C,CCCCCC,298.2,0.0676586484738148,1.5981479461593615
CN1CCCC1=O,CCCCCC,333.3,3.15016862685841,0.4371192183747006
COC(C)(C)C,CCCCCC,303.2,0.2311117209633866,0.5578955397671326
COC(C)(C)C,CCCCCC,323.2,0.1823215567939546,0.4845861036773309
COC(C)(C)C,CCCCCC,308.2,0.0861776962410524,0.5395681807446824
CCC1CCCCC1,CCCCCC,298.2,0.1739533071234379,1.4852096179931575
CCO,c1ccncc1,298.2,-0.223143551,-0.808564817
CCO,c1ccncc1,313.2,0.1222176327242491,-0.863546894
CO,c1ccncc1,298.2,-0.139262067,-1.161522661
CO,c1ccncc1,308.2,-0.105360516,-1.198177379
CO,c1ccncc1,313.2,0.2311117209633866,-1.216504738
CO,c1ccncc1,318.2,-0.072570693,-1.234832097
CC(C)O,c1ccncc1,313.2,0.2070141693843261,-0.676967669
CC(C)=O,c1ccncc1,303.2,0.2231435513142097,0.3985624690500318
ClC(Cl)Cl,c1ccncc1,303.2,-0.916290732,1.6107187442565514
CCCO,c1ccncc1,313.2,0.0769610411361284,-0.690123132
CCCCO,c1ccncc1,313.2,0.0676586484738148,-0.50245159
c1ccccc1,c1ccncc1,298.2,0.1823215567939546,0.9501949824458666
c1ccccc1,c1ccncc1,298.2,0.1823215567939546,0.9501949824458666
c1ccccc1,c1ccncc1,303.2,0.1823215567939546,0.9121659381379184
c1ccccc1,c1ccncc1,313.2,0.1823215567939546,0.8361078495220227
c1ccccc1,c1ccncc1,323.2,0.1655144384775733,0.760049760906127
c1ccccc1,c1ccncc1,333.2,0.1823215567939546,0.6839916722902313
c1ccccc1,c1ccncc1,373.2,0.1823215567939546,0.3797593178266485
ClCCl,c1ccncc1,303.2,-0.46203546,1.4991573949078507
C[N+](=O)[O-],c1ccncc1,298.2,0.2390169004704999,-0.366308198
CC(C)(C)O,c1ccncc1,313.2,0.3148107398400336,-0.51979486
CC(C)CO,c1ccncc1,313.2,0.131028262406404,-0.532404164
CCC(C)O,c1ccncc1,313.2,0.0676586484738148,-0.532039464
CNC(C)=O,c1ccncc1,398.6,0.7514160886839212,0.833778392771447
CCCC(C)C,c1ccncc1,298.2,1.897619859927532,0.45454640013521264
CC(C)CC(C)C,c1ccncc1,298.2,2.064327903869788,0.478364303581055
Cc1ccccc1,c1ccncc1,293.2,0.3001045924503381,0.9904664199051814
Cc1ccccc1,c1ccncc1,298.2,0.3506568716131693,0.9524373755972331
Cc1ccccc1,c1ccncc1,298.2,0.262364264467491,0.9524373755972331
Cc1ccccc1,c1ccncc1,298.2,0.2851789422336624,0.9524373755972331
Cc1ccccc1,c1ccncc1,303.2,0.3074846997479607,0.9144083312892848
Cc1ccccc1,c1ccncc1,303.2,0.2700271372130602,0.9144083312892848
Cc1ccccc1,c1ccncc1,308.2,0.2851789422336624,0.8763792869813374
Cc1ccccc1,c1ccncc1,313.2,0.29266961396282,0.8383502426733891
Cc1ccccc1,c1ccncc1,313.2,0.2776317365982795,0.8383502426733891
Cc1ccccc1,c1ccncc1,323.2,0.2776317365982795,0.7622921540574934
Cc1ccccc1,c1ccncc1,333.2,0.2776317365982795,0.6862340654415977
Cc1ccccc1,c1ccncc1,373.2,0.2700271372130602,0.38200171097801494
CCCCC,c1ccncc1,298.2,1.6863989535702288,0.4307284966893703
CCCCCC,c1ccncc1,298.2,1.824549292051046,0.45454640013521264
CCCCCC,c1ccncc1,298.2,1.874874375938561,0.45454640013521264
CCCCCC,c1ccncc1,298.2,2.063058062429312,0.45454640013521264
CCCCCC,c1ccncc1,303.2,2.012232791986386,0.41940163897709715
CCCCCC,c1ccncc1,313.2,1.912501086924184,0.34911211666086706
CCCCCC,c1ccncc1,323.2,1.827769906751088,0.27882259434463696
CCCCCC,c1ccncc1,328.2,1.7850704810772584,0.24367783318652192
CCCCCC,c1ccncc1,333.2,1.5686159179138452,0.20853307202840687
CCCCCC,c1ccncc1,373.2,1.33500106673234,-0.072625017
CCCCCCCC,c1ccncc1,298.2,2.1424163408412245,0.5021822070268973
CCCCCCCC,c1ccncc1,298.2,2.2159372862683733,0.5021822070268973
CCCCCCCC,c1ccncc1,313.2,2.0255131996542803,0.39674792355255173
CCCCCCCC,c1ccncc1,353.2,1.463255402256019,0.11558983428763092
CCCCCCCC,c1ccncc1,369.8,1.3506671834767394,-0.001090773
CCCCCCCCC,c1ccncc1,298.2,2.271094425902674,0.5260001104727401
C1COCCO1,c1ccncc1,298.2,-0.040821995,0.5842890212885679
CCCCCCC,c1ccncc1,298.2,2.005525858729668,0.478364303581055
CCCCCCC,c1ccncc1,298.2,2.149433913499871,0.478364303581055
CCCCCCC,c1ccncc1,303.1,2.081938421878423,0.44392243764610173
CCCCCCC,c1ccncc1,313.2,1.897619859927532,0.3729300201067094
CCCCCCC,c1ccncc1,313.2,1.9712993830601329,0.3729300201067094
CCCCCCC,c1ccncc1,323.2,1.851599469584072,0.3026404977904793
CCCCCCC,c1ccncc1,333.2,1.763017000362401,0.2323509754742492
CCCCCCC,c1ccncc1,341,1.5810384379124025,0.17752514806758946
CCCCCCC,c1ccncc1,353.2,1.4327007339340465,0.09177193084178858
CC(C)CC(C)(C)C,c1ccncc1,293.2,2.374905754573672,0.5373269681850124
CC(C)CC(C)(C)C,c1ccncc1,298.2,2.2823823856765264,0.5021822070268973
CC(C)CC(C)(C)C,c1ccncc1,303.2,2.1838015570040787,0.4670374458687818
CC(C)CC(C)(C)C,c1ccncc1,308.2,2.1162555148025524,0.4318926847106668
CC(C)CC(C)(C)C,c1ccncc1,313.2,2.05668455455722,0.39674792355255173
CC(C)C(C)C(C)C,c1ccncc1,298.2,2.060513531794317,0.5021822070268973
CC(C)CCC(C)C,c1ccncc1,298.2,2.113842968397168,0.5021822070268973
CCC1CCCCC1,c1ccncc1,298.2,1.7984040119467235,0.38924387886069356
ClC(Cl)(Cl)Cl,CCCCCCCC,293.2,0.1570037488096647,1.5283863880917048
ClC(Cl)(Cl)Cl,CCCCCCCC,313.2,0.0769610411361284,1.3762702108599125
CCO,CCCCCCCC,288.2,4.354141431184346,-1.167810836
CCO,CCCCCCCC,293.2,4.160444363926624,-1.186138195
CCO,CCCCCCCC,293.2,3.9219733362813134,-1.186138195
CCO,CCCCCCCC,298.2,4.014579593753238,-1.204465554
CCO,CCCCCCCC,303.2,3.8628327612373754,-1.222792913
CCO,CCCCCCCC,308.2,3.716008121502189,-1.241120272
CCO,CCCCCCCC,313.2,3.5890591188317256,-1.259447631
CCO,CCCCCCCC,313.2,3.580737295494233,-1.259447631
CCO,CCCCCCCC,318.2,3.4372078191851885,-1.27777499
CCO,CCCCCCCC,323.2,3.310543013394025,-1.296102349
CCO,CCCCCCCC,333.2,3.3214324131932926,-1.332757067
CCO,CCCCCCCC,333.2,2.923161580719156,-1.332757067
CCO,CCCCCCCC,343.2,2.8610573702273894,-1.369411785
CO,CCCCCCCC,288.2,4.726502471155617,-1.52076868
CO,CCCCCCCC,293.2,4.554928969551344,-1.539096039
CO,CCCCCCCC,293.2,4.382026634673881,-1.539096039
CO,CCCCCCCC,298.2,4.430816798843313,-1.557423398
CO,CCCCCCCC,303.2,4.280824129164719,-1.575750757
CO,CCCCCCCC,308.2,4.0943445622221,-1.594078116
CO,CCCCCCCC,313.2,3.9889840465642745,-1.612405475
CO,CCCCCCCC,318.2,3.845883202923601,-1.630732834
CO,CCCCCCCC,323.2,3.7062280924485496,-1.649060193
CC(C)O,CCCCCCCC,353.2,2.0014800002101243,-1.219487278
CC(C)=O,CCCCCCCC,293.2,1.9878743481543453,0.4806703575832989
CC(C)=O,CCCCCCCC,313.2,1.7783364488959144,0.3758076084414812
CC(C)=O,CCCCCCCC,333.2,1.7561322915849038,0.2709448592996626
ClC(Cl)Cl,CCCCCCCC,293.2,0.3576744442718159,1.9070847175635524
ClC(Cl)Cl,CCCCCCCC,313.2,0.4382549309311553,1.7549685403317605
ClC(Cl)Cl,CCCCCCCC,333.2,0.3576744442718159,1.6028523630999691
CCCO,CCCCCCCC,293.2,3.871201010907891,-1.012714432
CCCO,CCCCCCCC,358.2,2.259677591982769,-1.250970099
CCCO,CCCCCCCC,363.2,2.172476407647025,-1.269297458
CCCCO,CCCCCCCC,293.2,3.742420221041966,-0.82504289
CCBr,CCCCCCCC,293.2,0.5247285289349821,1.4281158312665756
CCI,CCCCCCCC,293.2,0.5877866649021191,1.1629456151083684
CC#N,CCCCCCCC,293.2,3.4436180975461075,-0.204884024
CC#N,CCCCCCCC,313.2,3.261935314328648,-0.309746773
CC#N,CCCCCCCC,333.2,2.9069010598473755,-0.414609522
ClCCl,CCCCCCCC,293.2,0.7654678421395714,1.7955233682148513
S=C=S,CCCCCCCC,293.2,0.2311117209633866,1.1114405549444042
C[N+](=O)[O-],CCCCCCCC,293.2,3.676300671907076,-0.310415997
C[N+](=O)[O-],CCCCCCCC,313.2,3.202746442938317,-0.415278746
C[N+](=O)[O-],CCCCCCCC,333.2,3.0633909220278057,-0.520141495
CC(C)(C)O,CCCCCCCC,313.2,2.180417459019838,-0.915695596
CC(C)CO,CCCCCCCC,293.2,3.828641396489095,-0.854995464
CC[N+](=O)[O-],CCCCCCCC,293.2,2.9496883350525844,-0.275570769
Cc1ccc(C)cc1,CCCCCCCC,313.2,0.2700271372130602,1.0124385425530376
ClCCCl,CCCCCCCC,293.2,1.0647107369924282,1.6828639583822236
CCC#N,CCCCCCCC,293.2,3.039749158970765,-0.17024369
CCC#N,CCCCCCCC,313.2,2.7363136663750693,-0.275106439
CCCC(C)C,CCCCCCCC,298.2,0.0295588022415444,1.5846190399354714
CC(C)CC(C)C,CCCCCCCC,298.2,0.0676586484738148,1.6084369433813137
Cc1ccccc1,CCCCCCCC,333.2,0.2700271372130602,0.906541950132703
CCCCC,CCCCCCCC,293.2,-0.030459207,1.595945897647744
CCCCC,CCCCCCCC,293.2,0.009950330853168,1.595945897647744
CCCCC,CCCCCCCC,298.2,-0.020202707,1.560801136489629
CCCCC,CCCCCCCC,313.2,0,1.4553668530152835
CCCCC,CCCCCCCC,333.2,0.048790164169432,1.3147878083828233
CCCCC,CCCCCCCC,333.2,-0.020202707,1.3147878083828233
C=CCCC,CCCCCCCC,293.2,-0.040821995,1.5964619650692728
C1CCOC1,CCCCCCCC,293.2,0.4054651081081644,0.8678266815926965
CCCCCC,CCCCCCCC,298.2,0.0295588022415444,1.5846190399354714
CCCCCC,CCCCCCCC,333.2,-0.010050336,1.3386057118286656
c1ccncc1,CCCCCCCC,313.2,1.4678743481123135,0.33011233857433675
c1ccncc1,CCCCCCCC,353.2,1.1118575154181305,0.1072763912895427
c1ccncc1,CCCCCCCC,369.8,0.947789398933526,0.01479947316635366
CCCCCCCC,CCCCCCCC,298.2,0.0676586484738148,1.632254846827156
CCCCCCCCC,CCCCCCCC,298.2,0.0861776962410524,1.6560727502729984
C1COCCO1,CCCCCCCC,353.2,0.947789398933526,0.3255929751109261
CCOC(C)=O,CCCCCCCC,293.2,1.1786549963416462,0.630682651520718
CCOC(C)=O,CCCCCCCC,313.2,1.0784095813505905,0.5258199023788999
CCOC(C)=O,CCCCCCCC,333.2,1.0331844833456545,0.4209571532370817
CCCCCCC,CCCCCCCC,298.2,0.048790164169432,1.6084369433813137
CC(C)C(C)C(C)C,CCCCCCCC,298.2,0.0582689081239758,1.632254846827156
CC(C)CCC(C)C,CCCCCCCC,298.2,0.0769610411361284,1.632254846827156
CN1CCCC1=O,CCCCCCCC,313.2,2.87919845729804,0.4501321358124821
CN1CCCC1=O,CCCCCCCC,333.2,2.667228206581955,0.3387141621700853
CCC1CCCCC1,CCCCCCCC,298.2,0.009950330853168,1.5193165186609523
CC1=CCC2CC1C2(C)C,C=CCCCCCC,353.2,0.1988508587451651,1.0265801462583037
CC1=CCC2CC1C2(C)C,C=CCCCCCC,373.2,0.131028262406404,0.8860011016258436
CCCC(C)C,C=CCCCCCC,298.2,0.0392207131532813,1.43344761604377
CC(C)CC(C)C,C=CCCCCCC,298.2,0.0676586484738148,1.4572655194896125
CCCCC,C=CCCCCCC,298.2,-0.030459207,1.4096297125979276
CCCCCC,C=CCCCCCC,298.2,0.0198026272961797,1.43344761604377
CCCCCCCC,C=CCCCCCC,298.2,0.1222176327242491,1.4810834229354548
CCCCCCCCC,C=CCCCCCC,298.2,0.1739533071234379,1.5049013263812974
CCCCCCC,C=CCCCCCC,298.2,0.048790164169432,1.4572655194896125
CC(C)C(C)C(C)C,C=CCCCCCC,298.2,0.0676586484738148,1.4810834229354548
CC(C)CCC(C)C,C=CCCCCCC,298.2,0.0861776962410524,1.4810834229354548
CCC1CCCCC1,C=CCCCCCC,298.2,0.1133286853070032,1.3681450947692508
CCO,CCCCCCCCC,296.1,3.945457781514384,-1.261824437
CCO,CCCCCCCCC,296.1,3.9259259105971376,-1.261824437
CCO,CCCCCCCCC,302.4,3.747148362237912,-1.284916909
CCO,CCCCCCCCC,312.3,3.484312288372662,-1.32120508
CCO,CCCCCCCCC,312.4,3.475067230228611,-1.321571627
CCO,CCCCCCCCC,315,3.414442608412176,-1.331101854
CCO,CCCCCCCCC,315.5,3.414442608412176,-1.33293459
CCO,CCCCCCCCC,323.7,3.186352633162641,-1.362991459
CCO,CCCCCCCCC,323.7,3.169685580677429,-1.362991459
CCO,CCCCCCCCC,333.2,2.803360380906535,-1.397813441
CCO,CCCCCCCCC,333.9,2.923161580719156,-1.400379271
CCO,CCCCCCCCC,334,2.933856869835904,-1.400745818
CCO,CCCCCCCCC,355.5,2.4423470353692043,-1.479553462
CCO,CCCCCCCCC,355.5,2.4336133554004498,-1.479553462
CCCCCO,CCCCCCCCC,353.2,2.2321626286975,-0.950851589
CCCCCO,CCCCCCCCC,373.2,1.724550719534605,-1.024161025
c1ccccc1,CCCCCCCCC,313.2,-0.030459207,1.0212677866648505
c1ccccc1,CCCCCCCCC,323.2,-0.040821995,0.9452096980489548
c1ccccc1,CCCCCCCCC,333.2,-0.040821995,0.8691516094330591
CCCC(C)C,CCCCCCCCC,298.2,0,1.6016724902693686
CC(C)CC(C)C,CCCCCCCCC,298.2,0.0392207131532813,1.6254903937152112
CCCCC,CCCCCCCCC,298.2,-0.051293294,1.5778545868235263
CCCCC,CCCCCCCCC,333.2,-0.040821995,1.3318412587167203
CCCCCC,CCCCCCCCC,298.2,0.009950330853168,1.6016724902693686
CCCCCC,CCCCCCCCC,313.2,-0.274436846,1.496238206795023
CCCCCC,CCCCCCCCC,323.2,-0.223143551,1.425948684478793
CCCCCC,CCCCCCCCC,333.2,-0.162518929,1.3556591621625627
CCCCCC,CCCCCCCCC,333.2,-0.020202707,1.3556591621625627
CCCCCCCC,CCCCCCCCC,298.2,0.1133286853070032,1.6493082971610535
CCCCCCCCC,CCCCCCCCC,298.2,0.131028262406404,1.6731262006068959
CCCCCCC,CCCCCCCCC,298.2,0.0295588022415444,1.6254903937152112
CCCCCCC,CCCCCCCCC,313.2,-0.261364764,1.5200561102408656
CCCCCCC,CCCCCCCCC,323.2,-0.223143551,1.4497665879246355
CCCCCCC,CCCCCCCCC,333.2,-0.174353387,1.3794770656084054
CC(C)C(C)C(C)C,CCCCCCCCC,298.2,0.0295588022415444,1.6493082971610535
CC(C)CCC(C)C,CCCCCCCCC,298.2,0.0582689081239758,1.6493082971610535
CN1CCCC1=O,CCCCCCCCC,313.2,2.815408719422709,0.4006510627760682
CN1CCCC1=O,CCCCCCCCC,333.2,2.617395832834079,0.2892330891336714
CCC1CCCCC1,CCCCCCCCC,298.2,0.0295588022415444,1.5363699689948496
ClC(Cl)(Cl)Cl,CCCCCCCCO,293.2,0.5538851132264376,1.4340795546617557
ClC(Cl)(Cl)Cl,CCCCCCCCO,298.2,0.5128236264286637,1.396050510353808
ClC(Cl)(Cl)Cl,CCCCCCCCO,298.2,0.6043159668533296,1.396050510353808
ClC(Cl)(Cl)Cl,CCCCCCCCO,298.2,0.6043159668533296,1.396050510353808
ClC(Cl)(Cl)Cl,CCCCCCCCO,303.2,0.5364933705145685,1.3580214660458596
ClC(Cl)(Cl)Cl,CCCCCCCCO,313.2,0.5247285289349821,1.281963377429964
CCOCC,CCCCCCCCO,298.2,0.3506568716131693,1.0256663255768395
CCO,CCCCCCCCO,293.4,0.1655144384775733,-0.563715233
CCO,CCCCCCCCO,298.2,0.2311117209633866,-0.581309498
CCO,CCCCCCCCO,298.2,0.131028262406404,-0.581309498
CCO,CCCCCCCCO,303.5,0.1823215567939546,-0.600736498
CCO,CCCCCCCCO,313.6,0.1823215567939546,-0.637757763
CCO,CCCCCCCCO,323.4,0.1222176327242491,-0.673679387
CO,CCCCCCCCO,293.4,0.2231435513142097,-0.916673077
CO,CCCCCCCCO,298.2,0.29266961396282,-0.934267342
CO,CCCCCCCCO,303.5,0.2231435513142097,-0.953694342
CO,CCCCCCCCO,313.6,0.2231435513142097,-0.990715607
CO,CCCCCCCCO,323.4,0.1739533071234379,-1.026637231
CC(C)O,CCCCCCCCO,293.4,0.048790164169432,-0.377136008
CC(C)O,CCCCCCCCO,298.2,0.1133286853070032,-0.394730273
CC(C)O,CCCCCCCCO,303.5,0.0769610411361284,-0.414157273
CC(C)O,CCCCCCCCO,313.6,0.048790164169432,-0.451178538
CC(C)O,CCCCCCCCO,323.4,0.0198026272961797,-0.487100162
CC(C)=O,CCCCCCCCO,293.2,0.9439058989071284,0.5956620469314289
CC(C)=O,CCCCCCCCO,298.2,0.9202827531436923,0.5694463596459745
ClC(Cl)Cl,CCCCCCCCO,293.2,-0.051293294,1.8127778841336033
ClC(Cl)Cl,CCCCCCCCO,298.2,0.0198026272961797,1.7747488398256555
ClC(Cl)Cl,CCCCCCCCO,298.2,0.0198026272961797,1.7747488398256555
ClC(Cl)Cl,CCCCCCCCO,298.2,-0.030459207,1.7747488398256555
ClC(Cl)Cl,CCCCCCCCO,308.2,0.0295588022415444,1.6986907512097593
ClC(Cl)Cl,CCCCCCCCO,323.2,0.0676586484738148,1.5846036182859158
CCCO,CCCCCCCCO,293.4,0.1043600153242428,-0.39029147
CCCO,CCCCCCCCO,298.2,0.1484200051182732,-0.407885735
CCCO,CCCCCCCCO,303.5,0.131028262406404,-0.427312736
CCCO,CCCCCCCCO,313.6,0.0769610411361284,-0.464334001
CCCO,CCCCCCCCO,323.4,0.0582689081239758,-0.500255624
CCCCO,CCCCCCCCO,298.2,0.1043600153242428,-0.220214194
CCCCCO,CCCCCCCCO,298.2,0.0861776962410524,-0.06103821
c1ccccc1,CCCCCCCCO,293.4,0.6575200029167941,1.1127039162426522
c1ccccc1,CCCCCCCCO,298.2,0.688134638736401,1.0761960337070224
c1ccccc1,CCCCCCCCO,298.2,0.7275486072772777,1.0761960337070224
c1ccccc1,CCCCCCCCO,303.5,0.6626879730752367,1.0358852467405972
c1ccccc1,CCCCCCCCO,313.6,0.6043159668533296,0.9590665772385427
c1ccccc1,CCCCCCCCO,323.4,0.5481214085096876,0.8845296503949651
CC(Cl)(Cl)Cl,CCCCCCCCO,298.2,0.636576829071551,1.3362700523841418
CC(Cl)(Cl)Cl,CCCCCCCCO,298.2,0.6830968447064438,1.3362700523841418
CC(Cl)(Cl)Cl,CCCCCCCCO,298.2,0.6830968447064438,1.3362700523841418
CC(Cl)(Cl)Cl,CCCCCCCCO,308.2,0.5653138090500605,1.2602119637682456
CC(Cl)(Cl)Cl,CCCCCCCCO,323.2,0.4885800148186709,1.146124830844402
CCBr,CCCCCCCCO,293.2,0.688134638736401,1.333808997836627
CCI,CCCCCCCCO,293.2,0.8285518175661483,1.0686387816784193
CC#N,CCCCCCCCO,293.2,2.012232791986386,-0.089892334
CC#N,CCCCCCCCO,298.2,1.8718021769015916,-0.116108021
ClCCl,CCCCCCCCO,293.2,0.4446858212614457,1.7012165347849026
ClCCl,CCCCCCCCO,298.2,0.4510756193602167,1.6631874904769548
ClCCl,CCCCCCCCO,298.2,0.4510756193602167,1.6631874904769548
ClCCl,CCCCCCCCO,298.2,0.3852624007906449,1.6631874904769548
ClCCl,CCCCCCCCO,308.2,0.4574248470388755,1.5871294018610587
ClCCl,CCCCCCCCO,323.2,0.371563556432483,1.4730422689372151
S=C=S,CCCCCCCCO,293.2,0.5596157879354227,1.0171337215144547
CC(Cl)Cl,CCCCCCCCO,298.2,0.6981347220709843,1.6226309320362402
CC(Cl)Cl,CCCCCCCCO,298.2,0.6981347220709843,1.6226309320362402
CC(Cl)Cl,CCCCCCCCO,308.2,0.6981347220709843,1.5465728434203436
CC(Cl)Cl,CCCCCCCCO,323.2,0.6418538861723947,1.4324857104965005
C[N+](=O)[O-],CCCCCCCCO,293.2,2.341805806147327,-0.195424307
C[N+](=O)[O-],CCCCCCCCO,298.2,2.281361456542419,-0.221639995
C[N+](=O)[O-],CCCCCCCCO,298.2,2.262804222982201,-0.221639995
C[N+](=O)[O-],CCCCCCCCO,298.2,2.149433913499871,-0.221639995
CC(C)(C)O,CCCCCCCCO,298.2,-0.127833372,-0.237557463
CC(C)CO,CCCCCCCCO,298.2,0.1906203596086497,-0.250166768
CC(C)CO,CCCCCCCCO,298.2,0.1906203596086497,-0.250166768
CCC(C)O,CCCCCCCCO,293.4,-0.083381609,-0.232207803
CCC(C)O,CCCCCCCCO,303.5,-0.040821995,-0.269229068
CCC(C)O,CCCCCCCCO,313.6,-0.083381609,-0.306250334
CCC(C)O,CCCCCCCCO,323.4,-0.105360516,-0.342171957
ClC=C(Cl)Cl,CCCCCCCCO,298.2,0.4700036292457356,1.4878912099187982
COC(C)=O,CCCCCCCCO,298.2,0.9895411936137476,0.6018934349586362
CC[N+](=O)[O-],CCCCCCCCO,298.2,2.0082140323914683,-0.186794767
CCc1ccccc1,CCCCCCCCO,293.4,0.8241754429663494,1.082517085028921
CCc1ccccc1,CCCCCCCCO,298.2,0.9122827104766164,1.0460092024932912
CCc1ccccc1,CCCCCCCCO,303.5,0.8064758658669485,1.005698415526866
CCc1ccccc1,CCCCCCCCO,313.6,0.7654678421395714,0.9288797460248115
CCc1ccccc1,CCCCCCCCO,323.4,0.7030975114131134,0.8543428191812339
N#Cc1ccccc1,CCCCCCCCO,298.2,1.925707441737794,0.524938134978445
Cc1ccc(C)cc1,CCCCCCCCO,303.5,0.7466879474879751,0.9919080550805073
Cc1ccc(C)cc1,CCCCCCCCO,313.6,0.6931471805599453,0.9150893855784528
Cc1ccc(C)cc1,CCCCCCCCO,323.4,0.6729444732424258,0.8405524587348752
ClCCCl,CCCCCCCCO,298.2,0.8796267475025636,1.5505280806443267
ClCCCl,CCCCCCCCO,298.2,0.9858167945227654,1.5505280806443267
ClCCCl,CCCCCCCCO,298.2,0.9858167945227654,1.5505280806443267
ClCCCl,CCCCCCCCO,308.2,0.9360933591703348,1.474469992028431
ClCCCl,CCCCCCCCO,323.2,0.8372475245337022,1.360382859104587
CCC#N,CCCCCCCCO,293.2,1.8468787684491343,-0.055252001
CCC#N,CCCCCCCCO,298.2,1.6974487897568136,-0.081467688
COC=O,CCCCCCCCO,298.2,1.275362800412609,0.3500356343980764
CCCC(C)C,CCCCCCCCO,298.2,0.9783261227936078,1.0855299725688958
CCCC(C)=O,CCCCCCCCO,298.2,0.7747271675523681,0.7307468767940399
CCC[N+](=O)[O-],CCCCCCCCO,298.2,1.860974538249528,-0.172283248
CC(C)CC(C)C,CCCCCCCCO,298.2,1.1052568313867783,1.1093478760147382
CC(C)OC(C)C,CCCCCCCCO,298.2,0.5822156198526637,1.2696796470586174
CC1CCCCC1,CCCCCCCCO,293.4,0.8285518175661483,1.041434714427631
CC1CCCCC1,CCCCCCCCO,303.5,0.8285518175661483,0.9704422968882382
CC1CCCCC1,CCCCCCCCO,313.6,0.7701082216960737,0.8994498793488455
CC1CCCCC1,CCCCCCCCO,323.4,0.7419373447293773,0.8305661474789403
Cc1ccccc1,CCCCCCCCO,293.4,0.7030975114131134,1.1149463093940186
Cc1ccccc1,CCCCCCCCO,298.2,0.6931471805599453,1.0784384268583889
Cc1ccccc1,CCCCCCCCO,298.2,0.712949807856125,1.0784384268583889
Cc1ccccc1,CCCCCCCCO,298.2,0.7466879474879751,1.0784384268583889
Cc1ccccc1,CCCCCCCCO,298.2,0.7793248768009977,1.0784384268583889
Cc1ccccc1,CCCCCCCCO,303.5,0.7030975114131134,1.0381276398919637
Cc1ccccc1,CCCCCCCCO,313.6,0.6418538861723947,0.9613089703899096
Cc1ccccc1,CCCCCCCCO,323.4,0.6043159668533296,0.8867720435463315
CCCOC(C)=O,CCCCCCCCO,298.2,0.8586616190375187,0.8399872290850245
CCCCC,CCCCCCCCO,293.4,0.9001613499442714,1.095451039834844
CCCCC,CCCCCCCCO,298.2,0.7975071958841882,1.0617120691230535
CCCCC,CCCCCCCCO,298.2,0.947789398933526,1.0617120691230535
CCCCC,CCCCCCCCO,298.2,0.9631743177730056,1.0617120691230535
CCCCC,CCCCCCCCO,303.5,0.883767540168595,1.0244586222954513
CCCCC,CCCCCCCCO,313.6,0.8712933659434193,0.9534662047560585
CCCCC,CCCCCCCCO,323.4,0.8415671856782185,0.8845824728861533
C=CCCC,CCCCCCCCO,293.4,0.8109302162163288,1.0959671072563726
C=CCCC,CCCCCCCCO,303.5,0.8153648132841944,1.0249746897169798
C=CCCC,CCCCCCCCO,313.6,0.7701082216960737,0.953982272177587
C=CCCC,CCCCCCCCO,323.4,0.7514160886839212,0.8850985403076819
CCCCCl,CCCCCCCCO,298.2,0.8064758658669485,1.4533109041652903
CCCC#N,CCCCCCCCO,288.2,1.6770965609079151,0.030992404720259437
CCCC#N,CCCCCCCCO,293.2,1.541159071680806,0.004776717434804567
CCCC#N,CCCCCCCCO,298.2,1.5686159179138452,-0.02143897
CCCC#N,CCCCCCCCO,298.2,1.551808799597464,-0.02143897
CCCC#N,CCCCCCCCO,303.2,1.4060969884160703,-0.047654657
CCCC#N,CCCCCCCCO,308.2,1.3480731482996928,-0.073870344
CCCC#N,CCCCCCCCO,313.2,1.3137236682850553,-0.100086032
CCCC#N,CCCCCCCCO,323.2,1.184789984909162,-0.152517406
C1CCOC1,CCCCCCCCO,298.2,0.009950330853168,0.9566026836553716
CCCCCC(C)=O,CCCCCCCCO,298.2,0.7839015438284094,0.8914515589020957
CCCCCC,CCCCCCCCO,293.4,0.9932517730102834,1.1192689432806864
CCCCCC,CCCCCCCCO,298.2,0.9820784724121582,1.0855299725688958
CCCCCC,CCCCCCCCO,298.2,1.0331844833456545,1.0855299725688958
CCCCCC,CCCCCCCCO,303.5,0.9631743177730056,1.0482765257412936
CCCCCC,CCCCCCCCO,313.6,0.9783261227936078,0.9772841082019008
CCCCCC,CCCCCCCCO,323.4,0.9282193027394288,0.9084003763319957
c1ccncc1,CCCCCCCCO,298.2,-0.328504067,0.5544531599881659
CCCCCCCC,CCCCCCCCO,293.4,1.1151415906193205,1.166904750172371
CCCCCCCC,CCCCCCCCO,298.2,1.1568811967920856,1.1331657794605805
CCCCCCCC,CCCCCCCCO,298.2,1.2119409739751128,1.1331657794605805
CCCCCCCC,CCCCCCCCO,298.2,1.2178757094949273,1.1331657794605805
CCCCCCCC,CCCCCCCCO,303.5,1.1537315878891892,1.0959123326329783
CCCCCCCC,CCCCCCCCO,313.6,1.144222799920162,1.0249199150935855
CCCCCCCC,CCCCCCCCO,323.4,1.0647107369924282,0.9560361832236803
C=CCCCCCC,CCCCCCCCO,298.2,1.0986122886681098,1.1336818468821095
CCCCCCCCC,CCCCCCCCO,298.2,1.3297240096314962,1.1569836829064228
CCCCOC(C)=O,CCCCCCCCO,298.2,0.7466879474879751,0.9173762132621786
C1COCCO1,CCCCCCCCO,298.2,0.7323678937132266,0.7289572245990561
C1COCCO1,CCCCCCCCO,298.2,0.7793248768009977,0.7289572245990561
CCOC(C)=O,CCCCCCCCO,293.2,0.8628899551470398,0.745674340868848
CCOC(C)=O,CCCCCCCCO,298.2,0.9082585601768908,0.7194586535833931
CCCCCCC,CCCCCCCCO,293.4,1.0647107369924282,1.1430868467265287
CCCCCCC,CCCCCCCCO,298.2,1.0986122886681098,1.1093478760147382
CCCCCCC,CCCCCCCCO,298.2,1.1151415906193205,1.1093478760147382
CCCCCCC,CCCCCCCCO,298.2,1.1151415906193205,1.1093478760147382
CCCCCCC,CCCCCCCCO,298.2,1.118414915964289,1.1093478760147382
CCCCCCC,CCCCCCCCO,303.5,1.0715836162801904,1.072094429187136
CCCCCCC,CCCCCCCCO,308.2,1.1216775615991057,1.0390583536985076
CCCCCCC,CCCCCCCCO,313.6,1.0612565021243408,1.0011020116477432
CCCCCCC,CCCCCCCCO,323.2,1.0885619528146082,0.9336240702241625
CCCCCCC,CCCCCCCCO,323.4,0.9969486348916096,0.932218279777838
CC(C)C(C)C(C)C,CCCCCCCCO,298.2,1.1151415906193205,1.1331657794605805
CC(C)CCC(C)C,CCCCCCCCO,298.2,1.2178757094949273,1.1331657794605805
C=CCCCC,CCCCCCCCO,293.4,0.8878912573524571,1.1229452471516193
C=CCCCC,CCCCCCCCO,298.2,0.9321640810304452,1.0892062764398287
C=CCCCC,CCCCCCCCO,303.5,0.8878912573524571,1.0519528296122265
C=CCCCC,CCCCCCCCO,313.6,0.8285518175661483,0.9809604120728337
C=CCCCC,CCCCCCCCO,323.4,0.8020015854720274,0.9120766802029285
COC(C)(C)C,CCCCCCCCO,298.2,0.8197798314933114,1.069266206192394
COC(C)(C)C,CCCCCCCCO,298.2,0.2231435513142097,1.069266206192394
CCC1CCCCC1,CCCCCCCCO,298.2,1.01160091167848,1.0202274512943768
CCO,CCCCCCCCCCCC,293.2,4.023564380161053,-1.446363692
CO,CCCCCCCCCCCC,293.2,4.382026634673881,-1.799321536
CCCO,CCCCCCCCCCCC,293.2,3.7932394694381792,-1.272939929
CCCCO,CCCCCCCCCCCC,293.2,3.655839600035736,-1.085268387
CCCC(C)C,CCCCCCCCCCCC,298.2,0.0198026272961797,1.652832841271061
CC(C)CC(C)C,CCCCCCCCCCCC,298.2,0.0676586484738148,1.6766507447169032
CCCCC,CCCCCCCCCCCC,298.2,-0.127833372,1.6290149378252183
CCCCCC,CCCCCCCCCCCC,298.2,0,1.652832841271061
CCCCCCCC,CCCCCCCCCCCC,298.2,0.0392207131532813,1.7004686481627456
CCCCCCCCC,CCCCCCCCCCCC,298.2,0.0582689081239758,1.724286551608588
CCCCCCC,CCCCCCCCCCCC,298.2,0.009950330853168,1.6766507447169032
CC(C)C(C)C(C)C,CCCCCCCCCCCC,298.2,0.009950330853168,1.7004686481627456
CC(C)CCC(C)C,CCCCCCCCCCCC,298.2,0.0861776962410524,1.7004686481627456
CCC1CCCCC1,CCCCCCCCCCCC,298.2,-0.030459207,1.5875303199965418
CCOCC,CNC=O,303.2,1.8794650496471603,1.85719817613948
CCOCC,CNC=O,313.2,1.8625285401162623,1.8205434580945792
CCOCC,CNC=O,323.2,1.8468787684491343,1.7838887400496783
CCOCC,CNC=O,333.2,1.8325814637483104,1.7472340220047777
CCO,CNC=O,303.2,0.3220834991691132,0.25022235293549056
CCO,CNC=O,303.2,0.2700271372130602,0.25022235293549056
CCO,CNC=O,313.2,0.29266961396282,0.21356763489058972
CCO,CNC=O,313.2,0.2776317365982795,0.21356763489058972
CCO,CNC=O,323.2,0.2390169004704999,0.17691291684568888
CCO,CNC=O,333.2,0.1988508587451651,0.14025819880078827
CO,CNC=O,303.2,0.0392207131532813,-0.102735491
CO,CNC=O,303.2,0.0582689081239758,-0.102735491
CO,CNC=O,313.2,0.0295588022415444,-0.139390209
CO,CNC=O,313.2,0.1823215567939546,-0.139390209
CO,CNC=O,323.2,-0.010050336,-0.176044927
CO,CNC=O,333.2,-0.030459207,-0.212699645
CC(C)=O,CNC=O,303.2,0.7608058290337602,1.2976583324643274
CC(C)=O,CNC=O,313.2,0.7466879474879751,1.2452269578934185
CC(C)=O,CNC=O,323.2,0.7323678937132266,1.1927955833225092
CC(C)=O,CNC=O,333.2,0.7178397931503168,1.1403642087516004
ClC(Cl)Cl,CNC=O,303.2,0.1484200051182732,2.2675789629162413
ClC(Cl)Cl,CNC=O,313.2,0.2151113796169455,2.1915208743003456
ClC(Cl)Cl,CNC=O,323.2,0.2776317365982795,2.11546278568445
ClC(Cl)Cl,CNC=O,333.2,0.3435897043900768,2.039404697068554
c1ccccc1,CNC=O,303.2,1.6114359150967734,1.5690261567976083
c1ccccc1,CNC=O,313.2,1.5933085305042167,1.4929680681817126
c1ccccc1,CNC=O,323.2,1.5769147207285403,1.4169099795658169
c1ccccc1,CNC=O,333.2,1.55814461804655,1.3408518909499212
ClCCl,CNC=O,303.2,0.3920420877760237,2.15601761356754
ClCCl,CNC=O,313.2,0.4317824164255378,2.0799595249516445
ClCCl,CNC=O,323.2,0.4637340162321402,2.003901436335749
ClCCl,CNC=O,333.2,0.4885800148186709,1.927843347719853
CCC(C)C,CNC=O,303.2,3.4170707308184456,0.697453565611692
CCC(C)C,CNC=O,313.2,3.3350575791576103,0.6271640432954619
CCC(C)C,CNC=O,323.2,3.241810796150697,0.5568745209792318
CCC(C)C,CNC=O,333.2,3.171364842197149,0.48658499866300176
CC1CCCC1,CNC=O,303.2,3.190476350346503,0.6178138502395423
CC1CCCC1,CNC=O,313.2,3.133317936506554,0.5475243279233122
CC1CCCC1,CNC=O,323.2,3.0828269804049246,0.4772348056070821
CC1CCCC1,CNC=O,333.2,3.0325462466767075,0.406945283290852
CCc1ccccc1,CNC=O,303.2,2.276241117654444,1.538839325583877
CCc1ccccc1,CNC=O,313.2,2.258633205464863,1.4627812369679813
CCc1ccccc1,CNC=O,323.2,2.239645293220172,1.3867231483520857
CCc1ccccc1,CNC=O,333.2,2.222459048514761,1.31066505973619
Cc1ccc(C)cc1,CNC=O,303.2,2.359910159613315,1.5250489651375183
Cc1ccc(C)cc1,CNC=O,313.2,2.3350522831315472,1.4489908765216226
Cc1ccc(C)cc1,CNC=O,323.2,2.3085671646715933,1.372932787905727
Cc1ccc(C)cc1,CNC=O,333.2,2.283402273577272,1.2968746992898312
CCCC(C)C,CNC=O,298.2,3.540379445795492,0.7564162302156499
CCCC(C)=O,CNC=O,303.2,1.1662709371419244,1.4589588496123929
CCCC(C)=O,CNC=O,313.2,1.1600209167967532,1.406527475041484
CCCC(C)=O,CNC=O,323.2,1.1505720275988207,1.3540961004705747
CCCC(C)=O,CNC=O,333.2,1.144222799920162,1.3016647258996659
CC(C)CC(C)C,CNC=O,298.2,3.879706403951603,0.7802341336614926
CC(C)OC(C)C,CNC=O,303.2,2.511223958105374,2.101211497621258
CC(C)OC(C)C,CNC=O,313.2,2.4915511925066687,2.0645567795763573
CC(C)OC(C)C,CNC=O,323.2,2.4756977107026903,2.0279020615314565
CC(C)OC(C)C,CNC=O,333.2,2.4595888418037104,1.9912473434865559
CC1CCCCC1,CNC=O,303.2,3.4388142452334622,0.643437240204479
CC1CCCCC1,CNC=O,313.2,3.382693910097596,0.5731477178882489
CC1CCCCC1,CNC=O,323.2,3.328985047548231,0.5028581955720188
CC1CCCCC1,CNC=O,333.2,3.284288963416433,0.43256867325578874
Cc1ccccc1,CNC=O,303.2,1.9823798288367047,1.5712685499489751
Cc1ccccc1,CNC=O,313.2,1.965712776351493,1.4952104613330794
Cc1ccccc1,CNC=O,323.2,1.9459101490553128,1.4191523727171838
Cc1ccccc1,CNC=O,333.2,1.928618651945252,1.343094284101288
CCCCC,CNC=O,298.2,3.128513384787809,0.732598326769808
CCCCC,CNC=O,303.2,3.4503049557691834,0.697453565611692
CCCCC,CNC=O,313.2,3.353406717825807,0.6271640432954619
CCCCC,CNC=O,323.2,3.2733640101522705,0.5568745209792318
CCCCC,CNC=O,333.2,3.1982648709640764,0.48658499866300176
C=CCCC,CNC=O,303.2,2.797281334830153,0.697969633033221
C=CCCC,CNC=O,313.2,2.761274962339508,0.6276801107169909
C=CCCC,CNC=O,323.2,2.7239235502585,0.5573905884007608
C=CCCC,CNC=O,333.2,2.6864860231863696,0.48710106608453074
CCCCCC,CNC=O,298.2,3.61469455592456,0.7564162302156499
CCCCCC,CNC=O,303.2,3.723039305760641,0.7212714690575348
CCCCCC,CNC=O,313.2,3.6496187401606335,0.6509819467413047
CCCCCC,CNC=O,323.2,3.585184217775171,0.5806924244250746
CCCCCC,CNC=O,333.2,3.52459425980608,0.5104029021088445
CCCCCCCC,CNC=O,298.2,4.397776944765114,0.804052037107335
CCCCCCCC,CNC=O,303.2,4.388008706351429,0.7689072759492195
CCCCCCCC,CNC=O,313.2,4.27513717299578,0.6986177536329894
CCCCCCCC,CNC=O,323.2,4.167749906638376,0.6283282313167593
CCCCCCCC,CNC=O,333.2,4.070393341399587,0.5580387090005292
C=CCCCCCC,CNC=O,303.2,3.696351468952637,0.7694233433707485
C=CCCCCCC,CNC=O,313.2,3.6423118182976015,0.6991338210545184
C=CCCCCCC,CNC=O,323.2,3.589611452455267,0.6288442987382883
C=CCCCCCC,CNC=O,333.2,3.537765824444175,0.5585547764220582
CCCCCCCCC,CNC=O,298.2,4.752123598944254,0.8278699405531773
CCCCCCC,CNC=O,298.2,4.01764348729183,0.7802341336614926
CCCCCCC,CNC=O,303.2,4.05560373390567,0.7450893725033771
CCCCCCC,CNC=O,313.2,3.960050974438728,0.674799850187147
CCCCCCC,CNC=O,323.2,3.861571461932048,0.604510327870917
CCCCCCC,CNC=O,333.2,3.785098311854479,0.5342208055546869
CC(C)C(C)C(C)C,CNC=O,298.2,4.039888376426042,0.804052037107335
CC(C)CCC(C)C,CNC=O,298.2,4.252344965204106,0.804052037107335
C=CCCCC,CNC=O,303.2,3.095125017432026,0.7249477729284672
C=CCCCC,CNC=O,313.2,3.0497468618602293,0.6546582506122371
C=CCCCC,CNC=O,323.2,3.004196351966121,0.5843687282960071
C=CCCCC,CNC=O,333.2,2.967332799032293,0.514079205979777
COC(C)(C)C,CNC=O,303.2,1.9198594718553708,1.9007980567550347
COC(C)(C)C,CNC=O,313.2,1.912501086924184,1.8641433387101338
COC(C)(C)C,CNC=O,323.2,1.9050881545350584,1.827488620665233
COC(C)(C)C,CNC=O,333.2,1.897619859927532,1.7908339026203324
CCC1CCCCC1,CNC=O,298.2,3.823410347071543,0.6911137089411312
CCCCCC,CCCC=O,308.2,1.0260415958332745,0.782427164627908
CCCCCC,CCCC=O,328.2,0.9820784724121582,0.6418481199954478
CCCCCC,CCCC=O,347.2,0.9162907318741552,0.5082980275946105
CCOC(C)=O,CCCC=O,298.2,0.1222176327242491,0.703369806263141
CCOC(C)=O,CCCC=O,323.2,0.1133286853070032,0.5722913698358685
CCOC(C)=O,CCCC=O,347.2,0.0861776962410524,0.4464560708656866
C=CCCCC,CCCC=O,308.2,0.7030975114131134,0.7861034684988408
C=CCCCC,CCCC=O,328.2,0.6830968447064438,0.6455244238663806
C=CCCCC,CCCC=O,347.2,0.6471032420585384,0.5119743314655434
CCCC(C)C,CCCCOC(C)=O,298.2,0.7561219797213337,0.9801386653346098
CC(C)CC(C)C,CCCCOC(C)=O,298.2,0.8329091229351039,1.0039565687804526
CCCCC,CCCCOC(C)=O,298.2,0.6523251860396901,0.9563207618887675
CCCCCC,CCCCOC(C)=O,298.2,0.7747271675523681,0.9801386653346098
CCCCCCCC,CCCCOC(C)=O,298.2,1.0224509277025455,1.0277744722262945
CCCCCCCCC,CCCCOC(C)=O,298.2,1.128171090909654,1.0515923756721373
CCCCCCC,CCCCOC(C)=O,298.2,0.9082585601768908,1.0039565687804526
CC(C)C(C)C(C)C,CCCCOC(C)=O,298.2,0.8628899551470398,1.0277744722262945
CC(C)CCC(C)C,CCCCOC(C)=O,298.2,0.9162907318741552,1.0277744722262945
CCC1CCCCC1,CCCCOC(C)=O,298.2,0.883767540168595,0.9148361440600907
ClC(Cl)(Cl)Cl,C1COCCO1,298.2,0.2468600779315258,1.2545441959189416
ClC(Cl)(Cl)Cl,C1COCCO1,303.2,0.2468600779315258,1.2165151516109933
ClC(Cl)(Cl)Cl,C1COCCO1,308.2,0.2851789422336624,1.178486107303045
ClC(Cl)(Cl)Cl,C1COCCO1,313.2,0.1484200051182732,1.1404570629950976
ClC(Cl)(Cl)Cl,C1COCCO1,313.2,0.3220834991691132,1.1404570629950976
ClC(Cl)(Cl)Cl,C1COCCO1,337.7,0.1739533071234379,0.9541147458861525
CCO,C1COCCO1,298.2,0.9122827104766164,-0.78498013
CCO,C1COCCO1,323.2,0.8586616190375187,-0.876616925
CCO,C1COCCO1,323.2,0.883767540168595,-0.876616925
CC(C)O,C1COCCO1,323.2,0.8586616190375187,-0.6900377
CC(C)O,C1COCCO1,333.2,0.7514160886839212,-0.726692418
CC(C)O,C1COCCO1,343.2,0.6981347220709843,-0.763347136
CC(C)O,C1COCCO1,353.2,0.5247285289349821,-0.800001854
ClC(Cl)Cl,C1COCCO1,323.2,-0.891598119,1.443097303851049
ClC(Cl)Cl,C1COCCO1,303.2,-0.994252273,1.5952134810828404
CC#N,C1COCCO1,313.2,0.6523251860396901,-0.387804194
ClCCl,C1COCCO1,303.2,-0.634878272,1.4836521317341398
C[N+](=O)[O-],C1COCCO1,298.2,0.1484200051182732,-0.414689106
CCCC(C)C,C1COCCO1,298.2,1.88706964903238,0.5321877604766083
CC(C)CC(C)C,C1COCCO1,298.2,2.061786606441115,0.5560056639224507
Cc1ccccc1,C1COCCO1,298.2,0.1655144384775733,0.9369321124235226
CCCCC,C1COCCO1,298.2,1.706564623164823,0.508369857030766
CCCCCC,C1COCCO1,298.2,1.9021075263969205,0.5321877604766083
CCCCCC,C1COCCO1,353.2,1.275362800412609,0.14559538773734193
CCCCCCCC,C1COCCO1,298.2,2.186051276738094,0.579823567368293
CCCCCCCC,C1COCCO1,298.2,2.0014800002101243,0.579823567368293
CCCCCCCC,C1COCCO1,353.2,1.4422019930581866,0.1932311946290266
CCCCCCCCC,C1COCCO1,298.2,2.343727036325221,0.6036414708141353
CCCCCCC,C1COCCO1,298.2,2.0294631718735947,0.5560056639224507
CCCCCCC,C1COCCO1,298.2,1.7850704810772584,0.5560056639224507
CCCCCCC,C1COCCO1,303.2,1.754403682684286,0.5208609027643352
CCCCCCC,C1COCCO1,308.2,1.8082887711792652,0.4857161416062201
CCCCCCC,C1COCCO1,313.2,1.814824742159051,0.4505713804481051
CCCCCCC,C1COCCO1,313.4,1.6992786164338898,0.4491655900017806
CCCCCCC,C1COCCO1,333.2,1.574846467664481,0.3099923358156449
CCCCCCC,C1COCCO1,353.2,1.3787660946990992,0.16941329118318427
CCCCCCC,C1COCCO1,353.2,1.4182774069729414,0.16941329118318427
CC(C)C(C)C(C)C,C1COCCO1,298.2,2.038619547159581,0.579823567368293
CC(C)CCC(C)C,C1COCCO1,298.2,2.1412419425852827,0.579823567368293
CCC1CCCCC1,C1COCCO1,298.2,1.922787731634459,0.46688523920208924
ClC(Cl)(Cl)Cl,CCCCCCCCCC,313.2,-0.010050336,1.3059743157633585
CCO,CCCCCCCCCC,293.2,4.067315889834181,-1.316250943
CCO,CCCCCCCCCC,298.2,3.737431494696102,-1.334578302
CCO,CCCCCCCCCC,306.4,3.624340932976365,-1.364635171
CCO,CCCCCCCCCC,321.4,3.2386784521643803,-1.419617248
CCO,CCCCCCCCCC,333.2,2.740840023925201,-1.462869815
CCO,CCCCCCCCCC,338.7,2.766319109226186,-1.48302991
CCO,CCCCCCCCCC,343.2,2.747270914255491,-1.499524533
CCO,CCCCCCCCCC,357.5,2.388762789235098,-1.55194078
CO,CCCCCCCCCC,293.2,4.432006566978902,-1.669208787
CC(C)=O,CCCCCCCCCC,313.2,1.3428648031925547,0.25275142195232814
CC(C)=O,CCCCCCCCCC,333.2,1.3056264580524355,0.14788867281051
CCCO,CCCCCCCCCC,293.2,3.832979798087693,-1.14282718
CCCCO,CCCCCCCCCC,293.2,3.6788291182604342,-0.955155639
C[N+](=O)[O-],CCCCCCCCCC,298.2,3.4278393126085764,-0.45968787
Cc1ccc(C)cc1,CCCCCCCCCC,313.2,0.2070141693843261,0.9421426474564831
CCCC(C)C,CCCCCCCCCC,298.2,0,1.618725940603266
CC(C)CC(C)C,CCCCCCCCCC,298.2,0.0392207131532813,1.6425438440491085
Cc1ccccc1,CCCCCCCCCC,298.2,0.2311117209633866,1.102449365191784
Oc1ccccc1,CCCCCCCCCC,418.2,1.8453002361560848,0.9632790717058679
Oc1ccccc1,CCCCCCCCCC,433.2,1.5665304114228238,0.8797155914740702
CCCCC,CCCCCCCCCC,298.2,-0.127833372,1.5949080371574236
CCCCC,CCCCCCCCCC,333.2,-0.061875404,1.3488947090506178
CCCCC,CCCCCCCCCC,343.2,-0.072570693,1.2786051867343877
CCCCCC,CCCCCCCCCC,298.2,-0.010050336,1.618725940603266
CCCCCC,CCCCCCCCCC,333.2,-0.030459207,1.3727126124964601
CCCCCC,CCCCCCCCCC,343.2,-0.040821995,1.30242309018023
CCCCCCCC,CCCCCCCCCC,298.2,0.048790164169432,1.6663617474949508
CCCCCCCC,CCCCCCCCCC,298.2,0.0198026272961797,1.6663617474949508
CCCCCCCCC,CCCCCCCCCC,298.2,0.1655144384775733,1.6901796509407934
C1COCCO1,CCCCCCCCCC,298.2,1.1474024528375415,0.4909093487617735
CCCCCCC,CCCCCCCCCC,298.2,-0.020202707,1.6425438440491085
CC(C)C(C)C(C)C,CCCCCCCCCC,298.2,0.009950330853168,1.6663617474949508
CC(C)CCC(C)C,CCCCCCCCCC,298.2,0.0582689081239758,1.6663617474949508
CN1CCCC1=O,CCCCCCCCCC,313.2,2.714694743820879,0.35116998973965474
CN1CCCC1=O,CCCCCCCCCC,333.2,2.533696813957432,0.23975201609725794
CCC1CCCCC1,CCCCCCCCCC,298.2,0.0198026272961797,1.5534234193287468
ClC(Cl)(Cl)Cl,O=S1(=O)CCCC1,303.3,1.5260563034950492,1.0323654736147518
ClC(Cl)(Cl)Cl,O=S1(=O)CCCC1,317.9,1.5216989981260935,0.921320664235544
ClC(Cl)(Cl)Cl,O=S1(=O)CCCC1,333.7,1.5173226235262949,0.801148884222429
CCOCC,O=S1(=O)CCCC1,303.8,1.885553348514416,0.8361151299874168
CCOCC,O=S1(=O)CCCC1,317.9,1.8578592709325787,0.7844319775441069
CCOCC,O=S1(=O)CCCC1,333.6,1.8261608959453877,0.7268840702136126
CCO,O=S1(=O)CCCC1,303.8,1.1939224684724346,-0.770860693
CCO,O=S1(=O)CCCC1,317.9,1.0612565021243408,-0.822543846
CCO,O=S1(=O)CCCC1,332.8,0.85015092936961,-0.877159376
CO,O=S1(=O)CCCC1,303.8,0.85015092936961,-1.123818537
CO,O=S1(=O)CCCC1,317.9,0.7323678937132266,-1.17550169
CO,O=S1(=O)CCCC1,333.7,0.6259384308664954,-1.233416144
CC(C)O,O=S1(=O)CCCC1,303.8,1.4701758451005926,-0.584281468
CC(C)O,O=S1(=O)CCCC1,317.9,1.2809338454620642,-0.635964621
CC(C)O,O=S1(=O)CCCC1,332.8,1.0508216248317612,-0.69058015
CC(C)=O,O=S1(=O)CCCC1,303.8,0.4824261492442928,0.16962796493065468
CC(C)=O,O=S1(=O)CCCC1,317.9,0.4317824164255378,0.09569972678567318
CC(C)=O,O=S1(=O)CCCC1,334.2,0.3852624007906449,0.010236586235091494
ClC(Cl)Cl,O=S1(=O)CCCC1,332.6,0.009950330853168,1.1882136034420245
ClC(Cl)Cl,O=S1(=O)CCCC1,317.9,-0.030459207,1.3000189937073916
ClC(Cl)Cl,O=S1(=O)CCCC1,303.1,-0.072570693,1.412584964858917
CCCCO,O=S1(=O)CCCC1,303.1,1.6770965609079151,-0.407199559
CCCCO,O=S1(=O)CCCC1,317.9,1.501852701754163,-0.461448542
CCCCO,O=S1(=O)CCCC1,333.6,1.308332819650179,-0.518996449
c1ccccc1,O=S1(=O)CCCC1,303.8,0.8671004876833833,0.7087080925371714
c1ccccc1,O=S1(=O)CCCC1,317.9,0.8544153281560676,0.6014661875887586
c1ccccc1,O=S1(=O)CCCC1,333.7,0.8415671856782185,0.48129440757564357
CC#N,O=S1(=O)CCCC1,303.8,0.0582689081239758,-0.515926416
CC#N,O=S1(=O)CCCC1,317.9,0.0676586484738148,-0.589854654
CC#N,O=S1(=O)CCCC1,334.2,0.0769610411361284,-0.675317795
CC=O,O=S1(=O)CCCC1,303.1,0.3646431135879092,0.04375370313627247
CC=O,O=S1(=O)CCCC1,317.9,0.3220834991691132,-0.033844731
CC=O,O=S1(=O)CCCC1,333.6,0.2851789422336624,-0.116161989
ClCCl,O=S1(=O)CCCC1,317.9,-0.061875404,1.188457644358691
ClCCl,O=S1(=O)CCCC1,334.2,-0.020202707,1.064482959914781
ClCCl,O=S1(=O)CCCC1,303.8,-0.105360516,1.2956995493071037
CC(C)CO,O=S1(=O)CCCC1,303.8,1.5390154481375546,-0.439717963
CC(C)CO,O=S1(=O)CCCC1,303.8,1.5390154481375546,-0.439717963
CC(C)CO,O=S1(=O)CCCC1,317.9,1.3912819026309295,-0.491401116
CC(C)CO,O=S1(=O)CCCC1,317.9,1.3912819026309295,-0.491401116
CC(C)CO,O=S1(=O)CCCC1,332.8,1.175573329804238,-0.546016645
CC(C)CO,O=S1(=O)CCCC1,332.8,1.175573329804238,-0.546016645
ClC=C(Cl)Cl,O=S1(=O)CCCC1,303.1,1.181727195378616,1.1257273349520598
ClC=C(Cl)Cl,O=S1(=O)CCCC1,317.9,1.128171090909654,1.0131613638005343
ClC=C(Cl)Cl,O=S1(=O)CCCC1,332.6,1.0784095813505905,0.9013559735351673
COC(C)=O,O=S1(=O)CCCC1,303.8,0.6678293725756554,0.2020750402433169
COC(C)=O,O=S1(=O)CCCC1,317.9,0.6471032420585384,0.1281468020983354
COC(C)=O,O=S1(=O)CCCC1,333.7,0.6312717768418578,0.0453052302762984
CCc1ccccc1,O=S1(=O)CCCC1,303.1,1.6714733033535532,0.6838453275265528
CCc1ccccc1,O=S1(=O)CCCC1,317.9,1.5953389880545987,0.5712793563750274
CCc1ccccc1,O=S1(=O)CCCC1,332.6,1.4906543764441336,0.4594739661096603
ClCCCl,O=S1(=O)CCCC1,303.1,0.1222176327242491,1.1883642056775887
ClCCCl,O=S1(=O)CCCC1,317.9,0.1570037488096647,1.0757982345260633
ClCCCl,O=S1(=O)CCCC1,333.6,0.1906203596086497,0.9563870353991066
COC=O,O=S1(=O)CCCC1,303.8,0.3576744442718159,-0.04978276
COC=O,O=S1(=O)CCCC1,317.9,0.3506568716131693,-0.123710998
COC=O,O=S1(=O)CCCC1,333.7,0.3435897043900768,-0.20655257
CC(C)OC(C)C,O=S1(=O)CCCC1,303.8,2.670694414558441,1.0801284514691947
CC(C)OC(C)C,O=S1(=O)CCCC1,317.9,2.602689685444384,1.0284452990258848
CC(C)OC(C)C,O=S1(=O)CCCC1,334.2,2.531313022602156,0.9686981086126965
CC1CCCCC1,O=S1(=O)CCCC1,303.6,3.6560979645895566,-0.058239757
CC1CCCCC1,O=S1(=O)CCCC1,317.9,3.4772320679381528,-0.158753773
CC1CCCCC1,O=S1(=O)CCCC1,332.8,3.2164729402518906,-0.263485162
Cc1ccccc1,O=S1(=O)CCCC1,303.8,1.2837077723447896,0.7109504856885382
Cc1ccccc1,O=S1(=O)CCCC1,317.9,1.249901736214336,0.6037085807401255
Cc1ccccc1,O=S1(=O)CCCC1,333.6,1.2119409739751128,0.4842973816131688
Clc1ccccc1,O=S1(=O)CCCC1,303.8,0.9895411936137476,0.7444781081971859
Clc1ccccc1,O=S1(=O)CCCC1,317.9,0.9555114450274363,0.6372362032487731
Clc1ccccc1,O=S1(=O)CCCC1,332.8,0.904218150639886,0.5239096512110883
CCCOC(C)=O,O=S1(=O)CCCC1,303.1,1.297463147413275,0.44383903058966867
CCCOC(C)=O,O=S1(=O)CCCC1,317.9,1.252762968495368,0.3662405962247237
CCCOC(C)=O,O=S1(=O)CCCC1,332.6,1.2149127443642704,0.2891664756054868
CCCCC,O=S1(=O)CCCC1,303.4,3.5447203584143305,-0.002817641
CCCCC,O=S1(=O)CCCC1,317.9,3.415757532993485,-0.104737448
CCCCC,O=S1(=O)CCCC1,332.6,3.3054204262683866,-0.208063046
C1CCOC1,O=S1(=O)CCCC1,303.1,0.85015092936961,0.5604544851600157
C1CCOC1,O=S1(=O)CCCC1,317.9,0.8329091229351039,0.48285605079507077
C1CCOC1,O=S1(=O)CCCC1,333.6,0.8064758658669485,0.40053879271874315
CCCCCC,O=S1(=O)CCCC1,303.8,3.849934813114724,0.018188681876497803
CCCCCC,O=S1(=O)CCCC1,317.9,3.715521385060357,-0.080919545
CCCCCC,O=S1(=O)CCCC1,332.8,3.582963228522387,-0.185650933
c1ccncc1,O=S1(=O)CCCC1,317.9,0.1570037488096647,-0.041406451
c1ccncc1,O=S1(=O)CCCC1,332.7,0.048790164169432,-0.123855752
C=CCCCCCC,O=S1(=O)CCCC1,303.2,4.092676505121403,0.0705579275286854
C=CCCCCCC,O=S1(=O)CCCC1,313.2,3.981549068076757,0.0002684052124553027
CCCCOC(C)=O,O=S1(=O)CCCC1,303.1,1.6074359097634274,0.5212280147668227
CCCCOC(C)=O,O=S1(=O)CCCC1,317.9,1.541159071680806,0.4436295804018777
CCCCOC(C)=O,O=S1(=O)CCCC1,334.2,1.4929040961781488,0.3581664398512956
C1COCCO1,O=S1(=O)CCCC1,317.9,0.3920420877760237,0.2552105917387548
C1COCCO1,O=S1(=O)CCCC1,332.7,0.2468600779315258,0.17761215737380942
CCOC(C)=O,O=S1(=O)CCCC1,303.1,1.0224509277025455,0.3233104550880377
CCOC(C)=O,O=S1(=O)CCCC1,317.9,0.9820784724121582,0.24571202072309273
CCOC(C)=O,O=S1(=O)CCCC1,332.6,0.9202827531436923,0.16863790010385582
CCCCCCC,O=S1(=O)CCCC1,303.4,4.127456913672303,0.044818166214989574
CCCCCCC,O=S1(=O)CCCC1,317.9,3.9889840465642745,-0.057101641
CCCCCCC,O=S1(=O)CCCC1,332.6,3.85798911693566,-0.160427239
C1CCCCCC1,O=S1(=O)CCCC1,303.2,3.713572066704308,-0.0951565
C1CCCCCC1,O=S1(=O)CCCC1,313.2,3.5751506887855933,-0.165446022
C1CCCCCCC1,O=S1(=O)CCCC1,303.2,3.9318256327243257,-0.090300015
C1CCCCCCC1,O=S1(=O)CCCC1,313.2,3.775057150354989,-0.160589537
C=CCCCC,O=S1(=O)CCCC1,303.2,3.3843902633457743,0.026082357086404606
C=CCCCC,O=S1(=O)CCCC1,313.2,3.2809112157876537,-0.044207165
COC(C)(C)C,O=S1(=O)CCCC1,303.8,1.99061032797322,0.8797150106029712
COC(C)(C)C,O=S1(=O)CCCC1,317.9,1.9685099809725544,0.8280318581596613
COC(C)(C)C,O=S1(=O)CCCC1,333.6,1.9300710850255671,0.770483950829167
ClC(Cl)(Cl)Cl,CC(=O)N(C)C,303.2,-0.051293294,1.3476236465778815
ClC(Cl)(Cl)Cl,CC(=O)N(C)C,317.6,0.2070141693843261,1.2380999989709913
ClC(Cl)(Cl)Cl,CC(=O)N(C)C,333.6,0.4824261492442928,1.1164070571855582
CCOCC,CC(=O)N(C)C,303.4,1.175573329804238,1.060041785418453
CCOCC,CC(=O)N(C)C,317.6,1.1568811967920856,1.0079920857946938
CCOCC,CC(=O)N(C)C,333.6,1.1410330045520618,0.9493445369228526
CCO,CC(=O)N(C)C,333.6,-0.46203546,-0.657631286
CCO,CC(=O)N(C)C,317.6,-0.544727175,-0.598983737
CCO,CC(=O)N(C)C,303.6,-0.634878272,-0.547667132
CO,CC(=O)N(C)C,333.4,-0.776528789,-1.009856036
CO,CC(=O)N(C)C,317.6,-0.820980552,-0.951941581
CO,CC(=O)N(C)C,303.6,-0.867500568,-0.900624976
CC(C)O,CC(=O)N(C)C,333.2,-0.597837001,-0.469585872
CC(C)O,CC(=O)N(C)C,317.6,-0.544727175,-0.412404512
CC(C)O,CC(=O)N(C)C,303.2,-0.510825624,-0.359621718
CC(C)=O,CC(=O)N(C)C,303.6,0.0953101798043249,0.48854400767959083
CC(C)=O,CC(=O)N(C)C,317.6,0.0295588022415444,0.41514008328031826
CC(C)=O,CC(=O)N(C)C,333.4,-0.030459207,0.3322985114582817
ClC(Cl)Cl,CC(=O)N(C)C,333.2,-1.30933332,1.4981477102020424
ClC(Cl)Cl,CC(=O)N(C)C,317.6,-1.514127733,1.6167983284428393
ClC(Cl)Cl,CC(=O)N(C)C,303.2,-1.714798428,1.7263219760497295
CCCCO,CC(=O)N(C)C,333.4,-0.235722334,-0.295802888
c1ccccc1,CC(=O)N(C)C,303.6,0.131028262406404,1.0247268463864607
c1ccccc1,CC(=O)N(C)C,317.6,0.1570037488096647,0.9182455223242059
c1ccccc1,CC(=O)N(C)C,333.6,0.1739533071234379,0.7965525805387728
CC#N,CC(=O)N(C)C,333.4,-0.371063681,-0.35325587
CC#N,CC(=O)N(C)C,317.6,-0.371063681,-0.270414298
CC#N,CC(=O)N(C)C,303.2,-0.371063681,-0.194913118
CC=O,CC(=O)N(C)C,303.2,-0.061875404,0.36109680464808136
CC=O,CC(=O)N(C)C,317.6,-0.094310679,0.28559562526597215
CC=O,CC(=O)N(C)C,333.4,-0.127833372,0.2027540534439356
ClCCl,CC(=O)N(C)C,333,-0.916290732,1.388107522625659
ClCCl,CC(=O)N(C)C,317.6,-1.021651248,1.5052369790941382
ClCCl,CC(=O)N(C)C,303.6,-1.139434283,1.6117183031563926
CC(C)CO,CC(=O)N(C)C,333.4,-0.356674944,-0.325755462
CC(C)CO,CC(=O)N(C)C,333.4,-0.356674944,-0.325755462
ClC=C(Cl)Cl,CC(=O)N(C)C,333,0.009950330853168,1.2128112420675023
ClC=C(Cl)Cl,CC(=O)N(C)C,317.6,-0.083381609,1.3299406985359816
ClC=C(Cl)Cl,CC(=O)N(C)C,303.6,-0.162518929,1.436422022598236
COC(C)=O,CC(=O)N(C)C,303.3,0.3852624007906449,0.5225640242293803
COC(C)=O,CC(=O)N(C)C,317.6,0.2070141693843261,0.44758715859298004
COC(C)=O,CC(=O)N(C)C,333.6,0.0198026272961797,0.36369695927952517
CCc1ccccc1,CC(=O)N(C)C,303.6,0.7275486072772777,0.9945400151727295
CCc1ccccc1,CC(=O)N(C)C,317.6,0.6780335427498971,0.8880586911104746
CCc1ccccc1,CC(=O)N(C)C,333.2,0.6259384308664954,0.7694080728696777
ClCCCl,CC(=O)N(C)C,333.4,-0.287682072,1.272405789248396
ClCCCl,CC(=O)N(C)C,317.6,-0.46203546,1.3925775692615106
ClCCCl,CC(=O)N(C)C,303.6,-0.616186139,1.499058893323765
COC=O,CC(=O)N(C)C,303.3,0.1043600153242428,0.2707062236688209
COC=O,CC(=O)N(C)C,317.6,0.1739533071234379,0.19572935803242064
COC=O,CC(=O)N(C)C,333,0.2390169004704999,0.11498504119322073
CC(C)OC(C)C,CC(=O)N(C)C,303.2,1.396244691973059,1.304788201261129
CC(C)OC(C)C,CC(=O)N(C)C,317.6,1.308332819650179,1.2520054072764717
CC(C)OC(C)C,CC(=O)N(C)C,333,1.2237754316221157,1.1955571414873245
CC1CCCCC1,CC(=O)N(C)C,303.2,2.1114245875328868,0.2135537288309619
CC1CCCCC1,CC(=O)N(C)C,317.6,2.0068708488450007,0.11233681669559026
CC1CCCCC1,CC(=O)N(C)C,333.2,1.922787731634459,0.002685161882271636
Cc1ccccc1,CC(=O)N(C)C,303.6,0.3987761199573678,1.0269692395378271
Cc1ccccc1,CC(=O)N(C)C,317.6,0.3852624007906449,0.9204879154755727
Cc1ccccc1,CC(=O)N(C)C,333.2,0.371563556432483,0.8018372972347758
Clc1ccccc1,CC(=O)N(C)C,317.6,1.1969481893889715,0.9540155379842203
CCCOC(C)=O,CC(=O)N(C)C,303.3,0.6981347220709843,0.7606578183557682
CCCOC(C)=O,CC(=O)N(C)C,317.6,0.6259384308664954,0.6856809527193684
CCCOC(C)=O,CC(=O)N(C)C,333,0.5596157879354227,0.6049366358801684
CCCCC,CC(=O)N(C)C,298.2,2.135349173618132,0.30271481539628997
CCCCC,CC(=O)N(C)C,303.6,2.074428999856292,0.26475847334552505
CCCCC,CC(=O)N(C)C,317.6,1.925707441737794,0.16635314210280328
CCCCC,CC(=O)N(C)C,333.4,1.7732559976634952,0.05529569684316016
C1CCOC1,CC(=O)N(C)C,303.3,0.4252677354043441,0.8772732729261157
C1CCOC1,CC(=O)N(C)C,317.6,0.4054651081081644,0.8022964072897159
C1CCOC1,CC(=O)N(C)C,333.6,0.378436435720245,0.718406207976261
CCCCCC,CC(=O)N(C)C,303.2,2.2793164660546914,0.2913879576840168
CCCCCC,CC(=O)N(C)C,317.6,2.1077860146889784,0.19017104554864517
CCCCCC,CC(=O)N(C)C,333.3,1.937301774518713,0.07981649551216385
c1ccncc1,CC(=O)N(C)C,333,0.048790164169432,0.1175767374822434
c1ccncc1,CC(=O)N(C)C,303.4,-0.446287103,0.2824753384729908
c1ccncc1,CC(=O)N(C)C,317.6,-0.198450939,0.20336857718688872
CCCCOC(C)=O,CC(=O)N(C)C,303.3,0.8628899551470398,0.8380468025329222
CCCCOC(C)=O,CC(=O)N(C)C,317.6,0.7080357930536959,0.7630699368965224
CCCCOC(C)=O,CC(=O)N(C)C,333.2,0.5538851132264376,0.6812769925659046
C1COCCO1,CC(=O)N(C)C,303.3,0.2851789422336624,0.6496278138698002
C1COCCO1,CC(=O)N(C)C,317.6,0.2546422183735807,0.5746509482334003
C1COCCO1,CC(=O)N(C)C,333.6,0.2311117209633866,0.4907607489199455
CCOC(C)=O,CC(=O)N(C)C,303.3,0.5933268452777344,0.6401292428541376
CCOC(C)=O,CC(=O)N(C)C,317.6,0.5007752879124892,0.5651523772177374
CCOC(C)=O,CC(=O)N(C)C,333.6,0.4054651081081644,0.4812621779042825
CCCCCCC,CC(=O)N(C)C,303.2,2.451005098112319,0.3152058611298596
CCCCCCC,CC(=O)N(C)C,317.6,2.2823823856765264,0.21398894899448795
CCCCCCC,CC(=O)N(C)C,333.4,2.113842968397168,0.10293150373484483
COC(C)(C)C,CC(=O)N(C)C,303.6,1.0647107369924282,1.102908571673109
COC(C)(C)C,CC(=O)N(C)C,317.6,0.904218150639886,1.051591966410248
COC(C)(C)C,CC(=O)N(C)C,333,0.7419373447293773,0.9951437006211009
ClC(Cl)(Cl)Cl,CC(=O)OCc1ccccc1,298.2,0.3435897043900768,0.9375862721010555
CC(C)=O,CC(=O)OCc1ccccc1,298.2,0.1133286853070032,0.004834825916558927
ClC(Cl)Cl,CC(=O)OCc1ccccc1,298.2,-0.673344553,1.316284601572903
c1ccccc1,CC(=O)OCc1ccccc1,298.2,0.0392207131532813,0.6177317954542696
CCBr,CC(=O)OCc1ccccc1,298.2,0.0198026272961797,0.8373157152759267
CCI,CC(=O)OCc1ccccc1,298.2,0.2776317365982795,0.5721454991177186
CC#N,CC(=O)OCc1ccccc1,298.2,0.412109650826833,-0.680719555
ClCCCl,CC(=O)OCc1ccccc1,298.2,-0.342490309,1.0920638423915747
CC(C)OC(C)C,CC(=O)OCc1ccccc1,298.2,0.8878912573524571,0.7120498644504913
CCCCCC,CC(=O)OCc1ccccc1,298.2,1.6639260977181702,0.24955104803302497
CCOC(C)=O,CC(=O)OCc1ccccc1,298.2,0,0.15484711985397803
ClC(Cl)(Cl)Cl,CCOC(C)=O,293.2,0.2700271372130602,1.4932763887902554
ClC(Cl)(Cl)Cl,CCOC(C)=O,329.2,0.2468600779315258,1.2194672697730304
CCO,CCOC(C)=O,298.2,1.2237754316221157,-0.769929649
CCO,CCOC(C)=O,313,1.043804052173115,-0.824178632
CCO,CCOC(C)=O,328.2,1.01160091167848,-0.879893803
CCO,CCOC(C)=O,328.4,0.9360933591703348,-0.880626897
CCO,CCOC(C)=O,333.5,0.883767540168595,-0.899320804
CCO,CCOC(C)=O,338.4,0.8919980393051105,-0.917281615
CCO,CCOC(C)=O,348.3,0.8458682675776092,-0.953569786
CCO,CCOC(C)=O,349.1,0.85015092936961,-0.956502164
CO,CCOC(C)=O,350.4,0.9745596399981308,-1.314225121
CC(C)O,CCOC(C)=O,288.2,1.5325568680981427,-0.546695706
CC(C)O,CCOC(C)=O,328.2,0.7839015438284094,-0.693314578
CC(C)=O,CCOC(C)=O,293.2,0.1222176327242491,0.5687596342633068
ClC(Cl)Cl,CCOC(C)=O,349.2,-0.713349888,1.4460494220130866
ClC(Cl)Cl,CCOC(C)=O,349.5,-0.673344553,1.4437676793546097
ClC(Cl)Cl,CCOC(C)=O,340,-0.693147181,1.5160228635397104
ClC(Cl)Cl,CCOC(C)=O,329.2,-0.653926467,1.598165599244878
ClC(Cl)Cl,CCOC(C)=O,327.2,-0.755022584,1.6133772169680571
ClC(Cl)Cl,CCOC(C)=O,323.2,-0.820980552,1.6438004524144154
ClC(Cl)Cl,CCOC(C)=O,310.5,-0.867500568,1.740394224956603
ClC(Cl)Cl,CCOC(C)=O,313.2,-0.867500568,1.719858541030311
c1ccccc1,CCOC(C)=O,311.7,0.131028262406404,1.0327144482040627
c1ccccc1,CCOC(C)=O,328.2,-0.040821995,0.9072186019878345
c1ccccc1,CCOC(C)=O,330.5,0.131028262406404,0.8897252416061785
CCBr,CCOC(C)=O,293.2,0.0392207131532813,1.3930058319651266
CCI,CCOC(C)=O,293.2,0.4382549309311553,1.127835615806919
CCI,CCOC(C)=O,307.2,0.4054651081081644,1.0213542917446645
CCI,CCOC(C)=O,331.7,0.371563556432483,0.8350119746357203
CCI,CCOC(C)=O,343.9,0.3435897043900768,0.7422211065243274
CC#N,CCOC(C)=O,311.7,0.5481214085096876,-0.21379279
CC#N,CCOC(C)=O,313.2,0.418710334858185,-0.221657496
CC#N,CCOC(C)=O,330.5,0.4574248470388755,-0.312363774
CC#N,CCOC(C)=O,347.8,0.412109650826833,-0.403070052
CC#N,CCOC(C)=O,353.2,0.4054651081081644,-0.431382994
CC#N,CCOC(C)=O,393.2,0.3920420877760237,-0.641108493
ClCCl,CCOC(C)=O,398.2,-0.342490309,0.9618034384464966
ClCCl,CCOC(C)=O,348.2,-0.430782916,1.3420938815259755
ClCCl,CCOC(C)=O,298.2,-0.544727175,1.7223843246054544
ClCCl,CCOC(C)=O,293.2,-0.713349888,1.7604133689134023
S=C=S,CCOC(C)=O,293.2,0.9783261227936078,1.0763305556429548
C[N+](=O)[O-],CCOC(C)=O,298.2,0.1823215567939546,-0.248542407
C[N+](=O)[O-],CCOC(C)=O,298.2,0.2311117209633866,-0.248542407
C[N+](=O)[O-],CCOC(C)=O,311.7,0.4824261492442928,-0.319324763
C[N+](=O)[O-],CCOC(C)=O,328.4,0.2546422183735807,-0.406885159
C[N+](=O)[O-],CCOC(C)=O,330.5,0.3852624007906449,-0.417895747
C[N+](=O)[O-],CCOC(C)=O,347.3,0.3506568716131693,-0.505980456
C[N+](=O)[O-],CCOC(C)=O,348.2,0.1906203596086497,-0.51069928
C[N+](=O)[O-],CCOC(C)=O,398.2,0.2070141693843261,-0.772856153
CC1CCCC1,CCOC(C)=O,303.2,1.0543120297715298,0.7786210229746775
ClCCCl,CCOC(C)=O,347.8,-0.162518929,1.2324767952379831
ClCCCl,CCOC(C)=O,330.5,-0.186329578,1.3640572885434832
ClCCCl,CCOC(C)=O,311.7,-0.210721031,1.507046495141367
CCC#N,CCOC(C)=O,311.6,0.3506568716131693,-0.178628143
CCC#N,CCOC(C)=O,329.2,0.3001045924503381,-0.270907362
CCC#N,CCOC(C)=O,348.2,0.2546422183735807,-0.370526973
CCCC(C)C,CCOC(C)=O,298.2,1.235471471385307,0.9172234029507855
CC(C)CC(C)C,CCOC(C)=O,298.2,1.3376291891386096,0.9410413063966279
Cc1ccccc1,CCOC(C)=O,298.2,0.2851789422336624,1.137635260986889
Cc1ccccc1,CCOC(C)=O,313,0.2390169004704999,1.025069289835363
Cc1ccccc1,CCOC(C)=O,328.4,0.2070141693843261,0.9079398333668838
Cc1ccccc1,CCOC(C)=O,333.5,0.1655144384775733,0.8691502081727767
Cc1ccccc1,CCOC(C)=O,338.4,0.1823215567939546,0.8318817447509881
Cc1ccccc1,CCOC(C)=O,348.3,0.131028262406404,0.7565842370212508
Cc1ccccc1,CCOC(C)=O,349.1,0.1484200051182732,0.7504995899319793
Clc1ccccc1,CCOC(C)=O,313.2,0.0769610411361284,1.0570757505716926
Clc1ccccc1,CCOC(C)=O,353.2,0.1133286853070032,0.7528433961081098
Clc1ccccc1,CCOC(C)=O,393.2,0.131028262406404,0.4486110416445266
Oc1ccccc1,CCOC(C)=O,320,-0.755022584,1.6126979615052808
Oc1ccccc1,CCOC(C)=O,300,-1.171182982,1.7241159351476776
CCCCC,CCOC(C)=O,293.2,1.128171090909654,0.9285502606630578
CCCCC,CCOC(C)=O,298.2,1.1052568313867783,0.8934054995049427
CCCCC,CCOC(C)=O,303.2,1.085189268335969,0.8582607383468277
C=CCCC,CCOC(C)=O,293.2,0.7178397931503168,0.9290663280845868
CCCCCl,CCOC(C)=O,323.2,0.2231435513142097,1.3223625167540503
CCCCCl,CCOC(C)=O,348.2,0.2070141693843261,1.132217295214311
CCCCCl,CCOC(C)=O,348.2,0.2070141693843261,1.132217295214311
C1CCOC1,CCOC(C)=O,313,0.0953101798043249,0.8521018366223041
C1CCOC1,CCOC(C)=O,313.2,0.0861776962410524,0.8510532091308862
C1CCOC1,CCOC(C)=O,333.2,0.0953101798043249,0.7461904599890676
C1CCOC1,CCOC(C)=O,333.5,0.0582689081239758,0.7446175187519404
C1CCOC1,CCOC(C)=O,348.3,0.0295588022415444,0.667019084386995
CCCCCC,CCOC(C)=O,293.2,1.249901736214336,0.9523681641089006
CCCCCC,CCOC(C)=O,298.2,1.2809338454620642,0.9172234029507855
CCCCCC,CCOC(C)=O,303.2,1.2029723039923526,0.88207864179267
CCCCCC,CCOC(C)=O,308.2,1.128171090909654,0.846933880634555
CCCCCC,CCOC(C)=O,324.4,1.0188473201992472,0.7330648544822624
CCCCCC,CCOC(C)=O,348.4,0.8796267475025636,0.5643700009233097
CCCCCCCC,CCOC(C)=O,298.2,1.574846467664481,0.9648592098424702
CCCCCCCC,CCOC(C)=O,298.2,1.5432981099295553,0.9648592098424702
CCCCCCCC,CCOC(C)=O,328.4,1.2781522025001877,0.752584852447455
CCCCCCCC,CCOC(C)=O,338.4,1.205970806988609,0.6822953301312249
CCCCCCCC,CCOC(C)=O,349.1,1.118414915964289,0.6070855412528582
CCCCCCCCC,CCOC(C)=O,298.2,1.691939133945844,0.9886771132883125
CCCC=O,CCOC(C)=O,298.2,0.1043600153242428,0.616843762396039
CCCC=O,CCOC(C)=O,323.2,0.0953101798043249,0.4857653259687664
CCCC=O,CCOC(C)=O,349.2,0.0861776962410524,0.3494437520844027
C1COCCO1,CCOC(C)=O,298.2,0.0769610411361284,0.702054811930934
C1COCCO1,CCOC(C)=O,328.4,0.0953101798043249,0.5437120607267887
CCCCCCC,CCOC(C)=O,298.2,1.3402504226184837,0.9410413063966279
CCCCCCC,CCOC(C)=O,323.2,1.169381359556317,0.7653175006060522
CCCCCCC,CCOC(C)=O,343.2,1.0473189942805592,0.624738455973592
C1CCCC1,CCOC(C)=O,303.2,1.0043016091968684,0.7453224101806235
CC(C)C(C)C(C)C,CCOC(C)=O,298.2,1.4036429994545037,0.9648592098424702
CC(C)CCC(C)C,CCOC(C)=O,298.2,1.4655675420143983,0.9648592098424702
CCC1CCCCC1,CCOC(C)=O,298.2,1.4586150226995167,0.8519208816762665
ClC(Cl)(Cl)Cl,CCCCCCC,293.2,0.1823215567939546,1.5635343356399818
ClC(Cl)(Cl)Cl,CCCCCCC,313.2,0.1397619423751586,1.41141815840819
CCO,CCCCCCC,288.2,4.423648309364701,-1.102754461
CCO,CCCCCCC,293.2,4.21803603456465,-1.12108182
CCO,CCCCCCC,293.2,3.9318256327243257,-1.12108182
CCO,CCCCCCC,293.5,3.873282177111716,-1.122181462
CCO,CCCCCCC,298.2,4.074141854904581,-1.139409179
CCO,CCCCCCC,298.2,3.89630004496291,-1.139409179
CCO,CCCCCCC,303.2,3.906004933102583,-1.157736538
CCO,CCCCCCC,303.2,3.831896960948861,-1.157736538
CCO,CCCCCCC,303.3,3.758871825933971,-1.158103085
CCO,CCCCCCC,303.3,3.53222564406856,-1.158103085
CCO,CCCCCCC,308.2,3.742420221041966,-1.176063897
CCO,CCCCCCC,313.1,3.459466289786131,-1.194024709
CCO,CCCCCCC,313.2,3.763522997109702,-1.194391256
CCO,CCCCCCC,313.2,3.687378327987669,-1.194391256
CCO,CCCCCCC,313.2,3.6270040503958487,-1.194391256
CCO,CCCCCCC,313.2,3.3228754148866853,-1.194391256
CCO,CCCCCCC,314.5,3.591817741270805,-1.19915637
CCO,CCCCCCC,314.6,3.543853682063679,-1.199522917
CCO,CCCCCCC,318.2,3.4657359027997265,-1.212718615
CCO,CCCCCCC,322.8,3.086486636822455,-1.229579786
CCO,CCCCCCC,323.2,3.484312288372662,-1.231045974
CCO,CCCCCCC,323.2,3.3357695763397,-1.231045974
CCO,CCCCCCC,323.2,3.20761263258949,-1.231045974
CCO,CCCCCCC,332.2,3.1441522786722644,-1.264035221
CCO,CCCCCCC,333.2,3.169685580677429,-1.267700692
CCO,CCCCCCC,333.2,2.7893229212309465,-1.267700692
CCO,CCCCCCC,343.1,2.7936160894318567,-1.303988863
CCO,CCCCCCC,349.6,2.714694743820879,-1.32781443
CCO,CCCCCCC,349.6,2.681021528714291,-1.32781443
CCO,CCCCCCC,366.8,2.2823823856765264,-1.390860545
CO,CCCCCCC,288.2,4.751864565138895,-1.455712305
CO,CCCCCCC,293.2,4.579852378003801,-1.474039664
CO,CCCCCCC,293.2,4.382026634673881,-1.474039664
CO,CCCCCCC,298.2,4.404277243608702,-1.492367023
CO,CCCCCCC,303.2,4.268297869345539,-1.510694382
CO,CCCCCCC,308.2,4.1059436980654525,-1.529021741
CO,CCCCCCC,313.2,3.9852734671677386,-1.5473491
CO,CCCCCCC,313.2,3.949318790171843,-1.5473491
CO,CCCCCCC,318.2,3.8394523125933104,-1.565676459
CO,CCCCCCC,323.2,3.708682081410116,-1.584003818
CO,CCCCCCC,323.2,3.6506582412937383,-1.584003818
CO,CCCCCCC,333.2,3.332204510175204,-1.620658536
CC(C)O,CCCCCCC,303.2,3.22525543183224,-0.971157313
CC(C)=O,CCCCCCC,273.2,2.192770226986839,0.6470611999696936
CC(C)=O,CCCCCCC,323.2,1.62924053973028,0.384904327115148
CC(C)=O,CCCCCCC,323.2,1.6193882432872684,0.384904327115148
CC(C)=O,CCCCCCC,333.2,1.5238800240724537,0.33247295254423914
CC(C)=O,CCCCCCC,343.2,1.451613827240533,0.28004157797332985
ClC(Cl)Cl,CCCCCCC,293.2,0.3852624007906449,1.9422326651118293
ClC(Cl)Cl,CCCCCCC,293.2,0.3852624007906449,1.9422326651118293
ClC(Cl)Cl,CCCCCCC,323.2,0.3220834991691132,1.7140583992641418
CCCO,CCCCCCC,303.2,3.427189961936409,-0.984312776
CCCO,CCCCCCC,313.2,3.2457124788217606,-1.020967494
CCCO,CCCCCCC,323.2,3.0204248861443626,-1.057622212
CCCO,CCCCCCC,333.2,2.802754136571508,-1.09427693
CCCO,CCCCCCC,333.2,2.7700855920216627,-1.09427693
CCCO,CCCCCCC,353.2,2.191653532286764,-1.167586366
CCCCO,CCCCCCC,333.2,2.647592232065096,-0.906605388
CCCCO,CCCCCCC,353.2,2.2300144001592104,-0.979914824
CCCCO,CCCCCCC,363.2,2.163323025660538,-1.016569542
CCCCO,CCCCCCC,373.2,1.7263316639055997,-1.053224261
c1ccccc1,CCCCCCC,298.2,0.4382549309311553,1.2056508146852485
c1ccccc1,CCCCCCC,313.2,0.418710334858185,1.0915636817614045
c1ccccc1,CCCCCCC,331.2,0.3148107398400336,0.9546591222527923
c1ccccc1,CCCCCCC,333.2,0.3220834991691132,0.9394475045296131
c1ccccc1,CCCCCCC,333.2,0.3364722366212129,0.9394475045296131
c1ccccc1,CCCCCCC,350.6,0.2851789422336624,0.8071064303379543
c1ccccc1,CCCCCCC,366.2,0.2390169004704999,0.6884558120971573
c1ccccc1,CCCCCCC,373.2,0.1988508587451651,0.6352151500660299
CCBr,CCCCCCC,293.2,0.4824261492442928,1.463263778814853
CCI,CCCCCCC,293.2,0.6418538861723947,1.1980935626566454
CC#N,CCCCCCC,293.2,3.4011973816621555,-0.14335593
ClCCl,CCCCCCC,293.2,0.7884573603642703,1.8306713157631287
S=C=S,CCCCCCC,293.2,0.262364264467491,1.1465885024926807
C[N+](=O)[O-],CCCCCCC,293.2,3.713572066704308,-0.248887903
CC(C)(C)O,CCCCCCC,313.2,2.258633205464863,-0.850639222
CC(C)CO,CCCCCCC,298.2,3.481240089335692,-0.808266449
CC[N+](=O)[O-],CCCCCCC,293.2,2.9856819377004897,-0.214042676
CC1=CCC2CC1C2(C)C,CCCCCCC,338.2,0.3364722366212129,1.2661324032904528
CC1=CCC2CC1C2(C)C,CCCCCCC,353.2,0.2776317365982795,1.1606981198161073
Cc1ccc(C)cc1,CCCCCCC,313.2,0.3220834991691132,1.0475864901013145
ClCCCl,CCCCCCC,293.2,1.1939224684724346,1.7180119059305006
CCC#N,CCCCCCC,293.2,3.086486636822455,-0.108715597
CCC#N,CCCCCCC,313.2,2.805781689595545,-0.213578346
CCCC(C)C,CCCCCCC,298.2,0.0392207131532813,1.5675655896015739
CC(C)CC(C)C,CCCCCCC,298.2,0.0582689081239758,1.5913834930474162
CC(C)OC(C)C,CCCCCCC,313.2,0.1655144384775733,0.6565978883247002
CC(C)OC(C)C,CCCCCCC,323.2,0.0861776962410524,0.6199431702797994
CC(C)OC(C)C,CCCCCCC,333.2,0.1570037488096647,0.5832884522348988
CC(C)OC(C)C,CCCCCCC,343.2,0.0769610411361284,0.546633734189998
Cc1ccccc1,CCCCCCC,298.2,0.412109650826833,1.207893207836615
CCCCC,CCCCCCC,293.2,0,1.5788924473138466
CCCCC,CCCCCCC,298.2,-0.010050336,1.5437476861557315
C=CCCC,CCCCCCC,293.2,-0.020202707,1.5794085147353756
C1CCOC1,CCCCCCC,303.2,0.4382549309311553,0.8769234002663637
C1CCOC1,CCCCCCC,313.2,0.5822156198526637,0.8244920256954544
C1CCOC1,CCCCCCC,333.2,0.3576744442718159,0.7196292765536363
C1CCOC1,CCCCCCC,343.2,0.3364722366212129,0.667197901982727
CCCCCC,CCCCCCC,293.2,0,1.602710350759689
CCCCCC,CCCCCCC,298.2,0.0392207131532813,1.5675655896015739
CCCCCC,CCCCCCC,298.2,0,1.5675655896015739
CCCCCC,CCCCCCC,333.2,0,1.3215522614947681
CCCCCC,CCCCCCC,373.2,0,1.0403941722298473
c1ccncc1,CCCCCCC,298.2,1.715598108262491,0.46315689184254794
c1ccncc1,CCCCCCC,303.1,1.6505798557652755,0.4358594883001605
c1ccncc1,CCCCCCC,313.2,1.5303947050936475,0.3795934116107502
c1ccncc1,CCCCCCC,313.2,1.5686159179138452,0.3795934116107502
c1ccncc1,CCCCCCC,323.2,1.4350845252893227,0.32388442478955204
c1ccncc1,CCCCCCC,333.2,1.3402504226184837,0.2681754379683534
c1ccncc1,CCCCCCC,341,1.3376291891386096,0.22472242824781885
c1ccncc1,CCCCCCC,353.2,1.2119409739751128,0.1567574643259566
CCCCCCCC,CCCCCCC,298.2,0.0676586484738148,1.6152013964932588
CCCCCCCC,CCCCCCC,298.2,0.048790164169432,1.6152013964932588
CCCCCCCCC,CCCCCCC,298.2,0.048790164169432,1.6390192999391011
C1COCCO1,CCCCCCC,298.2,1.3376291891386096,0.6754936284955027
C1COCCO1,CCCCCCC,298.2,1.483874689458755,0.6754936284955027
C1COCCO1,CCCCCCC,303.2,1.42791603581071,0.6492779412100482
C1COCCO1,CCCCCCC,308.2,1.355835153635182,0.6230622539245934
C1COCCO1,CCCCCCC,313.2,1.3056264580524355,0.5968465666391389
C1COCCO1,CCCCCCC,313.4,1.2781522025001877,0.5957979391477211
C1COCCO1,CCCCCCC,333.2,1.1662709371419244,0.4919838174973208
C1COCCO1,CCCCCCC,353.2,0.9669838461896731,0.38712106835550264
C1COCCO1,CCCCCCC,353.2,1.0152306797290584,0.38712106835550264
CCOC(C)=O,CCCCCCC,293.2,1.1908875647772803,0.6922107447652945
CCOC(C)=O,CCCCCCC,323.2,1.0402767116551463,0.5349166210525675
CCOC(C)=O,CCCCCCC,343.2,0.9282193027394288,0.43005387191074895
CCCCCCC,CCCCCCC,298.2,0.048790164169432,1.5913834930474162
CC(C)C(C)C(C)C,CCCCCCC,298.2,0.0676586484738148,1.6152013964932588
CC(C)CCC(C)C,CCCCCCC,298.2,0.1043600153242428,1.6152013964932588
COC(=O)OC,CCCCCCC,283.2,2.35232718488886,0.8805840591302316
COC(=O)OC,CCCCCCC,293.2,2.175887439948088,0.8281526845593223
COC(=O)OC,CCCCCCC,313.2,1.8809906029559973,0.7232899354175046
COC(=O)OC,CCCCCCC,323.2,1.754403682684286,0.6708585608465953
COC(=O)OC,CCCCCCC,333.2,1.6370530794670737,0.618427186275686
COC(=O)OC,CCCCCCC,343.2,1.5282278570085572,0.5659958117047772
COC(=O)OC,CCCCCCC,363.2,1.332366019094335,0.4611330625629586
COC(=O)OC,CCCCCCC,373.2,1.244154593958768,0.40870168799204976
COC(C)(C)C,CCCCCCC,313.2,0.2700271372130602,0.45618444745847686
COC(C)(C)C,CCCCCCC,323.2,0.1988508587451651,0.419529729413576
CCC1CCCCC1,CCCCCCC,298.2,0.1222176327242491,1.5022630683270548
CO,C1CCCC1,288.2,5.126935749792416,-1.309033249
COC(C)(C)C,C1CCCC1,313.2,0.1739533071234379,0.6028635041868429
COC(C)(C)C,C1CCCC1,323.2,0.1133286853070032,0.566208786141942
CCO,CC(C)CC(C)(C)C,293.2,3.828641396489095,-1.186138195
CCO,CC(C)CC(C)(C)C,298.2,3.797285327957723,-1.204465554
CCO,CC(C)CC(C)(C)C,301.8,3.8088822465086327,-1.217661252
CCO,CC(C)CC(C)(C)C,319.5,3.342861804649192,-1.282540103
CCO,CC(C)CC(C)(C)C,319.7,3.332204510175204,-1.283273197
CCO,CC(C)CC(C)(C)C,319.7,3.3141860046725258,-1.283273197
CCO,CC(C)CC(C)(C)C,332.2,3.0349529867072724,-1.329091595
CCO,CC(C)CC(C)(C)C,332.2,3.030133700271324,-1.329091595
CCO,CC(C)CC(C)(C)C,333.2,2.896464271895322,-1.332757067
CCO,CC(C)CC(C)(C)C,350.7,2.5494451709255714,-1.396902823
CCO,CC(C)CC(C)(C)C,351,2.580216829592325,-1.398002465
CO,CC(C)CC(C)(C)C,293.2,4.356708826689592,-1.539096039
CC(C)=O,CC(C)CC(C)(C)C,293.2,1.9671123567059163,0.4806703575832989
ClC(Cl)Cl,CC(C)CC(C)(C)C,293.2,0.412109650826833,1.9070847175635524
CCCO,CC(C)CC(C)(C)C,328.4,2.677590993617501,-1.141739039
CCCO,CC(C)CC(C)(C)C,348.5,2.453587966530573,-1.215415023
c1ccccc1,CC(C)CC(C)(C)C,313.2,0.4510756193602167,1.056415734213127
CCBr,CC(C)CC(C)(C)C,293.2,0.4885800148186709,1.4281158312665756
CCI,CC(C)CC(C)(C)C,293.2,0.6259384308664954,1.1629456151083684
CC#N,CC(C)CC(C)(C)C,293.2,3.9994842811981406,-0.204884024
CC#N,CC(C)CC(C)(C)C,293.2,3.449987545831587,-0.204884024
CC#N,CC(C)CC(C)(C)C,313.2,3.504956615953008,-0.309746773
ClCCl,CC(C)CC(C)(C)C,293.2,0.7561219797213337,1.7955233682148513
S=C=S,CC(C)CC(C)(C)C,293.2,0.2851789422336624,1.1114405549444042
C[N+](=O)[O-],CC(C)CC(C)(C)C,293.2,3.6506582412937383,-0.310415997
C[N+](=O)[O-],CC(C)CC(C)(C)C,298.2,3.482777368654578,-0.336631684
CC[N+](=O)[O-],CC(C)CC(C)(C)C,293.2,2.9391619220655967,-0.275570769
Cc1ccc(C)cc1,CC(C)CC(C)(C)C,313.2,0.3920420877760237,1.0124385425530376
CCC#N,CC(C)CC(C)(C)C,293.2,2.995732273553991,-0.17024369
CCCC(C)C,CC(C)CC(C)(C)C,298.2,0.009950330853168,1.5846190399354714
CC(C)CC(C)C,CC(C)CC(C)(C)C,298.2,0.048790164169432,1.6084369433813137
Cc1ccccc1,CC(C)CC(C)(C)C,298.2,0.4510756193602167,1.1727452602883384
Cc1ccccc1,CC(C)CC(C)(C)C,313.2,0.418710334858185,1.0586581273644944
CCCCC,CC(C)CC(C)(C)C,293.2,-0.020202707,1.595945897647744
CCCCC,CC(C)CC(C)(C)C,298.2,-0.072570693,1.560801136489629
C=CCCC,CC(C)CC(C)(C)C,293.2,-0.010050336,1.5964619650692728
C1CCOC1,CC(C)CC(C)(C)C,293.2,0.3074846997479607,0.8678266815926965
CCCCCC,CC(C)CC(C)(C)C,298.2,0.0198026272961797,1.5846190399354714
c1ccncc1,CC(C)CC(C)(C)C,293.2,1.776645831418007,0.44153031221673356
c1ccncc1,CC(C)CC(C)(C)C,298.2,1.7263316639055997,0.41367581880613447
c1ccncc1,CC(C)CC(C)(C)C,303.2,1.691939133945844,0.3858213253955354
c1ccncc1,CC(C)CC(C)(C)C,308.2,1.6467336971777973,0.35796683198493584
c1ccncc1,CC(C)CC(C)(C)C,313.2,1.599387576580599,0.33011233857433675
CCCCCCCC,CC(C)CC(C)(C)C,298.2,0.0198026272961797,1.632254846827156
CCCCCCCC,CC(C)CC(C)(C)C,298.2,0.1043600153242428,1.632254846827156
CCCCCCCCC,CC(C)CC(C)(C)C,298.2,0.1484200051182732,1.6560727502729984
C1COCCO1,CC(C)CC(C)(C)C,298.2,1.2669476034873244,0.6139655352509261
CCOC(C)=O,CC(C)CC(C)(C)C,293.2,1.1378330018213911,0.630682651520718
CCCCCCC,CC(C)CC(C)(C)C,298.2,0.0676586484738148,1.6084369433813137
CC(C)C(C)C(C)C,CC(C)CC(C)(C)C,298.2,0.0769610411361284,1.632254846827156
CC(C)CCC(C)C,CC(C)CC(C)(C)C,298.2,0.0582689081239758,1.632254846827156
CCC1CCCCC1,CC(C)CC(C)(C)C,298.2,0.1823215567939546,1.5193165186609523
CCOCC,N#CCCCC#N,303.2,1.843719208158766,1.4680929833940934
CCOCC,N#CCCCC#N,313.2,1.8309801823813363,1.4314382653491926
CCOCC,N#CCCCC#N,323.2,1.8213182714695997,1.3947835473042918
CCOCC,N#CCCCC#N,333.2,1.8066480817218056,1.3581288292593912
CCO,N#CCCCC#N,303.2,1.415853163361435,-0.13888284
CCO,N#CCCCC#N,313.2,1.3137236682850553,-0.175537558
CCO,N#CCCCC#N,323.2,1.2237754316221157,-0.212192276
CCO,N#CCCCC#N,333.2,1.1378330018213911,-0.248846994
CO,N#CCCCC#N,303.2,1.0473189942805592,-0.491840684
CO,N#CCCCC#N,313.2,0.9669838461896731,-0.528495402
CO,N#CCCCC#N,323.2,0.8960880245566357,-0.56515012
CO,N#CCCCC#N,333.2,0.8197798314933114,-0.601804838
CC(C)O,N#CCCCC#N,303.2,1.6601310267496183,0.047696385268537256
CC(C)O,N#CCCCC#N,313.2,1.5432981099295553,0.01104166722363642
CC(C)O,N#CCCCC#N,323.2,1.449269160281279,-0.025613051
CC(C)O,N#CCCCC#N,333.2,1.3480731482996928,-0.062267769
CC(C)=O,N#CCCCC#N,303.2,0.2231435513142097,1.051961782581262
CC(C)=O,N#CCCCC#N,313.2,0.2231435513142097,0.9995304080103529
CC(C)=O,N#CCCCC#N,323.2,0.2311117209633866,0.9470990334394438
CC(C)=O,N#CCCCC#N,333.2,0.2311117209633866,0.8946676588685349
ClC(Cl)Cl,N#CCCCC#N,303.2,0.4637340162321402,2.2662541583099114
ClC(Cl)Cl,N#CCCCC#N,313.2,0.4885800148186709,2.1901960696940157
ClC(Cl)Cl,N#CCCCC#N,323.2,0.5247285289349821,2.11413798107812
ClC(Cl)Cl,N#CCCCC#N,333.2,0.5481214085096876,2.0380798924622243
CCCO,N#CCCCC#N,303.2,1.6974487897568136,0.034540922797261064
CCCO,N#CCCCC#N,313.2,1.5686159179138452,-0.002113795
CCCO,N#CCCCC#N,323.2,1.4609379041156565,-0.038768513
CCCO,N#CCCCC#N,333.2,1.3609765531356006,-0.075423231
c1ccccc1,N#CCCCC#N,303.2,1.2556160374777745,1.5677013521912784
c1ccccc1,N#CCCCC#N,313.2,1.229640551074514,1.4916432635753827
c1ccccc1,N#CCCCC#N,323.2,1.2149127443642704,1.415585174959487
c1ccccc1,N#CCCCC#N,333.2,1.1939224684724346,1.3395270863435913
CC=O,N#CCCCC#N,303.2,0.131028262406404,0.9224173245669154
CC=O,N#CCCCC#N,313.2,0.131028262406404,0.8699859499960065
CC=O,N#CCCCC#N,323.2,0.1397619423751586,0.8175545754250972
CC=O,N#CCCCC#N,333.2,0.1397619423751586,0.7651232008541884
ClCCl,N#CCCCC#N,303.2,0.1823215567939546,2.1546928089612107
ClCCl,N#CCCCC#N,313.2,0.1988508587451651,2.078634720345315
ClCCl,N#CCCCC#N,323.2,0.2231435513142097,2.0025766317294194
ClCCl,N#CCCCC#N,333.2,0.2390169004704999,1.9265185431135237
CCCC(C)=O,N#CCCCC#N,303.2,0.9162907318741552,1.2132622997293274
CCCC(C)=O,N#CCCCC#N,313.2,0.904218150639886,1.1608309251584183
CCCC(C)=O,N#CCCCC#N,323.2,0.8960880245566357,1.1083995505875093
CCCC(C)=O,N#CCCCC#N,333.2,0.8796267475025636,1.0559681760166002
CC(C)OC(C)C,N#CCCCC#N,303.2,2.760009940032921,1.7121063048758716
CC(C)OC(C)C,N#CCCCC#N,313.2,2.734367509419584,1.6754515868309707
CC(C)OC(C)C,N#CCCCC#N,323.2,2.70805020110221,1.63879686878607
CC(C)OC(C)C,N#CCCCC#N,333.2,2.681021528714291,1.6021421507411693
Cc1ccccc1,N#CCCCC#N,303.2,1.6505798557652755,1.5699437453426452
Cc1ccccc1,N#CCCCC#N,313.2,1.6193882432872684,1.4938856567267496
Cc1ccccc1,N#CCCCC#N,323.2,1.599387576580599,1.4178275681108539
Cc1ccccc1,N#CCCCC#N,333.2,1.5706970841176695,1.3417694794949582
C1CCOC1,N#CCCCC#N,303.2,0.7371640659767196,1.4391181065906586
C1CCOC1,N#CCCCC#N,313.2,0.7371640659767196,1.3866867320197498
C1CCOC1,N#CCCCC#N,323.2,0.7371640659767196,1.3342553574488405
C1CCOC1,N#CCCCC#N,333.2,0.7323678937132266,1.2818239828779316
C=CCCCCCC,N#CCCCC#N,303.2,4.186619838331271,0.5940518318022021
C=CCCCCCC,N#CCCCC#N,313.2,4.07753744390572,0.523762309485972
C=CCCCCCC,N#CCCCC#N,323.2,3.9852734671677386,0.45347278716974193
C=CCCCCCC,N#CCCCC#N,333.2,3.8897773964808255,0.38318326485351184
COC(C)(C)C,N#CCCCC#N,303.2,1.900613874140137,1.5116928640096479
COC(C)(C)C,N#CCCCC#N,313.2,1.890095369948917,1.475038145964747
COC(C)(C)C,N#CCCCC#N,323.2,1.885553348514416,1.4383834279198462
COC(C)(C)C,N#CCCCC#N,333.2,1.873339456220478,1.4017287098749456
ClC(Cl)(Cl)Cl,CCCCCCCCCCCCCCCC,298.2,-0.186329578,1.2091737633975401
CCOCC,CCCCCCCCCCCCCCCC,298.2,0.0769610411361284,-0.117940724
CCO,CCCCCCCCCCCCCCCC,293.2,3.919991175077323,-1.706589189
CCO,CCCCCCCCCCCCCCCC,298.2,3.698829784967105,-1.724916548
CCO,CCCCCCCCCCCCCCCC,298.2,3.548179572010801,-1.724916548
CO,CCCCCCCCCCCCCCCC,293.2,4.247065649239764,-2.059547033
CO,CCCCCCCCCCCCCCCC,298.2,3.96859235691604,-2.077874392
CC(C)O,CCCCCCCCCCCCCCCC,298.2,3.277899165317662,-1.538337323
CC(C)=O,CCCCCCCCCCCCCCCC,298.2,1.7011051009599245,-0.037770076
CC(C)=O,CCCCCCCCCCCCCCCC,333.2,1.3056264580524355,-0.221279887
ClC(Cl)Cl,CCCCCCCCCCCCCCCC,298.2,0.0582689081239758,1.5878720928693877
CCCO,CCCCCCCCCCCCCCCC,293.2,3.629660094453965,-1.533165426
CCCO,CCCCCCCCCCCCCCCC,298.2,3.4515735889872223,-1.551492785
CCCCO,CCCCCCCCCCCCCCCC,293.2,3.5409593240373143,-1.345493885
CCCCO,CCCCCCCCCCCCCCCC,298.2,3.3228754148866853,-1.363821244
CCCCCO,CCCCCCCCCCCCCCCC,298.2,3.299533727885655,-1.20464526
c1ccccc1,CCCCCCCCCCCCCCCC,293.2,0.0861776962410524,0.9273483310587025
c1ccccc1,CCCCCCCCCCCCCCCC,298.2,0.0582689081239758,0.8893192867507547
c1ccccc1,CCCCCCCCCCCCCCCC,298.2,0.0582689081239758,0.8893192867507547
c1ccccc1,CCCCCCCCCCCCCCCC,303.2,0.0392207131532813,0.8512902424428064
c1ccccc1,CCCCCCCCCCCCCCCC,313.2,0,0.7752321538269107
c1ccccc1,CCCCCCCCCCCCCCCC,323.2,-0.020202707,0.699174065211015
c1ccccc1,CCCCCCCCCCCCCCCC,333.2,-0.116533816,0.6231159765951193
c1ccccc1,CCCCCCCCCCCCCCCC,333.2,-0.040821995,0.6231159765951193
c1ccccc1,CCCCCCCCCCCCCCCC,393.2,-0.223143551,0.1667674448997447
c1ccccc1,CCCCCCCCCCCCCCCC,453.2,-0.301105093,-0.289581087
CC(Cl)(Cl)Cl,CCCCCCCCCCCCCCCC,298.2,0.0392207131532813,1.149393305427874
CC#N,CCCCCCCCCCCCCCCC,298.2,3.190476350346503,-0.723324457
ClCCl,CCCCCCCCCCCCCCCC,298.2,0.3435897043900768,1.476310743520687
C[N+](=O)[O-],CCCCCCCCCCCCCCCC,298.2,3.293612170982218,-0.82885643
C[N+](=O)[O-],CCCCCCCCCCCCCCCC,298.2,3.1315734964654043,-0.82885643
CC(C)(C)O,CCCCCCCCCCCCCCCC,298.2,2.7713379403381286,-1.381164513
CC(C)CO,CCCCCCCCCCCCCCCC,298.2,3.295836866004329,-1.393773818
CC(C)CO,CCCCCCCCCCCCCCCC,298.2,3.295836866004329,-1.393773818
CC(C)CO,CCCCCCCCCCCCCCCC,303.2,2.900871992530031,-1.412101177
CC(C)CO,CCCCCCCCCCCCCCCC,308.2,2.8780742300857587,-1.430428536
CC(C)CO,CCCCCCCCCCCCCCCC,313.2,2.7298116928837226,-1.448755895
CC(C)CO,CCCCCCCCCCCCCCCC,318.2,2.5922651681085,-1.467083254
CC(C)CO,CCCCCCCCCCCCCCCC,323.2,2.4595888418037104,-1.485410613
CC(C)CO,CCCCCCCCCCCCCCCC,328.2,2.341805806147327,-1.503737972
COC(C)=O,CCCCCCCCCCCCCCCC,298.2,1.2119409739751128,-0.005323
CC[N+](=O)[O-],CCCCCCCCCCCCCCCC,298.2,2.67000213346468,-0.794011202
CCc1ccccc1,CCCCCCCCCCCCCCCC,393.2,-0.162518929,0.13658061368601349
CCc1ccccc1,CCCCCCCCCCCCCCCC,453.2,-0.223143551,-0.319767918
N#Cc1ccccc1,CCCCCCCCCCCCCCCC,298.2,2.830267833826459,-0.01168779
Cc1ccc(C)cc1,CCCCCCCCCCCCCCCC,453.2,-0.186329578,-0.333558278
ClCCCl,CCCCCCCCCCCCCCCC,298.2,0.7080357930536959,1.3636513336880594
ClCCCl,CCCCCCCCCCCCCCCC,298.2,0.85015092936961,1.3636513336880594
CCC#N,CCCCCCCCCCCCCCCC,298.2,2.7459880404426023,-0.688684123
COC=O,CCCCCCCCCCCCCCCC,298.2,1.4422019930581866,-0.257180801
CCCC(C)C,CCCCCCCCCCCCCCCC,298.2,-0.116533816,1.7210466426066502
CCCC(C)C,CCCCCCCCCCCCCCCC,298.2,-0.094310679,1.7210466426066502
CCCC(C)=O,CCCCCCCCCCCCCCCC,298.2,1.2383742310432684,0.12353044148929904
CCC[N+](=O)[O-],CCCCCCCCCCCCCCCC,298.2,2.333114298028869,-0.779499684
CC(C)CC(C)C,CCCCCCCCCCCCCCCC,298.2,-0.020202707,1.7448645460524927
CC(C)CC(C)C,CCCCCCCCCCCCCCCC,298.2,-0.010050336,1.7448645460524927
CC(C)OC(C)C,CCCCCCCCCCCCCCCC,298.2,0.1570037488096647,0.12607259701825413
Cc1ccccc1,CCCCCCCCCCCCCCCC,298.2,-0.040821995,0.8915616799021215
Cc1ccccc1,CCCCCCCCCCCCCCCC,298.2,0,0.8915616799021215
Cc1ccccc1,CCCCCCCCCCCCCCCC,333.2,-0.105360516,0.6253583697464862
Cc1ccccc1,CCCCCCCCCCCCCCCC,393.2,-0.210721031,0.16900983805111203
Cc1ccccc1,CCCCCCCCCCCCCCCC,453.2,-0.274436846,-0.287338694
CCCOC(C)=O,CCCCCCCCCCCCCCCC,298.2,0.9555114450274363,0.23277079378028365
CCCCC,CCCCCCCCCCCCCCCC,298.2,-0.174353387,1.6972287391608079
CCCCC,CCCCCCCCCCCCCCCC,298.2,-0.139262067,1.6972287391608079
CCCCCl,CCCCCCCCCCCCCCCC,298.2,0.1655144384775733,1.2664341572090225
CCCC#N,CCCCCCCCCCCCCCCC,298.2,2.453587966530573,-0.628655405
C1CCOC1,CCCCCCCCCCCCCCCC,298.2,0.1823215567939546,0.34938624835063115
CCCCCC(C)=O,CCCCCCCCCCCCCCCC,298.2,1.144222799920162,0.28423512359735525
CCCCCC,CCCCCCCCCCCCCCCC,293.2,-0.094310679,1.7561914037647652
CCCCCC,CCCCCCCCCCCCCCCC,293.2,-0.105360516,1.7561914037647652
CCCCCC,CCCCCCCCCCCCCCCC,298.2,-0.105360516,1.7210466426066502
CCCCCC,CCCCCCCCCCCCCCCC,298.2,-0.105360516,1.7210466426066502
CCCCCC,CCCCCCCCCCCCCCCC,298.2,-0.105360516,1.7210466426066502
CCCCCC,CCCCCCCCCCCCCCCC,298.2,-0.105360516,1.7210466426066502
CCCCCC,CCCCCCCCCCCCCCCC,303.2,-0.105360516,1.6859018814485347
CCCCCC,CCCCCCCCCCCCCCCC,308.2,-0.105360516,1.6507571202904197
CCCCCC,CCCCCCCCCCCCCCCC,313.2,-0.105360516,1.6156123591323046
CCCCCC,CCCCCCCCCCCCCCCC,323.2,-0.105360516,1.5453228368160745
CCCCCC,CCCCCCCCCCCCCCCC,333.2,-0.094310679,1.4750333144998444
CCCCCC,CCCCCCCCCCCCCCCC,333.2,-0.105360516,1.4750333144998444
CCCCCC,CCCCCCCCCCCCCCCC,393.2,-0.127833372,1.0532961806024632
CCCCCC,CCCCCCCCCCCCCCCC,453.2,-0.15082289,0.6315590467050818
c1ccncc1,CCCCCCCCCCCCCCCC,298.2,1.220829921392359,0.017827234514825374
CCCCCCCC,CCCCCCCCCCCCCCCC,298.2,-0.020202707,1.768682449498335
CCCCCCCC,CCCCCCCCCCCCCCCC,298.2,-0.040821995,1.768682449498335
CCCCCCCC,CCCCCCCCCCCCCCCC,298.2,-0.083381609,1.768682449498335
CCCCCCCC,CCCCCCCCCCCCCCCC,453.2,-0.116533816,0.6791948535967669
CCCCCCCCC,CCCCCCCCCCCCCCCC,298.2,0.0198026272961797,1.7925003529441774
CCCCCCCCC,CCCCCCCCCCCCCCCC,298.2,-0.010050336,1.7925003529441774
CCCC=O,CCCCCCCCCCCCCCCC,298.2,0.9555114450274363,0.03652973975942064
CCCCOC(C)=O,CCCCCCCCCCCCCCCC,298.2,0.7975071958841882,0.31015977795743765
C1COCCO1,CCCCCCCCCCCCCCCC,298.2,0.883767540168595,0.12174078929431564
C1COCCO1,CCCCCCCCCCCCCCCC,298.2,1.0224509277025455,0.12174078929431564
CCCCCCCCCC,CCCCCCCCCCCCCCCC,298.2,0.0861776962410524,1.8163182563900198
CC(=O)N(C)C,CCCCCCCCCCCCCCCC,298.2,3.261168737058452,0.22946910092474182
CCOC(C)=O,CCCCCCCCCCCCCCCC,298.2,1.0647107369924282,0.1122422182786531
CCCCCCC,CCCCCCCCCCCCCCCC,293.2,-0.083381609,1.7800093072106078
CCCCCCC,CCCCCCCCCCCCCCCC,298.2,-0.083381609,1.7448645460524927
CCCCCCC,CCCCCCCCCCCCCCCC,298.2,-0.083381609,1.7448645460524927
CCCCCCC,CCCCCCCCCCCCCCCC,298.2,-0.083381609,1.7448645460524927
CCCCCCC,CCCCCCCCCCCCCCCC,303.2,-0.083381609,1.7097197848943773
CCCCCCC,CCCCCCCCCCCCCCCC,313.2,-0.083381609,1.6394302625781472
CCCCCCC,CCCCCCCCCCCCCCCC,323.2,-0.083381609,1.569140740261917
CCCCCCC,CCCCCCCCCCCCCCCC,333.2,-0.083381609,1.498851217945687
CCCCCCC,CCCCCCCCCCCCCCCC,393.2,-0.127833372,1.0771140840483056
CCCCCCC,CCCCCCCCCCCCCCCC,453.2,-0.139262067,0.6553769501509246
C1CCCC1,CCCCCCCCCCCCCCCC,293.1,-0.261364764,1.6201380673758807
C1CCCC1,CCCCCCCCCCCCCCCC,298.1,-0.287682072,1.5849933062177657
C1CCCC1,CCCCCCCCCCCCCCCC,303.1,-0.287682072,1.5498485450596506
CC(C)C(C)C(C)C,CCCCCCCCCCCCCCCC,298.2,-0.083381609,1.768682449498335
CC(C)C(C)C(C)C,CCCCCCCCCCCCCCCC,298.2,-0.061875404,1.768682449498335
CC(C)CCC(C)C,CCCCCCCCCCCCCCCC,298.2,0.0198026272961797,1.768682449498335
CC(C)CCC(C)C,CCCCCCCCCCCCCCCC,298.2,0.0198026272961797,1.768682449498335
COC(C)(C)C,CCCCCCCCCCCCCCCC,298.2,0.1823215567939546,-0.074340844
COC(C)(C)C,CCCCCCCCCCCCCCCC,298.2,0.0953101798043249,-0.074340844
CCC1CCCCC1,CCCCCCCCCCCCCCCC,298.2,-0.162518929,1.6557441213321311
CCC1CCCCC1,CCCCCCCCCCCCCCCC,298.2,-0.174353387,1.6557441213321311
CCCC(C)C,C=CCCCC,298.2,0.0676586484738148,1.4064355042406094
CC(C)CC(C)C,C=CCCCC,298.2,0.1988508587451651,1.4302534076864517
CCCCC,C=CCCCC,298.2,0.0295588022415444,1.382617600794767
CCCCCC,C=CCCCC,298.2,0.0953101798043249,1.4064355042406094
CCCCCCCC,C=CCCCC,298.2,0.1655144384775733,1.454071311132294
CCCCCCCCC,C=CCCCC,298.2,0.1397619423751586,1.4778892145781366
CCCC=O,C=CCCCC,298.2,1.0152306797290584,0.6171175701777623
CCCC=O,C=CCCCC,318.2,0.8586616190375187,0.5122548210359446
CCCC=O,C=CCCCC,336.2,0.7929925155296614,0.41787834680830827
CCCCCCC,C=CCCCC,298.2,0.131028262406404,1.4302534076864517
CC(C)C(C)C(C)C,C=CCCCC,298.2,0.1570037488096647,1.454071311132294
CC(C)CCC(C)C,C=CCCCC,298.2,0.1397619423751586,1.454071311132294
CCC1CCCCC1,C=CCCCC,298.2,0.2468600779315258,1.3411329829660903
CCO,COC(=O)OC,313.2,1.472472057360943,-0.831877671
CO,COC(=O)OC,313.2,1.3937663759585917,-1.184835515
CCCO,COC(=O)OC,313.2,1.5539252025038417,-0.658453908
c1ccccc1,COC(=O)OC,283.2,0.494696241836107,1.16539770223038
c1ccccc1,COC(=O)OC,293.2,0.4700036292457356,1.0893396136144844
c1ccccc1,COC(=O)OC,313.2,0.4317824164255378,0.9372234363826926
c1ccccc1,COC(=O)OC,323.2,0.4054651081081644,0.8611653477667969
c1ccccc1,COC(=O)OC,333.2,0.3852624007906449,0.7851072591509012
c1ccccc1,COC(=O)OC,343.2,0.3646431135879092,0.7090491705350055
c1ccccc1,COC(=O)OC,363.2,0.3293037471426003,0.5569329933032141
c1ccccc1,COC(=O)OC,373.2,0.3074846997479607,0.48087490468731797
CC(Cl)(Cl)Cl,COC(=O)OC,298.2,0.5068176023684519,1.3113845879836559
CC(Cl)(Cl)Cl,COC(=O)OC,333.2,0.5068176023684519,1.0451812778280205
Cc1ccccc1,COC(=O)OC,318.2,0.9783261227936078,0.9014367852261116
CCCCCCC,COC(=O)OC,283.2,2.746629683069685,0.9240037661417024
CCCCCCC,COC(=O)OC,293.2,2.542389085201363,0.8537142438254723
CCCCCCC,COC(=O)OC,313.2,2.209372711271867,0.7131351991930117
CCCCCCC,COC(=O)OC,323.2,2.0681277817795625,0.6428456768767816
CCCCCCC,COC(=O)OC,333.2,1.9401794743463283,0.5725561545605515
CCCCCCC,COC(=O)OC,343.2,1.8213182714695997,0.5022666322443214
CCCCCCC,COC(=O)OC,363.2,1.6094379124341005,0.3616875876118608
CCCCCCC,COC(=O)OC,373.2,1.5129270120532563,0.2913980652956307
COC(C)(C)C,COC(=O)OC,298.2,0.8878912573524571,0.8736801098746896
CCOCC,O=C1CCCN1,303.2,2.010894999144726,1.5896483909835943
CCOCC,O=C1CCCN1,313.2,1.9782390361706732,1.5529936729386935
CCOCC,O=C1CCCN1,323.2,1.94876321803772,1.5163389548937927
CCOCC,O=C1CCCN1,333.2,1.9242486522741336,1.479684236848892
CCO,O=C1CCCN1,303.2,0.0582689081239758,-0.017327432
CCO,O=C1CCCN1,313.2,0.048790164169432,-0.05398215
CCO,O=C1CCCN1,323.2,0.0392207131532813,-0.090636868
CCO,O=C1CCCN1,333.2,0.0198026272961797,-0.127291586
CO,O=C1CCCN1,323.2,-0.274436846,-0.443594712
CO,O=C1CCCN1,333.2,-0.261364764,-0.48024943
CO,O=C1CCCN1,303.2,-0.301105093,-0.370285276
CO,O=C1CCCN1,313.2,-0.287682072,-0.406939994
CC(C)=O,O=C1CCCN1,303.2,0.8329091229351039,0.9590942671795954
CC(C)=O,O=C1CCCN1,313.2,0.8197798314933114,0.9066628926086864
CC(C)=O,O=C1CCCN1,323.2,0.8020015854720274,0.8542315180377775
CC(C)=O,O=C1CCCN1,333.2,0.7884573603642703,0.8018001434668682
ClC(Cl)Cl,O=C1CCCN1,303.2,-0.634878272,1.9997159888034863
ClC(Cl)Cl,O=C1CCCN1,313.2,-0.527632742,1.9236579001875906
ClC(Cl)Cl,O=C1CCCN1,323.2,-0.430782916,1.847599811571695
ClC(Cl)Cl,O=C1CCCN1,333.2,-0.342490309,1.7715417229557993
c1ccccc1,O=C1CCCN1,303.2,1.0331844833456545,1.3011631826848533
c1ccccc1,O=C1CCCN1,313.2,1.0402767116551463,1.2251050940689576
c1ccccc1,O=C1CCCN1,323.2,1.043804052173115,1.149047005453062
c1ccccc1,O=C1CCCN1,333.2,1.0473189942805592,1.0729889168371662
ClCCl,O=C1CCCN1,303.2,-0.198450939,1.8881546394547857
ClCCl,O=C1CCCN1,313.2,-0.15082289,1.81209655083889
ClCCl,O=C1CCCN1,323.2,-0.094310679,1.7360384622229943
ClCCl,O=C1CCCN1,333.2,-0.051293294,1.6599803736070986
CC1CCCC1,O=C1CCCN1,303.2,3.2160718975354663,0.3193577847631528
CC1CCCC1,O=C1CCCN1,313.2,3.1406980438041767,0.2490682624469227
CC1CCCC1,O=C1CCCN1,323.2,3.069447311376272,0.17877874013069261
CC1CCCC1,O=C1CCCN1,333.2,2.997231149677727,0.10848921781446252
CCc1ccccc1,O=C1CCCN1,303.2,1.7298840655099674,1.270976351471122
CCc1ccccc1,O=C1CCCN1,313.2,1.7227665977411035,1.1949182628552264
CCc1ccccc1,O=C1CCCN1,323.2,1.715598108262491,1.1188601742393307
CCc1ccccc1,O=C1CCCN1,333.2,1.7083778602890038,1.042802085623435
Cc1ccc(C)cc1,O=C1CCCN1,303.2,1.803358605071407,1.2571859910247634
Cc1ccc(C)cc1,O=C1CCCN1,313.2,1.7934247485471162,1.1811279024088677
Cc1ccc(C)cc1,O=C1CCCN1,323.2,1.780024213009634,1.105069813792972
Cc1ccc(C)cc1,O=C1CCCN1,333.2,1.7698546338400052,1.0290117251770763
CCCC(C)=O,O=C1CCCN1,303.2,1.2725655957915476,1.120394784327661
CCCC(C)=O,O=C1CCCN1,313.2,1.2584609896100056,1.0679634097567519
CCCC(C)=O,O=C1CCCN1,323.2,1.244154593958768,1.0155320351858428
CCCC(C)=O,O=C1CCCN1,333.2,1.229640551074514,0.9631006606149337
CC(C)OC(C)C,O=C1CCCN1,303.2,2.667922410011431,1.8336617124653722
CC(C)OC(C)C,O=C1CCCN1,313.2,2.632608005935352,1.7970069944204714
CC(C)OC(C)C,O=C1CCCN1,323.2,2.589266665112243,1.7603522763755706
CC(C)OC(C)C,O=C1CCCN1,333.2,2.558776498354456,1.72369755833067
CC1CCCCC1,O=C1CCCN1,303.2,3.4622924810219664,0.34498117472809
CC1CCCCC1,O=C1CCCN1,313.2,3.380654480430826,0.2746916524118599
CC1CCCCC1,O=C1CCCN1,323.2,3.306520334720247,0.2044021300956298
CC1CCCCC1,O=C1CCCN1,333.2,3.2339614622862416,0.1341126077793997
Cc1ccccc1,O=C1CCCN1,303.2,1.3862943611198906,1.3034055758362202
Cc1ccccc1,O=C1CCCN1,313.2,1.396244691973059,1.2273474872203245
Cc1ccccc1,O=C1CCCN1,323.2,1.4011829736136412,1.1512893986044288
Cc1ccccc1,O=C1CCCN1,333.2,1.4085449700547104,1.0752313099885331
CCCCC,O=C1CCCN1,303.2,3.4600950229096408,0.398997500135303
CCCCC,O=C1CCCN1,313.2,3.377246160839642,0.3287079778190729
CCCCC,O=C1CCCN1,323.2,3.3120018028576843,0.2584184555028428
CCCCC,O=C1CCCN1,333.2,3.2359295794340284,0.18812893318661272
C=CCCC,O=C1CCCN1,303.2,2.776954179749421,0.39951356755683154
C=CCCC,O=C1CCCN1,313.2,2.727199019940971,0.32922404524060145
C=CCCC,O=C1CCCN1,323.2,2.681021528714291,0.25893452292437136
C=CCCC,O=C1CCCN1,333.2,2.637627736805664,0.18864500060814127
CCCCCC,O=C1CCCN1,303.2,3.750914845033389,0.42281540358114533
CCCCCC,O=C1CCCN1,313.2,3.658677945380815,0.35252588126491524
CCCCCC,O=C1CCCN1,323.2,3.572345637857985,0.28223635894868515
CCCCCC,O=C1CCCN1,333.2,3.4998353515591547,0.21194683663245506
CCCCCCCC,O=C1CCCN1,303.2,4.294969802105708,0.47045121047283
CCCCCCCC,O=C1CCCN1,313.2,4.187075661479786,0.4001616881565999
CCCCCCCC,O=C1CCCN1,323.2,4.098834467494953,0.3298721658403698
CCCCCCCC,O=C1CCCN1,333.2,4.0069694827371,0.25958264352413973
C=CCCCCCC,O=C1CCCN1,303.2,3.59922823216129,0.470967277894359
C=CCCCCCC,O=C1CCCN1,313.2,3.5260663637080247,0.4006777555781289
C=CCCCCCC,O=C1CCCN1,323.2,3.4638591427868666,0.3303882332618988
C=CCCCCCC,O=C1CCCN1,333.2,3.40552135314221,0.2600987109456687
CCCCCCC,O=C1CCCN1,303.2,4.013134506796558,0.44663330702698767
CCCCCCC,O=C1CCCN1,313.2,3.9084165098340335,0.3763437847107576
CCCCCCC,O=C1CCCN1,323.2,3.8185910606355935,0.3060542623945275
CCCCCCC,O=C1CCCN1,333.2,3.735763040012787,0.2357647400782974
C1CCCC1,O=C1CCCN1,303.2,2.8437459165561094,0.28605917196909925
C1CCCC1,O=C1CCCN1,313.2,2.771963526845863,0.21576964965286916
C1CCCC1,O=C1CCCN1,323.2,2.714694743820879,0.14548012733663906
C1CCCC1,O=C1CCCN1,333.2,2.646883765864722,0.07519060502040897
C=CCCCC,O=C1CCCN1,303.2,3.0081547935525483,0.42649170745207776
C=CCCCC,O=C1CCCN1,313.2,2.963725477418905,0.35620218513584767
C=CCCCC,O=C1CCCN1,323.2,2.9161477942111484,0.2859126628196176
C=CCCCC,O=C1CCCN1,333.2,2.8752581200861167,0.2156231405033875
COC(C)(C)C,O=C1CCCN1,303.2,2.10900034392138,1.633248271599149
COC(C)(C)C,O=C1CCCN1,313.2,2.0844290831908747,1.5965935535542481
COC(C)(C)C,O=C1CCCN1,323.2,2.061786606441115,1.5599388355093473
COC(C)(C)C,O=C1CCCN1,333.2,2.0360119837525,1.5232841174644467
CCO,CCCCCCCCCCCCCC,293.2,3.977810745966149,-1.57647644
CO,CCCCCCCCCCCCCC,293.2,4.313480092138772,-1.929434284
CCCO,CCCCCCCCCCCCCC,293.2,3.6609942506244,-1.403052678
CCO,CN1CCCC1=O,343.4,-0.446287103,-0.795730608
CCO,CN1CCCC1=O,333.2,-0.446287103,-0.758342796
CCO,CN1CCCC1=O,323.4,-0.415515444,-0.722421172
CO,CN1CCCC1=O,343.4,-0.653926467,-1.148688452
CO,CN1CCCC1=O,333.2,-0.653926467,-1.11130064
CO,CN1CCCC1=O,323.4,-0.634878272,-1.075379016
CC(C)O,CN1CCCC1=O,343.4,-0.301105093,-0.609151383
CC(C)O,CN1CCCC1=O,333.2,-0.274436846,-0.571763571
CC(C)O,CN1CCCC1=O,323.4,-0.287682072,-0.535841947
CC(C)=O,CN1CCCC1=O,323.4,0.2776317365982795,0.2843373533098159
CC(C)=O,CN1CCCC1=O,333.2,0.2546422183735807,0.23295460623032493
CC(C)=O,CN1CCCC1=O,343.4,0.2546422183735807,0.17947460416799776
ClC(Cl)Cl,CN1CCCC1=O,373.2,-2.407945609,1.0918760962550973
ClC(Cl)Cl,CN1CCCC1=O,323.2,-3.218875825,1.4721665393345762
CCCO,CN1CCCC1=O,354.2,-1.203972804,-0.661893941
c1ccccc1,CN1CCCC1=O,323.4,0.2390169004704999,0.7720925714436255
c1ccccc1,CN1CCCC1=O,333.2,0.2070141693843261,0.6975556446000475
c1ccccc1,CN1CCCC1=O,333.3,-0.301105093,0.6967950637138882
c1ccccc1,CN1CCCC1=O,343.4,0.2468600779315258,0.6199763942118337
c1ccccc1,CN1CCCC1=O,354.2,-0.186329578,0.5378336585066665
CC(C)(C)O,CN1CCCC1=O,343.4,-0.186329578,-0.451978574
CC(C)(C)O,CN1CCCC1=O,333.2,-0.223143551,-0.414590761
CC(C)(C)O,CN1CCCC1=O,323.4,-0.223143551,-0.378669138
COC(C)=O,CN1CCCC1=O,323.4,0.4824261492442928,0.31678442862247813
COC(C)=O,CN1CCCC1=O,333.2,0.4637340162321402,0.26540168154298716
COC(C)=O,CN1CCCC1=O,343.4,0.4637340162321402,0.21192167948065954
CC1CCCC1,CN1CCCC1=O,323.4,2.1294214739848565,-0.029175282
CC1CCCC1,CN1CCCC1=O,333.2,2.069391205826334,-0.098059014
CC1CCCC1,CN1CCCC1=O,343.4,2.0149030205422647,-0.169754326
Cc1ccc(C)cc1,CN1CCCC1=O,373.2,0.5247285289349821,0.3493460984763743
Cc1ccc(C)cc1,CN1CCCC1=O,473.2,0.4510756193602167,-0.411234788
CCCC(C)C,CN1CCCC1=O,298.2,2.5416019934645457,0.25141193323950084
CCCC(C)=O,CN1CCCC1=O,323.4,0.5128236264286637,0.4456378704578814
CCCC(C)=O,CN1CCCC1=O,333.2,0.494696241836107,0.3942551233783904
CCCC(C)=O,CN1CCCC1=O,343.4,0.4824261492442928,0.34077512131606325
CC(C)CC(C)C,CN1CCCC1=O,298.2,2.779440197188883,0.2752298366853436
CC1CCCCC1,CN1CCCC1=O,323.4,2.269028309465203,-0.003551892
CC1CCCCC1,CN1CCCC1=O,333.2,2.2126603854660587,-0.072435624
CC1CCCCC1,CN1CCCC1=O,343.4,2.1564025828159643,-0.144130936
Cc1ccccc1,CN1CCCC1=O,323.4,0.5068176023684519,0.7743349645949924
Cc1ccccc1,CN1CCCC1=O,333.2,0.5128236264286637,0.6997980377514144
Cc1ccccc1,CN1CCCC1=O,343.4,0.5068176023684519,0.6222187873632006
Cc1ccccc1,CN1CCCC1=O,363.3,0.0769610411361284,0.470863191017568
Cc1ccccc1,CN1CCCC1=O,383.4,0.0676586484738148,0.3179864328996178
CCCOC(C)=O,CN1CCCC1=O,323.4,0.7701082216960737,0.5548782227488664
CCCOC(C)=O,CN1CCCC1=O,333.2,0.7608058290337602,0.5034954756693755
CCCOC(C)=O,CN1CCCC1=O,343.4,0.7514160886839212,0.45001547360704786
CCCCC,CN1CCCC1=O,298.2,2.26176309847379,0.2275940297936585
CCCCC,CN1CCCC1=O,323.4,2.4423470353692043,0.05046443355675834
CCCCC,CN1CCCC1=O,333.2,2.322387720290225,-0.018419298
CCCCC,CN1CCCC1=O,343.4,2.2353763433005955,-0.090114611
CCCCCC,CN1CCCC1=O,298.2,2.574899688314705,0.25141193323950084
CCCCCC,CN1CCCC1=O,323.4,2.602689685444384,0.07428233700260112
CCCCCC,CN1CCCC1=O,333.2,2.5416019934645457,0.005398605132695522
CCCCCC,CN1CCCC1=O,343.4,2.451005098112319,-0.066296708
CCCCCCCC,CN1CCCC1=O,298.2,3.056827372913802,0.29904774013118596
CCCCCCCC,CN1CCCC1=O,323.4,2.9391619220655967,0.12191814389428579
CCCCCCCC,CN1CCCC1=O,333.2,2.8213788864092133,0.053034412024380195
CCCCCCCC,CN1CCCC1=O,343.4,2.778819271990417,-0.018660901
C=CCCCCCC,CN1CCCC1=O,323.4,2.3702437414678603,0.12243421131581478
C=CCCCCCC,CN1CCCC1=O,333.2,2.28949985344539,0.05355047944590918
C=CCCCCCC,CN1CCCC1=O,343.4,2.2082744135228043,-0.018144833
CCCCCCCCC,CN1CCCC1=O,298.2,3.284288963416433,0.3228656435770283
CCCC=O,CN1CCCC1=O,323.4,0.412109650826833,0.358637168728003
CCCC=O,CN1CCCC1=O,333.2,0.3920420877760237,0.307254421648512
CCCC=O,CN1CCCC1=O,343.4,0.412109650826833,0.2537744195861844
CCCCCCC,CN1CCCC1=O,298.2,2.8195915758351173,0.2752298366853436
CCCCCCC,CN1CCCC1=O,323.4,2.791165107812717,0.09810024044844345
CCCCCCC,CN1CCCC1=O,333.2,2.6878474937846906,0.02921650857853786
CCCCCCC,CN1CCCC1=O,343.4,2.5952547069568657,-0.042478804
C1CCCC1,CN1CCCC1=O,323.4,1.8578592709325787,-0.062473895
C1CCCC1,CN1CCCC1=O,333.2,1.803358605071407,-0.131357626
C1CCCC1,CN1CCCC1=O,343.4,1.7647307968401356,-0.203052939
CC(C)CC(C)(C)C,CN1CCCC1=O,323.4,2.884800712846709,0.12191814389428579
CC(C)CC(C)(C)C,CN1CCCC1=O,333.2,2.772588722239781,0.053034412024380195
CC(C)CC(C)(C)C,CN1CCCC1=O,343.4,2.667228206581955,-0.018660901
CC(C)C(C)C(C)C,CN1CCCC1=O,298.2,2.805781689595545,0.29904774013118596
CC(C)CCC(C)C,CN1CCCC1=O,298.2,3.00617753141553,0.29904774013118596
CCC1CCCCC1,CN1CCCC1=O,298.2,2.559550192783766,0.1861094119649822
ClC(Cl)(Cl)Cl,COC(C)(C)C,308.2,-0.186329578,1.0933105211270355
ClC(Cl)(Cl)Cl,COC(C)(C)C,293.2,-0.261364764,1.2073976540508795
CCO,COC(C)(C)C,298.2,1.9878743481543453,-1.042724689
ClC(Cl)Cl,COC(C)(C)C,293.2,-0.755022584,1.5860959835227266
c1ccccc1,COC(C)(C)C,293.2,-0.094310679,0.8875431774040936
c1ccccc1,COC(C)(C)C,308.2,0,0.7734560444802496
C[N+](=O)[O-],COC(C)(C)C,298.2,2.0228711901914416,-0.585518002
CCCC(C)C,COC(C)(C)C,303.2,0.2390169004704999,0.8548160951663615
CCCC(C)C,COC(C)(C)C,323.2,0.1988508587451651,0.7142370505339013
CC1CCCCC1,COC(C)(C)C,313.2,-0.040821995,0.706692343997076
CC1CCCCC1,COC(C)(C)C,333.2,-0.010050336,0.5661132993646159
Cc1ccccc1,COC(C)(C)C,298.2,0.009950330853168,0.8517565262475126
CCCCC,COC(C)(C)C,293.2,0,0.9012877140367497
CCCCCC,COC(C)(C)C,303.2,0.1484200051182732,0.8548160951663615
CCCCCC,COC(C)(C)C,323.2,0.1397619423751586,0.7142370505339013
CCCCCC,COC(C)(C)C,293.2,-0.010050336,0.925105617482592
CCCCCC,COC(C)(C)C,308.2,0.0676586484738148,0.8196713340082464
CCCCCCCC,COC(C)(C)C,298.2,0.1222176327242491,0.9375966632161616
CCCCCCC,COC(C)(C)C,313.2,0.009950330853168,0.8083444762959737
CCCCCCC,COC(C)(C)C,323.2,-0.061875404,0.7380549539797436
CCCCCCC,COC(C)(C)C,293.2,0,0.9489235209284343
C1CCCC1,COC(C)(C)C,288.2,0.5247285289349821,0.8234941470286605
C1CCCC1,COC(C)(C)C,313.2,0.1484200051182732,0.6477703412380849
C1CCCC1,COC(C)(C)C,323.2,0.0953101798043249,0.5774808189218548
COC(=O)OC,COC(C)(C)C,298.2,0.7975071958841882,0.49152258568121265
