Solute_SMILES,Solvent_SMILES,T_K,ln_gamma_inf,ln_gamma_inf_pred_mosced
CCO,ClC(Cl)(Cl)Cl,293.2,3.5380565643793527,1.7367435683876815
CCO,ClC(Cl)(Cl)Cl,298.2,3.326473835466219,1.7272984256838744
CCO,ClC(Cl)(Cl)Cl,313.2,2.9652730660692823,1.688141586597765
CCO,ClC(Cl)(Cl)Cl,333.2,2.322387720290225,1.6171978327055645
CO,ClC(Cl)(Cl)Cl,293.2,3.877431560658527,2.366760339546942
CO,ClC(Cl)(Cl)Cl,313.2,3.2733640101522705,2.2914743525948387
CO,ClC(Cl)(Cl)Cl,333.2,2.5726122302071057,2.182531381596811
CC(C)=O,ClC(Cl)(Cl)Cl,293.2,1.1600209167967532,0.8741243819459033
CC(C)=O,ClC(Cl)(Cl)Cl,295.7,1.1474024528375415,0.8661112705611699
CC(C)=O,ClC(Cl)(Cl)Cl,316.5,1.0577902941478543,0.8038537921171307
CC(C)=O,ClC(Cl)(Cl)Cl,328.9,1.0367368849500225,0.7701535956455792
CC(C)=O,ClC(Cl)(Cl)Cl,333.0,1.0152306797290584,0.7595195271984624
CC(C)=O,ClC(Cl)(Cl)Cl,338.6,0.9858167945227654,0.7453807864713032
CC(C)=O,ClC(Cl)(Cl)Cl,344.4,0.947789398933526,0.73118858618467
CC(C)=O,ClC(Cl)(Cl)Cl,346.8,0.9516578757114464,0.7254457128507954
CC(C)=O,ClC(Cl)(Cl)Cl,349.8,0.8415671856782185,0.718370964223067
CC(C)=O,ClC(Cl)(Cl)Cl,349.8,0.6575200029167941,0.718370964223067
ClC(Cl)Cl,ClC(Cl)(Cl)Cl,293.2,0.1739533071234379,0.1606790404377095
ClC(Cl)Cl,ClC(Cl)(Cl)Cl,293.2,0.1484200051182732,0.1606790404377095
ClC(Cl)Cl,ClC(Cl)(Cl)Cl,303.2,0.1570037488096647,0.1541307341892042
ClC(Cl)Cl,ClC(Cl)(Cl)Cl,328.2,0.1222176327242491,0.1391880928900715
CCCO,ClC(Cl)(Cl)Cl,314.9,2.768204123921957,1.277957474348813
CCCO,ClC(Cl)(Cl)Cl,327.0,2.476538400117484,1.2475400761109448
CCCO,ClC(Cl)(Cl)Cl,338.9,2.1770218700187,1.2135031770636455
CCCO,ClC(Cl)(Cl)Cl,344.4,2.172476407647025,1.1967414167697463
CC(Cl)(Cl)Cl,ClC(Cl)(Cl)Cl,328.2,0.0861776962410524,0.0539522785762409
CCBr,ClC(Cl)(Cl)Cl,293.2,0.2231435513142097,0.1877882754639922
CCI,ClC(Cl)(Cl)Cl,293.2,0.3001045924503381,0.1047479980847547
CC#N,ClC(Cl)(Cl)Cl,293.2,2.5952547069568657,2.1157428659898185
CC#N,ClC(Cl)(Cl)Cl,314.9,2.3702437414678603,1.8672758930199655
CC#N,ClC(Cl)(Cl)Cl,316.5,2.312535423847214,1.850665833534853
CC#N,ClC(Cl)(Cl)Cl,330.0,2.2082744135228043,1.7187253180551854
CC#N,ClC(Cl)(Cl)Cl,340.2,2.163323025660538,1.6279616194216675
CC#N,ClC(Cl)(Cl)Cl,346.0,2.091864061678393,1.579447622935898
ClCCl,ClC(Cl)(Cl)Cl,293.2,0.4574248470388755,0.4600583760972626
ClCCl,ClC(Cl)(Cl)Cl,328.2,0.3987761199573678,0.3723638684743197
S=C=S,ClC(Cl)(Cl)Cl,293.2,0.1906203596086497,0.3075786577267978
CC(Cl)Cl,ClC(Cl)(Cl)Cl,328.2,0.3364722366212129,0.4448235796885311
CC(C)CO,ClC(Cl)(Cl)Cl,293.2,2.917770732084279,1.1020973131888634
ClC=C(Cl)Cl,ClC(Cl)(Cl)Cl,328.2,-0.0100503358535014,0.0430672457168319
ClCCCl,ClC(Cl)(Cl)Cl,313.2,0.5481214085096876,0.5102478655799447
ClCCCl,ClC(Cl)(Cl)Cl,328.2,0.5007752879124892,0.4726768901491058
CCC#N,ClC(Cl)(Cl)Cl,293.2,1.9740810260220096,1.3009229302286884
CCCC(C)C,ClC(Cl)(Cl)Cl,298.2,0.3435897043900768,0.300464288052953
CC(C)CC(C)C,ClC(Cl)(Cl)Cl,298.2,0.371563556432483,0.2854269374604964
CC(C)OC(C)C,ClC(Cl)(Cl)Cl,293.2,0.0392207131532813,-0.207127646619267
Cc1ccccc1,ClC(Cl)(Cl)Cl,298.2,0.0198026272961797,0.016084604229525
Cc1ccccc1,ClC(Cl)(Cl)Cl,313.2,0.048790164169432,0.0158623299139595
CCCCC,ClC(Cl)(Cl)Cl,298.2,0.2851789422336624,0.3269677373328909
C1CCOC1,ClC(Cl)(Cl)Cl,303.2,-0.1984509387238383,-0.1704159968997079
CCCCCC,ClC(Cl)(Cl)Cl,293.2,0.2851789422336624,0.2363581227834337
CCCCCC,ClC(Cl)(Cl)Cl,298.2,0.3001045924503381,0.2291487986178502
CCCCCC,ClC(Cl)(Cl)Cl,313.2,0.2468600779315258,0.2093906527531186
CCCCCCCC,ClC(Cl)(Cl)Cl,298.2,0.2070141693843261,0.1087757953960218
CCCCCCCC,ClC(Cl)(Cl)Cl,298.2,0.2851789422336624,0.1087757953960218
CCCCCCCC,ClC(Cl)(Cl)Cl,313.2,0.1739533071234379,0.0915706120584752
CCCCCCCCC,ClC(Cl)(Cl)Cl,298.2,0.2468600779315258,0.0555034092970593
C1COCCO1,ClC(Cl)(Cl)Cl,298.2,0.2231435513142097,0.2664262738286388
C1COCCO1,ClC(Cl)(Cl)Cl,298.2,0.2546422183735807,0.2664262738286388
C1COCCO1,ClC(Cl)(Cl)Cl,303.2,0.2776317365982795,0.2644261127745822
C1COCCO1,ClC(Cl)(Cl)Cl,308.2,0.2851789422336624,0.2623289722863776
C1COCCO1,ClC(Cl)(Cl)Cl,313.2,0.2776317365982795,0.2601490602804474
C1COCCO1,ClC(Cl)(Cl)Cl,313.2,0.29266961396282,0.2601490602804474
C1COCCO1,ClC(Cl)(Cl)Cl,337.7,0.29266961396282,0.2486488050752386
CCCCCCCCCC,ClC(Cl)(Cl)Cl,313.2,0.0953101798043249,-0.0053075187672497
CCCCCCC,ClC(Cl)(Cl)Cl,298.2,0.29266961396282,0.1637806165307124
CCCCCCC,ClC(Cl)(Cl)Cl,313.2,0.2151113796169455,0.1456740184110614
CCCCCCC,ClC(Cl)(Cl)Cl,328.3,0.2390169004704999,0.1297460160276097
CCCCCCC,ClC(Cl)(Cl)Cl,349.1,0.1397619423751586,0.1108859219269746
CC(C)C(C)C(C)C,ClC(Cl)(Cl)Cl,298.2,0.3074846997479607,0.1668230517102714
CC(C)CCC(C)C,ClC(Cl)(Cl)Cl,298.2,0.3220834991691132,0.179821934213791
COC(C)(C)C,ClC(Cl)(Cl)Cl,308.2,-0.2357223335210698,-0.2197414344808153
CCC1CCCCC1,ClC(Cl)(Cl)Cl,298.2,0.2070141693843261,0.1032251587812202
CO,CCOCC,298.2,1.551808799597464,1.1760590726185027
CO,CCOCC,338.2,1.3402504226184837,1.0592595279476351
CO,CCOCC,388.2,1.0577902941478543,0.8485321095402734
CC(C)=O,CCOCC,298.1,0.8197798314933114,0.6304927724777757
CC(C)=O,CCOCC,338.2,0.7178397931503168,0.5095458470968091
CC(C)=O,CCOCC,388.3,0.6259384308664954,0.402276511280479
CC#N,CCOCC,298.1,1.3787660946990992,1.3192411472488303
CC#N,CCOCC,338.2,1.199964782928397,1.0182027569744978
CC#N,CCOCC,388.2,0.9820784724121582,0.7554159012658136
Cc1ccccc1,CCOCC,298.2,0.1823215567939546,0.20434978214471
CCCCCCCC,CCOCC,298.2,0.4252677354043441,0.3359070302223179
C1COCCO1,CCOCC,298.2,0.6729444732424258,0.7695045700441714
ClC(Cl)(Cl)Cl,CCO,298.2,1.6370530794670737,3.329184881103126
ClC(Cl)(Cl)Cl,CCO,313.2,1.4883995840570443,2.93364623671664
ClC(Cl)(Cl)Cl,CCO,333.2,1.3987168811184478,2.4998482906576083
CC(C)=O,CCO,293.2,0.8671004876833833,0.8476908603014569
CC(C)=O,CCO,303.2,0.9932517730102834,0.7933262637636731
CC(C)=O,CCO,313.2,0.9162907318741552,0.7442248188167747
CC(C)=O,CCO,314.3,0.8878912573524571,0.7391149150355598
CC(C)=O,CCO,318.5,0.8544153281560676,0.7200997835921357
CC(C)=O,CCO,322.5,0.7747271675523681,0.7026907722376154
CC(C)=O,CCO,323.0,0.7975071958841882,0.7005609002157794
CC(C)=O,CCO,323.2,0.8329091229351039,0.6997117709132941
CC(C)=O,CCO,323.2,0.7654678421395714,0.6997117709132941
CC(C)=O,CCO,335.8,0.7080357930536959,0.6492867565144828
CC(C)=O,CCO,348.3,0.6523251860396901,0.6046396122860361
CC(C)=O,CCO,351.5,0.5481214085096876,0.593975781102751
ClC(Cl)Cl,CCO,298.2,0.5364933705145685,1.9096439985504972
ClC(Cl)Cl,CCO,323.2,0.7654678421395714,1.5668061458202152
ClC(Cl)Cl,CCO,323.2,0.7608058290337602,1.5668061458202152
CCCO,CCO,313.2,0.0198026272961797,0.0307468320369558
CCCCO,CCO,313.2,0.0953101798043249,0.048734831177879
CCBr,CCO,293.2,1.4327007339340465,3.150036937352625
CCI,CCO,293.2,1.8196988379172965,3.2362123552191937
CC#N,CCO,293.2,1.545432582458188,1.241149351774876
CC#N,CCO,323.2,1.308332819650179,1.0527474953526863
CC#N,CCO,343.2,1.118414915964289,0.9496294016009298
CC#N,CCO,393.2,0.7371640659767196,0.7499705580449696
ClCCl,CCO,298.2,0.9162907318741552,2.107649182244612
CC(C)(C)O,CCO,313.2,-0.2484613592984996,0.0364294892456333
CC(C)CO,CCO,313.2,0.0676586484738148,0.062791091268534
CC(C)CO,CCO,351.4,0.1988508587451651,0.0466616443546664
CC(C)CO,CCO,351.5,0.1988508587451651,0.0466192901215573
CC(C)CO,CCO,424.0,0.3220834991691132,0.0181013427719029
CC(C)CO,CCO,424.0,0.3220834991691132,0.0181013427719029
CC1CCCC1,CCO,313.2,2.0831845279586703,3.5190105376870164
Cc1ccc(C)cc1,CCO,313.2,1.9615022438151493,2.7582841119832007
CCCC(C)C,CCO,298.2,2.325324579963535,3.899581104917466
CC(C)CC(C)C,CCO,298.2,2.47232786758114,3.873171709181684
CC1CCCCC1,CCO,313.2,2.374905754573672,3.4900831426279204
CC1CCCCC1,CCO,333.2,2.278292400425001,2.959201613216348
Cc1ccccc1,CCO,296.4,2.0541237336955462,3.039150980943052
Cc1ccccc1,CCO,298.2,1.7526720805200082,2.9924895408544714
Cc1ccccc1,CCO,303.2,1.786746927404511,2.867857016523698
Cc1ccccc1,CCO,313.2,1.747459210331475,2.6388559298558096
Cc1ccccc1,CCO,318.5,1.7227665977411035,2.5274216850209124
Cc1ccccc1,CCO,318.5,1.7227665977411035,2.5274216850209124
Cc1ccccc1,CCO,318.6,1.9459101490553128,2.5253806179932954
Cc1ccccc1,CCO,318.6,1.9315214116032136,2.5253806179932954
Cc1ccccc1,CCO,323.2,1.7647307968401356,2.433840344056031
Cc1ccccc1,CCO,323.2,1.7101878155342434,2.433840344056031
Cc1ccccc1,CCO,330.0,1.6752256529721037,2.3065110917487432
Cc1ccccc1,CCO,333.2,1.7298840655099674,2.2496778459587685
Cc1ccccc1,CCO,333.2,1.6808279085207734,2.2496778459587685
Cc1ccccc1,CCO,337.2,1.791759469228055,2.18124440086467
Cc1ccccc1,CCO,343.2,1.6845453849209058,2.0837206468977483
Cc1ccccc1,CCO,349.4,1.6370530794670737,1.988969012652938
Cc1ccccc1,CCO,351.2,1.6467336971777973,1.9625397280714705
Cc1ccccc1,CCO,351.8,1.7227665977411035,1.9538339862460825
Clc1ccccc1,CCO,323.2,1.6486586255873816,2.475524613951829
Clc1ccccc1,CCO,335.8,1.62924053973028,2.2469526684356604
Clc1ccccc1,CCO,348.0,1.589235205116581,2.0520836330861574
CCCCC,CCO,293.2,2.26176309847379,4.1054580440966655
CCCCC,CCO,298.2,2.0515563381903004,3.925904167473067
CCCCC,CCO,298.2,2.2502386126218363,3.925904167473067
CCCCC,CCO,299.7,2.186051276738094,3.8741001079474633
CCCCC,CCO,303.2,2.224623551524334,3.756741001011405
CCCCC,CCO,304.2,2.2082744135228043,3.724087212536321
CCCCC,CCO,310.4,2.163323025660538,3.5298857077940617
CCCCC,CCO,312.1,2.151762203259462,3.479012700516006
CCCCC,CCO,313.2,2.1126345090356,3.4466160497038145
CCCCC,CCO,313.2,2.1701959049483,3.4466160497038145
CCCCC,CCO,322.0,2.1400661634962708,3.201387028914122
CCCCC,CCO,322.2,2.1162555148025524,3.1960881207810106
CCCCC,CCO,323.2,2.110213200346589,3.1697680002696105
CCCCC,CCO,324.7,2.1162555148025524,3.130826009797742
CCCCC,CCO,335.2,2.1041341542702074,2.875263651672592
CCCCC,CCO,343.0,2.0541237336955462,2.703047939061185
CCCCC,CCO,352.4,1.9459101490553128,2.5131378075361197
CCCCC,CCO,354.2,1.9315214116032136,2.47879344674649
CCCCC,CCO,354.4,2.0014800002101243,2.475015563118488
CCCC#N,CCO,278.2,1.5107219394949427,1.48128742780208
CCCC#N,CCO,288.2,1.425515074273172,1.3711516945975748
CCCC#N,CCO,293.2,1.3737155789130306,1.3205723799099829
CCCC#N,CCO,298.2,1.3506671834767394,1.272698413972717
CCCC#N,CCO,303.2,1.308332819650179,1.2273383292685032
CCCC#N,CCO,308.2,1.289232648276759,1.1843173210153046
CCCC#N,CCO,313.2,1.252762968495368,1.1434755420425793
CCCC#N,CCO,323.2,1.2149127443642704,1.0677562087777606
CCCCCC,CCO,293.2,2.258633205464863,4.089011612117372
CCCCCC,CCO,293.2,2.4849066497880004,4.089011612117372
CCCCCC,CCO,298.2,2.4849066497880004,3.9085408887983246
CCCCCC,CCO,298.2,2.359910159613315,3.9085408887983246
CCCCCC,CCO,303.2,2.5416019934645457,3.7384887025822815
CCCCCC,CCO,313.2,2.105352923464337,3.4266659463676072
CCCCCC,CCO,313.2,2.451005098112319,3.4266659463676072
CCCCCC,CCO,313.2,2.2925347571405443,3.4266659463676072
CCCCCC,CCO,322.2,2.302585092994046,3.174696937510874
CCCCCC,CCO,333.2,1.979621206397625,2.89870055994748
CCCCCC,CCO,333.2,2.272125885509337,2.89870055994748
CCCCCC,CCO,350.9,2.091864061678393,2.516745104003786
CCCCCC,CCO,354.2,2.163323025660538,2.45287328186784
CCCCCC,CCO,373.2,2.128231705849268,2.1229126809453813
c1ccncc1,CCO,313.2,-0.0408219945202551,0.0326789521337105
c1ccncc1,CCO,336.4,-0.0408219945202551,0.0315731242691027
c1ccncc1,CCO,350.6,-0.0618754037180875,0.0311462385250074
CCCCCCCC,CCO,298.2,2.7800607370784824,3.877674529748771
CCCCCCCC,CCO,298.2,2.738902664584975,3.877674529748771
CCCCCCCC,CCO,322.2,2.6741486494265287,3.135373058127712
CCCCCCCC,CCO,338.0,2.5726122302071057,2.743846889992728
CCCCCCCC,CCO,343.2,2.658859956911438,2.628607002854178
CCCCCCCC,CCO,353.7,2.5649493574615367,2.4137569008744184
CCCCCCCCC,CCO,298.2,2.9780773383152703,3.864288063838396
CCCCCCCCC,CCO,301.1,3.0349529867072724,3.762807119261248
CCCCCCCCC,CCO,320.9,2.9856819377004897,3.1533008453996443
CCCCCCCCC,CCO,320.9,2.9391619220655967,3.1533008453996443
CCCCCCCCC,CCO,355.2,2.740840023925201,2.3625141735626407
CNC=O,CCO,303.2,0.378436435720245,0.1935150576336703
CNC=O,CCO,313.2,0.3576744442718159,0.1811859025587698
C1COCCO1,CCO,298.2,1.1314021114911006,0.9993714296607996
C1COCCO1,CCO,323.2,1.0612565021243408,0.849546457559745
C1COCCO1,CCO,323.2,1.043804052173115,0.849546457559745
CCOC(C)=O,CCO,298.2,1.2837077723447896,1.502349876755905
CCOC(C)=O,CCO,328.2,0.9631743177730056,1.1901657010996485
CCCCCCC,CCO,293.5,2.5416019934645457,4.064167635939768
CCCCCCC,CCO,298.2,2.570319527636131,3.8939272820690647
CCCCCCC,CCO,303.2,2.70805020110221,3.722939846971352
CCCCCCC,CCO,303.2,2.574899688314705,3.722939846971352
CCCCCCC,CCO,303.3,2.5733752977756086,3.719621329672198
CCCCCCC,CCO,303.3,2.476538400117484,3.719621329672198
CCCCCCC,CCO,313.1,2.4069451083182885,3.4122951191965014
CCCCCCC,CCO,313.2,2.73046379593911,3.40933291332324
CCCCCCC,CCO,313.2,2.6461747973841225,3.40933291332324
CCCCCCC,CCO,313.2,2.5556757206762075,3.40933291332324
CCCCCCC,CCO,319.4,2.468099531471619,3.232014702134845
CCCCCCC,CCO,322.2,2.4849066497880004,3.155851336948953
CCCCCCC,CCO,322.8,2.3513752571634776,3.139833403703665
CCCCCCC,CCO,323.2,2.5877640352277083,3.1292130961638724
CCCCCCC,CCO,323.2,2.447550863244232,3.1292130961638724
CCCCCCC,CCO,333.2,2.653945942109009,2.8781179522828078
CCCCCCC,CCO,335.2,2.388762789235098,2.8310403773005737
CCCCCCC,CCO,337.7,2.4159137783010487,2.773570964460754
CCCCCCC,CCO,343.1,2.388762789235098,2.6544343677150994
CCCCCCC,CCO,347.8,2.33214389523559,2.5560001228367915
CCCCCCC,CCO,354.2,2.379546134130174,2.429283364705583
C1CCCC1,CCO,313.2,1.916922612182061,3.5885341208562505
CC(C)CC(C)(C)C,CCO,296.7,2.6390573296152584,3.904924335985633
CC(C)CC(C)(C)C,CCO,318.7,2.5572273113676265,3.206376473240139
CC(C)CC(C)(C)C,CCO,333.2,2.495681722955959,2.8314565448523155
CC(C)CC(C)(C)C,CCO,337.0,2.501435951739211,2.742451244303888
CC(C)CC(C)(C)C,CCO,353.2,2.476538400117484,2.399898180452237
CC(C)C(C)C(C)C,CCO,298.2,2.5915163848462583,3.866178771962344
CC(C)CCC(C)C,CCO,298.2,2.66095859356836,3.852524933231908
COC(=O)OC,CCO,313.2,1.6937790608678511,1.6040661434286974
CCC1CCCCC1,CCO,298.2,2.5974910105351463,3.975561083157656
ClC(Cl)(Cl)Cl,CO,293.2,2.012232791986386,3.767846906582738
ClC(Cl)(Cl)Cl,CO,298.2,2.0255131996542803,3.604588831669325
ClC(Cl)(Cl)Cl,CO,313.2,1.9768549529047348,3.167602137446788
ClC(Cl)(Cl)Cl,CO,333.2,1.874874375938561,2.6868857922374936
CCOCC,CO,298.2,1.244154593958768,2.0751089365516187
CCOCC,CO,338.2,1.1908875647772803,1.4591637330222034
CCOCC,CO,388.2,1.091923300517313,0.9671375180568068
CCO,CO,337.0,0.0198026272961797,0.027649108291999
CC(C)=O,CO,298.2,0.7701082216960737,0.7598136360975012
CC(C)=O,CO,303.2,0.7466879474879751,0.7303243438794855
CC(C)=O,CO,308.2,0.712949807856125,0.7023125452987801
CC(C)=O,CO,313.2,0.6931471805599453,0.6756802704655597
CC(C)=O,CO,313.2,0.6981347220709843,0.6756802704655597
CC(C)=O,CO,323.2,0.6626879730752367,0.6262015986813009
CC(C)=O,CO,337.7,0.5423242908253617,0.5623534264680493
CC(C)=O,CO,337.8,0.6043159668533296,0.561942291938408
CC(C)=O,CO,337.8,0.6830968447064438,0.561942291938408
ClC(Cl)Cl,CO,293.2,0.7929925155296614,2.4636548237069897
ClC(Cl)Cl,CO,298.2,0.85015092936961,2.360097701644017
ClC(Cl)Cl,CO,303.2,0.8241754429663494,2.262196519849663
ClC(Cl)Cl,CO,317.7,0.8878912573524571,2.0067942883145338
ClC(Cl)Cl,CO,323.2,1.0473189942805592,1.91979655010894
ClC(Cl)Cl,CO,328.2,0.8712933659434193,1.84491255568564
CCCO,CO,313.2,0.1222176327242491,0.1509166059530555
CCCO,CO,333.2,0.1133286853070032,0.1338728902249608
CCCCO,CO,313.2,0.262364264467491,0.1571658244253498
CC#N,CO,326.0,0.9783261227936078,0.7791672637029977
CC#N,CO,333.5,0.9555114450274363,0.7480176905095138
ClCCl,CO,298.2,1.0331844833456545,2.2803655556974114
ClCCl,CO,298.2,1.181727195378616,2.2803655556974114
ClCCl,CO,348.2,1.1631508098056809,1.5806314168624755
ClCCl,CO,398.2,1.1786549963416462,1.1425094631853976
CC(C)(C)O,CO,313.2,-0.3566749439387324,0.1308248690264012
CC(C)CO,CO,313.2,0.2231435513142097,0.1833506458899276
CCc1ccccc1,CO,298.2,2.580216829592325,3.3908474708890357
CCc1ccccc1,CO,298.2,2.631888840136646,3.3908474708890357
CCCCc1ccccc1,CO,298.2,3.198673117550681,3.468575352733912
CCCCc1ccccc1,CO,298.2,3.210843653170937,3.468575352733912
Cc1ccc(C)cc1,CO,313.2,2.546315277916644,2.9352806112408807
ClCCCl,CO,323.2,1.599387576580599,2.0593454711537764
CCCC(C)C,CO,298.2,3.173878458937465,4.174116788292415
CC(C)CC(C)C,CO,298.2,3.4041928906419536,4.159266110737206
Cc1ccccc1,CO,298.2,2.269028309465203,3.173859303325276
Cc1ccccc1,CO,298.2,2.306577114263583,3.173859303325276
Cc1ccccc1,CO,298.2,2.312535423847214,3.173859303325276
Cc1ccccc1,CO,303.2,2.299580583973747,3.037984195583144
Cc1ccccc1,CO,307.2,2.286455711064162,2.9346429476003224
Cc1ccccc1,CO,308.2,2.312535423847214,2.9095169743942075
Cc1ccccc1,CO,308.7,2.272125885509337,2.8970576354080397
Cc1ccccc1,CO,318.2,2.2793164660546914,2.672804706378901
Cc1ccccc1,CO,318.5,2.242835088588272,2.666091019948805
Cc1ccccc1,CO,328.2,2.2438960966453663,2.4601180338658484
Cc1ccccc1,CO,328.5,2.21375387928743,2.4540755150073674
Cc1ccccc1,CO,337.0,2.186051276738094,2.290395927741468
Cc1ccccc1,CO,337.2,2.2202898502672155,2.2867129035105016
Clc1ccccc1,CO,328.2,2.169053700369523,2.437779789807191
CCCCC,CO,298.2,2.970414465569701,4.189716238061813
CCCCC,CO,298.2,2.913437030827161,4.189716238061813
CCCCC,CO,303.2,3.0106208860477417,4.007743915481379
CCCCC,CO,313.2,2.917770732084279,3.6735554458947326
CCCC#N,CO,278.2,1.3787660946990992,1.4179264395424656
CCCC#N,CO,288.2,1.269760544863939,1.3011865134468217
CCCC#N,CO,298.2,1.2383742310432684,1.1966634080396032
CCCC#N,CO,308.2,1.1969481893889715,1.102709371523087
CCCC#N,CO,318.2,1.1537315878891892,1.0179441793444526
CCCCCC,CO,298.2,3.295836866004329,4.1790800668660015
CCCCCC,CO,298.2,3.2538567937634464,4.1790800668660015
CCCCCC,CO,303.2,3.254242968705492,3.995904179980693
CCCCCC,CO,313.2,3.157000421150113,3.659361980116034
CCCCCC,CO,333.2,2.9444389791664403,3.0874421021979512
CCCCCC,CO,373.2,2.602689685444384,2.241421597510466
c1ccncc1,CO,298.2,-0.1984509387238383,0.0283454718456187
c1ccncc1,CO,308.2,-0.1392620673335076,0.0222909081833287
c1ccncc1,CO,313.2,-0.1165338162559515,0.0193484965468778
c1ccncc1,CO,318.2,-0.0943106794712412,0.0164634038770401
CCCCCCCC,CO,298.2,3.8716175907931074,4.1629421610311965
CCCCCCCC,CO,298.2,3.8255932774297583,4.1629421610311965
CCCCCCCC,CO,308.7,3.765840495250065,3.78499386332105
CCCCCCCC,CO,318.5,3.681351187693145,3.4699625162404804
CCCCCCCC,CO,328.5,3.580737295494233,3.181041874184405
CCCCCCCC,CO,337.0,3.475067230228611,2.9581575240654323
CCCCCCCCC,CO,298.2,4.171151270461866,4.1566984130671765
CNC=O,CO,303.2,0.1655144384775733,-0.0984637046018129
CNC=O,CO,313.2,0.131028262406404,-0.1016638364857658
C1COCCO1,CO,298.2,1.220829921392359,0.9798339395593062
C1COCCO1,CO,308.7,1.172482137234565,0.9018138070895376
C1COCCO1,CO,318.5,1.1378330018213911,0.8359064873093116
C1COCCO1,CO,328.5,1.091923300517313,0.7746930060391621
C1COCCO1,CO,337.0,1.0577902941478543,0.7269233727267125
CCCCCCC,CO,298.2,3.559340082758951,4.171264962173346
CCCCCCC,CO,303.2,3.55820113047182,3.9868828603517854
CCCCCCC,CO,313.2,3.456316680883235,3.647987647709257
C1CCCC1,CO,288.2,2.785011242238338,4.680519401005253
CC(C)C(C)C(C)C,CO,298.2,3.6152329139456376,4.155072506404021
CC(C)CCC(C)C,CO,298.2,3.680090948080857,4.147274289680416
COC(=O)OC,CO,313.2,1.6956156086751528,1.4378163920225444
CCC1CCCCC1,CO,298.2,3.6653549090669792,4.22480762141908
ClC(Cl)(Cl)Cl,CC(C)O,354.8,1.2267122912954254,1.855530677441473
CCO,CC(C)O,298.2,-0.1278333715098848,0.0374303491631356
ClC(Cl)Cl,CC(C)O,323.2,0.6678293725756554,1.0936530267359283
CCCCO,CC(C)O,313.2,-0.0202027073175194,0.020909640820751
CCC(C)(C)C,CC(C)O,308.2,1.7783364488959144,3.0677934833735776
CC(C)CO,CC(C)O,313.2,-0.0202027073175194,0.0051425512547063
CCc1ccccc1,CC(C)O,298.2,1.824549292051046,2.8594260224560597
CCc1ccccc1,CC(C)O,298.2,1.803358605071407,2.8594260224560597
CCCCc1ccccc1,CC(C)O,298.2,2.1412419425852827,2.916567023903588
CCCCc1ccccc1,CC(C)O,298.2,2.1400661634962708,2.916567023903588
CCCC(C)C,CC(C)O,298.2,1.8702625307159984,3.354379749155668
CC(C)CC(C)C,CC(C)O,298.2,2.005525858729668,3.322448640887871
CC(C)CC(C)C,CC(C)O,308.2,1.9329696377795784,3.0414524091466317
CC1CCCCC1,CC(C)O,323.9,1.7950872593207297,2.82428793559422
CC1CCCCC1,CC(C)O,332.7,1.7578579175523736,2.63571466192436
CC1CCCCC1,CC(C)O,343.8,1.6974487897568136,2.42165789496699
CC1CCCCC1,CC(C)O,354.6,1.6409365794934714,2.235598931041753
Cc1ccccc1,CC(C)O,298.2,1.667706820558076,2.632043690770716
Cc1ccccc1,CC(C)O,298.2,1.6448050562713916,2.632043690770716
Cc1ccccc1,CC(C)O,298.2,1.6253112615903906,2.632043690770716
Cc1ccccc1,CC(C)O,313.2,1.603419840108537,2.33561443273583
Cc1ccccc1,CC(C)O,321.0,1.5390154481375546,2.1998975772470337
Cc1ccccc1,CC(C)O,331.7,1.4678743481123135,2.031235064509283
Cc1ccccc1,CC(C)O,343.1,1.4060969884160703,1.8710143348913848
Cc1ccccc1,CC(C)O,354.8,1.289232648276759,1.72458833928609
CCCCC,CC(C)O,298.2,1.6845453849209058,3.381402407662325
CCCCC,CC(C)O,308.2,1.8594181177018696,3.1022225638284846
CCCC#N,CC(C)O,278.2,1.541159071680806,1.457897576868
CCCC#N,CC(C)O,288.2,1.4655675420143983,1.3615039008785952
CCCC#N,CC(C)O,293.2,1.410986973710262,1.3170853791203894
CCCC#N,CC(C)O,298.2,1.366091653802371,1.2749493577447135
CCCC#N,CC(C)O,303.2,1.3402504226184837,1.2349378756258431
CCCC#N,CC(C)O,308.2,1.2919836816486494,1.1969065207287524
CCCC#N,CC(C)O,313.2,1.2669476034873244,1.160723058150123
CCCC#N,CC(C)O,323.2,1.1474024528375415,1.0934246161856334
CCCCCC,CC(C)O,298.2,1.87640694328834,3.3785612630282147
CCCCCC,CC(C)O,308.2,2.0014800002101243,3.0978377531052583
CCCCCC,CC(C)O,323.9,1.7369512327330598,2.717346725713076
CCCCCC,CC(C)O,328.2,1.7647307968401356,2.6242269208636424
CCCCCC,CC(C)O,332.7,1.7011051009599245,2.5313185897217965
CCCCCC,CC(C)O,343.8,1.6544112780768316,2.320287532533912
CCCCCC,CC(C)O,354.6,1.631199404215613,2.1369919315130104
c1ccncc1,CC(C)O,313.2,-0.0100503358535014,0.1135979415278264
CCCCCCCC,CC(C)O,298.2,2.221375037568502,3.360601048518894
CCCCCCCC,CC(C)O,298.2,2.26176309847379,3.360601048518894
CCCCCCCC,CC(C)O,308.2,2.2965670206684825,3.076838155479688
CCCCCCCC,CC(C)O,353.2,1.837369980480108,2.1272291073811083
CCCCCCCCC,CC(C)O,298.2,2.3841650799864684,3.3515175471250997
C1COCCO1,CC(C)O,298.2,1.1019400787607845,1.0124706394921883
C1COCCO1,CC(C)O,323.2,0.8415671856782185,0.8894627235857113
C1COCCO1,CC(C)O,333.2,0.7839015438284094,0.8472315222451187
C1COCCO1,CC(C)O,343.2,0.9001613499442714,0.8083218788139279
C1COCCO1,CC(C)O,353.2,0.8329091229351039,0.7723763650283895
CCOC(C)=O,CC(C)O,288.2,1.2669476034873244,1.4161254163657404
CCOC(C)=O,CC(C)O,328.2,0.6729444732424258,1.0616999937826788
CCCCCCC,CC(C)O,298.2,2.074428999856292,3.3724690910616717
CCCCCCC,CC(C)O,303.2,1.9401794743463283,3.2271922433297044
CCCCCCC,CC(C)O,308.2,2.1400661634962708,3.09019137334714
CCCCCCC,CC(C)O,323.9,1.8779371654691075,2.7074651471981857
CCCCCCC,CC(C)O,332.7,1.837369980480108,2.520282587629092
CCCCCCC,CC(C)O,343.8,1.7749523509116738,2.307885917024073
CCCCCCC,CC(C)O,354.6,1.7404661748405046,2.1233501741279093
C1CCCC1,CC(C)O,308.2,1.5238800240724537,3.3273637044882074
C1CCCCCC1,CC(C)O,308.2,1.912501086924184,3.403622672134918
CC(C)CC(C)(C)C,CC(C)O,308.2,2.012232791986386,3.010536726938264
CC(C)C(C)C(C)C,CC(C)O,298.2,2.1126345090356,3.3326573435944944
CC(C)CCC(C)C,CC(C)O,298.2,2.169053700369523,3.3109568176667894
CCC1CCCCC1,CC(C)O,298.2,2.113842968397168,3.5079043218097947
ClC(Cl)(Cl)Cl,CC(C)=O,300.9,0.7371640659767196,1.063378893324293
ClC(Cl)(Cl)Cl,CC(C)=O,304.0,0.7701082216960737,1.0484944649307728
ClC(Cl)(Cl)Cl,CC(C)=O,306.9,0.7275486072772777,1.0348591906539388
ClC(Cl)(Cl)Cl,CC(C)=O,310.9,0.7561219797213337,1.0164964580611195
ClC(Cl)(Cl)Cl,CC(C)=O,313.9,0.7275486072772777,1.0030527008385022
ClC(Cl)(Cl)Cl,CC(C)=O,319.5,0.7275486072772777,0.9786826946074662
ClC(Cl)(Cl)Cl,CC(C)=O,324.4,0.7080357930536959,0.9581029963885844
ClC(Cl)(Cl)Cl,CC(C)=O,326.0,0.7654678421395714,0.9515281897234384
ClC(Cl)(Cl)Cl,CC(C)=O,327.6,0.7561219797213337,0.945023127031566
ClC(Cl)(Cl)Cl,CC(C)=O,328.4,0.712949807856125,0.9417964444131894
ClC(Cl)(Cl)Cl,CC(C)=O,329.4,0.7654678421395714,0.9377870842206096
ClC(Cl)(Cl)Cl,CC(C)=O,329.4,0.7419373447293773,0.9377870842206096
CCOCC,CC(C)=O,298.1,0.6626879730752367,0.8109835086106246
CCOCC,CC(C)=O,338.2,0.5822156198526637,0.6427772764102375
CCOCC,CC(C)=O,388.3,0.5068176023684519,0.4957171599008545
CCO,CC(C)=O,298.3,0.8919980393051105,0.8983871738866066
CCO,CC(C)=O,303.3,0.8415671856782185,0.8826505962851565
CCO,CC(C)=O,306.8,0.8064758658669485,0.8717456171823617
CCO,CC(C)=O,308.2,0.8064758658669485,0.8674100112294859
CCO,CC(C)=O,313.2,0.7371640659767196,0.8520525826618001
CCO,CC(C)=O,315.2,0.7514160886839212,0.8459664409973136
CCO,CC(C)=O,318.4,0.7275486072772777,0.8362979403964306
CCO,CC(C)=O,323.2,0.688134638736401,0.8219588313927613
CCO,CC(C)=O,327.4,0.6523251860396901,0.8095771757879524
CCO,CC(C)=O,328.5,0.6523251860396901,0.8063602789965274
CCO,CC(C)=O,329.4,0.5538851132264376,0.8037363541395863
CO,CC(C)=O,303.2,0.7466879474879751,0.7153239616173743
CO,CC(C)=O,308.3,0.688134638736401,0.7048133124863873
CO,CC(C)=O,313.3,0.6575200029167941,0.6942066620011739
CO,CC(C)=O,323.2,0.6471032420585384,0.6725035248190746
CO,CC(C)=O,329.3,0.5364933705145685,0.6587795204651278
CO,CC(C)=O,329.4,0.5596157879354227,0.6585528089600954
CO,CC(C)=O,329.4,0.5709795465857378,0.6585528089600954
ClC(Cl)Cl,CC(C)=O,328.5,-0.6348782724359695,-0.9129819134847168
ClC(Cl)Cl,CC(C)=O,329.4,-0.4620354595965587,-0.905776795887043
ClC(Cl)Cl,CC(C)=O,324.4,-0.6539264674066639,-0.9467351699754348
ClC(Cl)Cl,CC(C)=O,323.2,-0.5978370007556204,-0.9569111023710968
ClC(Cl)Cl,CC(C)=O,319.5,-0.6733445532637656,-0.9891696671741304
ClC(Cl)Cl,CC(C)=O,313.9,-0.6733445532637656,-1.0406588729197876
ClC(Cl)Cl,CC(C)=O,307.2,-0.6931471805599453,-1.1068164194521164
CCI,CC(C)=O,307.9,0.7793248768009977,0.8127099416491479
CCI,CC(C)=O,315.4,0.7561219797213337,0.7880331473313209
CCI,CC(C)=O,336.4,0.712949807856125,0.7252233309703959
ClCCl,CC(C)=O,398.2,-0.2357223335210698,-0.2916157471945593
ClCCl,CC(C)=O,348.2,-0.342490308946776,-0.4319281558500489
ClCCl,CC(C)=O,303.2,-0.5447271754416722,-0.6353948603041872
ClCCl,CC(C)=O,298.2,-0.4942963218147801,-0.6648233992736752
S=C=S,CC(C)=O,300.9,1.4398351280479205,2.3718574775055385
S=C=S,CC(C)=O,306.9,1.4085449700547104,2.307438108828693
S=C=S,CC(C)=O,313.9,1.355835153635182,2.2360429174088265
S=C=S,CC(C)=O,319.5,1.3297240096314962,2.181650155819077
S=C=S,CC(C)=O,324.4,1.2947271675944,2.1359206083163467
S=C=S,CC(C)=O,328.7,1.252762968495368,2.097150534783678
CC1CCCC1,CC(C)=O,308.2,1.7263316639055997,2.01785671558782
ClCCCl,CC(C)=O,329.4,-0.0202027073175194,-0.1392222004010902
CCCC(C)C,CC(C)=O,298.2,1.9300710850255671,1.9417656410425452
CC(C)CC(C)C,CC(C)=O,298.2,2.0373166153791646,1.898784852662995
Cc1ccccc1,CC(C)=O,298.2,0.636576829071551,0.6502442039464532
Cc1ccccc1,CC(C)=O,298.3,0.7371640659767196,0.6499390267853898
Cc1ccccc1,CC(C)=O,308.2,0.7080357930536959,0.6207903043946622
Cc1ccccc1,CC(C)=O,318.4,0.636576829071551,0.5928226941604988
Cc1ccccc1,CC(C)=O,328.5,0.5766133643039938,0.5670042670425796
Clc1ccccc1,CC(C)=O,313.2,0.4574248470388755,0.5539551239786534
Clc1ccccc1,CC(C)=O,353.2,0.4446858212614457,0.4630640168082662
Clc1ccccc1,CC(C)=O,386.7,0.4382549309311553,0.4041445767454035
CCCCC,CC(C)=O,238.2,2.6939512767227085,2.9938036530500285
CCCCC,CC(C)=O,258.2,2.262804222982201,2.5816224281820586
CCCCC,CC(C)=O,298.2,1.7884205679625405,1.978423565787312
CCCCC,CC(C)=O,298.2,1.6370530794670737,1.978423565787312
CCCCC,CC(C)=O,303.2,1.7647307968401356,1.9182852666624448
CCCCC,CC(C)=O,303.2,1.7526720805200082,1.9182852666624448
CCCCC,CC(C)=O,308.2,1.665818245870208,1.860852891330924
CCCCC,CC(C)=O,318.3,1.506297153514587,1.752440158776846
CCCCC,CC(C)=O,323.2,1.4562867329399256,1.7032226051826969
CCCCCC,CC(C)=O,253.2,2.5718485799218085,2.677483696726855
CCCCCC,CC(C)=O,268.2,2.4561641809223462,2.405922426358297
CCCCCC,CC(C)=O,293.2,2.0719132752590443,2.036756059367196
CCCCCC,CC(C)=O,298.2,1.9671123567059163,1.9730965426009832
CCCCCC,CC(C)=O,298.2,1.871802176901592,1.9730965426009832
CCCCCC,CC(C)=O,300.9,1.8578592709325787,1.9399388678950704
CCCCCC,CC(C)=O,303.2,1.913977101952304,1.9123394713246409
CCCCCC,CC(C)=O,303.2,1.873339456220478,1.9123394713246409
CCCCCC,CC(C)=O,306.9,1.8309801823813363,1.8691430962731277
CCCCCC,CC(C)=O,308.2,1.871802176901592,1.8543076193163253
CCCCCC,CC(C)=O,313.3,1.7369512327330598,1.79775288779456
CCCCCC,CC(C)=O,316.7,1.7119945007591924,1.7614504336671355
CCCCCC,CC(C)=O,318.2,1.7884205679625405,1.7457767918774842
CCCCCC,CC(C)=O,324.4,1.6563214983329508,1.6831192134508015
CCCCCC,CC(C)=O,328.4,1.599387576580599,1.6444312715728175
CCCCCC,CC(C)=O,329.4,1.6845453849209058,1.6349629662371048
CCCCCC,CC(C)=O,333.2,1.62924053973028,1.5997017431947342
CCCCCC,CC(C)=O,373.2,1.5040773967762742,1.2873115695117423
c1ccncc1,CC(C)=O,303.2,0.262364264467491,0.380993645539231
CCCCCCCC,CC(C)=O,298.2,2.3589654264301534,1.94312497860236
CCCCCCCC,CC(C)=O,298.2,2.331172549845958,1.94312497860236
CCCCCCCC,CC(C)=O,298.3,2.401525040848949,1.9418608841998672
CCCCCCCC,CC(C)=O,308.2,2.277267285009756,1.8222884388393823
CCCCCCCC,CC(C)=O,318.4,2.057962510002712,1.709721136487344
CCCCCCCC,CC(C)=O,328.4,1.9544450515051504,1.60863913522418
CCCCCCCCC,CC(C)=O,298.2,2.554121718809473,1.9277061279982584
CCCC=O,CC(C)=O,328.2,0.0676586484738148,0.13573620876654
C1COCCO1,CC(C)=O,298.2,0.2546422183735807,0.3540934477008992
C1COCCO1,CC(C)=O,298.3,0.3001045924503381,0.3539640214540203
C1COCCO1,CC(C)=O,308.2,0.3293037471426003,0.341583731026512
C1COCCO1,CC(C)=O,318.4,0.3074846997479607,0.3296658323821809
C1COCCO1,CC(C)=O,328.4,0.3148107398400336,0.3187285191029141
CCCCCCCCCC,CC(C)=O,313.2,2.511223958105374,1.7234611596974343
CCCCCCCCCC,CC(C)=O,333.2,2.167910189667444,1.517685598430236
CCCCCCC,CC(C)=O,273.2,2.6166656393003573,2.316215169224924
CCCCCCC,CC(C)=O,298.2,2.134166441369082,1.9617151852003936
CCCCCCC,CC(C)=O,303.2,2.0554049638515948,1.9004002979945451
CCCCCCC,CC(C)=O,303.2,2.032087845296365,1.9004002979945451
CCCCCCC,CC(C)=O,313.2,1.9947003132247447,1.7858335603217903
CCCCCCC,CC(C)=O,313.2,1.99197551589856,1.7858335603217903
CCCCCCC,CC(C)=O,323.2,1.88706964903238,1.6809808634924313
C1CCCC1,CC(C)=O,308.2,1.4929040961781488,2.1191530628841546
CCCCCCCCCCCCCCCC,CC(C)=O,333.2,3.542696943935855,1.3753404205069972
CC(C)C(C)C(C)C,CC(C)=O,298.2,2.1644717908644115,1.9120568817337
CC(C)CCC(C)C,CC(C)=O,298.2,2.238579763018133,1.8846705940618147
CCC1CCCCC1,CC(C)=O,298.2,2.2353763433005955,2.1106454264571988
ClC(Cl)(Cl)Cl,ClC(Cl)Cl,293.2,0.1906203596086497,0.1568761287658005
ClC(Cl)(Cl)Cl,ClC(Cl)Cl,303.2,0.1823215567939546,0.1495992554208794
ClC(Cl)(Cl)Cl,ClC(Cl)Cl,328.2,0.1484200051182732,0.1333392856667329
CCO,ClC(Cl)Cl,298.2,1.6563214983329508,0.9414010962989614
CCO,ClC(Cl)Cl,316.0,1.501852701754163,0.9138000919178024
CCO,ClC(Cl)Cl,323.2,1.8389610707123487,0.9000928346831857
CCO,ClC(Cl)Cl,323.2,1.8229350866965048,0.9000928346831857
CO,ClC(Cl)Cl,293.2,2.131796772013764,1.39803782139188
CO,ClC(Cl)Cl,298.2,2.256541154492639,1.3905450104107402
CO,ClC(Cl)Cl,303.2,2.0906287310704004,1.3811919690024002
CO,ClC(Cl)Cl,316.0,1.8531680973566984,1.3500468082343196
CO,ClC(Cl)Cl,318.2,2.2731562823032334,1.3437995909779017
CO,ClC(Cl)Cl,323.2,2.158714722574344,1.3287743128964349
CO,ClC(Cl)Cl,328.2,2.2235418856535927,1.3127145451047093
CO,ClC(Cl)Cl,328.4,1.935859813201812,1.312052527503829
CC(C)O,ClC(Cl)Cl,323.2,1.0681530811834012,0.5987573660999025
CC(C)=O,ClC(Cl)Cl,334.2,-0.6539264674066639,-0.6830697664246062
CC(C)=O,ClC(Cl)Cl,323.0,-0.7339691750802004,-0.7517644502411744
CC(C)=O,ClC(Cl)Cl,323.2,-0.9942522733438668,-0.7504616453499161
CC(C)=O,ClC(Cl)Cl,305.0,-0.941608539858445,-0.8820663614883606
CC(Cl)(Cl)Cl,ClC(Cl)Cl,328.2,0.0,-0.0311833100718493
CCBr,ClC(Cl)Cl,323.0,-0.1863295781914934,-0.1839025399878626
CCBr,ClC(Cl)Cl,305.0,-0.1984509387238383,-0.2116430634102893
CC#N,ClC(Cl)Cl,298.7,0.2851789422336624,0.4388513517000397
CC#N,ClC(Cl)Cl,318.3,0.2390169004704999,0.3911070719471589
CC#N,ClC(Cl)Cl,319.8,0.2776317365982795,0.387827734362266
CC#N,ClC(Cl)Cl,328.3,0.2546422183735807,0.3701078190029101
CC#N,ClC(Cl)Cl,331.9,0.3001045924503381,0.363016651555263
ClCCl,ClC(Cl)Cl,298.2,0.2311117209633866,0.0041440277925926
ClCCl,ClC(Cl)Cl,308.2,0.0582689081239758,0.0037361607774236
CC(Cl)Cl,ClC(Cl)Cl,328.2,-0.0202027073175194,0.0153616853621488
ClC=C(Cl)Cl,ClC(Cl)Cl,328.2,0.0676586484738148,0.116187422999702
COC(C)=O,ClC(Cl)Cl,323.3,-0.7133498878774648,-0.5763094952042663
COC(C)=O,ClC(Cl)Cl,313.4,-0.843970070294529,-0.6297919006231416
ClCCCl,ClC(Cl)Cl,328.2,0.048790164169432,0.0183782782070768
CCCC(C)C,ClC(Cl)Cl,298.2,0.7514160886839212,0.5779478934282499
CC(C)CC(C)C,ClC(Cl)Cl,298.2,0.7514160886839212,0.5433353333163259
Cc1ccccc1,ClC(Cl)Cl,318.2,-0.1984509387238383,-0.2487872103713255
Cc1ccccc1,ClC(Cl)Cl,298.2,-0.3856624808119846,-0.293305705793273
CCCCC,ClC(Cl)Cl,298.2,0.6729444732424258,0.6178442501263142
CCCCC,ClC(Cl)Cl,298.2,0.7561219797213337,0.6178442501263142
C1CCOC1,ClC(Cl)Cl,323.0,-1.3862943611198906,-1.358995722862515
C1CCOC1,ClC(Cl)Cl,323.2,-1.4271163556401458,-1.356913853526037
C1CCOC1,ClC(Cl)Cl,323.4,-1.3470736479666092,-1.3548364023965715
C1CCOC1,ClC(Cl)Cl,313.2,-1.5606477482646683,-1.4666807115125495
C1CCOC1,ClC(Cl)Cl,313.6,-1.4696759700589417,-1.4620579074170443
C1CCOC1,ClC(Cl)Cl,303.2,-1.7147984280919266,-1.5891540774944497
C1CCOC1,ClC(Cl)Cl,305.0,-1.5606477482646683,-1.566088491144979
CCCCCC,ClC(Cl)Cl,298.2,0.7080357930536959,0.5504935181669287
CCCCCC,ClC(Cl)Cl,308.2,0.7323678937132266,0.5134913005941834
CCCCCC,ClC(Cl)Cl,318.2,0.6830968447064438,0.4797266836284555
CCCCCC,ClC(Cl)Cl,319.8,0.5822156198526637,0.4745990428993605
CCCCCC,ClC(Cl)Cl,328.2,0.5481214085096876,0.4488261098662902
CCCCCC,ClC(Cl)Cl,331.9,0.5068176023684519,0.4380531086629293
CCCCCC,ClC(Cl)Cl,334.3,0.4382549309311553,0.4312442191137851
CCCCCC,ClC(Cl)Cl,334.3,0.494696241836107,0.4312442191137851
c1ccncc1,ClC(Cl)Cl,303.2,-1.2378743560016174,-0.974992771771834
CCCCCCCC,ClC(Cl)Cl,298.2,0.7275486072772777,0.4531678761055047
CCCCCCCC,ClC(Cl)Cl,298.2,0.7227059828014898,0.4531678761055047
CCCCCCCCC,ClC(Cl)Cl,298.2,0.7275486072772777,0.409375082373886
C1COCCO1,ClC(Cl)Cl,323.2,-1.3093333199837622,-0.9819730613643952
C1COCCO1,ClC(Cl)Cl,303.2,-1.6607312068216509,-1.152524296948713
C1COCCO1,ClC(Cl)Cl,298.2,-1.5141277326297755,-1.2014183826819158
CCOC(C)=O,ClC(Cl)Cl,323.2,-1.5606477482646683,-0.7955003613662429
CCOC(C)=O,ClC(Cl)Cl,313.2,-1.8325814637483104,-0.8590437735573682
CCCCCCC,ClC(Cl)Cl,298.2,0.7227059828014898,0.5000025232185725
CCCCCCC,ClC(Cl)Cl,323.2,0.5187937934151675,0.4140540988733948
CC(C)C(C)C(C)C,ClC(Cl)Cl,298.2,0.6931471805599453,0.4765309318835825
CC(C)CCC(C)C,ClC(Cl)Cl,298.2,0.7275486072772777,0.4705442166651448
CN1CCCC1=O,ClC(Cl)Cl,373.2,-1.8325814637483104,-1.2047861683817462
CN1CCCC1=O,ClC(Cl)Cl,323.2,-2.995732273553991,-1.7659730118387955
CCC1CCCCC1,ClC(Cl)Cl,298.2,0.6259384308664954,0.5221588635645006
ClC(Cl)(Cl)Cl,CCCO,332.9,1.1631508098056809,2.331118339973392
ClC(Cl)(Cl)Cl,CCCO,343.1,1.144222799920162,2.157984956743732
ClC(Cl)(Cl)Cl,CCCO,352.4,1.1314021114911006,2.01529483246202
ClC(Cl)(Cl)Cl,CCCO,362.4,1.1314021114911006,1.876056548076047
ClC(Cl)(Cl)Cl,CCCO,369.9,1.1052568313867783,1.7802385499410862
CCO,CCCO,298.2,-0.083381608939051,0.0374091832494195
CCO,CCCO,313.2,0.0295588022415444,0.0340520947487267
CO,CCCO,313.2,0.0582689081239758,0.1875848918391734
CO,CCCO,333.2,0.048790164169432,0.1654183262621113
CCCCO,CCCO,313.2,0.0392207131532813,-0.0259890031692258
CCCCO,CCCO,333.2,0.0198026272961797,-0.0261872811035494
CCCCO,CCCO,353.2,0.0198026272961797,-0.0260874973795158
CC(C)(C)O,CCCO,313.2,-0.2357223335210698,-0.0743067683268954
CCC(C)(C)C,CCCO,308.2,1.791759469228055,3.373837539753797
CC(C)CO,CCCO,313.2,0.009950330853168,0.0043023034559539
Cc1ccc(C)cc1,CCCO,313.2,1.6752256529721037,2.5332424224664027
CCCC(C)C,CCCO,298.2,1.867176108512809,3.65006196766138
CC(C)CC(C)C,CCCO,298.2,2.010894999144726,3.626014839166048
CC(C)CC(C)C,CCCO,308.2,1.951608170169951,3.3186996972406244
Cc1ccccc1,CCCO,298.2,1.4469189829363254,2.740969235463649
Cc1ccccc1,CCCO,343.2,1.3862943611198906,1.9252523097441696
Cc1ccccc1,CCCO,353.2,1.316408233655724,1.7907162218796473
Cc1ccccc1,CCCO,363.2,1.264126727145683,1.668801872585957
Cc1ccccc1,CCCO,370.2,1.2119409739751128,1.590169758778071
CCCCC,CCCO,298.2,1.631199404215613,3.6760906921733487
CCCCC,CCCO,308.2,1.7263316639055997,3.371037819784789
CCCC#N,CCCO,278.2,1.900613874140137,1.3251296934066397
CCCC#N,CCCO,288.2,1.572773928062509,1.2411054871518383
CCCC#N,CCCO,293.2,1.5040773967762742,1.2022938795193785
CCCC#N,CCCO,298.2,1.4085449700547104,1.165419465818054
CCCC#N,CCCO,303.2,1.3711807233098423,1.130350729758503
CCCC#N,CCCO,308.2,1.3110318766193438,1.096967277574428
CCCC#N,CCCO,313.2,1.2584609896100056,1.0651587245860494
CCCC#N,CCCO,323.2,1.1568811967920856,1.005869019942291
CCCCCC,CCCO,298.2,1.9065751436566365,3.643976977592266
CCCCCC,CCCO,308.2,1.864080130807681,3.3382529715871656
c1ccncc1,CCCO,313.2,-0.1863295781914934,-0.273847167471917
CCCCCCCC,CCCO,298.2,2.190535589185423,3.5980274231384177
CCCCCCCC,CCCO,298.2,2.253394848803274,3.5980274231384177
CCCCCCCC,CCCO,308.2,2.1234584270966104,3.290039900406874
CCCCCCCC,CCCO,358.2,2.066862759472976,2.173962539015084
CCCCCCCC,CCCO,363.2,1.8931119634883424,2.0911061237182715
CCCCCCCCC,CCCO,298.2,2.470638677990296,3.5780629726643074
CCCCCCC,CCCO,298.2,2.0681277817795625,3.620777447044044
CCCCCCC,CCCO,303.2,2.002830439307996,3.462862764162396
CCCCCCC,CCCO,308.2,1.9947003132247447,3.313985977161513
CCCCCCC,CCCO,313.2,1.965712776351493,3.1734947974173413
CCCCCCC,CCCO,323.2,1.9242486522741336,2.9153368879581247
CCCCCCC,CCCO,333.2,1.8468787684491343,2.6842027652904985
CCCCCCC,CCCO,333.2,1.888583653863595,2.6842027652904985
CCCCCCC,CCCO,353.2,1.7732559976634952,2.289464306775475
C1CCCC1,CCCO,308.2,1.4816045409242156,3.468051644940512
C1CCCCCC1,CCCO,308.2,1.8180767775454283,3.5049790223064416
CC(C)CC(C)(C)C,CCCO,308.2,2.0412203288596382,3.301112825976631
CC(C)CC(C)(C)C,CCCO,328.4,1.965712776351493,2.7758154458991133
CC(C)CC(C)(C)C,CCCO,348.5,1.8809906029559973,2.355926741624086
CC(C)C(C)C(C)C,CCCO,298.2,2.0856720914304723,3.5978298803671835
CC(C)CCC(C)C,CCCO,298.2,2.152924318439639,3.5887694908576977
COC(=O)OC,CCCO,313.2,1.6272778305624314,1.533578070188515
CCC1CCCCC1,CCCO,298.2,2.060513531794317,3.685374608193099
ClC(Cl)(Cl)Cl,CCCCO,293.2,0.9820784724121582,2.8774923804101937
ClC(Cl)(Cl)Cl,CCCCO,359.6,0.947789398933526,1.72378536419316
CCOCC,CCCCO,318.2,0.5933268452777344,1.141101934921464
CCOCC,CCCCO,328.2,0.5187937934151675,1.05551268365816
CCO,CCCCO,298.2,-0.0725706928348353,0.0607326025909746
CCO,CCCCO,308.2,0.0198026272961797,0.0569402751393847
CCO,CCCCO,313.2,0.0582689081239758,0.0549483822433448
CCO,CCCCO,318.2,0.009950330853168,0.0529051946331959
CCO,CCCCO,328.2,0.0,0.0486985036662832
CO,CCCCO,308.2,0.1133286853070032,0.1795795850831494
CO,CCCCO,313.2,0.1043600153242428,0.1721814411940211
CO,CCCCO,318.2,0.0769610411361284,0.1646420805868668
CO,CCCCO,328.2,0.048790164169432,0.1492471297863498
CC(C)O,CCCCO,313.2,-0.0202027073175194,0.0247850960875812
CC(C)=O,CCCCO,293.2,0.8754687373538999,0.8533364290042793
CC(C)=O,CCCCO,308.2,0.7608058290337602,0.7910000304810375
CC(C)=O,CCCCO,318.2,0.6931471805599453,0.7535908780578401
CC(C)=O,CCCCO,328.2,0.6043159668533296,0.719069630448143
ClC(Cl)Cl,CCCCO,293.2,0.1823215567939546,1.180623050088494
ClC(Cl)Cl,CCCCO,308.2,0.2776317365982795,1.0520050288472012
ClC(Cl)Cl,CCCCO,318.2,0.3364722366212129,0.9771294631091626
ClC(Cl)Cl,CCCCO,328.2,0.3220834991691132,0.9096500935450568
CCCO,CCCCO,313.2,0.0392207131532813,-0.0318491719711457
CCCO,CCCCO,333.2,0.0198026272961797,-0.0320327328747124
CCCO,CCCCO,353.2,0.0198026272961797,-0.0318545510459664
CCBr,CCCCO,293.2,0.9783261227936078,2.7835614939998115
CCI,CCCCO,293.2,1.235471471385307,2.8403332740346223
CC#N,CCCCO,293.2,1.7351891177396608,1.6862005774344315
CC#N,CCCCO,333.2,1.7334238922150915,1.334286778519025
ClCCl,CCCCO,308.2,0.6780335427498971,1.5697030255174391
ClCCl,CCCCO,318.2,0.6626879730752367,1.4646835113862873
ClCCl,CCCCO,328.2,0.6523251860396901,1.3693891498755346
S=C=S,CCCCO,293.2,1.144222799920162,4.01370866228305
CC(C)(C)O,CCCCO,313.2,-0.2107210313156525,-0.012812017104094
CC(C)CO,CCCCO,313.2,0.009950330853168,0.0147970258783261
CC1=CCC2CC1C2(C)C,CCCCO,353.2,1.8594181177018696,2.090267866721024
CC1=CCC2CC1C2(C)C,CCCCO,373.2,1.6253112615903906,1.8163737797982824
Cc1ccc(C)cc1,CCCCO,313.2,1.4398351280479205,2.3666828267444915
ClCCCl,CCCCO,293.2,1.0715836162801904,2.2726318943988275
CCC#N,CCCCO,293.2,1.6486586255873816,1.787485260068974
CCCC(C)C,CCCCO,298.2,1.6094379124341005,3.4519424998747152
CC(C)CC(C)C,CCCCO,298.2,1.7263316639055997,3.4317509947713885
Cc1ccccc1,CCCCO,298.2,1.229640551074514,2.546663958806936
Cc1ccccc1,CCCCO,308.2,1.1600209167967532,2.3481600843389168
Cc1ccccc1,CCCCO,318.2,1.1939224684724346,2.170810650008164
Cc1ccccc1,CCCCO,323.2,1.2029723039923526,2.0891728987968894
Cc1ccccc1,CCCCO,328.2,1.1662709371419244,2.0118070713681173
Cc1ccccc1,CCCCO,349.5,1.029619417181158,1.723888796355581
Cc1ccccc1,CCCCO,359.9,0.959350221334602,1.6042052911021685
Cc1ccccc1,CCCCO,363.2,1.0188473201992472,1.5686904467674387
Cc1ccccc1,CCCCO,373.2,0.9783261227936078,1.4676366143824664
Cc1ccccc1,CCCCO,381.0,0.8754687373538999,1.3951123320539094
Cc1ccccc1,CCCCO,383.2,0.8878912573524571,1.3755778034608652
Cc1ccccc1,CCCCO,389.9,0.8197798314933114,1.3184248194959045
Cc1ccccc1,CCCCO,390.2,0.85015092936961,1.3159452049081295
CCCCC,CCCCO,298.2,1.3937663759585917,3.4717321648218267
CCCCC,CCCCO,308.2,1.415853163361435,3.1883068754937787
CCCCC,CCCCO,318.2,1.3428648031925547,2.935944162200683
CCCCC,CCCCO,328.2,1.3480731482996928,2.710413108689371
CCCC#N,CCCCO,278.2,1.665818245870208,1.471427378359699
CCCC#N,CCCCO,288.2,1.4562867329399256,1.3776910177818769
CCCC#N,CCCCO,293.2,1.410986973710262,1.3344210112457908
CCCC#N,CCCCO,298.2,1.3762440252663892,1.2933277316359415
CCCC#N,CCCCO,303.2,1.33500106673234,1.2542626072314098
CCCC#N,CCCCO,308.2,1.269760544863939,1.2170896818929786
CCCC#N,CCCCO,313.2,1.235471471385307,1.181684348018824
CCCC#N,CCCCO,323.2,1.1631508098056809,1.1157281661759233
CCCCCC,CCCCO,298.2,1.6331544390514163,3.447589280748861
CCCCCC,CCCCO,308.2,1.574846467664481,3.163862783114205
CCCCCC,CCCCO,318.2,1.5390154481375546,2.911221185516612
CCCCCC,CCCCO,328.2,1.541159071680806,2.685431623771143
CCCCCC,CCCCO,333.2,1.5282278570085572,2.581473780436935
c1ccncc1,CCCCO,313.2,-0.1743533871447778,-0.0371836072960058
CCCCCCCC,CCCCO,298.2,1.854734268389444,3.4134227026975723
CCCCCCCC,CCCCO,308.2,1.8341801851120072,3.1280236170557085
CCCCCCCC,CCCCO,318.2,1.7934247485471162,2.873824596084622
CCCCCCCC,CCCCO,328.2,1.8931119634883424,2.646582302469632
CCCCCCCCC,CCCCO,298.2,2.102913897864978,3.397975680711864
C1COCCO1,CCCCO,298.2,0.883767540168595,0.8526543922731246
CCOC(C)=O,CCCCO,308.2,0.8878912573524571,1.2051228359853003
CCOC(C)=O,CCCCO,318.2,0.8329091229351039,1.1260120892527938
CCOC(C)=O,CCCCO,328.2,0.7371640659767196,1.0543577305851035
CCCCCCC,CCCCO,293.2,1.9459101490553128,3.5865745272049088
CCCCCCC,CCCCO,298.2,1.7681496035889213,3.4311021392805685
CCCCCCC,CCCCO,308.2,1.713797927758343,3.146609540235584
CCCCCCC,CCCCO,318.2,1.6845453849209058,2.893254489407469
CCCCCCC,CCCCO,328.2,1.6505798557652755,2.666799363050418
CCCCCCC,CCCCO,333.2,1.6253112615903906,2.5625253486222026
CCCCCCC,CCCCO,353.2,1.6351056591826785,2.196364753464158
CCCCCCC,CCCCO,363.2,1.5129270120532563,2.039476783102634
CCCCCCC,CCCCO,373.2,1.5602476682433286,1.89726766557871
CC(C)C(C)C(C)C,CCCCO,298.2,1.780024213009634,3.4075009397660385
CC(C)CCC(C)C,CCCCO,298.2,1.851599469584072,3.3977519618992607
CCC1CCCCC1,CCCCO,298.2,1.742219023667919,3.517251179292444
CCOCC,CCCCCO,303.5,0.5128236264286637,1.061764803037301
CCOCC,CCCCCO,308.2,0.5596157879354227,1.0233318753738017
CCOCC,CCCCCO,313.2,0.5068176023684519,0.9846090114836722
CCOCC,CCCCCO,318.2,0.6678293725756554,0.9479646836992616
CCOCC,CCCCCO,323.5,0.5128236264286637,0.911233147138656
CCOCC,CCCCCO,328.2,0.4637340162321402,0.8803554716931931
CCO,CCCCCO,308.2,0.0861776962410524,0.1443860524108323
CCO,CCCCCO,313.2,0.1133286853070032,0.1400390082229173
CCO,CCCCCO,318.2,0.1570037488096647,0.135588969145498
CCO,CCCCCO,323.5,0.1133286853070032,0.1307791593020719
CCO,CCCCCO,328.2,0.131028262406404,0.1264493392923862
CO,CCCCCO,303.5,0.1397619423751586,0.3571560653855405
CO,CCCCCO,308.2,0.2151113796169455,0.3463157092506966
CO,CCCCCO,313.2,0.1133286853070032,0.33446619749474
CO,CCCCCO,318.2,0.3001045924503381,0.3223410268990633
CO,CCCCCO,323.5,0.1222176327242491,0.3092413737679163
CO,CCCCCO,328.2,0.1823215567939546,0.2974540491129815
CC(C)=O,CCCCCO,303.5,0.85015092936961,0.7774117775694105
CC(C)=O,CCCCCO,308.2,0.8878912573524571,0.7628031832099356
CC(C)=O,CCCCCO,313.2,0.7654678421395714,0.7477149692168253
CC(C)=O,CCCCCO,318.2,0.7275486072772777,0.7330751703838398
CC(C)=O,CCCCCO,323.5,0.688134638736401,0.7180265686720364
CC(C)=O,CCCCCO,328.2,0.7419373447293773,0.7050697756276377
ClC(Cl)Cl,CCCCCO,308.2,0.378436435720245,1.0198873349779398
ClC(Cl)Cl,CCCCCO,318.2,0.2546422183735807,0.9469884692011644
ClC(Cl)Cl,CCCCCO,328.2,0.2776317365982795,0.8811520007663586
ClCCl,CCCCCO,303.5,0.598836501088704,1.633737017945965
ClCCl,CCCCCO,308.2,0.7371640659767196,1.579358781440969
ClCCl,CCCCCO,313.2,0.5653138090500605,1.5242035083594656
ClCCl,CCCCCO,318.2,0.6097655716208943,1.471654471345856
ClCCl,CCCCCO,323.5,0.5766133643039938,1.4186186299080197
ClCCl,CCCCCO,328.2,0.5877866649021191,1.373742403165252
CC1CCCC1,CCCCCO,303.5,1.2119409739751128,3.250341713117374
CC1CCCC1,CCCCCO,313.2,1.1878434223960523,2.9985776754717013
CC1CCCC1,CCCCCO,323.5,1.1662709371419244,2.7600804005293864
Cc1ccccc1,CCCCCO,303.5,1.118414915964289,2.309430853430624
Cc1ccccc1,CCCCCO,308.2,1.1052568313867783,2.2239355797236247
Cc1ccccc1,CCCCCO,313.2,1.0681530811834012,2.1378113375277663
Cc1ccccc1,CCCCCO,318.2,1.1151415906193205,2.0563272599943048
Cc1ccccc1,CCCCCO,323.2,1.029619417181158,1.9791672712276855
Cc1ccccc1,CCCCCO,323.5,1.0508216248317612,1.97466871595234
Cc1ccccc1,CCCCCO,328.2,1.1216775615991057,1.9060411484704167
CCCOC(C)=O,CCCCCO,303.5,1.1537315878891892,1.0876793270923564
CCCOC(C)=O,CCCCCO,313.2,1.0224509277025455,1.0236720992044948
CCCOC(C)=O,CCCCCO,323.5,0.7884573603642703,0.9618804010938096
CCCCC,CCCCCO,303.5,1.3402504226184837,3.249503679840772
CCCCC,CCCCCO,308.2,1.4609379041156565,3.1239649288502376
CCCCC,CCCCCO,313.2,1.3402504226184837,2.997721704923847
CCCCC,CCCCCO,318.2,1.3056264580524355,2.878487840354694
CCCCC,CCCCCO,323.5,1.3029127521808397,2.7592067134858898
CCCCC,CCCCCO,328.2,1.2612978709452054,2.659125627949918
CCCCCC,CCCCCO,303.5,1.4134230285081433,3.2144278391295744
CCCCCC,CCCCCO,308.2,1.449269160281279,3.089186112164152
CCCCCC,CCCCCO,313.2,1.410986973710262,2.963249514876464
CCCCCC,CCCCCO,318.2,1.42791603581071,2.844313075678315
CCCCCC,CCCCCO,323.5,1.3762440252663892,2.7253376464921057
CCCCCC,CCCCCO,328.2,1.3029127521808397,2.62551978308818
CCCCCCCC,CCCCCO,308.2,1.7578579175523736,3.049263780891984
CCCCCCCC,CCCCCO,313.2,1.3711807233098423,2.9230305538533936
CCCCCCCC,CCCCCO,318.2,1.6900958154515549,2.8038085875737666
CCCCCCCC,CCCCCO,328.2,1.667706820558076,2.584475440703775
CCCCCCCCC,CCCCCO,353.2,1.4929040961781488,2.108728606980092
CCCCCCCCC,CCCCCO,373.2,1.4973884086254774,1.81854418754526
CCCC=O,CCCCCO,303.5,1.0543120297715298,1.6588990614210797
CCCC=O,CCCCCO,313.2,0.9631743177730056,1.553147503965742
CCCC=O,CCCCCO,323.5,0.883767540168595,1.451461907847606
CCOC(C)=O,CCCCCO,303.5,0.9122827104766164,1.1545458567557831
CCOC(C)=O,CCCCCO,313.2,0.8415671856782185,1.0854891237973916
CCOC(C)=O,CCCCCO,323.5,0.7654678421395714,1.0188552101870538
CCCCCCC,CCCCCO,303.5,1.5325568680981427,3.1939343613257263
CCCCCCC,CCCCCO,308.2,1.547562508716013,3.068615442660947
CCCCCCC,CCCCCO,313.2,1.5539252025038417,2.942600019132843
CCCCCCC,CCCCCO,318.2,1.5282278570085572,2.823587985933635
CCCCCCC,CCCCCO,323.5,1.4883995840570443,2.7045357816323565
CCCCCCC,CCCCCO,328.2,1.547562508716013,2.6046525834376104
ClC(Cl)(Cl)Cl,CC(Cl)(Cl)Cl,328.2,0.0769610411361284,0.05906205379279
ClC(Cl)Cl,CC(Cl)(Cl)Cl,328.2,-0.0304592074847085,-0.0366429334450701
CC(Cl)Cl,CC(Cl)(Cl)Cl,328.2,0.0582689081239758,0.23221797129399
ClC=C(Cl)Cl,CC(Cl)(Cl)Cl,328.2,0.0,-0.0076606678864921
ClCCCl,CC(Cl)(Cl)Cl,328.2,0.2070141693843261,0.244290768202321
COC(=O)OC,CC(Cl)(Cl)Cl,298.2,0.494696241836107,0.4216511434858984
COC(=O)OC,CC(Cl)(Cl)Cl,333.2,0.5187937934151675,0.3708406443968663
Cc1ccccc1,CCBr,298.2,0.0676586484738148,0.0179414158349968
CCCCCCCC,CCBr,298.2,0.7975071958841882,0.3973737557725537
C1COCCO1,CCBr,298.2,0.2776317365982795,0.1002520686763859
ClC(Cl)(Cl)Cl,CC#N,293.2,1.897619859927532,2.548534286694187
ClC(Cl)(Cl)Cl,CC#N,352.6,1.589235205116581,1.7878349726239735
CCOCC,CC#N,298.1,1.2178757094949273,1.613223854335515
CCOCC,CC#N,338.2,1.1052568313867783,1.2585675487799113
CCOCC,CC#N,388.2,0.9669838461896731,0.9522469775615612
CCO,CC#N,293.2,1.4206957878372228,1.43478124320948
CCO,CC#N,298.2,1.3609765531356006,1.4081369083014577
CCO,CC#N,323.2,1.0986122886681098,1.2823590155554077
CCO,CC#N,343.2,0.9321640810304452,1.190497307959103
CCO,CC#N,393.2,0.5933268452777344,0.9926310696585564
CO,CC#N,326.0,0.9400072584914712,1.089974692900504
CO,CC#N,333.5,0.9321640810304452,1.0652374357952583
CC(C)=O,CC#N,293.2,0.0953101798043249,0.0002437447775238
CC(C)=O,CC#N,298.2,0.0392207131532813,0.0008937456763197
ClC(Cl)Cl,CC#N,293.2,0.3987761199573678,0.4796183053534276
ClC(Cl)Cl,CC#N,298.2,0.2546422183735807,0.4714729811351455
ClC(Cl)Cl,CC#N,318.1,0.2776317365982795,0.4400667599837595
ClC(Cl)Cl,CC#N,328.3,0.2700271372130602,0.4246770561285055
CCCCO,CC#N,333.2,1.1878434223960523,1.353922620079525
CCBr,CC#N,293.2,1.0577902941478543,1.4263280507629756
CCI,CC#N,293.2,1.6370530794670737,1.8704352974084324
ClCCl,CC#N,298.2,0.1823215567939546,0.4109278107385217
ClCCl,CC#N,348.2,0.2231435513142097,0.3340746732754884
ClCCl,CC#N,398.1,0.2468600779315258,0.2781240850394714
S=C=S,CC#N,293.2,2.517696472610991,3.6612899596039874
CC(C)(C)O,CC#N,333.2,0.9516578757114464,1.1642415031261573
CCC(C)(C)C,CC#N,298.2,2.96010509591084,3.3153157756416203
CCC(C)C,CC#N,313.2,3.0378334495726262,3.0271424715421347
CCC(C)C,CC#N,333.2,2.803360380906535,2.666902481366757
CC(C)CO,CC#N,333.2,1.244154593958768,1.3348621493411272
CCC(C)O,CC#N,333.2,1.2919836816486494,1.434372619219776
CCC(C)CC,CC#N,298.2,3.0155349008501706,3.3385674502358382
CCc1ccccc1,CC#N,298.2,1.7227665977411035,1.7443802910077124
CCc1ccccc1,CC#N,298.2,1.7209792871670078,1.7443802910077124
CCCCc1ccccc1,CC#N,298.2,2.4069451083182885,1.909921565485017
CCCCc1ccccc1,CC#N,298.2,2.4069451083182885,1.909921565485017
ClCCCl,CC#N,333.2,0.418710334858185,0.4858602468316183
CCCC(C)C,CC#N,298.2,3.2276373305367736,3.3249605059675758
CCCC(C)C,CC#N,298.2,3.086486636822455,3.3249605059675758
CC(C)CC(C)C,CC#N,298.2,3.5148236417370144,3.2918197634569726
Cc1ccccc1,CC#N,293.2,1.4929040961781488,1.64936292943537
Cc1ccccc1,CC#N,298.2,1.4586150226995167,1.5949751796231957
Cc1ccccc1,CC#N,298.2,1.4422019930581866,1.5949751796231957
Cc1ccccc1,CC#N,298.2,1.3937663759585917,1.5949751796231957
Cc1ccccc1,CC#N,343.2,1.2781522025001877,1.2039340808923953
Cc1ccccc1,CC#N,393.2,1.1249295969854831,0.911663143828081
Clc1ccccc1,CC#N,293.2,1.463255402256019,1.4115578735623908
Clc1ccccc1,CC#N,328.2,1.423108334242607,1.125785016652984
Clc1ccccc1,CC#N,343.2,1.297463147413275,1.0283990642503509
Clc1ccccc1,CC#N,393.2,1.1505720275988207,0.7777215589791652
CCCCC,CC#N,293.2,3.292869504776528,3.472985715707144
CCCCC,CC#N,298.2,2.844909383819408,3.355759809334714
CCCCC,CC#N,298.2,2.8355635214011694,3.355759809334714
CCCCC,CC#N,313.2,3.056356895370426,3.0369063140650674
CCCCCl,CC#N,323.2,1.5496879080283263,1.505025616625097
CCCCCl,CC#N,348.2,1.3812818192963463,1.291123700748566
CCCCCC,CC#N,298.2,3.3311325072138684,3.346236937145773
CCCCCC,CC#N,298.2,3.2386784521643803,3.346236937145773
CCCCCC,CC#N,298.2,3.1780538303479458,3.346236937145773
CCCCCC,CC#N,333.2,2.760009940032921,2.661607849646013
CCCCCC,CC#N,373.2,2.379546134130174,2.0998735490574383
c1ccncc1,CC#N,315.8,0.6523251860396901,0.3221391267245616
c1ccncc1,CC#N,334.6,0.5933268452777344,0.2957702854445008
c1ccncc1,CC#N,352.6,0.5596157879354227,0.273661802514956
CCCCCCCC,CC#N,298.2,4.034417613641752,3.319074063031523
CCCCCCCC,CC#N,298.2,4.017103481878653,3.319074063031523
CCCCCCCC,CC#N,298.2,3.8480176754522337,3.319074063031523
CCCCCCCCC,CC#N,298.2,4.366278277705742,3.306645713580659
C1COCCO1,CC#N,298.2,0.3148107398400336,0.412968742835597
C1COCCO1,CC#N,313.2,0.371563556432483,0.386959805887191
CCOC(C)=O,CC#N,293.2,0.4574248470388755,0.5688469857089771
CCOC(C)=O,CC#N,313.2,0.4252677354043441,0.4997408506890529
CCOC(C)=O,CC#N,353.2,0.412109650826833,0.3909568205334811
CCOC(C)=O,CC#N,393.2,0.3920420877760237,0.3097483465195078
CCCCCCC,CC#N,298.2,3.677565694213663,3.334573694378026
CCCCCCC,CC#N,298.2,3.4531571205928664,3.334573694378026
CC(C)CC(C)(C)C,CC#N,293.2,4.411949448325136,3.3801433310086626
CC(C)CC(C)(C)C,CC#N,298.2,3.478158422798284,3.2614275512704687
CC(C)CC(C)(C)C,CC#N,313.2,3.965563772356176,2.938343270630298
CC(C)C(C)C(C)C,CC#N,298.2,3.695606774863363,3.2984693330007504
CC(C)CCC(C)C,CC#N,298.2,3.8480176754522337,3.279000923100939
CCC1CCCCC1,CC#N,298.2,3.734808386002336,3.4384688785516437
ClC(Cl)(Cl)Cl,ClCCl,308.2,0.5068176023684519,0.4046157476141334
CCO,ClCCl,298.2,2.2202898502672155,1.0994346257573355
CO,ClCCl,298.2,2.7650604558189897,1.4263032648378409
CO,ClCCl,348.2,1.9416152247724323,1.2805588654077622
CO,ClCCl,398.2,1.3609765531356006,1.090647638531287
CC(C)=O,ClCCl,398.2,-0.2613647641344075,-0.2037063160766453
CC(C)=O,ClCCl,348.2,-0.3285040669720361,-0.3048726537222419
CC(C)=O,ClCCl,303.2,-0.7339691750802004,-0.4544609213018328
CC(C)=O,ClCCl,298.2,-0.371063681390832,-0.4763830373242003
ClC(Cl)Cl,ClCCl,308.2,0.048790164169432,0.0074977683758773
CC(Cl)(Cl)Cl,ClCCl,308.2,0.1655144384775733,0.1484947175276025
CC#N,ClCCl,298.2,0.131028262406404,0.3678655518594963
CC#N,ClCCl,348.2,0.2390169004704999,0.2911861356417052
CC#N,ClCCl,398.1,0.3074846997479607,0.2389331138460542
CC(Cl)Cl,ClCCl,308.2,0.0198026272961797,-0.016339131679751
ClC=C(Cl)Cl,ClCCl,308.2,0.378436435720245,0.2548378569446217
ClCCCl,ClCCl,308.2,-0.0100503358535014,-0.014131763340044
CCCC(C)C,ClCCl,298.2,1.2556160374777745,0.9120994422607354
CC(C)CC(C)C,ClCCl,298.2,1.2809338454620642,0.8705217103298499
Cc1ccccc1,ClCCl,298.2,-0.1508228897345836,-0.013831670367936
Cc1ccccc1,ClCCl,298.2,-0.0408219945202551,-0.013831670367936
Cc1ccccc1,ClCCl,347.9,-0.0943106794712412,-0.0211382138558745
Clc1ccccc1,ClCCl,398.1,0.0676586484738148,-0.087897003646696
Clc1ccccc1,ClCCl,348.0,0.1043600153242428,-0.1023815987108633
Clc1ccccc1,ClCCl,298.0,0.1043600153242428,-0.1297007526163071
CCCCC,ClCCl,298.2,1.169381359556317,0.9621327314572464
CCCCC,ClCCl,298.2,1.2267122912954254,0.9621327314572464
CCCCC,ClCCl,348.2,0.9162907318741552,0.6967184941777679
CCCCC,ClCCl,398.2,0.6471032420585384,0.5210110770366945
C1CCOC1,ClCCl,303.2,-0.8675005677047231,-0.7612427971675064
CCCCCC,ClCCl,298.2,1.144222799920162,0.8830592461347714
CCCCCC,ClCCl,298.2,1.229640551074514,0.8830592461347714
c1ccncc1,ClCCl,303.2,-0.5447271754416722,-0.4576404393931226
CCCCCCCC,ClCCl,298.2,1.3737155789130306,0.7683691035697309
CCCCCCCC,ClCCl,298.2,1.4206957878372228,0.7683691035697309
CCCCCCCCC,ClCCl,298.2,1.425515074273172,0.7178925759786292
C1COCCO1,ClCCl,303.2,-0.8915981192837836,-0.6552655732561895
C1COCCO1,ClCCl,298.2,-0.8675005677047231,-0.6810389751973733
CCOC(C)=O,ClCCl,398.2,-0.4004775665971252,-0.2682638090884652
CCOC(C)=O,ClCCl,348.2,-0.3566749439387324,-0.3560142114326189
CCOC(C)=O,ClCCl,298.2,-0.3147107448397002,-0.5010711954323714
CCCCCCC,ClCCl,298.2,1.235471471385307,0.8228682866383685
CC(C)C(C)C(C)C,ClCCl,298.2,1.2781522025001877,0.7980360449023087
CC(C)CCC(C)C,ClCCl,298.2,1.3297240096314962,0.7918773108628828
CCC1CCCCC1,ClCCl,298.2,1.220829921392359,0.8246307013764362
CCO,ICI,298.2,3.479700443150099,3.067559899782005
CCC(C)=O,ICI,298.2,1.3609765531356006,1.2934732975110037
Cc1ccccc1,ICI,298.2,1.3506671834767394,0.974359253293109
CCCCCCCC,ICI,298.2,4.041471072615033,2.2496315932903133
C1COCCO1,ICI,298.2,0.4510756193602167,0.3886445655988738
CCO,S=C=S,298.2,4.365134767003664,1.847940507455764
CCO,S=C=S,298.3,4.360547602996758,1.847599302018606
CCO,S=C=S,308.4,4.212127597878484,1.8112973663863168
CCO,S=C=S,318.7,4.014579593753238,1.7711476171108709
CC(C)=O,S=C=S,298.3,2.1210632163706555,1.4453204534255135
CC(C)=O,S=C=S,308.4,2.017566137961748,1.389930952860484
CC(C)=O,S=C=S,318.7,1.972691171732956,1.3374127218941134
CCCC(C)C,S=C=S,298.2,0.8712933659434193,0.4891914555307607
CC(C)CC(C)C,S=C=S,298.2,1.0043016091968684,0.4543411028316454
Cc1ccccc1,S=C=S,298.2,0.3852624007906449,0.1939198751190092
Cc1ccccc1,S=C=S,298.3,0.6729444732424258,0.1937927305183498
Cc1ccccc1,S=C=S,308.4,0.62057648772511,0.1814314571377762
Cc1ccccc1,S=C=S,318.7,0.5481214085096876,0.1697361199410638
CCCCC,S=C=S,298.2,0.9001613499442714,0.552998750371545
CCCCCC,S=C=S,298.2,0.8671004876833833,0.3721369286366263
CCCCCCCC,S=C=S,298.2,0.712949807856125,0.1442418886461622
CCCCCCCC,S=C=S,298.2,0.7701082216960737,0.1442418886461622
CCCCCCCCC,S=C=S,298.2,0.6830968447064438,0.0471334987422331
C1COCCO1,S=C=S,298.2,1.2919836816486494,0.5228682426360176
C1COCCO1,S=C=S,298.3,1.3270750014599193,0.522640866388487
C1COCCO1,S=C=S,308.4,1.269760544863939,0.5004540929178218
C1COCCO1,S=C=S,318.7,1.205970806988609,0.4793148284674328
CCCCCCC,S=C=S,298.2,0.8064758658669485,0.2462608917016836
CC(C)C(C)C(C)C,S=C=S,298.2,0.9001613499442714,0.2593346287131337
CC(C)CCC(C)C,S=C=S,298.2,0.9202827531436923,0.2848654292763138
CCC1CCCCC1,S=C=S,298.2,0.5481214085096876,0.0436933740877994
CCO,CC(Cl)Cl,298.2,2.211565694606877,1.5103370663219455
Cc1ccccc1,CC(Cl)Cl,298.2,-0.0304592074847085,0.121372935203245
CCCCCCCC,CC(Cl)Cl,298.2,1.7967470107390942,1.205612026238321
CCO,CC(C)(C)O,313.2,-0.2357223335210698,0.0199185830439756
CO,CC(C)(C)O,313.2,-0.5108256237659907,0.0665750208005375
CCCO,CC(C)(C)O,313.2,-0.2231435513142097,-0.08538178428086
CCCCO,CC(C)(C)O,313.2,-0.2231435513142097,-0.0112264612504442
CC#N,CC(C)(C)O,333.2,1.0612565021243408,1.1097788142582412
Cc1ccc(C)cc1,CC(C)(C)O,313.2,1.3110318766193438,1.8481785584997013
Cc1ccccc1,CC(C)(C)O,298.2,1.396244691973059,1.9835785455897403
Cc1ccccc1,CC(C)(C)O,313.2,1.2412685890696329,1.762813625074398
CCCC#N,CC(C)(C)O,298.2,1.3056264580524355,1.140301004328805
CCCC#N,CC(C)(C)O,303.2,1.2029723039923526,1.1052844492843386
CCCC#N,CC(C)(C)O,308.2,1.1151415906193205,1.071980532453526
CCCC#N,CC(C)(C)O,313.2,1.0577902941478543,1.040275750775267
CCCC#N,CC(C)(C)O,318.2,1.0224509277025455,1.0100659603795386
CCCC#N,CC(C)(C)O,323.2,0.9631743177730056,0.9812554632589424
CCCCCC,CC(C)(C)O,303.3,1.3376291891386096,2.672635419512039
CCCCCC,CC(C)(C)O,313.1,1.2669476034873244,2.4635052435849656
CCCCCC,CC(C)(C)O,313.2,1.2919836816486494,2.461489787498284
CCCCCC,CC(C)(C)O,322.8,1.1969481893889715,2.278147790039776
c1ccncc1,CC(C)(C)O,313.2,-0.1392620673335076,0.156063242185773
CCCCCCCC,CC(C)(C)O,298.2,1.7457155307266483,2.7680445083321548
CCCCCCCC,CC(C)(C)O,313.2,1.4036429994545037,2.435586707187851
C1COCCO1,CC(C)(C)O,298.2,0.494696241836107,0.88766765828928
CCCCCCC,CC(C)(C)O,313.2,1.3887912413184778,2.4507324085466413
CCO,CC(C)CO,313.2,0.0392207131532813,0.0714671355110877
CO,CC(C)CO,313.2,0.0676586484738148,0.2117428117525261
CC(C)O,CC(C)CO,313.2,-0.0304592074847085,0.0052537056136565
CCCO,CC(C)CO,313.2,0.009950330853168,0.004148164810428
CCCCO,CC(C)CO,313.2,0.0392207131532813,0.0149295396590915
CC#N,CC(C)CO,333.2,1.289232648276759,1.2829440867912405
Cc1ccc(C)cc1,CC(C)CO,313.2,1.551808799597464,2.297811185254181
Cc1ccccc1,CC(C)CO,313.2,1.4036429994545037,2.220952268747284
CCCC#N,CC(C)CO,278.2,1.81319474994812,1.389981227255547
CCCC#N,CC(C)CO,288.2,1.6174060820832772,1.3041926525428256
CCCC#N,CC(C)CO,293.2,1.601405740736836,1.26453179266107
CCCC#N,CC(C)CO,298.2,1.4883995840570443,1.2268293409014834
CCCC#N,CC(C)CO,303.2,1.415853163361435,1.1909532139500214
CCCC#N,CC(C)CO,308.2,1.3428648031925547,1.1567824481502602
CCCC#N,CC(C)CO,313.2,1.2556160374777745,1.1242060902342426
CCCC#N,CC(C)CO,323.2,1.128171090909654,1.0634370532104491
c1ccncc1,CC(C)CO,313.2,-0.2613647641344075,-0.0019386731599289
CC#N,CCC(C)O,333.2,1.181727195378616,1.33971086162703
CCCC#N,CCC(C)O,278.2,2.039920783517553,1.3643797919458445
CCCC#N,CCC(C)O,288.2,1.763017000362401,1.282114451024778
CCCC#N,CCC(C)O,293.2,1.55814461804655,1.2440332949841706
CCCC#N,CCC(C)O,298.2,1.5238800240724537,1.207802413673786
CCCC#N,CCC(C)O,303.2,1.3609765531356006,1.173298401580206
CCCC#N,CCC(C)O,308.2,1.3110318766193438,1.140408154581113
CCCC#N,CCC(C)O,313.2,1.1939224684724346,1.1090278495081645
CCCC#N,CCC(C)O,323.2,1.0647107369924282,1.050422851834911
c1ccncc1,CCC(C)O,313.2,-0.1863295781914934,-0.0091480144872187
ClC(Cl)(Cl)Cl,ClC=C(Cl)Cl,328.2,-0.0100503358535014,0.0413176510786271
ClC(Cl)Cl,ClC=C(Cl)Cl,328.2,0.0769610411361284,0.124873869668263
CC(Cl)(Cl)Cl,ClC=C(Cl)Cl,328.2,0.0198026272961797,-0.0069133029403805
CC(Cl)Cl,ClC=C(Cl)Cl,328.2,0.2311117209633866,0.2432145636308043
ClCCCl,ClC=C(Cl)Cl,328.2,0.3506568716131693,0.2615264925148367
ClC(Cl)Cl,COC(C)=O,322.7,-0.579818495252942,-0.7705316805568827
ClC(Cl)Cl,COC(C)=O,312.9,-0.6539264674066639,-0.8431926128998192
CCCC(C)C,COC(C)=O,298.2,1.7101878155342434,1.748322303191316
CC(C)CC(C)C,COC(C)=O,298.2,1.8421356765531216,1.7056489137006334
CCCCC,COC(C)=O,298.2,1.5282278570085572,1.7824413893858644
CCCCCC,COC(C)=O,298.2,1.7681496035889213,1.7856147200331338
CCCCCCCC,COC(C)=O,298.2,2.1435893615035875,1.7653328303345783
CCCCCCCCC,COC(C)=O,298.2,2.336019869080283,1.753600523993169
CCCCCCC,COC(C)=O,298.2,1.9643112344262048,1.7799635244160363
CC(C)C(C)C(C)C,COC(C)=O,298.2,1.9300710850255671,1.7273015134807508
CC(C)CCC(C)C,COC(C)=O,298.2,2.0149030205422647,1.6975142985421448
CCC1CCCCC1,COC(C)=O,298.2,2.005525858729668,1.948758873324292
CCCCO,CC1=CCC2CC1C2(C)C,353.2,1.9851308622085944,1.7552133607871814
CCCCO,CC1=CCC2CC1C2(C)C,373.2,1.8389610707123487,1.642420911684597
CCc1ccccc1,CC1=CCC2CC1C2(C)C,353.2,0.2151113796169455,0.2510061783045205
CCc1ccccc1,CC1=CCC2CC1C2(C)C,373.2,0.2151113796169455,0.2252283476420271
Cc1ccccc1,CC1=CCC2CC1C2(C)C,353.2,0.3001045924503381,0.2719732355371212
Cc1ccccc1,CC1=CCC2CC1C2(C)C,373.2,0.3220834991691132,0.2396950734821239
CCCCCCC,CC1=CCC2CC1C2(C)C,353.2,0.1484200051182732,0.2414200857836229
CCCCCCC,CC1=CCC2CC1C2(C)C,373.2,0.1739533071234379,0.2282899623515056
CCOCC,CCOC(=O)c1ccccc1C(=O)OCC,303.2,0.3852624007906449,1.1756188067087017
CCOCC,CCOC(=O)c1ccccc1C(=O)OCC,313.2,0.378436435720245,1.1075142454643312
CCOCC,CCOC(=O)c1ccccc1C(=O)OCC,323.2,0.378436435720245,1.0448935804191144
CCOCC,CCOC(=O)c1ccccc1C(=O)OCC,333.2,0.378436435720245,0.9871588559397272
CCO,CCOC(=O)c1ccccc1C(=O)OCC,303.2,1.029619417181158,1.699121436264687
CCO,CCOC(=O)c1ccccc1C(=O)OCC,313.2,0.947789398933526,1.6342153178266607
CCO,CCOC(=O)c1ccccc1C(=O)OCC,323.2,0.8754687373538999,1.5666720331993886
CCO,CCOC(=O)c1ccccc1C(=O)OCC,333.2,0.7929925155296614,1.4974206448089942
CO,CCOC(=O)c1ccccc1C(=O)OCC,303.2,0.9321640810304452,1.555889484367755
CO,CCOC(=O)c1ccccc1C(=O)OCC,313.2,0.8544153281560676,1.4892929551515066
CO,CCOC(=O)c1ccccc1C(=O)OCC,323.2,0.7929925155296614,1.41565992738097
CO,CCOC(=O)c1ccccc1C(=O)OCC,333.2,0.7227059828014898,1.336778009375541
CC(C)O,CCOC(=O)c1ccccc1C(=O)OCC,303.2,1.0402767116551463,1.867773024396374
CC(C)O,CCOC(=O)c1ccccc1C(=O)OCC,313.2,0.9439058989071284,1.789711489559465
CC(C)O,CCOC(=O)c1ccccc1C(=O)OCC,323.2,0.8671004876833833,1.713229369255789
CC(C)O,CCOC(=O)c1ccccc1C(=O)OCC,333.2,0.7747271675523681,1.6385647561101595
CC(C)=O,CCOC(=O)c1ccccc1C(=O)OCC,303.2,-0.0618754037180875,0.0851927159019277
CC(C)=O,CCOC(=O)c1ccccc1C(=O)OCC,313.2,-0.0618754037180875,0.0669189289920974
CC(C)=O,CCOC(=O)c1ccccc1C(=O)OCC,323.2,-0.0618754037180875,0.0494047808301471
CC(C)=O,CCOC(=O)c1ccccc1C(=O)OCC,333.2,-0.0618754037180875,0.0326214558358339
ClC(Cl)Cl,CCOC(=O)c1ccccc1C(=O)OCC,333.2,-0.7133498878774648,-2.142256341727424
ClC(Cl)Cl,CCOC(=O)c1ccccc1C(=O)OCC,323.2,-0.7550225842780328,-2.281791451780032
ClC(Cl)Cl,CCOC(=O)c1ccccc1C(=O)OCC,313.2,-0.7985076962177716,-2.43742606469885
ClC(Cl)Cl,CCOC(=O)c1ccccc1C(=O)OCC,303.2,-0.8675005677047231,-2.6115818999502327
CCCO,CCOC(=O)c1ccccc1C(=O)OCC,303.2,1.0367368849500225,1.6847932132651036
CCCO,CCOC(=O)c1ccccc1C(=O)OCC,313.2,0.9321640810304452,1.6070043088445478
CCCO,CCOC(=O)c1ccccc1C(=O)OCC,323.2,0.85015092936961,1.5313010202191657
CCCO,CCOC(=O)c1ccccc1C(=O)OCC,333.2,0.7608058290337602,1.4578233215520666
CC=O,CCOC(=O)c1ccccc1C(=O)OCC,303.2,-0.0943106794712412,-0.0341601764399588
CC=O,CCOC(=O)c1ccccc1C(=O)OCC,313.2,-0.0943106794712412,-0.0744457996675199
CC=O,CCOC(=O)c1ccccc1C(=O)OCC,323.2,-0.1053605156578262,-0.1118494669658323
CC=O,CCOC(=O)c1ccccc1C(=O)OCC,333.2,-0.1053605156578262,-0.1466701748082176
ClCCl,CCOC(=O)c1ccccc1C(=O)OCC,333.2,-0.616186139423817,-1.5717656065863448
ClCCl,CCOC(=O)c1ccccc1C(=O)OCC,323.2,-0.6348782724359695,-1.6343457716606078
ClCCl,CCOC(=O)c1ccccc1C(=O)OCC,313.2,-0.6539264674066639,-1.7038760197049272
ClCCl,CCOC(=O)c1ccccc1C(=O)OCC,303.2,-0.6733445532637656,-1.7813586160049637
CC(C)CO,CCOC(=O)c1ccccc1C(=O)OCC,298.2,0.8586616190375187,1.79084956177067
CC(C)CO,CCOC(=O)c1ccccc1C(=O)OCC,348.2,0.5187937934151675,1.42698648672428
CCCC(C)=O,CCOC(=O)c1ccccc1C(=O)OCC,303.2,-0.0100503358535014,-0.0357776695629539
CCCC(C)=O,CCOC(=O)c1ccccc1C(=O)OCC,313.2,-0.0100503358535014,-0.0409477509045294
CCCC(C)=O,CCOC(=O)c1ccccc1C(=O)OCC,323.2,0.0,-0.0458405694974363
CCCC(C)=O,CCOC(=O)c1ccccc1C(=O)OCC,333.2,0.009950330853168,-0.0504766983379924
CC(C)OC(C)C,CCOC(=O)c1ccccc1C(=O)OCC,303.2,0.8241754429663494,1.6329386610376284
CC(C)OC(C)C,CCOC(=O)c1ccccc1C(=O)OCC,313.2,0.8153648132841944,1.5405396612844202
CC(C)OC(C)C,CCOC(=O)c1ccccc1C(=O)OCC,323.2,0.8109302162163288,1.4560120328087076
CC(C)OC(C)C,CCOC(=O)c1ccccc1C(=O)OCC,333.2,0.7929925155296614,1.378466008093371
Cc1ccccc1,CCOC(=O)c1ccccc1C(=O)OCC,303.2,0.0861776962410524,0.5388535313196021
Cc1ccccc1,CCOC(=O)c1ccccc1C(=O)OCC,313.2,0.0769610411361284,0.4938474854947273
Cc1ccccc1,CCOC(=O)c1ccccc1C(=O)OCC,323.2,0.0861776962410524,0.4528970301524654
Cc1ccccc1,CCOC(=O)c1ccccc1C(=O)OCC,333.2,0.0861776962410524,0.4155244508027252
CCCCC,CCOC(=O)c1ccccc1C(=O)OCC,303.2,1.3987168811184478,3.70253271257656
CCCCC,CCOC(=O)c1ccccc1C(=O)OCC,313.2,1.3376291891386096,3.47655365040542
CCCCC,CCOC(=O)c1ccccc1C(=O)OCC,323.2,1.3001916620664788,3.270828584666548
CCCCC,CCOC(=O)c1ccccc1C(=O)OCC,333.2,1.252762968495368,3.0829688632962746
C1CCOC1,CCOC(=O)c1ccccc1C(=O)OCC,303.2,-0.2484613592984996,-0.3443176485135488
C1CCOC1,CCOC(=O)c1ccccc1C(=O)OCC,313.2,-0.2357223335210698,-0.3438082947386942
C1CCOC1,CCOC(=O)c1ccccc1C(=O)OCC,323.2,-0.2231435513142097,-0.3437819854469061
C1CCOC1,CCOC(=O)c1ccccc1C(=O)OCC,333.2,-0.2107210313156525,-0.3441469622489973
CCCCCC,CCOC(=O)c1ccccc1C(=O)OCC,303.2,1.5769147207285403,3.623001366205553
CCCCCC,CCOC(=O)c1ccccc1C(=O)OCC,313.2,1.5107219394949427,3.4017063492533075
CCCCCC,CCOC(=O)c1ccccc1C(=O)OCC,323.2,1.463255402256019,3.2003769034525256
CCCCCC,CCOC(=O)c1ccccc1C(=O)OCC,333.2,1.4085449700547104,3.0166502550255663
CCCCCCCC,CCOC(=O)c1ccccc1C(=O)OCC,303.2,1.925707441737794,3.5856130297114586
CCCCCCCC,CCOC(=O)c1ccccc1C(=O)OCC,313.2,1.8468787684491343,3.367742405218584
CCCCCCCC,CCOC(=O)c1ccccc1C(=O)OCC,323.2,1.7833912195575383,3.169626730061099
CCCCCCCC,CCOC(=O)c1ccccc1C(=O)OCC,333.2,1.713797927758343,2.988922115908456
CCCCCCC,CCOC(=O)c1ccccc1C(=O)OCC,303.2,1.747459210331475,3.5966054593859926
CCCCCCC,CCOC(=O)c1ccccc1C(=O)OCC,313.2,1.673351238177753,3.377525477098108
CCCCCCC,CCOC(=O)c1ccccc1C(=O)OCC,323.2,1.623340817603092,3.178274817851504
CCCCCCC,CCOC(=O)c1ccccc1C(=O)OCC,333.2,1.5602476682433286,2.9965029246050463
COC(C)(C)C,CCOC(=O)c1ccccc1C(=O)OCC,303.2,0.4574248470388755,1.0235290025544743
COC(C)(C)C,CCOC(=O)c1ccccc1C(=O)OCC,313.2,0.4510756193602167,0.9616153445564688
COC(C)(C)C,CCOC(=O)c1ccccc1C(=O)OCC,323.2,0.4510756193602167,0.9048395040002916
COC(C)(C)C,CCOC(=O)c1ccccc1C(=O)OCC,333.2,0.4446858212614457,0.8526353554313159
ClC(Cl)(Cl)Cl,c1ccc2ncccc2c1,298.2,0.3646431135879092,1.1281805694971034
CC(C)=O,c1ccc2ncccc2c1,298.2,0.4054651081081644,0.5589267136193421
ClC(Cl)Cl,c1ccc2ncccc2c1,298.2,-0.7550225842780328,-1.709924171522978
CCBr,c1ccc2ncccc2c1,298.2,0.2390169004704999,0.8962347113561479
CCI,c1ccc2ncccc2c1,298.2,0.4382549309311553,0.9098420940764512
CC#N,c1ccc2ncccc2c1,298.2,0.7608058290337602,0.6394223313312846
CCC(C)C,c1ccc2ncccc2c1,293.2,2.1435893615035875,3.1015275561263
CC(C)C(C)C,c1ccc2ncccc2c1,293.2,2.2438960966453663,2.9830937829097337
ClCCCl,c1ccc2ncccc2c1,298.2,-0.083381608939051,-0.1415438499376508
CCCC(C)C,c1ccc2ncccc2c1,293.2,2.2417729535972883,2.958010620770811
CC(C)OC(C)C,c1ccc2ncccc2c1,298.2,1.144222799920162,1.3916520910069623
CC1CCCCC1,c1ccc2ncccc2c1,293.2,1.88706964903238,2.7003802531875647
CCCCC,c1ccc2ncccc2c1,293.2,2.0554049638515948,2.962046226973892
CCCCCC,c1ccc2ncccc2c1,293.2,2.1412419425852827,2.8523332867051323
CCCCCC,c1ccc2ncccc2c1,298.2,1.871802176901592,2.7524997199573216
CCOC(C)=O,c1ccc2ncccc2c1,298.2,0.3987761199573678,0.6327044066089245
CCCCCCC,c1ccc2ncccc2c1,293.2,2.256541154492639,2.789141608948752
C1CCCC1,c1ccc2ncccc2c1,293.2,1.396244691973059,2.659170826546442
CC(C)CC(C)(C)C,c1ccc2ncccc2c1,293.2,2.558776498354456,3.009551479884806
CCCC(C)(C)C,c1ccc2ncccc2c1,293.2,2.435366204227864,2.9802532369754613
CCOCC,CCOC(=O)c1ccccc1,313.2,0.2546422183735807,0.4863500407580934
CCOCC,CCOC(=O)c1ccccc1,323.2,0.262364264467491,0.4670817338873794
CCOCC,CCOC(=O)c1ccccc1,333.2,0.262364264467491,0.4490342077979274
CCOCC,CCOC(=O)c1ccccc1,343.2,0.2700271372130602,0.4321008585309521
CC1CCCC1,CCOC(=O)c1ccccc1,313.2,0.7929925155296614,1.311642039501975
CC1CCCC1,CCOC(=O)c1ccccc1,323.2,0.7654678421395714,1.237412998018353
CC1CCCC1,CCOC(=O)c1ccccc1,333.2,0.7466879474879751,1.1693969548481042
CC1CCCC1,CCOC(=O)c1ccccc1,343.2,0.7275486072772777,1.1069086211603034
CCc1ccccc1,CCOC(=O)c1ccccc1,313.2,0.0953101798043249,0.1570203695198042
CCc1ccccc1,CCOC(=O)c1ccccc1,323.2,0.0769610411361284,0.1480775532182647
CCc1ccccc1,CCOC(=O)c1ccccc1,333.2,0.0676586484738148,0.139856135897443
CCc1ccccc1,CCOC(=O)c1ccccc1,343.2,0.0582689081239758,0.1322792076528354
Cc1ccc(C)cc1,CCOC(=O)c1ccccc1,313.2,0.0953101798043249,0.2124675524084704
Cc1ccc(C)cc1,CCOC(=O)c1ccccc1,323.2,0.1043600153242428,0.2006828866238688
Cc1ccc(C)cc1,CCOC(=O)c1ccccc1,333.2,0.1133286853070032,0.1898497700907344
Cc1ccc(C)cc1,CCOC(=O)c1ccccc1,343.2,0.1222176327242491,0.1798665787034911
CCCC(C)C,CCOC(=O)c1ccccc1,313.2,1.0986122886681098,1.5659869610181196
CCCC(C)C,CCOC(=O)c1ccccc1,323.2,1.0681530811834012,1.4846730587147416
CCCC(C)C,CCOC(=O)c1ccccc1,333.2,1.0473189942805592,1.4099978935884885
CCCC(C)C,CCOC(=O)c1ccccc1,343.2,1.029619417181158,1.341238936173588
CC(C)OC(C)C,CCOC(=O)c1ccccc1,313.2,0.5423242908253617,0.6026047629786697
CC(C)OC(C)C,CCOC(=O)c1ccccc1,323.2,0.5538851132264376,0.5751269377377265
CC(C)OC(C)C,CCOC(=O)c1ccccc1,333.2,0.5481214085096876,0.5496905966030512
CC(C)OC(C)C,CCOC(=O)c1ccccc1,343.2,0.5653138090500605,0.5260913435182946
CC1CCCCC1,CCOC(=O)c1ccccc1,313.2,0.8586616190375187,1.3333414635919123
CC1CCCCC1,CCOC(=O)c1ccccc1,323.2,0.8241754429663494,1.259123221763187
CC1CCCCC1,CCOC(=O)c1ccccc1,333.2,0.7929925155296614,1.1911177465079026
CC1CCCCC1,CCOC(=O)c1ccccc1,343.2,0.7608058290337602,1.1286397468066711
Cc1ccccc1,CCOC(=O)c1ccccc1,313.2,0.0392207131532813,0.0820296724344413
Cc1ccccc1,CCOC(=O)c1ccccc1,323.2,0.0392207131532813,0.0754914094155275
Cc1ccccc1,CCOC(=O)c1ccccc1,333.2,0.0295588022415444,0.0694695493487243
Cc1ccccc1,CCOC(=O)c1ccccc1,343.2,0.0295588022415444,0.0639100915392616
CCCCC,CCOC(=O)c1ccccc1,313.2,1.0188473201992472,1.5484492529094156
CCCCC,CCOC(=O)c1ccccc1,323.2,1.000631880307906,1.4670779986163296
CCCCC,CCOC(=O)c1ccccc1,333.2,0.9745596399981308,1.3923485614304352
CCCCC,CCOC(=O)c1ccccc1,343.2,0.959350221334602,1.3235381621764772
CCCCCC,CCOC(=O)c1ccccc1,313.2,1.095273387402595,1.463898851283806
CCCCCC,CCOC(=O)c1ccccc1,323.2,1.0612565021243408,1.385715500240574
CCCCCC,CCOC(=O)c1ccccc1,333.2,1.0331844833456545,1.3139829615955996
CCCCCC,CCOC(=O)c1ccccc1,343.2,1.0043016091968684,1.2479951337616464
CCCCCCCC,CCOC(=O)c1ccccc1,313.2,1.2178757094949273,1.3876969081694526
CCCCCCCC,CCOC(=O)c1ccccc1,323.2,1.172482137234565,1.3117829879946317
CCCCCCCC,CCOC(=O)c1ccccc1,333.2,1.1249295969854831,1.2421836146208745
CCCCCCCC,CCOC(=O)c1ccccc1,343.2,1.085189268335969,1.178204600173828
CCCCCCC,CCOC(=O)c1ccccc1,313.2,1.1505720275988207,1.4197858269307786
CCCCCCC,CCOC(=O)c1ccccc1,323.2,1.1151415906193205,1.3430822550312242
CCCCCCC,CCOC(=O)c1ccccc1,333.2,1.0818051703517284,1.2727407403192046
CCCCCCC,CCOC(=O)c1ccccc1,343.2,1.0508216248317612,1.2080629359353807
C1CCCC1,CCOC(=O)c1ccccc1,313.2,0.636576829071551,1.2483389601706272
C1CCCC1,CCOC(=O)c1ccccc1,323.2,0.62057648772511,1.1741593042388458
C1CCCC1,CCOC(=O)c1ccccc1,333.2,0.598836501088704,1.1061884490392402
C1CCCC1,CCOC(=O)c1ccccc1,343.2,0.5822156198526637,1.043741539557596
COC(C)(C)C,CCOC(=O)c1ccccc1,313.2,0.29266961396282,0.3262539655497443
COC(C)(C)C,CCOC(=O)c1ccccc1,323.2,0.3001045924503381,0.3116811213096888
COC(C)(C)C,CCOC(=O)c1ccccc1,333.2,0.3074846997479607,0.2981046894443294
COC(C)(C)C,CCOC(=O)c1ccccc1,343.2,0.3148107398400336,0.2854340882222082
ClC(Cl)(Cl)Cl,CC(=O)c1ccccc1,293.2,0.5306282510621704,0.9900620417107452
CCO,CC(=O)c1ccccc1,293.2,1.2864740258376797,1.311501595809493
CCO,CC(=O)c1ccccc1,298.2,1.1939224684724346,1.2954374078500666
CO,CC(=O)c1ccccc1,293.2,1.244154593958768,1.3758833143676277
ClC(Cl)Cl,CC(=O)c1ccccc1,293.2,-0.5447271754416722,-1.1364498759524333
CCBr,CC(=O)c1ccccc1,293.2,0.1655144384775733,0.4221612631454741
CCI,CC(=O)c1ccccc1,293.2,0.3506568716131693,0.6254053703492327
CC#N,CC(=O)c1ccccc1,293.2,0.5007752879124892,0.5033213051960814
ClCCl,CC(=O)c1ccccc1,293.2,-0.4780358009429998,-0.650987191044495
S=C=S,CC(=O)c1ccccc1,293.2,0.7178397931503168,1.9353217508076856
OCc1ccccc1,CC(=O)c1ccccc1,473.2,0.0295588022415444,-0.0207374531992495
OCc1ccccc1,CC(=O)c1ccccc1,413.2,0.0295588022415444,-0.0248706142397361
CCCC(C)C,CC(=O)c1ccccc1,298.2,1.8825138324965192,2.299880569400095
CC(C)CC(C)C,CC(=O)c1ccccc1,298.2,2.0769384114617173,2.3045837740745925
CC1CCCCC1,CC(=O)c1ccccc1,293.2,1.5325568680981427,2.23078503841254
Cc1ccccc1,CC(=O)c1ccccc1,298.2,0.2311117209633866,0.5628365481383546
CCCCC,CC(=O)c1ccccc1,293.2,1.791759469228055,2.382015091898925
CCCCC,CC(=O)c1ccccc1,298.2,1.6544112780768316,2.3049412904512527
CCCCCC,CC(=O)c1ccccc1,293.2,1.922787731634459,2.305135651091385
CCCCCC,CC(=O)c1ccccc1,298.2,1.854734268389444,2.2292606785184312
CCCCCC,CC(=O)c1ccccc1,298.2,1.908059924924216,2.2292606785184312
CCCCCCCC,CC(=O)c1ccccc1,298.2,2.028148247292285,2.151299587092212
CCCCCCCC,CC(=O)c1ccccc1,298.2,2.149433913499871,2.151299587092212
CCCCCCCCC,CC(=O)c1ccccc1,298.2,2.277267285009756,2.117727919197632
C1COCCO1,CC(=O)c1ccccc1,298.2,-0.1508228897345836,-0.1907542732674545
CCCCCCC,CC(=O)c1ccccc1,293.2,2.0255131996542803,2.261002115934025
CCCCCCC,CC(=O)c1ccccc1,298.2,1.9960599327407849,2.1856067881466816
CC(C)C(C)C(C)C,CC(=O)c1ccccc1,298.2,2.05668455455722,2.199076200733158
CC(C)CCC(C)C,CC(=O)c1ccccc1,298.2,2.2353763433005955,2.2167220636717664
CCC1CCCCC1,CC(=O)c1ccccc1,298.2,1.809926773183504,2.1471748444782626
CC1=CCC2CC1C2(C)C,CCc1ccccc1,353.2,0.1739533071234379,0.2002097399918499
CC1=CCC2CC1C2(C)C,CCc1ccccc1,373.2,0.1570037488096647,0.1790900834335009
CCC#N,CCc1ccccc1,313.2,0.9707789171582248,0.9415630891534554
CCC#N,CCc1ccccc1,353.2,0.883767540168595,0.7521023492276908
CCC#N,CCc1ccccc1,393.2,0.8020015854720274,0.6131538424563302
Clc1ccccc1,CCc1ccccc1,293.2,-0.0100503358535014,0.0186561338028178
CCO,N#Cc1ccccc1,293.2,1.547562508716013,1.577955906101853
CCO,N#Cc1ccccc1,298.2,1.5238800240724537,1.55709832425981
CO,N#Cc1ccccc1,293.2,1.547562508716013,1.542675705184103
CCBr,N#Cc1ccccc1,293.2,0.2851789422336624,0.3630503616864558
ClCCl,N#Cc1ccccc1,293.2,-0.3566749439387324,-0.7698331968996365
S=C=S,N#Cc1ccccc1,293.2,0.8458682675776092,2.277967936762832
CCCC(C)C,N#Cc1ccccc1,298.2,1.867176108512809,2.306105375414277
CC(C)CC(C)C,N#Cc1ccccc1,298.2,2.063058062429312,2.2946246479902963
Cc1ccccc1,N#Cc1ccccc1,298.2,0.2700271372130602,0.6055648820462837
Cc1ccccc1,N#Cc1ccccc1,323.2,0.2851789422336624,0.5341289535506415
Cc1ccccc1,N#Cc1ccccc1,353.2,0.2776317365982795,0.4646732712690505
CCCCC,N#Cc1ccccc1,293.2,1.805004695978076,2.3929572769642578
CCCCC,N#Cc1ccccc1,298.2,1.6409365794934714,2.321048138867214
CCCCCC,N#Cc1ccccc1,293.2,1.8991179875485544,2.3467565237172483
CCCCCC,N#Cc1ccccc1,298.2,1.8325814637483104,2.275330385910717
CCCCCCCC,N#Cc1ccccc1,298.2,2.039920783517553,2.2213465261694063
CCCCCCCC,N#Cc1ccccc1,298.2,2.113842968397168,2.2213465261694063
CCCCCCCCC,N#Cc1ccccc1,298.2,2.2648832258100344,2.1974246982431573
C1COCCO1,N#Cc1ccccc1,298.2,-0.1984509387238383,0.1197466945613539
CCCCCCC,N#Cc1ccccc1,293.2,2.018895041811802,2.318263795848093
CCCCCCC,N#Cc1ccccc1,298.2,1.9712993830601329,2.2469023071994947
CC(C)C(C)C(C)C,N#Cc1ccccc1,298.2,2.066862759472976,2.237075526060172
CC(C)CCC(C)C,N#Cc1ccccc1,298.2,2.217027204632399,2.237770465619224
CCC1CCCCC1,N#Cc1ccccc1,298.2,1.8687205103641835,2.284346975535504
CCO,OCc1ccccc1,298.2,0.0198026272961797,0.093898597314008
CCC,OCc1ccccc1,298.2,2.081938421878423,5.608960615718392
CC(=O)c1ccccc1,OCc1ccccc1,413.2,0.0953101798043249,-0.0448455739898703
CC(=O)c1ccccc1,OCc1ccccc1,473.2,0.0198026272961797,-0.0313859896374622
CCCC(C)C,OCc1ccccc1,298.2,2.552565298261815,5.3141189156051
CC(C)CC(C)C,OCc1ccccc1,298.2,2.833213344056216,5.319459926419499
CC1CCCCC1,OCc1ccccc1,298.2,2.0856720914304723,5.132684128906403
Cc1ccccc1,OCc1ccccc1,298.2,1.0043016091968684,2.607991379187124
CCCCC,OCc1ccccc1,298.2,2.285438934159075,5.324377393016655
CCCCC,OCc1ccccc1,298.2,2.444952334280968,5.324377393016655
CCCCCC,OCc1ccccc1,298.2,2.551006451492524,5.235289762884705
CCCCCC,OCc1ccccc1,298.2,2.599722324216582,5.235289762884705
CCCCCCCC,OCc1ccccc1,298.2,2.920469789053444,5.146298095899991
CCCCCCCC,OCc1ccccc1,298.2,3.044522437723423,5.146298095899991
CCCCCCCCC,OCc1ccccc1,298.2,3.277522020300934,5.1105269928700725
C1COCCO1,OCc1ccccc1,298.2,-0.7550225842780328,-1.551627764593735
CCCCCCC,OCc1ccccc1,298.2,2.815408719422709,5.184047666015806
C1CCCC1,OCc1ccccc1,298.2,1.7715567619105357,5.129783009709472
CC(C)C(C)C(C)C,OCc1ccccc1,298.2,2.821973947420524,5.203973898169884
CC(C)CCC(C)C,OCc1ccccc1,298.2,3.0726933146901194,5.226264800109375
CCC1CCCCC1,OCc1ccccc1,298.2,2.5556757206762075,5.112340588798789
ClC(Cl)(Cl)Cl,Cc1ccc(C)cc1,293.2,-0.0725706928348353,-0.0446775156167246
CCO,Cc1ccc(C)cc1,298.2,2.747270914255491,1.911278361758876
CCO,Cc1ccc(C)cc1,313.2,2.739548868161581,1.8671097894391189
CO,Cc1ccc(C)cc1,313.2,2.996232148595642,2.4369763836905656
CC(C)=O,Cc1ccc(C)cc1,293.2,0.7561219797213337,0.7596907841211232
CCCO,Cc1ccc(C)cc1,313.2,2.301584592660462,1.4539040290797816
CCCCO,Cc1ccc(C)cc1,313.2,2.2491843162669305,1.205859193697194
CCBr,Cc1ccc(C)cc1,293.2,0.0,-0.0213489364703601
CCI,Cc1ccc(C)cc1,293.2,0.0295588022415444,0.0817872074332232
CC#N,Cc1ccc(C)cc1,293.2,1.6193882432872684,1.7326616744873828
ClCCl,Cc1ccc(C)cc1,293.2,-0.1625189294977749,-0.0354418335506756
S=C=S,Cc1ccc(C)cc1,293.2,0.0676586484738148,0.4674042331709148
CC(C)(C)O,Cc1ccc(C)cc1,313.2,1.9740810260220096,1.0165556504924116
CC(C)CO,Cc1ccc(C)cc1,313.2,2.1424163408412245,1.2375927880663191
CCCC(C)C,Cc1ccc(C)cc1,298.2,0.4574248470388755,0.4510882772741521
CC(C)CC(C)C,Cc1ccc(C)cc1,298.2,0.5068176023684519,0.4569772572268522
Cc1ccccc1,Cc1ccc(C)cc1,298.2,-0.0304592074847085,0.01814687084613
CCCCC,Cc1ccc(C)cc1,293.2,0.3920420877760237,0.463698422920309
CCCCC,Cc1ccc(C)cc1,298.2,0.378436435720245,0.4512544811939917
CCCCCC,Cc1ccc(C)cc1,293.2,0.3646431135879092,0.3924902605108115
CCCCCC,Cc1ccc(C)cc1,298.2,0.412109650826833,0.3812481735821304
CCCCCC,Cc1ccc(C)cc1,313.2,0.2231435513142097,0.3504862502960852
CCCCCC,Cc1ccc(C)cc1,313.2,0.3852624007906449,0.3504862502960852
CCCCCC,Cc1ccc(C)cc1,323.2,0.1823215567939546,0.3321594056917086
CCCCCC,Cc1ccc(C)cc1,333.2,0.131028262406404,0.3153464330047617
CCCCCCCC,Cc1ccc(C)cc1,298.2,0.3364722366212129,0.306478516019033
CCCCCCCC,Cc1ccc(C)cc1,298.2,0.4382549309311553,0.306478516019033
CCCCCCCC,Cc1ccc(C)cc1,313.2,0.3646431135879092,0.2778509506830748
CCCCCCCCC,Cc1ccc(C)cc1,298.2,0.5068176023684519,0.2721955091758825
C1COCCO1,Cc1ccc(C)cc1,298.2,0.2231435513142097,0.3026053242866975
CCCCCCCCCC,Cc1ccc(C)cc1,313.2,0.2700271372130602,0.2141957507313603
CCOC(C)=O,Cc1ccc(C)cc1,293.2,0.2851789422336624,0.3095133577471745
CCCCCCC,Cc1ccc(C)cc1,298.2,0.412109650826833,0.340321411194868
CCCCCCC,Cc1ccc(C)cc1,313.2,0.1988508587451651,0.3109937673805047
CCCCCCC,Cc1ccc(C)cc1,313.2,0.3435897043900768,0.3109937673805047
CCCCCCC,Cc1ccc(C)cc1,323.2,0.1570037488096647,0.2935490982865644
CCCCCCC,Cc1ccc(C)cc1,333.2,0.0953101798043249,0.2775653138144485
CC(C)CC(C)(C)C,Cc1ccc(C)cc1,313.2,0.4510756193602167,0.4408721685738683
CC(C)C(C)C(C)C,Cc1ccc(C)cc1,298.2,0.4700036292457356,0.3523490316944884
CC(C)CCC(C)C,Cc1ccc(C)cc1,298.2,0.5068176023684519,0.3688701285532751
CN1CCCC1=O,Cc1ccc(C)cc1,373.2,1.0224509277025455,0.5947879218595775
CN1CCCC1=O,Cc1ccc(C)cc1,473.2,0.688134638736401,0.4270831738843564
CCC1CCCCC1,Cc1ccc(C)cc1,298.2,0.3852624007906449,0.3108059064512072
ClC(Cl)(Cl)Cl,ClCCCl,293.2,0.6830968447064438,0.665183792323345
ClC(Cl)(Cl)Cl,ClCCCl,306.9,0.62057648772511,0.6112535303071234
ClC(Cl)(Cl)Cl,ClCCCl,313.2,0.598836501088704,0.588648174548115
ClC(Cl)(Cl)Cl,ClCCCl,318.4,0.5653138090500605,0.5709278959979568
ClC(Cl)(Cl)Cl,ClCCCl,328.2,0.5822156198526637,0.5396502167494929
ClC(Cl)(Cl)Cl,ClCCCl,337.2,0.5007752879124892,0.5131463338361708
ClC(Cl)(Cl)Cl,ClCCCl,355.0,0.4382549309311553,0.4661826752220883
CCO,ClCCCl,318.4,2.272125885509337,1.52069914834636
CCO,ClCCCl,337.2,1.9740810260220096,1.4494151411084653
CO,ClCCCl,318.4,2.2082744135228043,1.84189381783397
CO,ClCCCl,323.2,2.299580583973747,1.8215855674922925
CO,ClCCCl,337.2,1.935859813201812,1.7570135852212865
CO,ClCCCl,355.0,1.7047480922384253,1.6670547268314737
CC(C)=O,ClCCCl,354.7,-0.2484613592984996,-0.0538003165060352
CC(C)=O,ClCCCl,356.7,-0.1165338162559515,-0.0512332374077178
CC(C)=O,ClCCCl,337.2,-0.2484613592984996,-0.0790720107722824
CC(C)=O,ClCCCl,318.5,-0.2744368457017603,-0.1127779015938222
CC(C)=O,ClCCCl,293.2,-0.2744368457017603,-0.1733745610802971
ClC(Cl)Cl,ClCCCl,328.2,0.0295588022415444,0.0189610991879346
ClC(Cl)Cl,ClCCCl,293.2,0.0582689081239758,0.0096904679888209
CC(Cl)(Cl)Cl,ClCCCl,328.2,0.29266961396282,0.2587649631484102
CCBr,ClCCCl,293.2,0.1655144384775733,0.1224016772367869
CCI,ClCCCl,293.2,0.3220834991691132,0.2068520168805371
CC#N,ClCCCl,318.5,0.3852624007906449,0.5343702862369522
CC#N,ClCCCl,333.2,0.378436435720245,0.4963577073065593
CC#N,ClCCCl,343.9,0.371563556432483,0.4711354625995013
CC#N,ClCCCl,355.9,0.3576744442718159,0.4450297083397844
ClCCl,ClCCCl,293.2,0.0198026272961797,-0.0161883592657813
ClCCl,ClCCCl,328.2,0.048790164169432,-0.0147379146486157
S=C=S,ClCCCl,293.2,0.947789398933526,1.218449722874507
CC(Cl)Cl,ClCCCl,328.2,0.131028262406404,0.0048767799736474
ClC=C(Cl)Cl,ClCCCl,328.2,0.371563556432483,0.3039137324346579
CCCC(C)C,ClCCCl,298.2,1.631199404215613,1.3812792446057265
CC(C)CC(C)C,ClCCCl,298.2,1.7298840655099674,1.3576417901956257
CC1CCCCC1,ClCCCl,354.7,0.959350221334602,0.881556154201005
CCCCC,ClCCCl,293.2,1.5665304114228238,1.462219966362697
CCCCC,ClCCCl,298.2,1.5040773967762742,1.417544273780463
C1CCOC1,ClCCCl,343.2,-0.3285040669720361,-0.3194097667534025
C1CCOC1,ClCCCl,323.2,-0.371063681390832,-0.3774592154770098
C1CCOC1,ClCCCl,303.2,-0.4780358009429998,-0.4499895951968659
CCCCCC,ClCCCl,293.2,1.6174060820832772,1.3659208659048343
CCCCCC,ClCCCl,298.2,1.6428726885203375,1.3222006828553654
CCCCCC,ClCCCl,298.2,1.7047480922384253,1.3222006828553654
CCCCCC,ClCCCl,318.5,1.383791230901772,1.1643532485491344
CCCCCC,ClCCCl,337.2,1.2781522025001877,1.0422587672484516
CCCCCC,ClCCCl,354.2,1.1019400787607845,0.946795462349304
c1ccncc1,ClCCCl,354.3,-0.1165338162559515,-0.1342373733339918
c1ccncc1,ClCCCl,330.0,-0.1053605156578262,-0.1530875824393712
CCCCCCCC,ClCCCl,298.2,1.860974538249528,1.20119199693755
CCCCCCCCC,ClCCCl,298.2,1.9685099809725544,1.14879523620745
CCOC(C)=O,ClCCCl,318.4,-0.1863295781914934,-0.1709114852458425
CCCCCCC,ClCCCl,298.2,1.7578579175523736,1.2565656188213663
CCCCCCC,ClCCCl,318.5,1.4929040961781488,1.100178112856829
CCCCCCC,ClCCCl,337.2,1.3506671834767394,0.9792692249449114
CCCCCCC,ClCCCl,354.2,1.1314021114911006,0.8847724434786386
CC(C)CC(C)(C)C,ClCCCl,343.5,1.2325602611778486,1.0199694826621324
CC(C)C(C)C(C)C,ClCCCl,298.2,1.724550719534605,1.252564976683705
CC(C)CCC(C)C,ClCCCl,298.2,1.8180767775454283,1.2606536192620652
CCC1CCCCC1,ClCCCl,298.2,1.5973653311998313,1.2052964051606307
ClC(Cl)(Cl)Cl,CCC#N,293.2,1.144222799920162,1.882737156440237
ClC(Cl)Cl,CCC#N,293.2,-0.1165338162559515,-0.1671664259773314
CCBr,CCC#N,293.2,0.5481214085096876,0.8348372426212749
CCI,CCC#N,293.2,0.9858167945227654,1.240088482082076
ClCCl,CCC#N,293.2,-0.1984509387238383,-0.1066565519029102
S=C=S,CCC#N,293.2,1.706564623164823,2.9666308582910865
CCc1ccccc1,CCC#N,313.2,0.8586616190375187,1.060007753235059
CCc1ccccc1,CCC#N,353.2,0.7884573603642703,0.8404682142847408
CCc1ccccc1,CCC#N,393.2,0.6931471805599453,0.6803152986241142
CCCC(C)C,CCC#N,298.2,2.336986519711378,2.8450990572736554
CC(C)CC(C)C,CCC#N,298.2,2.5289235352047745,2.8151486453456567
CCCCC,CCC#N,293.2,2.1435893615035875,2.9711870121614137
CCCCC,CCC#N,298.2,2.048982334195127,2.877286346946515
CCCCCC,CCC#N,293.2,2.3978952727983707,2.9334560586763536
CCCCCC,CCC#N,298.2,2.392425796993835,2.8394463883304235
CCCCCC,CCC#N,298.2,2.322387720290225,2.8394463883304235
CCCCCC,CCC#N,313.2,2.624668592163159,2.5828251632393773
CCCCCC,CCC#N,333.2,2.0014800002101243,2.2909184712470005
CCCCCC,CCC#N,373.2,1.7047480922384253,1.8361395268201552
c1ccncc1,CCC#N,323.3,0.3074846997479607,0.3074390787645785
c1ccncc1,CCC#N,338.0,0.3293037471426003,0.2873471479828481
CCCCCCCC,CCC#N,298.2,2.8752581200861167,2.7819436806395705
CCCCCCCC,CCC#N,313.2,2.7936160894318567,2.523530416078244
CCCCCCCCC,CCC#N,298.2,3.112181086197238,2.756517225285342
CCOC(C)=O,CCC#N,293.2,0.3646431135879092,0.3127706089819257
CCCCCCC,CCC#N,298.2,2.6290069937617573,2.8104299822994765
CCCCCCC,CCC#N,313.2,2.6290069937617573,2.552981558757451
CC(C)C(C)C(C)C,CCC#N,298.2,2.6651427000909336,2.7838633874485508
CC(C)CCC(C)C,CCC#N,298.2,2.7206373166076814,2.7730760005202613
CCC1CCCCC1,CCC#N,298.2,2.6411978941143697,2.8718176856446687
COC(C)(C)C,CCCC(C)C,303.2,0.2231435513142097,0.3300184388650378
COC(C)(C)C,CCCC(C)C,323.2,0.1739533071234379,0.2958275311937779
CCCC(C)C,CCCC(C)=O,298.2,1.0818051703517284,1.288753909186196
CC(C)CC(C)C,CCCC(C)=O,298.2,1.1662709371419244,1.2726325029589227
CCCCC,CCCC(C)=O,298.2,0.947789398933526,1.303251997732917
CCCCCC,CCCC(C)=O,298.2,1.1019400787607845,1.2722658130965343
CCCCCCCC,CCCC(C)=O,298.2,1.308332819650179,1.22954228300236
CCCCCCCCC,CCCC(C)=O,298.2,1.4562867329399256,1.2086839325566954
CCCCCCC,CCCC(C)=O,298.2,1.2029723039923526,1.2514946502769122
CC(C)C(C)C(C)C,CCCC(C)=O,298.2,1.1908875647772803,1.232036232167147
CC(C)CCC(C)C,CCCC(C)=O,298.2,1.252762968495368,1.2258215983669798
CCC1CCCCC1,CCCC(C)=O,298.2,1.220829921392359,1.3262649635142592
CCO,CC(C)OC(C)C,298.2,1.536867219599265,1.023696994139187
Cc1ccccc1,CC(C)OC(C)C,298.2,0.2151113796169455,0.1139358269255741
CCCCCCCC,CC(C)OC(C)C,298.2,0.29266961396282,0.2214389863497463
C1COCCO1,CC(C)OC(C)C,298.2,0.7654678421395714,0.9849539610924752
CCCCCCC,CC(C)OC(C)C,313.2,0.0769610411361284,0.1983381800352747
CCCCCCC,CC(C)OC(C)C,323.2,0.0582689081239758,0.1876992493985823
CCCCCCC,CC(C)OC(C)C,333.2,0.0198026272961797,0.1779346034161712
CCCCCCC,CC(C)OC(C)C,343.2,0.048790164169432,0.168949094177608
CCO,Cc1cccc(O)c1,298.2,-1.2378743560016174,-1.577711083090301
Cc1ccccc1,Cc1cccc(O)c1,298.2,0.8544153281560676,0.0262193347311153
CCCCCCCC,Cc1cccc(O)c1,298.2,2.465553921272185,3.214080309334176
CCO,Brc1ccccc1,298.2,2.8437459165561094,1.827196092799062
Cc1ccccc1,Brc1ccccc1,298.2,0.009950330853168,0.0190229104868407
CCCCCCCC,Brc1ccccc1,298.2,0.9783261227936078,0.66574385307903
C1COCCO1,Brc1ccccc1,298.2,-0.0100503358535014,0.1061982385333522
CCO,CC1CCCCC1,313.2,3.3488509012899463,2.502755616323518
CCO,CC1CCCCC1,333.2,2.67000213346468,2.386473839847309
Cc1ccccc1,CC1CCCCC1,343.2,0.2851789422336624,0.3567586502227484
Cc1ccccc1,CC1CCCCC1,353.2,0.262364264467491,0.3378771143298484
COC(C)(C)C,CC1CCCCC1,313.2,0.3220834991691132,0.3136742170713546
COC(C)(C)C,CC1CCCCC1,333.2,0.2546422183735807,0.2827806868943502
ClC(Cl)(Cl)Cl,Cc1ccccc1,293.2,0.0198026272961797,0.019297902818001
ClC(Cl)(Cl)Cl,Cc1ccccc1,313.2,0.0676586484738148,0.0188531014289882
CCOCC,Cc1ccccc1,293.2,0.009950330853168,0.2083216621838704
CCOCC,Cc1ccccc1,293.2,0.0953101798043249,0.2083216621838704
CCOCC,Cc1ccccc1,293.2,0.1133286853070032,0.2083216621838704
CCOCC,Cc1ccccc1,303.2,0.009950330853168,0.2064702082537511
CCOCC,Cc1ccccc1,303.2,0.1133286853070032,0.2064702082537511
CCOCC,Cc1ccccc1,313.2,0.0198026272961797,0.2043438192770833
CCOCC,Cc1ccccc1,313.2,0.2151113796169455,0.2043438192770833
CCO,Cc1ccccc1,293.2,2.853015971352396,1.7440768019644983
CCO,Cc1ccccc1,293.2,3.0155349008501706,1.7440768019644983
CCO,Cc1ccccc1,293.2,2.8892600290434745,1.7440768019644983
CCO,Cc1ccccc1,293.2,2.91235066461494,1.7440768019644983
CCO,Cc1ccccc1,293.2,2.9391619220655967,1.7440768019644983
CCO,Cc1ccccc1,298.2,2.7363136663750693,1.7339060488096203
CCO,Cc1ccccc1,301.5,2.7013612129514133,1.7261130122701136
CCO,Cc1ccccc1,301.8,2.70805020110221,1.725364467420409
CCO,Cc1ccccc1,303.2,2.827905162910489,1.7217860409271293
CCO,Cc1ccccc1,303.2,2.797281334830153,1.7217860409271293
CCO,Cc1ccccc1,303.2,2.719319793360441,1.7217860409271293
CCO,Cc1ccccc1,303.2,2.6878474937846906,1.7217860409271293
CCO,Cc1ccccc1,313.2,2.7013612129514133,1.692477899461614
CCO,Cc1ccccc1,313.2,2.644755350729896,1.692477899461614
CCO,Cc1ccccc1,313.2,2.602689685444384,1.692477899461614
CCO,Cc1ccccc1,313.2,2.379546134130174,1.692477899461614
CCO,Cc1ccccc1,323.2,2.468099531471619,1.6575912192980118
CCO,Cc1ccccc1,323.2,2.4423470353692043,1.6575912192980118
CCO,Cc1ccccc1,333.2,2.295560478057081,1.618375580877333
CCO,Cc1ccccc1,334.0,2.2082744135228043,1.615084563228811
CCO,Cc1ccccc1,334.2,2.2192034840549946,1.6142586230965472
CCO,Cc1ccccc1,342.7,1.9387416595767009,1.5780882499198592
CCO,Cc1ccccc1,353.7,1.8082887711792648,1.5287883998500578
CCO,Cc1ccccc1,354.2,1.840549633397487,1.5264958163796118
CCO,Cc1ccccc1,381.0,1.47932922708708,1.400011489843913
CO,Cc1ccccc1,293.2,3.0204248861443626,2.254156019084842
CO,Cc1ccccc1,293.2,3.064325065019603,2.254156019084842
CO,Cc1ccccc1,293.2,3.094219220268645,2.254156019084842
CO,Cc1ccccc1,293.2,3.139832617527748,2.254156019084842
CO,Cc1ccccc1,293.2,3.2347491740244907,2.254156019084842
CO,Cc1ccccc1,303.2,2.9172300453990334,2.2226661801277072
CO,Cc1ccccc1,303.2,2.9444389791664403,2.2226661801277072
CO,Cc1ccccc1,303.2,3.054001181677967,2.2226661801277072
CO,Cc1ccccc1,313.2,2.8535925063928684,2.180452557085033
CO,Cc1ccccc1,313.2,2.856470206220483,2.180452557085033
CO,Cc1ccccc1,313.2,2.8678989020441064,2.180452557085033
CO,Cc1ccccc1,323.2,2.714694743820879,2.12973185395894
CO,Cc1ccccc1,381.0,1.6094379124341005,1.7513864296896042
CO,Cc1ccccc1,382.2,1.763017000362401,1.7429226327971865
CC(C)O,Cc1ccccc1,293.2,2.5832425505088623,1.4076944396182576
CC(C)O,Cc1ccccc1,293.2,2.604170070614818,1.4076944396182576
CC(C)O,Cc1ccccc1,303.2,2.423031246069913,1.3840980209291722
CC(C)O,Cc1ccccc1,313.2,2.35232718488886,1.3566357410908914
CC(C)=O,Cc1ccccc1,293.2,0.7839015438284094,0.6566724439703662
CC(C)=O,Cc1ccccc1,293.2,0.6830968447064438,0.6566724439703662
CC(C)=O,Cc1ccccc1,293.2,0.6780335427498971,0.6566724439703662
CC(C)=O,Cc1ccccc1,293.2,0.6678293725756554,0.6566724439703662
CC(C)=O,Cc1ccccc1,303.2,0.6729444732424258,0.6304272543320061
CC(C)=O,Cc1ccccc1,303.2,0.6575200029167941,0.6304272543320061
CC(C)=O,Cc1ccccc1,313.2,0.7323678937132266,0.6058722970900854
CC(C)=O,Cc1ccccc1,313.2,0.5596157879354227,0.6058722970900854
ClC(Cl)Cl,Cc1ccccc1,318.2,-0.2484613592984996,-0.305995943298966
ClC(Cl)Cl,Cc1ccccc1,313.2,-0.1863295781914934,-0.3182434003759145
ClC(Cl)Cl,Cc1ccccc1,303.2,-0.1392620673335076,-0.3449586066761196
ClC(Cl)Cl,Cc1ccccc1,293.2,-0.4004775665971252,-0.3750205996134536
ClC(Cl)Cl,Cc1ccccc1,293.2,-0.0943106794712412,-0.3750205996134536
CCCO,Cc1ccccc1,293.2,2.766319109226186,1.365058218465077
CCCO,Cc1ccccc1,303.2,2.617395832834079,1.3457808829172455
CCCO,Cc1ccccc1,313.2,2.4336133554004498,1.3217689882800678
CCCO,Cc1ccccc1,323.2,2.2925347571405443,1.2940284423462838
CCCCO,Cc1ccccc1,353.2,1.547562508716013,0.9812932465257936
CCCCO,Cc1ccccc1,363.2,1.410986973710262,0.9522463690850558
CCCCO,Cc1ccccc1,373.2,1.2864740258376797,0.9230327687998924
CCCCO,Cc1ccccc1,383.2,1.1568811967920856,0.8939033822130795
CCCCCO,Cc1ccccc1,353.2,1.42791603581071,0.8254280457421275
CCCCCO,Cc1ccccc1,363.2,1.289232648276759,0.7992703930742185
CCCCCO,Cc1ccccc1,373.2,1.1631508098056809,0.7732269194833433
CCCCCO,Cc1ccccc1,383.2,1.0647107369924282,0.7474792299819527
CCBr,Cc1ccccc1,293.2,-0.0202027073175194,0.0269390456326925
CCI,Cc1ccccc1,293.2,0.0582689081239758,0.0237188213378477
CC#N,Cc1ccccc1,293.2,1.3862943611198906,1.516229405475126
CC#N,Cc1ccccc1,293.2,1.324418957401803,1.516229405475126
CC#N,Cc1ccccc1,343.2,1.2412685890696329,1.1282308067077154
CC#N,Cc1ccccc1,393.2,1.085189268335969,0.8605999484472017
ClCCl,Cc1ccccc1,293.2,-0.1863295781914934,-0.0488621076605786
ClCCl,Cc1ccccc1,293.2,-0.1863295781914934,-0.0488621076605786
ClCCl,Cc1ccccc1,293.2,-0.1625189294977749,-0.0488621076605786
ClCCl,Cc1ccccc1,298.2,-0.2107210313156525,-0.048889006610148
ClCCl,Cc1ccccc1,303.2,-0.1743533871447778,-0.0489906592481413
ClCCl,Cc1ccccc1,313.2,0.0,-0.0493880368476622
ClCCl,Cc1ccccc1,347.9,-0.1278333715098848,-0.0521787556130249
S=C=S,Cc1ccccc1,293.2,0.2390169004704999,0.4112737016835157
CC(C)(C)O,Cc1ccccc1,313.2,1.8421356765531216,0.92340607809515
CC(C)CO,Cc1ccccc1,313.2,2.178155014615869,1.145223151618749
CC1=CCC2CC1C2(C)C,Cc1ccccc1,353.2,0.1906203596086497,0.1871200825185136
CC1=CCC2CC1C2(C)C,Cc1ccccc1,373.2,0.1823215567939546,0.1637525285975461
N#Cc1ccccc1,Cc1ccccc1,323.2,0.5247285289349821,0.3953886563777335
N#Cc1ccccc1,Cc1ccccc1,353.2,0.5007752879124892,0.3496246603959206
ClCCCl,Cc1ccccc1,342.7,-0.0512932943875505,0.1136604101112846
ClCCCl,Cc1ccccc1,380.9,-0.0304592074847085,0.0927003414333132
CCC#N,Cc1ccccc1,293.2,0.9707789171582248,0.8506588184888475
CCCC(C)C,Cc1ccccc1,298.2,0.6043159668533296,0.6003886736476517
CC(C)CC(C)C,Cc1ccccc1,298.2,0.6523251860396901,0.5962470890417254
CC1CCCCC1,Cc1ccccc1,343.2,0.3220834991691132,0.3111671227445957
CC1CCCCC1,Cc1ccccc1,353.2,0.3074846997479607,0.2942324303272799
CCCCC,Cc1ccccc1,293.2,0.494696241836107,0.6338161090384532
CCCCC,Cc1ccccc1,293.2,0.5877866649021191,0.6338161090384532
CCCCC,Cc1ccccc1,293.2,0.6043159668533296,0.6338161090384532
CCCCC,Cc1ccccc1,293.2,0.6151856390902335,0.6338161090384532
CCCCC,Cc1ccccc1,298.2,0.5187937934151675,0.616825138359153
CCCCC,Cc1ccccc1,303.2,0.4762341789963717,0.6005976843567343
CCCCC,Cc1ccccc1,303.2,0.5766133643039938,0.6005976843567343
CCCCC,Cc1ccccc1,313.2,0.4574248470388755,0.5702489111517661
CCCCC,Cc1ccccc1,313.2,0.6678293725756554,0.5702489111517661
CCCCCC,Cc1ccccc1,293.2,0.5538851132264376,0.5334951143410553
CCCCCC,Cc1ccccc1,293.2,0.5877866649021191,0.5334951143410553
CCCCCC,Cc1ccccc1,293.2,0.6259384308664954,0.5334951143410553
CCCCCC,Cc1ccccc1,293.2,0.7419373447293773,0.5334951143410553
CCCCCC,Cc1ccccc1,298.2,0.5538851132264376,0.517930421569608
CCCCCC,Cc1ccccc1,303.2,0.5709795465857378,0.5030821914605327
CCCCCC,Cc1ccccc1,303.2,0.6151856390902335,0.5030821914605327
CCCCCC,Cc1ccccc1,313.2,0.4824261492442928,0.4753597188374545
CCCCCC,Cc1ccccc1,313.2,0.6575200029167941,0.4753597188374545
c1ccncc1,Cc1ccccc1,293.2,0.5128236264286637,0.4526116281765665
c1ccncc1,Cc1ccccc1,298.2,0.6471032420585384,0.4396699867997197
c1ccncc1,Cc1ccccc1,298.2,0.4824261492442928,0.4396699867997197
c1ccncc1,Cc1ccccc1,303.2,0.5653138090500605,0.427132651198723
c1ccncc1,Cc1ccccc1,303.2,0.4637340162321402,0.427132651198723
c1ccncc1,Cc1ccccc1,308.2,0.4637340162321402,0.4149905167510862
c1ccncc1,Cc1ccccc1,313.2,0.4700036292457356,0.4032338607604299
c1ccncc1,Cc1ccccc1,313.2,0.4382549309311553,0.4032338607604299
c1ccncc1,Cc1ccccc1,323.2,0.3920420877760237,0.380835987815824
c1ccncc1,Cc1ccccc1,333.2,0.371563556432483,0.3598546516128624
c1ccncc1,Cc1ccccc1,373.2,0.29266961396282,0.2883965986405574
CCCCCCCC,Cc1ccccc1,298.2,0.5247285289349821,0.4039359356095922
CCCCCCCC,Cc1ccccc1,298.2,0.5596157879354227,0.4039359356095922
CCCCCCCC,Cc1ccccc1,333.2,0.3920420877760237,0.3191124972657463
CCCCCCCCC,Cc1ccccc1,298.2,0.6097655716208943,0.3537474415320811
C1COCCO1,Cc1ccccc1,298.2,0.1397619423751586,0.110541021057775
CCOC(C)=O,Cc1ccccc1,293.2,0.2468600779315258,0.2520058502779674
CCOC(C)=O,Cc1ccccc1,342.7,0.1484200051182732,0.2207456249322023
CCOC(C)=O,Cc1ccccc1,362.7,0.1906203596086497,0.209691012766627
CCOC(C)=O,Cc1ccccc1,380.9,0.1823215567939546,0.2003564511592212
CCCCCCC,Cc1ccccc1,298.2,0.5653138090500605,0.455110004100079
CC(C)CC(C)(C)C,Cc1ccccc1,313.2,0.598836501088704,0.5626242734958031
CC(C)C(C)C(C)C,Cc1ccccc1,298.2,0.62057648772511,0.4680799840565529
CC(C)CCC(C)C,Cc1ccccc1,298.2,0.6471032420585384,0.4873240464239277
COC(=O)OC,Cc1ccccc1,318.2,0.5364933705145685,0.3693845882529606
CN1CCCC1=O,Cc1ccccc1,363.3,0.8415671856782185,0.3156270793733446
CN1CCCC1=O,Cc1ccccc1,383.4,0.904218150639886,0.2991287339306036
CCC1CCCCC1,Cc1ccccc1,298.2,0.494696241836107,0.3790093602973277
CCO,Clc1ccccc1,298.2,2.746629683069685,1.7919507325204285
CO,Clc1ccccc1,328.2,2.6490076604684267,2.104690195263712
CC(C)=O,Clc1ccccc1,313.2,0.4446858212614457,0.5837348464299735
CC(C)=O,Clc1ccccc1,353.2,0.412109650826833,0.496774690477716
CC(C)=O,Clc1ccccc1,386.7,0.3987761199573678,0.4396730361386399
CC#N,Clc1ccccc1,293.2,1.2584609896100056,1.309019855679966
CC#N,Clc1ccccc1,328.2,1.172482137234565,1.0650789465024595
CC#N,Clc1ccccc1,343.2,1.1118575154181305,0.9786477316558752
CC#N,Clc1ccccc1,393.2,0.9895411936137476,0.7487544790864455
ClCCl,Clc1ccccc1,398.1,0.0676586484738148,-0.1259527028321244
ClCCl,Clc1ccccc1,348.0,0.048790164169432,-0.1454616953883149
ClCCl,Clc1ccccc1,298.0,0.0676586484738148,-0.1802967709739402
CCc1ccccc1,Clc1ccccc1,293.2,0.009950330853168,0.0170438890709745
CCCC(C)C,Clc1ccccc1,298.2,0.8458682675776092,0.756033168338419
CC(C)CC(C)C,Clc1ccccc1,298.2,0.9122827104766164,0.7494517291993377
Cc1ccccc1,Clc1ccccc1,298.2,-0.0408219945202551,0.0161210729364224
CCCCC,Clc1ccccc1,298.2,0.7654678421395714,0.7761061624794621
CCCCCC,Clc1ccccc1,298.2,0.7975071958841882,0.6727854949936193
CCCCCCCC,Clc1ccccc1,298.2,0.7839015438284094,0.5525534540725724
CCCCCCCC,Clc1ccccc1,298.2,0.8241754429663494,0.5525534540725724
CCCCCCCCC,Clc1ccccc1,298.2,0.7793248768009977,0.500011787154232
C1COCCO1,Clc1ccccc1,298.2,-0.0618754037180875,0.1215533129646814
CCOC(C)=O,Clc1ccccc1,313.2,0.0676586484738148,0.2437876109941298
CCOC(C)=O,Clc1ccccc1,353.2,0.1133286853070032,0.2131987071073368
CCOC(C)=O,Clc1ccccc1,393.2,0.131028262406404,0.1891928420822849
CCCCCCC,Clc1ccccc1,298.2,0.7975071958841882,0.6064634544768074
CC(C)C(C)C(C)C,Clc1ccccc1,298.2,0.85015092936961,0.6189089294417651
CC(C)CCC(C)C,Clc1ccccc1,298.2,0.9082585601768908,0.6381195697855452
CCC1CCCCC1,Clc1ccccc1,298.2,0.6830968447064438,0.5239655741209568
ClC(Cl)(Cl)Cl,O=C1CCCCC1,293.2,0.0953101798043249,0.38944864613586
CCO,O=C1CCCCC1,298.2,0.7227059828014898,0.7669109679642967
CC(C)=O,O=C1CCCCC1,293.2,0.2311117209633866,0.2217183660097839
ClC(Cl)Cl,O=C1CCCCC1,293.2,-1.171182981502945,-2.221735011769809
CCBr,O=C1CCCCC1,293.2,-0.0408219945202551,0.022412806633013
CCI,O=C1CCCCC1,293.2,0.1222176327242491,0.2315474156524864
CC#N,O=C1CCCCC1,293.2,0.3576744442718159,0.3772542371052519
ClCCl,O=C1CCCCC1,293.2,-0.941608539858445,-1.3447797222935978
S=C=S,O=C1CCCCC1,293.2,0.6259384308664954,1.4741964031604349
CCCC(C)C,O=C1CCCCC1,298.2,1.43746264769429,1.7574518110872126
CC(C)CC(C)C,O=C1CCCCC1,298.2,1.5303947050936475,1.7469516163490475
Cc1ccccc1,O=C1CCCCC1,298.2,0.009950330853168,0.1590953784076065
CCCCC,O=C1CCCCC1,293.2,1.3787660946990992,1.8276499061368865
CCCCC,O=C1CCCCC1,298.2,1.3056264580524355,1.7738278774144147
CCCCCC,O=C1CCCCC1,293.2,1.4951487660319729,1.7640163974536245
CCCCCC,O=C1CCCCC1,298.2,1.4586150226995167,1.7109762603413068
CCCCCCCC,O=C1CCCCC1,298.2,1.5769147207285403,1.6361894798550425
CCCCCCCC,O=C1CCCCC1,298.2,1.673351238177753,1.6361894798550425
CCCCCCCCC,O=C1CCCCC1,298.2,1.7850704810772584,1.6028661526341963
C1COCCO1,O=C1CCCCC1,298.2,0.0392207131532813,0.0444003040389905
CCOC(C)=O,O=C1CCCCC1,293.2,0.2311117209633866,0.0831388803205205
CCCCCCC,O=C1CCCCC1,298.2,1.574846467664481,1.6709019359714623
CC(C)C(C)C(C)C,O=C1CCCCC1,298.2,1.5390154481375546,1.6670482937851483
CC(C)CCC(C)C,O=C1CCCCC1,298.2,1.6272778305624314,1.6729098114941952
CCC1CCCCC1,O=C1CCCCC1,298.2,1.3762440252663892,1.6739057741004764
ClC(Cl)(Cl)Cl,Oc1ccccc1,323.2,1.2237754316221157,3.3155214399472657
ClC(Cl)(Cl)Cl,Oc1ccccc1,328.2,1.5173226235262949,3.1887659639305967
ClC(Cl)(Cl)Cl,Oc1ccccc1,343.2,1.4327007339340465,2.846692798720874
ClC(Cl)(Cl)Cl,Oc1ccccc1,358.2,1.4060969884160703,2.553690595616268
ClC(Cl)(Cl)Cl,Oc1ccccc1,373.2,1.358409157630355,2.30109159054206
ClC(Cl)Cl,Oc1ccccc1,323.2,0.5596157879354227,2.593516079041968
CCBr,Oc1ccccc1,323.2,0.7178397931503168,2.3896315374608155
CCI,Oc1ccccc1,323.2,0.8754687373538999,2.22947805740332
ClCCl,Oc1ccccc1,323.2,0.5364933705145685,2.0837111028015767
S=C=S,Oc1ccccc1,323.2,1.1631508098056809,4.039241260140594
CC1CCCC1,Oc1ccccc1,328.2,2.2364452904895007,4.141037918891711
CC1CCCC1,Oc1ccccc1,343.2,2.1126345090356,3.7013115931079215
CC1CCCC1,Oc1ccccc1,358.2,2.0412203288596382,3.324437995045521
CC1CCCC1,Oc1ccccc1,373.2,2.033397603178429,2.9993038525152333
Cc1ccc(C)cc1,Oc1ccccc1,343.2,1.249901736214336,2.0957490387036426
Cc1ccc(C)cc1,Oc1ccccc1,358.2,1.181727195378616,1.8760576065627497
Cc1ccc(C)cc1,Oc1ccccc1,373.2,1.169381359556317,1.6866318821124846
ClCCCl,Oc1ccccc1,323.2,0.5423242908253617,2.041289773027467
ClCCCl,Oc1ccccc1,328.2,0.8796267475025636,1.969051395430238
ClCCCl,Oc1ccccc1,343.2,0.7608058290337602,1.7726877667733096
ClCCCl,Oc1ccccc1,358.2,0.7080357930536959,1.60271320365632
ClCCCl,Oc1ccccc1,373.2,0.7080357930536959,1.4547188008755894
CC1CCCCC1,Oc1ccccc1,323.2,2.322387720290225,4.291085464272914
CC1CCCCC1,Oc1ccccc1,328.2,2.3580197998821464,4.127877151125308
CC1CCCCC1,Oc1ccccc1,343.2,2.244955980157409,3.6872407630985142
CC1CCCCC1,Oc1ccccc1,358.2,2.157559320943788,3.30953341899513
CC1CCCCC1,Oc1ccccc1,373.2,2.134166441369082,2.9836340334091247
Cc1ccccc1,Oc1ccccc1,323.2,0.9631743177730056,2.105030145862329
Cc1ccccc1,Oc1ccccc1,328.2,1.2383742310432684,2.0242673162033498
Cc1ccccc1,Oc1ccccc1,343.2,1.0986122886681098,1.806133155682669
Cc1ccccc1,Oc1ccccc1,358.2,1.0612565021243408,1.6190822317252698
Cc1ccccc1,Oc1ccccc1,373.2,1.043804052173115,1.4576725613859547
CCCCC,Oc1ccccc1,323.2,2.388762789235098,4.45998715192423
CCCCCl,Oc1ccccc1,328.2,1.3029127521808397,2.749840760269138
CCCCCl,Oc1ccccc1,343.2,1.205970806988609,2.457949645027876
CCCCCl,Oc1ccccc1,358.2,1.1786549963416462,2.2074278374479883
CCCCCl,Oc1ccccc1,373.2,1.1568811967920856,1.99105438213541
CCCCCC,Oc1ccccc1,298.2,2.862200880929469,5.353904432847791
CCCCCC,Oc1ccccc1,323.2,2.5649493574615367,4.378221408586233
CCCCCC,Oc1ccccc1,328.2,2.6651427000909336,4.21356295551332
CCCCCC,Oc1ccccc1,333.2,2.4849066497880004,4.057482814073493
CCCCCC,Oc1ccccc1,343.2,2.553343811341229,3.768829569798308
CCCCCC,Oc1ccccc1,358.2,2.4932054526026954,3.387368551562292
CCCCCC,Oc1ccccc1,373.2,2.163323025660538,3.0580177216075297
CCCCCC,Oc1ccccc1,373.2,2.4595888418037104,3.0580177216075297
CCCCCCCC,Oc1ccccc1,328.2,2.995232148512309,4.125093422735845
CCCCCCCC,Oc1ccccc1,343.2,2.831447079246135,3.680323896321198
CCCCCCCC,Oc1ccccc1,358.2,2.714694743820879,3.2988350575676124
CCCCCCCC,Oc1ccccc1,373.2,2.649714624089247,2.9694666025873078
CCCCCCCCCC,Oc1ccccc1,418.2,2.1838015570040787,2.1428454935155283
CCCCCCCCCC,Oc1ccccc1,433.2,2.1041341542702074,1.9485096933779056
CCCCCCC,Oc1ccccc1,323.2,2.734367509419584,4.328227479671937
CCCCCCC,Oc1ccccc1,328.2,2.837908188360424,4.163689847013501
CCCCCCC,Oc1ccccc1,343.2,2.696652156149841,3.7192979477869104
CCCCCCC,Oc1ccccc1,358.2,2.6004649904222727,3.338151649704873
CCCCCCC,Oc1ccccc1,373.2,2.550226115908643,3.009093459486546
C1CCCCCC1,Oc1ccccc1,328.2,2.180417459019838,4.132367298600597
C1CCCCCC1,Oc1ccccc1,343.2,2.065596134857783,3.692212601915255
C1CCCCCC1,Oc1ccccc1,358.2,2.004179057179289,3.3149464078252637
C1CCCCCC1,Oc1ccccc1,373.2,1.9851308622085944,2.989451908585959
CCC1CCCCC1,Oc1ccccc1,328.2,2.5079719227189963,4.102474366700123
CCC1CCCCC1,Oc1ccccc1,343.2,2.365559892155434,3.661244877365827
CCC1CCCCC1,Oc1ccccc1,358.2,2.281361456542419,3.282995519432214
CCC1CCCCC1,Oc1ccccc1,373.2,2.201659174404085,2.9566004427065966
CCO,CCCCC,309.7,3.8501476017100575,2.213546970589711
CCO,CCCCC,310.2,3.901972669574645,2.211568620906092
CCO,CCCCC,323.7,3.49650756146648,2.151042716542765
CCO,CCCCC,338.7,3.044522437723423,2.071158072444266
CCO,CCCCC,339.2,3.1354942159291497,2.0683219616156725
CC(C)=O,CCCCC,238.2,2.948116419612328,2.3713155689758443
CC(C)=O,CCCCC,258.2,2.7800607370784824,2.077481750602237
CC(C)=O,CCCCC,298.2,2.0781907597781832,1.6424475393257143
CC(C)=O,CCCCC,303.2,1.955860479908481,1.5985810473914082
ClCCl,CCCCC,298.2,0.959350221334602,1.2037993460997092
ClCCl,CCCCC,348.2,0.6626879730752367,0.9041413089574136
ClCCl,CCCCC,398.2,0.4574248470388755,0.6968629042223602
CCCC(C)C,CCCCC,298.2,-0.0202027073175194,-0.0080484966407004
CC(C)CC(C)C,CCCCC,298.2,0.1133286853070032,-0.0271306013354671
Cc1ccccc1,CCCCC,298.2,0.6626879730752367,0.6464338272551178
CCCCC,CCCCC,298.2,0.048790164169432,0.0
C1CCOC1,CCCCC,313.2,0.7839015438284094,0.7109176235114215
CCCCCC,CCCCC,298.2,0.1133286853070032,0.004911456880681
CCCCCCCC,CCCCC,298.2,0.1988508587451651,-0.0011606374100847
CCCCCCCC,CCCCC,298.2,0.1655144384775733,-0.0011606374100847
CCCCCCCCC,CCCCC,298.2,0.1906203596086497,-0.0085114164203799
C1COCCO1,CCCCC,298.2,1.5602476682433286,1.5827968947949351
CCCCCCC,CCCCC,298.2,0.131028262406404,0.0062834315618924
CC(C)C(C)C(C)C,CCCCC,298.2,0.1988508587451651,-0.0280835206008424
CC(C)CCC(C)C,CCCCC,298.2,0.1484200051182732,-0.046146964069237
CCC1CCCCC1,CCCCC,298.2,0.3364722366212129,0.1574582893297296
CC(C)=O,CCCCCl,293.2,0.5306282510621704,0.6112319866484914
CC(C)=O,CCCCCl,309.5,0.4824261492442928,0.5625734466063356
CC(C)=O,CCCCCl,326.7,0.4252677354043441,0.5176623772907605
CC(C)=O,CCCCCl,343.2,0.3506568716131693,0.4797200552812247
CC(C)=O,CCCCCl,350.8,0.3364722366212129,0.463701626817345
ClC(Cl)Cl,CCCCCl,293.2,-0.0725706928348353,-0.2181492640839183
CCBr,CCCCCl,293.2,0.0198026272961797,-0.0113204889580302
CCI,CCCCCl,293.2,0.2546422183735807,0.163736130718944
CC#N,CCCCCl,323.2,1.5496879080283263,1.3215357155258192
CC#N,CCCCCl,348.2,1.3812818192963463,1.1377567001033475
ClCCl,CCCCCl,293.2,0.0198026272961797,0.0824120478073984
S=C=S,CCCCCl,293.2,0.4446858212614457,0.8157631079352319
CCCCCC,CCCCCl,293.2,0.5481214085096876,0.4928220894857448
c1ccncc1,CCCCCl,349.3,0.3220834991691132,0.4950858089467648
CCOC(C)=O,CCCCCl,323.2,0.2231435513142097,0.164554200070842
CCOC(C)=O,CCCCCl,348.2,0.2070141693843261,0.1489013958704424
CCO,CCCC#N,278.2,1.463255402256019,1.440081296117517
CCO,CCCC#N,288.2,1.358409157630355,1.4013752667680417
CCO,CCCC#N,293.2,1.3217558399823195,1.381500736230537
CCO,CCCC#N,298.2,1.252762968495368,1.3613595535289522
CCO,CCCC#N,298.2,1.2669476034873244,1.3613595535289522
CCO,CCCC#N,303.2,1.2119409739751128,1.3410085245414909
CCO,CCCC#N,308.2,1.181727195378616,1.320500993342357
CCO,CCCC#N,313.2,1.1378330018213911,1.299886721412871
CCO,CCCC#N,323.2,1.075002423028976,1.258518911440227
CO,CCCC#N,278.2,1.3887912413184778,1.280444405534423
CO,CCCC#N,288.2,1.324418957401803,1.26001977799821
CO,CCCC#N,298.2,1.229640551074514,1.234403760548515
CO,CCCC#N,308.2,1.1568811967920856,1.204646470429844
CO,CCCC#N,318.2,1.0715836162801904,1.171675726982878
CC(C)O,CCCC#N,278.2,1.5953389880545987,1.5518056200630106
CC(C)O,CCCC#N,288.2,1.4060969884160703,1.4919770574492337
CC(C)O,CCCC#N,293.2,1.3270750014599193,1.4629105634285156
CC(C)O,CCCC#N,298.2,1.249901736214336,1.4344050062251017
CC(C)O,CCCC#N,303.2,1.1908875647772803,1.4064574266963386
CC(C)O,CCCC#N,308.2,1.1346227261911428,1.3790647769899227
CC(C)O,CCCC#N,313.2,1.0681530811834012,1.3522237624461728
CC(C)O,CCCC#N,323.2,1.0043016091968684,1.3001816000131423
CCCO,CCCC#N,278.2,1.3937663759585917,1.5995560611023951
CCCO,CCCC#N,288.2,1.3297240096314962,1.5335285377417778
CCCO,CCCC#N,293.2,1.2725655957915476,1.5017136323147475
CCCO,CCCC#N,298.2,1.199964782928397,1.4706719056943205
CCCO,CCCC#N,303.2,1.1631508098056809,1.44038510593139
CCCO,CCCC#N,308.2,1.1314021114911006,1.4108357575025228
CCCO,CCCC#N,313.2,1.0784095813505905,1.3820070000278375
CCCO,CCCC#N,323.2,1.0331844833456545,1.3264461721358138
CCCCO,CCCC#N,278.2,1.724550719534605,1.5023670410226506
CCCCO,CCCC#N,288.2,1.667706820558076,1.4376118778919973
CCCCO,CCCC#N,293.2,1.6370530794670737,1.4065137941825476
CCCCO,CCCC#N,298.2,1.603419840108537,1.376235710979663
CCCCO,CCCC#N,303.2,1.5851452198650555,1.3467545792828486
CCCCO,CCCC#N,308.2,1.534714366238164,1.318048435517845
CCCCO,CCCC#N,313.2,1.4996230464268938,1.290096226713898
CCCCO,CCCC#N,323.2,1.4398351280479205,1.2363731557862434
CC(C)(C)O,CCCC#N,298.2,1.0508216248317612,1.182892066318033
CC(C)(C)O,CCCC#N,303.2,1.0260415958332745,1.1568533556227785
CC(C)(C)O,CCCC#N,308.2,0.9707789171582248,1.131512964660046
CC(C)(C)O,CCCC#N,313.2,0.8878912573524571,1.1068525722158655
CC(C)(C)O,CCCC#N,318.2,0.85015092936961,1.0828543412558398
CC(C)(C)O,CCCC#N,323.2,0.8329091229351039,1.0595008555820635
CC(C)CO,CCCC#N,278.2,1.7526720805200082,1.4968760252826665
CC(C)CO,CCCC#N,288.2,1.4422019930581866,1.4296500287580771
CC(C)CO,CCCC#N,293.2,1.275362800412609,1.3975148966156596
CC(C)CO,CCCC#N,298.2,1.2383742310432684,1.3663184610927075
CC(C)CO,CCCC#N,303.2,1.1786549963416462,1.3360282610695222
CC(C)CO,CCCC#N,308.2,1.091923300517313,1.3066135099313725
CC(C)CO,CCCC#N,313.2,1.0543120297715298,1.2780449052588327
CC(C)CO,CCCC#N,323.2,0.959350221334602,1.223335427597852
CCC(C)O,CCCC#N,278.2,1.501852701754163,1.5956891523245778
CCC(C)O,CCCC#N,288.2,1.297463147413275,1.5206337941504464
CCC(C)O,CCCC#N,293.2,1.2267122912954254,1.484910875227543
CCC(C)O,CCCC#N,298.2,1.1410330045520618,1.4503263577668308
CCC(C)O,CCCC#N,303.2,1.128171090909654,1.4168351533974717
CCC(C)O,CCCC#N,308.2,1.0647107369924282,1.3843946373987075
CCC(C)O,CCCC#N,313.2,1.000631880307906,1.352964420270856
CCC(C)O,CCCC#N,323.2,0.9082585601768908,1.2929833495476528
CCCC(C)C,CCCC#N,298.2,1.8309801823813363,2.3527694202127662
CC(C)CC(C)C,CCCC#N,298.2,1.972691171732956,2.3271712683211363
Cc1ccccc1,CCCC#N,298.2,0.4054651081081644,0.6493867663525134
CCCCC,CCCC#N,298.2,1.601405740736836,2.3788108070706464
CCCCCC,CCCC#N,298.2,1.8687205103641835,2.344643246580123
CCCCCCCC,CCCC#N,298.2,2.228938552825748,2.293771576353326
CCCCCCCC,CCCC#N,298.2,2.192770226986839,2.293771576353326
CCCCCCCCC,CCCC#N,298.2,2.4078456036515385,2.2705097340775264
CCCCCCC,CCCC#N,298.2,2.048982334195127,2.319442979130137
CC(C)C(C)C(C)C,CCCC#N,298.2,2.0425181875752383,2.2939883394665146
CC(C)CCC(C)C,CCCC#N,298.2,2.1412419425852827,2.283965771591816
CCC1CCCCC1,CCCC#N,298.2,2.033397603178429,2.392955820216572
ClC(Cl)(Cl)Cl,C1CCOC1,303.2,-0.2613647641344075,-0.1508884947698551
ClC(Cl)Cl,C1CCOC1,337.3,-0.9942522733438668,-1.2525946629025717
ClC(Cl)Cl,C1CCOC1,327.7,-1.0498221244986778,-1.3458358828558263
ClC(Cl)Cl,C1CCOC1,323.2,-1.3470736479666092,-1.392870388039499
ClC(Cl)Cl,C1CCOC1,323.3,-0.9942522733438668,-1.391800624127556
ClC(Cl)Cl,C1CCOC1,313.2,-1.4696759700589417,-1.505870502523735
ClC(Cl)Cl,C1CCOC1,313.6,-1.0498221244986778,-1.5011110154806098
ClC(Cl)Cl,C1CCOC1,303.2,-1.6607312068216509,-1.631980516932222
ClCCl,C1CCOC1,336.9,-0.6931471805599453,-0.6555475652358363
ClCCl,C1CCOC1,328.4,-0.7339691750802004,-0.6959599549007047
ClCCl,C1CCOC1,311.5,-0.7985076962177716,-0.7875580951376686
ClCCl,C1CCOC1,303.2,-1.0498221244986778,-0.838908651751656
ClCCl,C1CCOC1,293.7,-0.8915981192837836,-0.903707495169436
CCc1ccccc1,C1CCOC1,298.2,-0.1053605156578262,-0.0372850824301946
CCc1ccccc1,C1CCOC1,298.2,-0.1053605156578262,-0.0372850824301946
CCCCc1ccccc1,C1CCOC1,298.2,-0.1053605156578262,-0.0207121013526098
CCCCc1ccccc1,C1CCOC1,298.2,-0.1053605156578262,-0.0207121013526098
ClCCCl,C1CCOC1,343.2,-0.5108256237659907,-0.2865363829157274
ClCCCl,C1CCOC1,323.2,-0.579818495252942,-0.3363436406357558
ClCCCl,C1CCOC1,303.2,-0.7985076962177716,-0.3980585614632154
CCCC(C)C,C1CCOC1,298.2,0.7747271675523681,0.6123619642934549
CC(C)CC(C)C,C1CCOC1,298.2,0.7701082216960737,0.5798951406863703
Cc1ccccc1,C1CCOC1,298.2,-0.1984509387238383,-0.1120795591192564
Cc1ccccc1,C1CCOC1,298.2,-0.1743533871447778,-0.1120795591192564
Cc1ccccc1,C1CCOC1,298.2,-0.1743533871447778,-0.1120795591192564
CCCCC,C1CCOC1,298.2,0.7275486072772777,0.651213362552315
CCCCC,C1CCOC1,313.2,0.712949807856125,0.5944815519549758
CCCCCC,C1CCOC1,298.2,0.7839015438284094,0.5786711889760854
CCCCCC,C1CCOC1,313.2,0.6678293725756554,0.5236061918422035
CCCCCC,C1CCOC1,333.2,0.598836501088704,0.4606609122964877
CCCCCCCC,C1CCOC1,298.2,0.5766133643039938,0.4767457961567876
CCCCCCCC,C1CCOC1,298.2,0.8458682675776092,0.4767457961567876
CCCCCCCCC,C1CCOC1,298.2,0.8960880245566357,0.4310951129596966
CCCC=O,C1CCOC1,293.7,0.1906203596086497,0.0673511897764242
CCCC=O,C1CCOC1,311.5,0.1222176327242491,0.0616795431862967
CCCC=O,C1CCOC1,328.4,0.0953101798043249,0.0569647668356111
CCCC=O,C1CCOC1,336.9,0.0861776962410524,0.0548046459697475
C1COCCO1,C1CCOC1,298.2,0.1222176327242491,0.1554575884672438
CCOC(C)=O,C1CCOC1,313.2,0.0953101798043249,0.0753026606259178
CCOC(C)=O,C1CCOC1,333.2,0.0953101798043249,0.0687503567433889
CCCCCCC,C1CCOC1,298.2,0.8285518175661483,0.5253380289092813
CCCCCCC,C1CCOC1,303.2,0.6830968447064438,0.506334785313633
CCCCCCC,C1CCOC1,313.2,0.7030975114131134,0.4708359170730163
CCCCCCC,C1CCOC1,333.2,0.5822156198526637,0.4085603716017887
CCCCCCC,C1CCOC1,343.2,0.5306282510621704,0.381151797032243
CC(C)C(C)C(C)C,C1CCOC1,298.2,0.7793248768009977,0.5053854738547824
CC(C)CCC(C)C,C1CCOC1,298.2,0.7884573603642703,0.502000314486759
CCC1CCCCC1,C1CCOC1,298.2,0.7608058290337602,0.5347330821881904
CCCC(C)C,CCCCCC(C)=O,298.2,0.7839015438284094,0.991481857274996
CC(C)CC(C)C,CCCCCC(C)=O,298.2,0.8712933659434193,0.995868619363318
CCCCC,CCCCCC(C)=O,298.2,0.6312717768418578,0.9763845841472668
CCCCCC,CCCCCC(C)=O,298.2,0.7929925155296614,0.9868991247622833
CCCCCCCC,CCCCCC(C)=O,298.2,1.000631880307906,1.0043809642687496
CCCCCCCCC,CCCCCC(C)=O,298.2,1.128171090909654,1.0079196464631015
CCCCCCC,CCCCCC(C)=O,298.2,0.8796267475025636,0.9993357258128276
CC(C)C(C)C(C)C,CCCCCC(C)=O,298.2,0.8878912573524571,0.9834873510610604
CC(C)CCC(C)C,CCCCCC(C)=O,298.2,0.9516578757114464,0.976540751974458
CCC1CCCCC1,CCCCCC(C)=O,298.2,0.8754687373538999,1.1358707294069892
ClC(Cl)(Cl)Cl,CCCCCC,301.0,0.1823215567939546,0.30550453442458
ClC(Cl)(Cl)Cl,CCCCCC,313.2,0.1823215567939546,0.2845119690191499
ClC(Cl)(Cl)Cl,CCCCCC,315.0,0.1823215567939546,0.2816000452395084
ClC(Cl)(Cl)Cl,CCCCCC,332.0,0.1739533071234379,0.2561753920900236
ClC(Cl)(Cl)Cl,CCCCCC,340.3,0.1484200051182732,0.2449912421126273
CCO,CCCCCC,288.2,4.4272389774954295,2.5049651134915614
CCO,CCCCCC,293.2,4.247065649239764,2.493659909050898
CCO,CCCCCC,297.2,4.136765278106052,2.4821563616419526
CCO,CCCCCC,297.4,4.063885354737392,2.4815272532672905
CCO,CCCCCC,297.7,4.084294226368599,2.4805742540712563
CCO,CCCCCC,298.2,4.096009841541162,2.478961196067334
CCO,CCCCCC,298.2,4.013676659154646,2.478961196067334
CCO,CCCCCC,303.2,3.9415818076696905,2.461197958719448
CCO,CCCCCC,304.8,3.6375861597263857,2.4549176967071986
CCO,CCCCCC,308.2,3.779633817382401,2.440680458058845
CCO,CCCCCC,313.2,3.6454498961866,2.417699936012079
CCO,CCCCCC,313.2,3.481240089335692,2.417699936012079
CCO,CCCCCC,316.6,3.6270040503958487,2.4008059951742915
CCO,CCCCCC,316.7,3.5667118201397288,2.4002946208144467
CCO,CCCCCC,318.2,3.5234150143864045,2.39252864766139
CCO,CCCCCC,322.6,3.49650756146648,2.368767501424043
CCO,CCCCCC,333.3,3.1354942159291497,2.305695687875221
CCO,CCCCCC,334.0,3.109060958860994,2.301344119530957
CCO,CCCCCC,334.0,3.086486636822455,2.301344119530957
CCO,CCCCCC,351.5,2.6878474937846906,2.1858450632976085
CCO,CCCCCC,351.6,2.694627180770069,2.1851550457200632
CO,CCCCCC,288.2,4.832305758571839,3.4133445595408496
CO,CCCCCC,293.2,4.6443908991413725,3.39486013356414
CO,CCCCCC,298.2,4.505349850705881,3.3714153853946502
CO,CCCCCC,303.2,4.359269647551265,3.3435025423718185
CO,CCCCCC,308.2,4.216562194946349,3.311584450626074
CO,CCCCCC,313.2,4.065602093356446,3.2760943720433886
CO,CCCCCC,313.2,4.021773869387265,3.2760943720433886
CO,CCCCCC,318.2,3.9259259105971376,3.237436249473703
CO,CCCCCC,333.3,3.66612246699132,3.1051281821625363
CO,CCCCCC,341.3,3.5380565643793527,3.027752020950185
CC(C)O,CCCCCC,318.4,2.933856869835904,1.7551053985951708
CC(C)O,CCCCCC,328.2,2.5087859235779435,1.7141562660864749
CC(C)O,CCCCCC,328.4,2.700018029404946,1.713281202860792
CC(C)O,CCCCCC,341.4,2.429217743927412,1.6537330244738746
CC(C)=O,CCCCCC,253.2,2.531313022602156,2.427532993581815
CC(C)=O,CCCCCC,268.2,2.3933394562625097,2.2059422794466546
CC(C)=O,CCCCCC,293.2,2.017566137961748,1.9021072314087808
CC(C)=O,CCCCCC,301.5,1.826160895945388,1.815734698917647
CC(C)=O,CCCCCC,301.9,1.8115620965242347,1.811729282980236
CC(C)=O,CCCCCC,303.4,1.8196988379172965,1.796832221803596
CC(C)=O,CCCCCC,313.2,1.754403682684286,1.7040706597134152
CC(C)=O,CCCCCC,318.2,1.6639260977181702,1.6595999332846587
CC(C)=O,CCCCCC,323.2,1.6174060820832772,1.6169124244518702
CC(C)=O,CCCCCC,333.2,1.5151272329628591,1.536489774304887
CC(C)=O,CCCCCC,342.0,1.3635373739972745,1.470711284437095
ClC(Cl)Cl,CCCCCC,301.0,0.4574248470388755,0.7394559116151191
ClC(Cl)Cl,CCCCCC,301.9,0.4446858212614457,0.7352114421034601
ClC(Cl)Cl,CCCCCC,308.2,0.412109650826833,0.7063944177751229
ClC(Cl)Cl,CCCCCC,315.3,0.4252677354043441,0.675693724316395
ClC(Cl)Cl,CCCCCC,317.7,0.4317824164255378,0.665716632187852
ClC(Cl)Cl,CCCCCC,318.2,0.3852624007906449,0.6636626034677637
ClC(Cl)Cl,CCCCCC,328.2,0.3435897043900768,0.6242762674570106
ClC(Cl)Cl,CCCCCC,331.8,0.3920420877760237,0.6108476248916463
ClC(Cl)Cl,CCCCCC,334.7,0.378436435720245,0.6003022285500386
ClC(Cl)Cl,CCCCCC,340.1,0.3293037471426003,0.5812862762191165
ClC(Cl)Cl,CCCCCC,340.6,0.3506568716131693,0.5795651201764732
ClC(Cl)Cl,CCCCCC,342.0,0.3435897043900768,0.5747806710261618
ClC(Cl)Cl,CCCCCC,342.0,0.3646431135879092,0.5747806710261618
CCCO,CCCCCC,301.0,3.6635616461296463,1.887814711356953
CCCO,CCCCCC,315.3,3.261935314328648,1.844839756494668
CCCO,CCCCCC,331.8,2.8094026953624978,1.7791956297567242
CCCO,CCCCCC,340.1,2.617395832834079,1.7415561144537677
CCCCO,CCCCCC,301.0,3.49650756146648,1.6314990537015577
CCCCO,CCCCCC,315.3,3.1135153092103742,1.5857811078924275
CCCCO,CCCCCC,331.8,2.714694743820879,1.5225832576544085
CCCCO,CCCCCC,333.2,2.66095859356836,1.516849057760455
CCCCO,CCCCCC,340.3,2.501435951739211,1.4870987800569535
CCBr,CCCCCC,301.0,0.4824261492442928,0.7113170552665127
CCBr,CCCCCC,314.3,0.4317824164255378,0.6521691106577737
CCBr,CCCCCC,332.0,0.3148107398400336,0.5826733283408044
CCBr,CCCCCC,340.3,0.2311117209633866,0.5532284629156878
CCI,CCCCCC,298.0,0.7275486072772777,0.9182028467763927
CCI,CCCCCC,322.9,0.6259384308664954,0.8082935930287446
CCI,CCCCCC,329.1,0.6043159668533296,0.7841784436253181
CCI,CCCCCC,340.6,0.5128236264286637,0.7423787381656513
CC#N,CCCCCC,295.0,3.317815772723105,3.3937534994677847
CC#N,CCCCCC,322.9,2.8213788864092133,2.8467109579631646
CC#N,CCCCCC,330.9,2.517696472610991,2.711649212062359
CC#N,CCCCCC,332.3,2.617395832834079,2.688889445524122
ClCCl,CCCCCC,298.2,0.7561219797213337,1.2184266918460136
CC(C)(C)O,CCCCCC,303.3,2.8213788864092133,1.4811999322108689
CC(C)(C)O,CCCCCC,313.1,2.533696813957432,1.4407418670802858
CC(C)(C)O,CCCCCC,313.2,2.206074192613202,1.4403177413270294
CC(C)(C)O,CCCCCC,322.8,2.252343876557299,1.3987913892190098
Cc1ccc(C)cc1,CCCCCC,313.2,0.3852624007906449,0.3622490219284088
ClCCCl,CCCCCC,298.0,1.1537315878891892,1.5345015056720916
ClCCCl,CCCCCC,298.2,1.2837077723447896,1.532766217627943
ClCCCl,CCCCCC,316.0,1.0043016091968684,1.3894736657038125
ClCCCl,CCCCCC,333.2,0.8960880245566357,1.269329888414161
ClCCCl,CCCCCC,339.4,0.8415671856782185,1.229800416006574
CCC#N,CCCCCC,295.0,2.954910279033736,2.5199346118841333
CCC#N,CCCCCC,313.2,2.6837575085331657,2.260306504660912
CCC#N,CCCCCC,322.9,2.6100697927420065,2.138507282575361
CCC#N,CCCCCC,332.3,2.3702437414678603,2.029889237638208
CCC#N,CCCCCC,340.9,2.302585092994046,1.937784695968372
CCCC(C)C,CCCCCC,298.2,0.0,0.0131910259391342
CC(C)CC(C)C,CCCCCC,298.2,-0.1165338162559515,0.0120856756767849
Cc1ccccc1,CCCCCC,298.2,0.494696241836107,0.6110099881924146
Cc1ccccc1,CCCCCC,304.8,0.4637340162321402,0.5888151652811988
Cc1ccccc1,CCCCCC,322.8,0.378436435720245,0.5344421438507004
O=C1CCCCC1,CCCCCC,298.0,1.9600947840472696,1.4271458677127602
O=C1CCCCC1,CCCCCC,315.1,1.667706820558076,1.3113720360721128
O=C1CCCCC1,CCCCCC,331.7,1.547562508716013,1.2128079541884562
CCCCC,CCCCCC,298.2,-0.0100503358535014,0.005905023912112
CCCCCl,CCCCCC,301.0,0.418710334858185,0.5353638143270214
CCCCCl,CCCCCC,315.3,0.4054651081081644,0.4932183784544426
CCCCCl,CCCCCC,332.0,0.3576744442718159,0.4499864728772226
CCCCCl,CCCCCC,340.3,0.3364722366212129,0.4305703431235934
C1CCOC1,CCCCCC,304.8,0.5007752879124892,0.7356597309595706
C1CCOC1,CCCCCC,313.2,0.5481214085096876,0.6994979094956246
C1CCOC1,CCCCCC,322.4,0.4637340162321402,0.6625952155471234
C1CCOC1,CCCCCC,333.2,0.4574248470388755,0.6225288638868914
C1CCOC1,CCCCCC,340.2,0.412109650826833,0.5982662561737953
CCCCCC,CCCCCC,298.2,0.0198026272961797,0.0
c1ccncc1,CCCCCC,296.6,1.7749523509116738,1.844563713963892
c1ccncc1,CCCCCC,298.2,1.8293763327993613,1.8284218897936768
c1ccncc1,CCCCCC,303.2,1.766441661243765,1.7791373201254912
c1ccncc1,CCCCCC,313.2,1.6448050562713916,1.685614201788581
c1ccncc1,CCCCCC,316.9,1.574846467664481,1.6526343632636886
c1ccncc1,CCCCCC,323.2,1.534714366238164,1.598393373711166
c1ccncc1,CCCCCC,328.2,1.4816045409242156,1.556994220316759
c1ccncc1,CCCCCC,330.1,1.4398351280479205,1.54163192077102
c1ccncc1,CCCCCC,340.4,1.396244691973059,1.4617334957925792
CCCCCCCC,CCCCCC,298.2,0.0861776962410524,-0.0069035104070379
CCCCCCCC,CCCCCC,298.2,0.0769610411361284,-0.0069035104070379
CCCCCCCCC,CCCCCC,298.2,0.0198026272961797,-0.0142809366029978
CCCC=O,CCCCCC,303.2,1.2412685890696329,1.1888664058275469
CCCC=O,CCCCCC,323.2,1.1378330018213911,1.0723789035869178
CCCC=O,CCCCCC,341.2,1.043804052173115,0.9816642855710336
C1COCCO1,CCCCCC,298.2,1.3937663759585917,1.627069803798815
C1COCCO1,CCCCCC,353.2,1.128171090909654,1.2563604599531213
CCOC(C)=O,CCCCCC,298.1,1.220829921392359,1.1939160161960631
CCOC(C)=O,CCCCCC,316.0,1.0818051703517284,1.0889041617839983
CCOC(C)=O,CCCCCC,332.0,0.9555114450274363,1.0066459700301182
CCOC(C)=O,CCCCCC,339.4,0.8712933659434193,0.9717951229551036
CCCCCCC,CCCCCC,298.2,-0.0304592074847085,-0.0007471643568269
CC(C)C(C)C(C)C,CCCCCC,298.2,0.0953101798043249,-0.0159670555761685
CC(C)CCC(C)C,CCCCCC,298.2,0.0676586484738148,-0.0212523339781385
CN1CCCC1=O,CCCCCC,333.3,3.15016862685841,2.246763497791303
COC(C)(C)C,CCCCCC,303.2,0.2311117209633866,0.3001840477005993
COC(C)(C)C,CCCCCC,323.2,0.1823215567939546,0.2680562776982635
COC(C)(C)C,CCCCCC,308.2,0.0861776962410524,0.2916175436429971
CCC1CCCCC1,CCCCCC,298.2,0.1739533071234379,0.1067308099827833
CCO,c1ccncc1,298.2,-0.2231435513142097,0.1514745726320406
CCO,c1ccncc1,313.2,0.1222176327242491,0.1330922158650468
CO,c1ccncc1,298.2,-0.1392620673335076,-0.0501166100488462
CO,c1ccncc1,308.2,-0.1053605156578262,-0.0590700170646895
CO,c1ccncc1,313.2,0.2311117209633866,-0.0632267469408366
CO,c1ccncc1,318.2,-0.0725706928348353,-0.0671880340705922
CC(C)O,c1ccncc1,313.2,0.2070141693843261,0.281072078686446
CC(C)=O,c1ccncc1,303.2,0.2231435513142097,0.4111026512294996
ClC(Cl)Cl,c1ccncc1,303.2,-0.916290731874155,-1.6020125511452608
CCCO,c1ccncc1,313.2,0.0769610411361284,0.0165352354871986
CCCCO,c1ccncc1,313.2,0.0676586484738148,0.1530064194970692
ClCCl,c1ccncc1,303.2,-0.4620354595965587,-0.7761189011632131
CC(C)(C)O,c1ccncc1,313.2,0.3148107398400336,0.2232780024170645
CC(C)CO,c1ccncc1,313.2,0.131028262406404,0.199667766876612
CCC(C)O,c1ccncc1,313.2,0.0676586484738148,0.2037583658319628
CCCC(C)C,c1ccncc1,298.2,1.897619859927532,1.79950353971232
CC(C)CC(C)C,c1ccncc1,298.2,2.064327903869788,1.7783622645544392
Cc1ccccc1,c1ccncc1,293.2,0.3001045924503381,0.5699839204759383
Cc1ccccc1,c1ccncc1,298.2,0.3506568716131693,0.5472124277098966
Cc1ccccc1,c1ccncc1,298.2,0.262364264467491,0.5472124277098966
Cc1ccccc1,c1ccncc1,298.2,0.2851789422336624,0.5472124277098966
Cc1ccccc1,c1ccncc1,303.2,0.3074846997479607,0.5256735265635656
Cc1ccccc1,c1ccncc1,303.2,0.2700271372130602,0.5256735265635656
Cc1ccccc1,c1ccncc1,308.2,0.2851789422336624,0.5052817190303923
Cc1ccccc1,c1ccncc1,313.2,0.29266961396282,0.4859586798035972
Cc1ccccc1,c1ccncc1,313.2,0.2776317365982795,0.4859586798035972
Cc1ccccc1,c1ccncc1,323.2,0.2776317365982795,0.4502373358286951
Cc1ccccc1,c1ccncc1,333.2,0.2776317365982795,0.418001553885898
Cc1ccccc1,c1ccncc1,373.2,0.2700271372130602,0.3161904462451815
CCCCC,c1ccncc1,298.2,1.6863989535702288,1.8319962041741515
CCCCCC,c1ccncc1,298.2,1.824549292051046,1.7457657404176
CCCCCC,c1ccncc1,298.2,1.874874375938561,1.7457657404176
CCCCCC,c1ccncc1,298.2,2.063058062429312,1.7457657404176
CCCCCC,c1ccncc1,303.2,2.012232791986386,1.6830259029658663
CCCCCC,c1ccncc1,313.2,1.912501086924184,1.5669770267326464
CCCCCC,c1ccncc1,323.2,1.827769906751088,1.4621502275442146
CCCCCC,c1ccncc1,328.2,1.7850704810772584,1.41349833489023
CCCCCC,c1ccncc1,333.2,1.5686159179138452,1.3671438074834157
CCCCCC,c1ccncc1,373.2,1.33500106673234,1.0639652913124094
CCCCCCCC,c1ccncc1,298.2,2.1424163408412245,1.637549984632063
CCCCCCCC,c1ccncc1,298.2,2.2159372862683733,1.637549984632063
CCCCCCCC,c1ccncc1,313.2,2.0255131996542803,1.4596027424764153
CCCCCCCC,c1ccncc1,353.2,1.463255402256019,1.096551423089262
CCCCCCCC,c1ccncc1,369.8,1.3506671834767394,0.981011474002284
CCCCCCCCC,c1ccncc1,298.2,2.271094425902674,1.5908372676924625
C1COCCO1,c1ccncc1,298.2,-0.0408219945202551,0.1819197882214616
CCCCCCC,c1ccncc1,298.2,2.005525858729668,1.687076269779013
CCCCCCC,c1ccncc1,298.2,2.149433913499871,1.687076269779013
CCCCCCC,c1ccncc1,303.1,2.081938421878423,1.625803526839307
CCCCCCC,c1ccncc1,313.2,1.897619859927532,1.509013063788994
CCCCCCC,c1ccncc1,313.2,1.9712993830601329,1.509013063788994
CCCCCCC,c1ccncc1,323.2,1.851599469584072,1.4046340482083053
CCCCCCC,c1ccncc1,333.2,1.763017000362401,1.310049635176533
CCCCCCC,c1ccncc1,341.0,1.5810384379124025,1.242302599878104
CCCCCCC,c1ccncc1,353.2,1.4327007339340465,1.1456873113351231
CC(C)CC(C)(C)C,c1ccncc1,293.2,2.374905754573672,1.843473647249706
CC(C)CC(C)(C)C,c1ccncc1,298.2,2.2823823856765264,1.7751311103416212
CC(C)CC(C)(C)C,c1ccncc1,303.2,2.1838015570040787,1.7103115277081242
CC(C)CC(C)(C)C,c1ccncc1,308.2,2.1162555148025524,1.648775774091057
CC(C)CC(C)(C)C,c1ccncc1,313.2,2.05668455455722,1.5903046458985155
CC(C)C(C)C(C)C,c1ccncc1,298.2,2.060513531794317,1.682616726523828
CC(C)CCC(C)C,c1ccncc1,298.2,2.113842968397168,1.6896345440489398
CCC1CCCCC1,c1ccncc1,298.2,1.7984040119467235,1.649426021071128
CCCC(C)C,CC(C)CCCC(C)CCCC(C)CCCCC(C)CCCC(C)CCCC(C)C,298.2,-0.4307829160924542,-1.397779069928354
CC(C)CC(C)C,CC(C)CCCC(C)CCCC(C)CCCCC(C)CCCC(C)CCCC(C)C,298.2,-0.3285040669720361,-1.102093431550202
CCCCC,CC(C)CCCC(C)CCCC(C)CCCCC(C)CCCC(C)CCCC(C)C,298.2,-0.5447271754416722,-1.7816896363089998
CCCCCC,CC(C)CCCC(C)CCCC(C)CCCCC(C)CCCC(C)CCCC(C)C,298.2,-0.4307829160924542,-1.3933693418375628
CCCCCCCC,CC(C)CCCC(C)CCCC(C)CCCCC(C)CCCC(C)CCCC(C)C,298.2,-0.342490308946776,-0.7574875677952362
CCCCCCCCC,CC(C)CCCC(C)CCCC(C)CCCCC(C)CCCC(C)CCCC(C)C,298.2,-0.3856624808119846,-0.4993075117747149
CCCCCCC,CC(C)CCCC(C)CCCC(C)CCCCC(C)CCCC(C)CCCC(C)C,298.2,-0.3566749439387324,-1.048639111074053
CC(C)C(C)C(C)C,CC(C)CCCC(C)CCCC(C)CCCCC(C)CCCC(C)CCCC(C)C,298.2,-0.3856624808119846,-0.938186107590893
CC(C)CCC(C)C,CC(C)CCCC(C)CCCC(C)CCCCC(C)CCCC(C)CCCC(C)C,298.2,-0.2613647641344075,-0.8940905255853324
CCC1CCCCC1,CC(C)CCCC(C)CCCC(C)CCCCC(C)CCCC(C)CCCC(C)C,298.2,-0.527632742082372,-0.4928864049621298
ClC(Cl)(Cl)Cl,CCCCCCCC,293.2,0.1570037488096647,0.2158700069722837
ClC(Cl)(Cl)Cl,CCCCCCCC,313.2,0.0769610411361284,0.1774619428331799
CCO,CCCCCCCC,288.2,4.354141431184346,2.972319264296281
CCO,CCCCCCCC,293.2,4.160444363926624,2.9573538535017505
CCO,CCCCCCCC,293.2,3.9219733362813134,2.9573538535017505
CCO,CCCCCCCC,298.2,4.014579593753238,2.9381989259947607
CCO,CCCCCCCC,303.2,3.862832761237376,2.915262079065373
CCO,CCCCCCCC,308.2,3.716008121502189,2.8889277248620004
CCO,CCCCCCCC,313.2,3.5890591188317256,2.859556714513944
CCO,CCCCCCCC,313.2,3.580737295494233,2.859556714513944
CCO,CCCCCCCC,318.2,3.4372078191851885,2.827486371213758
CCO,CCCCCCCC,323.2,3.310543013394025,2.7930308423964965
CCO,CCCCCCCC,333.2,3.3214324131932926,2.7181086970607646
CCO,CCCCCCCC,333.2,2.923161580719156,2.7181086970607646
CCO,CCCCCCCC,343.2,2.8610573702273894,2.6368667292186263
CO,CCCCCCCC,288.2,4.726502471155617,4.024113211638975
CO,CCCCCCCC,293.2,4.554928969551344,4.000289986879997
CO,CCCCCCCC,293.2,4.382026634673881,4.000289986879997
CO,CCCCCCCC,298.2,4.430816798843313,3.970326523973733
CO,CCCCCCCC,303.2,4.280824129164719,3.934833533928293
CO,CCCCCCCC,308.2,4.0943445622221,3.89438528144095
CO,CCCCCCCC,313.2,3.9889840465642745,3.849519325222206
CO,CCCCCCCC,318.2,3.845883202923601,3.800736841274056
CO,CCCCCCCC,323.2,3.7062280924485496,3.748503394218791
CC(C)O,CCCCCCCC,353.2,2.0014800002101243,1.9124540497288924
CC(C)=O,CCCCCCCC,293.2,1.9878743481543453,2.314103997763511
CC(C)=O,CCCCCCCC,313.2,1.7783364488959144,2.0616758787855174
CC(C)=O,CCCCCCCC,333.2,1.7561322915849038,1.847860267503567
ClC(Cl)Cl,CCCCCCCC,293.2,0.3576744442718159,0.8068891210465117
ClC(Cl)Cl,CCCCCCCC,313.2,0.4382549309311553,0.6931178103791229
ClC(Cl)Cl,CCCCCCCC,333.2,0.3576744442718159,0.5967859364308522
CCCO,CCCCCCCC,293.2,3.871201010907891,2.2383232079844406
CCCO,CCCCCCCC,358.2,2.259677591982769,1.9230311617894496
CCCO,CCCCCCCC,363.2,2.172476407647025,1.8908970327211096
CCCCO,CCCCCCCC,293.2,3.742420221041966,1.975074316160847
CCBr,CCCCCCCC,293.2,0.5247285289349821,0.749954567475276
CCI,CCCCCCCC,293.2,0.5877866649021191,0.924409529479004
CC#N,CCCCCCCC,293.2,3.4436180975461075,4.144883715792972
CC#N,CCCCCCCC,313.2,3.261935314328648,3.6279398410178376
CC#N,CCCCCCCC,333.2,2.9069010598473755,3.1896744484833603
ClCCl,CCCCCCCC,293.2,0.7654678421395714,1.3369241649013055
S=C=S,CCCCCCCC,293.2,0.2311117209633866,0.6790491942434518
CC(C)(C)O,CCCCCCCC,313.2,2.180417459019838,1.739229405319334
CC(C)CO,CCCCCCCC,293.2,3.828641396489095,1.9701012594757432
Cc1ccc(C)cc1,CCCCCCCC,313.2,0.2700271372130602,0.3573114497509778
ClCCCl,CCCCCCCC,293.2,1.0647107369924282,1.731686515425556
CCC#N,CCCCCCCC,293.2,3.039749158970765,3.0258669747827383
CCC#N,CCCCCCCC,313.2,2.7363136663750693,2.667116990380231
CCCC(C)C,CCCCCCCC,298.2,0.0295588022415444,0.0451828604567048
CC(C)CC(C)C,CCCCCCCC,298.2,0.0676586484738148,0.0777830771662557
Cc1ccccc1,CCCCCCCC,333.2,0.2700271372130602,0.4751743931059012
CCCCC,CCCCCCCC,293.2,-0.0304592074847085,0.0074162137589345
CCCCC,CCCCCCCC,293.2,0.009950330853168,0.0074162137589345
CCCCC,CCCCCCCC,298.2,-0.0202027073175194,0.0062923428918997
CCCCC,CCCCCCCC,313.2,0.0,0.0031360312231773
CCCCC,CCCCCCCC,333.2,0.048790164169432,-0.0006303238773148
CCCCC,CCCCCCCC,333.2,-0.0202027073175194,-0.0006303238773148
C1CCOC1,CCCCCCCC,293.2,0.4054651081081644,0.814408928965392
CCCCCC,CCCCCCCC,298.2,0.0295588022415444,-0.0066704967950138
CCCCCC,CCCCCCCC,333.2,-0.0100503358535014,-0.0084011634873175
c1ccncc1,CCCCCCCC,313.2,1.4678743481123135,1.8900389479143624
c1ccncc1,CCCCCCCC,353.2,1.1118575154181305,1.506231694726727
c1ccncc1,CCCCCCCC,369.8,0.947789398933526,1.37494113112896
CCCCCCCC,CCCCCCCC,298.2,0.0676586484738148,0.0
CCCCCCCCC,CCCCCCCC,298.2,0.0861776962410524,-0.0013026128838609
C1COCCO1,CCCCCCCC,353.2,0.947789398933526,1.3456463643988723
CCOC(C)=O,CCCCCCCC,293.2,1.1786549963416462,1.4809379346750726
CCOC(C)=O,CCCCCCCC,313.2,1.0784095813505905,1.3276630006426688
CCOC(C)=O,CCCCCCCC,333.2,1.0331844833456545,1.1965492542184022
CCCCCCC,CCCCCCCC,298.2,0.048790164169432,-0.0026189889119403
CC(C)C(C)C(C)C,CCCCCCCC,298.2,0.0582689081239758,0.0136781928580419
CC(C)CCC(C)C,CCCCCCCC,298.2,0.0769610411361284,0.0286268102644585
CN1CCCC1=O,CCCCCCCC,313.2,2.87919845729804,2.8244946403574613
CN1CCCC1=O,CCCCCCCC,333.2,2.667228206581955,2.558093710169391
CCC1CCCCC1,CCCCCCCC,298.2,0.009950330853168,0.0498035402559368
CCO,CCCCCCCCC,296.1,3.945457781514384,3.178852322697012
CCO,CCCCCCCCC,296.1,3.9259259105971376,3.178852322697012
CCO,CCCCCCCCC,302.4,3.747148362237912,3.1478755963957967
CCO,CCCCCCCCC,312.3,3.484312288372662,3.087368868786513
CCO,CCCCCCCCC,312.4,3.475067230228611,3.0866925240834444
CCO,CCCCCCCCC,315.0,3.414442608412176,3.0686938371878814
CCO,CCCCCCCCC,315.5,3.414442608412176,3.0651435434874124
CCO,CCCCCCCCC,323.7,3.186352633162641,3.00318726087824
CCO,CCCCCCCCC,323.7,3.169685580677429,3.00318726087824
CCO,CCCCCCCCC,333.2,2.803360380906535,2.9238959155884414
CCO,CCCCCCCCC,333.9,2.923161580719156,2.9177855167645435
CCO,CCCCCCCCC,334.0,2.933856869835904,2.9169098985519937
CCO,CCCCCCCCC,355.5,2.4423470353692043,2.7162268879240705
CCO,CCCCCCCCC,355.5,2.4336133554004498,2.7162268879240705
CCCCCO,CCCCCCCCC,353.2,2.2321626286975,1.601460921042834
CCCCCO,CCCCCCCCC,373.2,1.724550719534605,1.4914412464073263
CCCC(C)C,CCCCCCCCC,298.2,0.0,0.0588921130984118
CC(C)CC(C)C,CCCCCCCCC,298.2,0.0392207131532813,0.1087014317279945
CCCCC,CCCCCCCCC,298.2,-0.0512932943875505,0.0041165314569307
CCCCC,CCCCCCCCC,333.2,-0.0408219945202551,-0.0068404316429551
CCCCCC,CCCCCCCCC,298.2,0.009950330853168,-0.0135976336076681
CCCCCC,CCCCCCCCC,313.2,-0.2744368457017603,-0.0152975604870699
CCCCCC,CCCCCCCCC,323.2,-0.2231435513142097,-0.016343183827494
CCCCCC,CCCCCCCCC,333.2,-0.1625189294977749,-0.0173260446624904
CCCCCC,CCCCCCCCC,333.2,-0.0202027073175194,-0.0173260446624904
CCCCCCCC,CCCCCCCCC,298.2,0.1133286853070032,-0.0012850689268814
CCCCCCCCC,CCCCCCCCC,298.2,0.131028262406404,0.0
CCCCCCC,CCCCCCCCC,298.2,0.0295588022415444,-0.0078453280878904
CCCCCCC,CCCCCCCCC,313.2,-0.2613647641344075,-0.0084004062525931
CCCCCCC,CCCCCCCCC,323.2,-0.2231435513142097,-0.0087418342821193
CCCCCCC,CCCCCCCCC,333.2,-0.1743533871447778,-0.0090627684323222
CC(C)C(C)C(C)C,CCCCCCCCC,298.2,0.0295588022415444,0.024908776672619
CC(C)CCC(C)C,CCCCCCCCC,298.2,0.0582689081239758,0.0505053659932089
CN1CCCC1=O,CCCCCCCCC,313.2,2.815408719422709,2.9948102278795923
CN1CCCC1=O,CCCCCCCCC,333.2,2.617395832834079,2.7055410928252464
CCC1CCCCC1,CCCCCCCCC,298.2,0.0295588022415444,0.0142799139098064
ClC(Cl)(Cl)Cl,CCCCCCCCO,293.2,0.5538851132264376,1.7044580435762615
ClC(Cl)(Cl)Cl,CCCCCCCCO,298.2,0.5128236264286637,1.6306046043728817
ClC(Cl)(Cl)Cl,CCCCCCCCO,298.2,0.6043159668533296,1.6306046043728817
ClC(Cl)(Cl)Cl,CCCCCCCCO,298.2,0.6043159668533296,1.6306046043728817
ClC(Cl)(Cl)Cl,CCCCCCCCO,303.2,0.5364933705145685,1.5609609953137351
ClC(Cl)(Cl)Cl,CCCCCCCCO,313.2,0.5247285289349821,1.4331125947811714
CCOCC,CCCCCCCCO,298.2,0.3506568716131693,0.8304494642397903
CCO,CCCCCCCCO,293.4,0.1655144384775733,0.230364155495325
CCO,CCCCCCCCO,298.2,0.2311117209633866,0.22313424906115
CCO,CCCCCCCCO,298.2,0.131028262406404,0.22313424906115
CCO,CCCCCCCCO,303.5,0.1823215567939546,0.2145365118992574
CCO,CCCCCCCCO,313.6,0.1823215567939546,0.1966375202593137
CCO,CCCCCCCCO,323.4,0.1222176327242491,0.1777560303726219
CO,CCCCCCCCO,293.4,0.2231435513142097,0.4627972887774554
CO,CCCCCCCCO,298.2,0.29266961396282,0.4464472482708181
CO,CCCCCCCCO,303.5,0.2231435513142097,0.4272118608070713
CO,CCCCCCCCO,313.6,0.2231435513142097,0.3876694739884735
CO,CCCCCCCCO,323.4,0.1739533071234379,0.3464568793948921
CC(C)O,CCCCCCCCO,293.4,0.048790164169432,0.1113616946291663
CC(C)O,CCCCCCCCO,298.2,0.1133286853070032,0.1070056858770789
CC(C)O,CCCCCCCCO,303.5,0.0769610411361284,0.102018111805299
CC(C)O,CCCCCCCCO,313.6,0.048790164169432,0.0920929670168743
CC(C)O,CCCCCCCCO,323.4,0.0198026272961797,0.082070894389879
CC(C)=O,CCCCCCCCO,293.2,0.9439058989071284,1.2572207318250397
CC(C)=O,CCCCCCCCO,298.2,0.9202827531436923,1.2217433670985212
ClC(Cl)Cl,CCCCCCCCO,293.2,-0.0512932943875505,-0.5117178063485245
ClC(Cl)Cl,CCCCCCCCO,298.2,0.0198026272961797,-0.4930132442550246
ClC(Cl)Cl,CCCCCCCCO,298.2,0.0198026272961797,-0.4930132442550246
ClC(Cl)Cl,CCCCCCCCO,298.2,-0.0304592074847085,-0.4930132442550246
ClC(Cl)Cl,CCCCCCCCO,308.2,0.0295588022415444,-0.4593161801173791
ClC(Cl)Cl,CCCCCCCCO,323.2,0.0676586484738148,-0.4166960423538376
CCCO,CCCCCCCCO,293.4,0.1043600153242428,-0.1036080232293393
CCCO,CCCCCCCCO,298.2,0.1484200051182732,-0.105803472833387
CCCO,CCCCCCCCO,303.5,0.131028262406404,-0.1083513550527414
CCCO,CCCCCCCCO,313.6,0.0769610411361284,-0.1135061125991226
CCCO,CCCCCCCCO,323.4,0.0582689081239758,-0.1187978406740734
CCCCO,CCCCCCCCO,298.2,0.1043600153242428,0.0332122913540196
CCCCCO,CCCCCCCCO,298.2,0.0861776962410524,-0.0425277795219058
CC(Cl)(Cl)Cl,CCCCCCCCO,298.2,0.636576829071551,1.823176799707136
CC(Cl)(Cl)Cl,CCCCCCCCO,298.2,0.6830968447064438,1.823176799707136
CC(Cl)(Cl)Cl,CCCCCCCCO,298.2,0.6830968447064438,1.823176799707136
CC(Cl)(Cl)Cl,CCCCCCCCO,308.2,0.5653138090500605,1.680658902354493
CC(Cl)(Cl)Cl,CCCCCCCCO,323.2,0.4885800148186709,1.4940221671449772
CCBr,CCCCCCCCO,293.2,0.688134638736401,2.055071639205172
CCI,CCCCCCCCO,293.2,0.8285518175661483,2.1631057823333126
CC#N,CCCCCCCCO,293.2,2.012232791986386,2.5644993709089734
CC#N,CCCCCCCCO,298.2,1.871802176901592,2.4725154147466792
ClCCl,CCCCCCCCO,293.2,0.4446858212614457,0.7667346664687864
ClCCl,CCCCCCCCO,298.2,0.4510756193602167,0.7337304554935495
ClCCl,CCCCCCCCO,298.2,0.4510756193602167,0.7337304554935495
ClCCl,CCCCCCCCO,298.2,0.3852624007906449,0.7337304554935495
ClCCl,CCCCCCCCO,308.2,0.4574248470388755,0.6717757991165929
ClCCl,CCCCCCCCO,323.2,0.371563556432483,0.5878734854454298
S=C=S,CCCCCCCCO,293.2,0.5596157879354227,3.034400557246144
CC(Cl)Cl,CCCCCCCCO,298.2,0.6981347220709843,1.297942293553464
CC(Cl)Cl,CCCCCCCCO,298.2,0.6981347220709843,1.297942293553464
CC(Cl)Cl,CCCCCCCCO,308.2,0.6981347220709843,1.2171213472253783
CC(Cl)Cl,CCCCCCCCO,323.2,0.6418538861723947,1.1083096171496811
CC(C)(C)O,CCCCCCCCO,298.2,-0.1278333715098848,0.0794043635102238
CC(C)CO,CCCCCCCCO,298.2,0.1906203596086497,0.0404342389674274
CC(C)CO,CCCCCCCCO,298.2,0.1906203596086497,0.0404342389674274
CCC(C)O,CCCCCCCCO,293.4,-0.083381608939051,-0.0328872208177123
CCC(C)O,CCCCCCCCO,303.5,-0.0408219945202551,-0.0363726752234549
CCC(C)O,CCCCCCCCO,313.6,-0.083381608939051,-0.0399366424801383
CCC(C)O,CCCCCCCCO,323.4,-0.1053605156578262,-0.0434306846930462
ClC=C(Cl)Cl,CCCCCCCCO,298.2,0.4700036292457356,1.4703210620276204
COC(C)=O,CCCCCCCCO,298.2,0.9895411936137476,1.5199812785366706
CCc1ccccc1,CCCCCCCCO,293.4,0.8241754429663494,2.1825373841396924
CCc1ccccc1,CCCCCCCCO,298.2,0.9122827104766164,2.098872854239901
CCc1ccccc1,CCCCCCCCO,303.5,0.8064758658669485,2.0117287732954185
CCc1ccccc1,CCCCCCCCO,313.6,0.7654678421395714,1.859442497078352
CCc1ccccc1,CCCCCCCCO,323.4,0.7030975114131134,1.7269967858695214
N#Cc1ccccc1,CCCCCCCCO,298.2,1.925707441737794,1.8572166021616612
Cc1ccc(C)cc1,CCCCCCCCO,303.5,0.7466879474879751,1.8379235471830817
Cc1ccc(C)cc1,CCCCCCCCO,313.6,0.6931471805599453,1.6925741651901898
Cc1ccc(C)cc1,CCCCCCCCO,323.4,0.6729444732424258,1.5664001518252986
ClCCCl,CCCCCCCCO,298.2,0.8796267475025636,1.6776780354215686
ClCCCl,CCCCCCCCO,298.2,0.9858167945227654,1.6776780354215686
ClCCCl,CCCCCCCCO,298.2,0.9858167945227654,1.6776780354215686
ClCCCl,CCCCCCCCO,308.2,0.9360933591703348,1.566795261551324
ClCCCl,CCCCCCCCO,323.2,0.8372475245337022,1.418406356690957
CCC#N,CCCCCCCCO,293.2,1.8468787684491343,2.279126148198981
CCC#N,CCCCCCCCO,298.2,1.6974487897568136,2.204169172906977
COC=O,CCCCCCCCO,298.2,1.275362800412609,2.216396137131972
CCCC(C)C,CCCCCCCCO,298.2,0.9783261227936078,2.573388169436016
CCCC(C)=O,CCCCCCCCO,298.2,0.7747271675523681,1.008911097476555
CC(C)CC(C)C,CCCCCCCCO,298.2,1.1052568313867783,2.5944626125528094
CC(C)OC(C)C,CCCCCCCCO,298.2,0.5822156198526637,0.7907856079029465
CC1CCCCC1,CCCCCCCCO,293.4,0.8285518175661483,2.709376146407667
CC1CCCCC1,CCCCCCCCO,303.5,0.8285518175661483,2.485456024671929
CC1CCCCC1,CCCCCCCCO,313.6,0.7701082216960737,2.2865643667281383
CC1CCCCC1,CCCCCCCCO,323.4,0.7419373447293773,2.114205073603874
Cc1ccccc1,CCCCCCCCO,293.4,0.7030975114131134,1.8734938103563847
Cc1ccccc1,CCCCCCCCO,298.2,0.6931471805599453,1.800827565159471
Cc1ccccc1,CCCCCCCCO,298.2,0.712949807856125,1.800827565159471
Cc1ccccc1,CCCCCCCCO,298.2,0.7466879474879751,1.800827565159471
Cc1ccccc1,CCCCCCCCO,298.2,0.7793248768009977,1.800827565159471
Cc1ccccc1,CCCCCCCCO,303.5,0.7030975114131134,1.725073416852231
Cc1ccccc1,CCCCCCCCO,313.6,0.6418538861723947,1.5925245125015082
Cc1ccccc1,CCCCCCCCO,323.4,0.6043159668533296,1.477064621609651
CCCOC(C)=O,CCCCCCCCO,298.2,0.8586616190375187,1.2165763374030976
CCCCC,CCCCCCCCO,293.4,0.9001613499442714,2.655583292233493
CCCCC,CCCCCCCCO,298.2,0.7975071958841882,2.5461906827959355
CCCCC,CCCCCCCCO,298.2,0.947789398933526,2.5461906827959355
CCCCC,CCCCCCCCO,298.2,0.9631743177730056,2.5461906827959355
CCCCC,CCCCCCCCO,303.5,0.883767540168595,2.432476613782489
CCCCC,CCCCCCCCO,313.6,0.8712933659434193,2.2343491555740087
CCCCC,CCCCCCCCO,323.4,0.8415671856782185,2.0626885093403
CCCCCl,CCCCCCCCO,298.2,0.8064758658669485,2.1422358902321834
CCCC#N,CCCCCCCCO,288.2,1.6770965609079151,1.7424598323834848
CCCC#N,CCCCCCCCO,293.2,1.541159071680806,1.6900633814770814
CCCC#N,CCCCCCCCO,298.2,1.5686159179138452,1.6400486500107525
CCCC#N,CCCCCCCCO,298.2,1.551808799597464,1.6400486500107525
CCCC#N,CCCCCCCCO,303.2,1.4060969884160703,1.592264456668146
CCCC#N,CCCCCCCCO,308.2,1.3480731482996928,1.5465717511035697
CCCC#N,CCCCCCCCO,313.2,1.3137236682850553,1.5028424523010913
CCCC#N,CCCCCCCCO,323.2,1.184789984909162,1.4208105084576852
C1CCOC1,CCCCCCCCO,298.2,0.009950330853168,0.0893850086778834
CCCCCC(C)=O,CCCCCCCCO,298.2,0.7839015438284094,1.2115872639282526
CCCCCC,CCCCCCCCO,293.4,0.9932517730102834,2.653110504977448
CCCCCC,CCCCCCCCO,298.2,0.9820784724121582,2.544316340783752
CCCCCC,CCCCCCCCO,298.2,1.0331844833456545,2.544316340783752
CCCCCC,CCCCCCCCO,303.5,0.9631743177730056,2.431240026916841
CCCCCC,CCCCCCCCO,313.6,0.9783261227936078,2.2342654117489857
CCCCCC,CCCCCCCCO,323.4,0.9282193027394288,2.063651254203223
c1ccncc1,CCCCCCCCO,298.2,-0.3285040669720361,0.2768513977917782
CCCCCCCC,CCCCCCCCO,293.4,1.1151415906193205,2.670648590902976
CCCCCCCC,CCCCCCCCO,298.2,1.1568811967920856,2.561855811973389
CCCCCCCC,CCCCCCCCO,298.2,1.2119409739751128,2.561855811973389
CCCCCCCC,CCCCCCCCO,298.2,1.2178757094949273,2.561855811973389
CCCCCCCC,CCCCCCCCO,303.5,1.1537315878891892,2.448780440989786
CCCCCCCC,CCCCCCCCO,313.6,1.144222799920162,2.2518060826024118
CCCCCCCC,CCCCCCCCO,323.4,1.0647107369924282,2.081190474156183
CCCCCCCCC,CCCCCCCCO,298.2,1.3297240096314962,2.5672128957778773
CCCCOC(C)=O,CCCCCCCCO,298.2,0.7466879474879751,1.113801536169322
C1COCCO1,CCCCCCCCO,298.2,0.7323678937132266,1.0313622406048693
C1COCCO1,CCCCCCCCO,298.2,0.7793248768009977,1.0313622406048693
CCOC(C)=O,CCCCCCCCO,293.2,0.8628899551470398,1.2779718382027263
CCOC(C)=O,CCCCCCCCO,298.2,0.9082585601768908,1.2362788334616426
CCCCCCC,CCCCCCCCO,293.4,1.0647107369924282,2.6632966058878704
CCCCCCC,CCCCCCCCO,298.2,1.0986122886681098,2.55458639325077
CCCCCCC,CCCCCCCCO,298.2,1.1151415906193205,2.55458639325077
CCCCCCC,CCCCCCCCO,298.2,1.1151415906193205,2.55458639325077
CCCCCCC,CCCCCCCCO,298.2,1.118414915964289,2.55458639325077
CCCCCCC,CCCCCCCCO,303.5,1.0715836162801904,2.4415992233936694
CCCCCCC,CCCCCCCCO,308.2,1.1216775615991057,2.347142449118911
CCCCCCC,CCCCCCCCO,313.6,1.0612565021243408,2.2447848766620693
CCCCCCC,CCCCCCCCO,323.2,1.0885619528146082,2.077610901538072
CCCCCCC,CCCCCCCCO,323.4,0.9969486348916096,2.0743151869719494
CC(C)C(C)C(C)C,CCCCCCCCO,298.2,1.1151415906193205,2.5569314176230997
CC(C)CCC(C)C,CCCCCCCCO,298.2,1.2178757094949273,2.5623182045974287
COC(C)(C)C,CCCCCCCCO,298.2,0.8197798314933114,0.549689931457452
COC(C)(C)C,CCCCCCCCO,298.2,0.2231435513142097,0.549689931457452
CCC1CCCCC1,CCCCCCCCO,298.2,1.01160091167848,2.6531166521458784
CCO,CCCCCCCCCCCC,293.2,4.023564380161053,3.876286975277124
CO,CCCCCCCCCCCC,293.2,4.382026634673881,5.213448477684699
CCCO,CCCCCCCCCCCC,293.2,3.7932394694381792,2.889415854769943
CCCCO,CCCCCCCCCCCC,293.2,3.655839600035736,2.602603876657873
CCCC(C)C,CCCCCCCCCCCC,298.2,0.0198026272961797,0.0761226342113535
CC(C)CC(C)C,CCCCCCCCCCCC,298.2,0.0676586484738148,0.1770225935810175
CCCCC,CCCCCCCCCCCC,298.2,-0.1278333715098848,-0.0263137588389659
CCCCCC,CCCCCCCCCCCC,298.2,0.0,-0.0557680225994064
CCCCCCCC,CCCCCCCCCCCC,298.2,0.0392207131532813,-0.0239321903292554
CCCCCCCCC,CCCCCCCCCCCC,298.2,0.0582689081239758,-0.0138228705781396
CCCCCCC,CCCCCCCCCCCC,298.2,0.009950330853168,-0.0433652228573937
CC(C)C(C)C(C)C,CCCCCCCCCCCC,298.2,0.009950330853168,0.0374226521533072
CC(C)CCC(C)C,CCCCCCCCCCCC,298.2,0.0861776962410524,0.0939486150488814
CCC1CCCCC1,CCCCCCCCCCCC,298.2,-0.0304592074847085,-0.1060010139408189
CCOCC,CNC=O,303.2,1.8794650496471603,3.5088702559588967
CCOCC,CNC=O,313.2,1.8625285401162623,3.2476416304650364
CCOCC,CNC=O,323.2,1.8468787684491343,3.0129675491056704
CCOCC,CNC=O,333.2,1.8325814637483104,2.801435506387404
CCO,CNC=O,303.2,0.3220834991691132,0.3953804631398976
CCO,CNC=O,303.2,0.2700271372130602,0.3953804631398976
CCO,CNC=O,313.2,0.29266961396282,0.3711332165093933
CCO,CNC=O,313.2,0.2776317365982795,0.3711332165093933
CCO,CNC=O,323.2,0.2390169004704999,0.3495465746135446
CCO,CNC=O,333.2,0.1988508587451651,0.3302824901809212
CO,CNC=O,303.2,0.0392207131532813,-0.122112841455784
CO,CNC=O,303.2,0.0582689081239758,-0.122112841455784
CO,CNC=O,313.2,0.0295588022415444,-0.1306414450688487
CO,CNC=O,313.2,0.1823215567939546,-0.1306414450688487
CO,CNC=O,323.2,-0.0100503358535014,-0.1367369860298282
CO,CNC=O,333.2,-0.0304592074847085,-0.1408101769029325
CC(C)=O,CNC=O,303.2,0.7608058290337602,1.3245552326549426
CC(C)=O,CNC=O,313.2,0.7466879474879751,1.228698680659292
CC(C)=O,CNC=O,323.2,0.7323678937132266,1.1426375088162186
CC(C)=O,CNC=O,333.2,0.7178397931503168,1.065090695872935
ClC(Cl)Cl,CNC=O,303.2,0.1484200051182732,1.319867484983714
ClC(Cl)Cl,CNC=O,313.2,0.2151113796169455,1.225408641342748
ClC(Cl)Cl,CNC=O,323.2,0.2776317365982795,1.1402405829299544
ClC(Cl)Cl,CNC=O,333.2,0.3435897043900768,1.0632036002493606
ClCCl,CNC=O,303.2,0.3920420877760237,1.560882976845661
ClCCl,CNC=O,313.2,0.4317824164255378,1.44909287494119
ClCCl,CNC=O,323.2,0.4637340162321402,1.3482818973018025
ClCCl,CNC=O,333.2,0.4885800148186709,1.2570940288533792
CCC(C)C,CNC=O,303.2,3.4170707308184456,5.791561834924744
CCC(C)C,CNC=O,313.2,3.3350575791576103,5.363578306535905
CCC(C)C,CNC=O,323.2,3.241810796150697,4.979294584941413
CCC(C)C,CNC=O,333.2,3.171364842197149,4.63304979820015
CC1CCCC1,CNC=O,303.2,3.190476350346503,5.735585686648628
CC1CCCC1,CNC=O,313.2,3.133317936506554,5.309864867456474
CC1CCCC1,CNC=O,323.2,3.0828269804049246,4.927715218050947
CC1CCCC1,CNC=O,333.2,3.0325462466767075,4.583485471580668
CCc1ccccc1,CNC=O,303.2,2.276241117654444,4.028537533824685
CCc1ccccc1,CNC=O,313.2,2.258633205464863,3.7166015571877447
CCc1ccccc1,CNC=O,323.2,2.239645293220172,3.436867603415129
CCc1ccccc1,CNC=O,333.2,2.222459048514761,3.1851554620332467
Cc1ccc(C)cc1,CNC=O,303.2,2.359910159613315,4.0643673884227205
Cc1ccc(C)cc1,CNC=O,313.2,2.3350522831315472,3.748734103505028
Cc1ccc(C)cc1,CNC=O,323.2,2.3085671646715933,3.465730362603076
Cc1ccc(C)cc1,CNC=O,333.2,2.283402273577272,3.211114491126809
CCCC(C)C,CNC=O,298.2,3.540379445795492,5.976832559840627
CCCC(C)=O,CNC=O,303.2,1.1662709371419244,2.1854705430544312
CCCC(C)=O,CNC=O,313.2,1.1600209167967532,2.021744171625373
CCCC(C)=O,CNC=O,323.2,1.1505720275988207,1.8742110178351847
CCCC(C)=O,CNC=O,333.2,1.144222799920162,1.7408441160596453
CC(C)CC(C)C,CNC=O,298.2,3.879706403951603,5.970703712437883
CC(C)OC(C)C,CNC=O,303.2,2.511223958105374,3.834725209750859
CC(C)OC(C)C,CNC=O,313.2,2.4915511925066687,3.543433997962276
CC(C)OC(C)C,CNC=O,323.2,2.4756977107026903,3.2816578400972145
CC(C)OC(C)C,CNC=O,333.2,2.4595888418037104,3.0456024636466497
CC1CCCCC1,CNC=O,303.2,3.4388142452334622,5.722971017545148
CC1CCCCC1,CNC=O,313.2,3.382693910097596,5.295876944988463
CC1CCCCC1,CNC=O,323.2,3.328985047548231,4.912397564250864
CC1CCCCC1,CNC=O,333.2,3.284288963416433,4.566885008345598
Cc1ccccc1,CNC=O,303.2,1.9823798288367047,3.718843542341488
Cc1ccccc1,CNC=O,313.2,1.965712776351493,3.43441957454871
Cc1ccccc1,CNC=O,323.2,1.9459101490553128,3.17920548276032
Cc1ccccc1,CNC=O,333.2,1.928618651945252,2.9494365285819857
CCCCC,CNC=O,298.2,3.128513384787809,5.989028089477612
CCCCC,CNC=O,303.2,3.4503049557691834,5.757233690855816
CCCCC,CNC=O,313.2,3.353406717825807,5.3304741569385286
CCCCC,CNC=O,323.2,3.2733640101522705,4.947341729130878
CCCCC,CNC=O,333.2,3.1982648709640764,4.602181550501028
CCCCCC,CNC=O,298.2,3.61469455592456,5.9564710732341855
CCCCCC,CNC=O,303.2,3.723039305760641,5.72430105113905
CCCCCC,CNC=O,313.2,3.6496187401606335,5.296788159154566
CCCCCC,CNC=O,323.2,3.585184217775171,4.912907443974335
CCCCCC,CNC=O,333.2,3.52459425980608,4.5670109927835965
CCCCCCCC,CNC=O,298.2,4.397776944765114,5.923728716827381
CCCCCCCC,CNC=O,303.2,4.388008706351429,5.690216203265883
CCCCCCCC,CNC=O,313.2,4.27513717299578,5.260075018615549
CCCCCCCC,CNC=O,323.2,4.167749906638376,4.873651116000124
CCCCCCCC,CNC=O,333.2,4.070393341399587,4.52530362554988
CCCCCCCCC,CNC=O,298.2,4.752123598944254,5.911765219248788
CCCCCCC,CNC=O,298.2,4.01764348729183,5.937959674327856
CCCCCCC,CNC=O,303.2,4.05560373390567,5.705169614437584
CCCCCCC,CNC=O,313.2,3.960050974438728,5.276439662140052
CCCCCCC,CNC=O,323.2,3.861571461932048,4.891377826054589
CCCCCCC,CNC=O,333.2,3.785098311854479,4.544340275969003
CC(C)C(C)C(C)C,CNC=O,298.2,4.039888376426042,5.934862812452648
CC(C)CCC(C)C,CNC=O,298.2,4.252344965204106,5.937257243421847
COC(C)(C)C,CNC=O,303.2,1.9198594718553708,3.430026659841225
COC(C)(C)C,CNC=O,313.2,1.912501086924184,3.1712093211079626
COC(C)(C)C,CNC=O,323.2,1.9050881545350584,2.9386539717929328
COC(C)(C)C,CNC=O,333.2,1.897619859927532,2.7289875438565785
CCC1CCCCC1,CNC=O,298.2,3.823410347071543,5.952826804115961
CCCCCC,CCCC=O,308.2,1.0260415958332745,1.161003004354578
CCCCCC,CCCC=O,328.2,0.9820784724121582,1.0312970949579068
CCCCCC,CCCC=O,347.2,0.9162907318741552,0.9269910062948165
CCOC(C)=O,CCCC=O,298.2,0.1222176327242491,0.0116872959767716
CCOC(C)=O,CCCC=O,323.2,0.1133286853070032,0.0104829299516406
CCOC(C)=O,CCCC=O,347.2,0.0861776962410524,0.0094937562517695
CCCC(C)C,CCCCOC(C)=O,298.2,0.7561219797213337,0.94424115400272
CC(C)CC(C)C,CCCCOC(C)=O,298.2,0.8329091229351039,0.9479482805375936
CCCCC,CCCCOC(C)=O,298.2,0.6523251860396901,0.9370116605578326
CCCCCC,CCCCOC(C)=O,298.2,0.7747271675523681,0.9139053123493068
CCCCCCCC,CCCCOC(C)=O,298.2,1.0224509277025455,0.8923626183057994
CCCCCCCCC,CCCCOC(C)=O,298.2,1.128171090909654,0.8800484870146094
CCCCCCC,CCCCOC(C)=O,298.2,0.9082585601768908,0.90380455149633
CC(C)C(C)C(C)C,CCCCOC(C)=O,298.2,0.8628899551470398,0.8985184297661738
CC(C)CCC(C)C,CCCCOC(C)=O,298.2,0.9162907318741552,0.9006789040567701
CCC1CCCCC1,CCCCOC(C)=O,298.2,0.883767540168595,0.9726363499335148
ClC(Cl)(Cl)Cl,C1COCCO1,298.2,0.2468600779315258,0.4170236226957654
ClC(Cl)(Cl)Cl,C1COCCO1,303.2,0.2468600779315258,0.4099550160663896
ClC(Cl)(Cl)Cl,C1COCCO1,308.2,0.2851789422336624,0.4029869224565841
ClC(Cl)(Cl)Cl,C1COCCO1,313.2,0.1484200051182732,0.3961253155027865
ClC(Cl)(Cl)Cl,C1COCCO1,313.2,0.3220834991691132,0.3961253155027865
ClC(Cl)(Cl)Cl,C1COCCO1,337.7,0.1739533071234379,0.3641660557711431
CCO,C1COCCO1,298.2,0.9122827104766164,0.9545154116145548
CCO,C1COCCO1,323.2,0.8586616190375187,0.8817953658207609
CCO,C1COCCO1,323.2,0.883767540168595,0.8817953658207609
CC(C)O,C1COCCO1,323.2,0.8586616190375187,0.9536977564942308
CC(C)O,C1COCCO1,333.2,0.7514160886839212,0.918679012223502
CC(C)O,C1COCCO1,343.2,0.6981347220709843,0.8853863782445068
CC(C)O,C1COCCO1,353.2,0.5247285289349821,0.8537305892623395
ClC(Cl)Cl,C1COCCO1,323.2,-0.8915981192837836,-1.2817007265462534
ClC(Cl)Cl,C1COCCO1,303.2,-0.9942522733438668,-1.5145501725377182
CC#N,C1COCCO1,313.2,0.6523251860396901,0.5051412476551406
ClCCl,C1COCCO1,303.2,-0.6348782724359695,-0.9107211503669934
CCCC(C)C,C1COCCO1,298.2,1.88706964903238,1.7039831335526383
CC(C)CC(C)C,C1COCCO1,298.2,2.061786606441115,1.6883219870873796
Cc1ccccc1,C1COCCO1,298.2,0.1655144384775733,0.1579866836781212
CCCCC,C1COCCO1,298.2,1.706564623164823,1.7351825910074758
CCCCCC,C1COCCO1,298.2,1.9021075263969205,1.627108499660321
CCCCCC,C1COCCO1,353.2,1.275362800412609,1.1983216921794866
CCCCCCCC,C1COCCO1,298.2,2.186051276738094,1.4968882834977997
CCCCCCCC,C1COCCO1,298.2,2.0014800002101243,1.4968882834977997
CCCCCCCC,C1COCCO1,353.2,1.4422019930581866,1.0759774470534111
CCCCCCCCC,C1COCCO1,298.2,2.343727036325221,1.4409634181584925
CCCCCCC,C1COCCO1,298.2,2.0294631718735947,1.5553884458924303
CCCCCCC,C1COCCO1,298.2,1.7850704810772584,1.5553884458924303
CCCCCCC,C1COCCO1,303.2,1.754403682684286,1.50796849914726
CCCCCCC,C1COCCO1,308.2,1.8082887711792648,1.4626615600579855
CCCCCCC,C1COCCO1,313.2,1.814824742159051,1.4193411092832178
CCCCCCC,C1COCCO1,313.4,1.6992786164338898,1.417647924022991
CCCCCCC,C1COCCO1,333.2,1.574846467664481,1.2637072762554915
CCCCCCC,C1COCCO1,353.2,1.3787660946990992,1.1318738588974324
CCCCCCC,C1COCCO1,353.2,1.4182774069729414,1.1318738588974324
CC(C)C(C)C(C)C,C1COCCO1,298.2,2.038619547159581,1.562356516820731
CC(C)CCC(C)C,C1COCCO1,298.2,2.1412419425852827,1.578285054922402
CCC1CCCCC1,C1COCCO1,298.2,1.922787731634459,1.4700565195905102
ClC(Cl)(Cl)Cl,CCCCCCCCCC,313.2,-0.0100503358535014,0.0604009785550492
CCO,CCCCCCCCCC,293.2,4.067315889834181,3.4079033316299348
CCO,CCCCCCCCCC,298.2,3.737431494696102,3.3839967650556955
CCO,CCCCCCCCCC,306.4,3.624340932976365,3.335260776657108
CCO,CCCCCCCCCC,321.4,3.2386784521643803,3.2211780852297403
CCO,CCCCCCCCCC,333.2,2.740840023925201,3.114392534958436
CCO,CCCCCCCCCC,338.7,2.766319109226186,3.0608309063486048
CCO,CCCCCCCCCC,343.2,2.747270914255491,3.0155833815818904
CCO,CCCCCCCCCC,357.5,2.388762789235098,2.865382561510425
CO,CCCCCCCCCC,293.2,4.432006566978902,4.596689192417897
CC(C)=O,CCCCCCCCCC,313.2,1.3428648031925547,2.399030010234017
CC(C)=O,CCCCCCCCCC,333.2,1.3056264580524355,2.137835126146719
CCCO,CCCCCCCCCC,293.2,3.832979798087693,2.560515990501391
CCCCO,CCCCCCCCCC,293.2,3.678829118260434,2.284981076867886
Cc1ccc(C)cc1,CCCCCCCCCC,313.2,0.2070141693843261,0.3401713814518168
CCCC(C)C,CCCCCCCCCC,298.2,0.0,0.0560474328382006
CC(C)CC(C)C,CCCCCCCCCC,298.2,0.0392207131532813,0.1218504856081331
Cc1ccccc1,CCCCCCCCCC,298.2,0.2311117209633866,0.5714320441550783
Oc1ccccc1,CCCCCCCCCC,418.2,1.8453002361560848,2.496937431046102
Oc1ccccc1,CCCCCCCCCC,433.2,1.5665304114228238,2.3543787957712903
CCCCC,CCCCCCCCCC,298.2,-0.1278333715098848,-0.0145459185743672
CCCCC,CCCCCCCCCC,333.2,-0.0618754037180875,-0.0285650390105155
CCCCC,CCCCCCCCCC,343.2,-0.0725706928348353,-0.0320453101677411
CCCCCC,CCCCCCCCCC,298.2,-0.0100503358535014,-0.0317898184367186
CCCCCC,CCCCCCCCCC,333.2,-0.0304592074847085,-0.0370988344598754
CCCCCC,CCCCCCCCCC,343.2,-0.0408219945202551,-0.0384168069691205
CCCCCCCC,CCCCCCCCCC,298.2,0.048790164169432,-0.0086437851979305
CCCCCCCC,CCCCCCCCCC,298.2,0.0198026272961797,-0.0086437851979305
CCCCCCCCC,CCCCCCCCCC,298.2,0.1655144384775733,-0.0026920006298738
C1COCCO1,CCCCCCCCCC,298.2,1.1474024528375415,1.9467169019166743
CCCCCCC,CCCCCCCCCC,298.2,-0.0202027073175194,-0.0212163998142709
CC(C)C(C)C(C)C,CCCCCCCCCC,298.2,0.009950330853168,0.0252141053285573
CC(C)CCC(C)C,CCCCCCCCCC,298.2,0.0582689081239758,0.0593308696552644
CN1CCCC1=O,CCCCCCCCCC,313.2,2.714694743820879,3.181785856827568
CN1CCCC1=O,CCCCCCCCCC,333.2,2.533696813957432,2.868220759455084
CCC1CCCCC1,CCCCCCCCCC,298.2,0.0198026272961797,-0.017330078402554
ClC(Cl)(Cl)Cl,CC(=O)OCc1ccccc1,298.2,0.3435897043900768,0.9194537109388394
CC(C)=O,CC(=O)OCc1ccccc1,298.2,0.1133286853070032,0.1073019451488101
ClC(Cl)Cl,CC(=O)OCc1ccccc1,298.2,-0.6733445532637656,-1.336054282669282
CCBr,CC(=O)OCc1ccccc1,298.2,0.0198026272961797,0.1250308508333465
CCI,CC(=O)OCc1ccccc1,298.2,0.2776317365982795,0.4579513295328404
CC#N,CC(=O)OCc1ccccc1,298.2,0.412109650826833,0.5355137912617898
ClCCCl,CC(=O)OCc1ccccc1,298.2,-0.342490308946776,-0.4641430360228601
CC(C)OC(C)C,CC(=O)OCc1ccccc1,298.2,0.8878912573524571,1.1990407158608305
CCCCCC,CC(=O)OCc1ccccc1,298.2,1.6639260977181702,2.4114081221707213
CCOC(C)=O,CC(=O)OCc1ccccc1,298.2,0.0,0.1036808646721819
ClC(Cl)(Cl)Cl,CCOC(C)=O,293.2,0.2700271372130602,0.4599615741036244
ClC(Cl)(Cl)Cl,CCOC(C)=O,329.2,0.2468600779315258,0.4108007380084296
CCO,CCOC(C)=O,298.2,1.2237754316221157,1.0490341729792718
CCO,CCOC(C)=O,313.0,1.043804052173115,1.015641134247813
CCO,CCOC(C)=O,328.2,1.01160091167848,0.9756401432987624
CCO,CCOC(C)=O,328.4,0.9360933591703348,0.9750852192546612
CCO,CCOC(C)=O,333.5,0.883767540168595,0.9607352439601398
CCO,CCOC(C)=O,338.4,0.8919980393051105,0.9466283160747192
CCO,CCOC(C)=O,348.3,0.8458682675776092,0.91739427086651
CCO,CCOC(C)=O,349.1,0.85015092936961,0.9149984772955264
CO,CCOC(C)=O,350.4,0.9745596399981308,0.9822932835045188
CC(C)O,CCOC(C)=O,288.2,1.5325568680981427,0.965348831166754
CC(C)O,CCOC(C)=O,328.2,0.7839015438284094,0.8562216926813525
CC(C)=O,CCOC(C)=O,293.2,0.1222176327242491,0.1341102737099068
ClC(Cl)Cl,CCOC(C)=O,349.2,-0.7133498878774648,-0.8972547330372386
ClC(Cl)Cl,CCOC(C)=O,349.5,-0.6733445532637656,-0.8952975491474843
ClC(Cl)Cl,CCOC(C)=O,340.0,-0.6931471805599453,-0.960249545000678
ClC(Cl)Cl,CCOC(C)=O,329.2,-0.6539264674066639,-1.0422348637559795
ClC(Cl)Cl,CCOC(C)=O,327.2,-0.7550225842780328,-1.0584656101488472
ClC(Cl)Cl,CCOC(C)=O,323.2,-0.8209805520698302,-1.0919861327404827
ClC(Cl)Cl,CCOC(C)=O,310.5,-0.8675005677047231,-1.2086204812946355
ClC(Cl)Cl,CCOC(C)=O,313.2,-0.8675005677047231,-1.1824384207611054
CCBr,CCOC(C)=O,293.2,0.0392207131532813,0.0438180280183753
CCI,CCOC(C)=O,293.2,0.4382549309311553,0.4025166138470357
CCI,CCOC(C)=O,307.2,0.4054651081081644,0.3855999057322966
CCI,CCOC(C)=O,331.7,0.371563556432483,0.3586855561363753
CCI,CCOC(C)=O,343.9,0.3435897043900768,0.346443835844394
CC#N,CCOC(C)=O,311.7,0.5481214085096876,0.4732612304755973
CC#N,CCOC(C)=O,313.2,0.418710334858185,0.4679351763465615
CC#N,CCOC(C)=O,330.5,0.4574248470388755,0.4110103463976584
CC#N,CCOC(C)=O,347.8,0.412109650826833,0.361406355643687
CC#N,CCOC(C)=O,353.2,0.4054651081081644,0.3472289640501551
CC#N,CCOC(C)=O,393.2,0.3920420877760237,0.2580064912516111
ClCCl,CCOC(C)=O,398.2,-0.342490308946776,-0.3884080504036715
ClCCl,CCOC(C)=O,348.2,-0.4307829160924542,-0.5168726931742953
ClCCl,CCOC(C)=O,298.2,-0.5447271754416722,-0.7270100212765261
ClCCl,CCOC(C)=O,293.2,-0.7133498878774648,-0.7549371498797505
S=C=S,CCOC(C)=O,293.2,0.9783261227936078,1.6966645467805543
CC1CCCC1,CCOC(C)=O,303.2,1.0543120297715298,1.3458398901715642
ClCCCl,CCOC(C)=O,347.8,-0.1625189294977749,-0.1464883647270163
ClCCCl,CCOC(C)=O,330.5,-0.1863295781914934,-0.1747116868691628
ClCCCl,CCOC(C)=O,311.7,-0.2107210313156525,-0.2122784606513769
CCC#N,CCOC(C)=O,311.6,0.3506568716131693,0.2505984646036343
CCC#N,CCOC(C)=O,329.2,0.3001045924503381,0.22578968759315
CCC#N,CCOC(C)=O,348.2,0.2546422183735807,0.20272473906693
CCCC(C)C,CCOC(C)=O,298.2,1.235471471385307,1.2609117703188208
CC(C)CC(C)C,CCOC(C)=O,298.2,1.3376291891386096,1.2336679397825887
Cc1ccccc1,CCOC(C)=O,298.2,0.2851789422336624,0.2578366567526913
Cc1ccccc1,CCOC(C)=O,313.0,0.2390169004704999,0.246413012458551
Cc1ccccc1,CCOC(C)=O,328.4,0.2070141693843261,0.2352840919925664
Cc1ccccc1,CCOC(C)=O,333.5,0.1655144384775733,0.2317630376479149
Cc1ccccc1,CCOC(C)=O,338.4,0.1823215567939546,0.2284548070664843
Cc1ccccc1,CCOC(C)=O,348.3,0.131028262406404,0.2219883608546354
Cc1ccccc1,CCOC(C)=O,349.1,0.1484200051182732,0.2214782472924926
Clc1ccccc1,CCOC(C)=O,313.2,0.0769610411361284,0.2478652810432137
Clc1ccccc1,CCOC(C)=O,353.2,0.1133286853070032,0.2151826405150779
Clc1ccccc1,CCOC(C)=O,393.2,0.131028262406404,0.1898205729778464
Oc1ccccc1,CCOC(C)=O,320.0,-0.7550225842780328,-0.3416954516192274
Oc1ccccc1,CCOC(C)=O,300.0,-1.171182981502945,-0.3438245655830348
CCCCC,CCOC(C)=O,293.2,1.128171090909654,1.3226838801491745
CCCCC,CCOC(C)=O,298.2,1.1052568313867783,1.2827258343553802
CCCCC,CCOC(C)=O,303.2,1.085189268335969,1.2446001134221696
CCCCCl,CCOC(C)=O,323.2,0.2231435513142097,0.187407128122506
CCCCCl,CCOC(C)=O,348.2,0.2070141693843261,0.1675223056950322
CCCCCl,CCOC(C)=O,348.2,0.2070141693843261,0.1675223056950322
C1CCOC1,CCOC(C)=O,313.0,0.0953101798043249,0.1002210237746495
C1CCOC1,CCOC(C)=O,313.2,0.0861776962410524,0.1001256577455198
C1CCOC1,CCOC(C)=O,333.2,0.0953101798043249,0.0912515572294254
C1CCOC1,CCOC(C)=O,333.5,0.0582689081239758,0.0911277603997473
C1CCOC1,CCOC(C)=O,348.3,0.0295588022415444,0.0853245968572471
CCCCCC,CCOC(C)=O,293.2,1.249901736214336,1.3088343614209106
CCCCCC,CCOC(C)=O,298.2,1.2809338454620642,1.268738000072464
CCCCCC,CCOC(C)=O,303.2,1.2029723039923526,1.2304783432678632
CCCCCC,CCOC(C)=O,308.2,1.128171090909654,1.1939429761435485
CCCCCC,CCOC(C)=O,324.4,1.0188473201992472,1.0862172549170674
CCCCCC,CCOC(C)=O,348.4,0.8796267475025636,0.95172985855165
CCCCCCCC,CCOC(C)=O,298.2,1.574846467664481,1.23819823640648
CCCCCCCC,CCOC(C)=O,298.2,1.5432981099295553,1.23819823640648
CCCCCCCC,CCOC(C)=O,328.4,1.2781522025001877,1.0283480479412122
CCCCCCCC,CCOC(C)=O,338.4,1.205970806988609,0.9701200464843044
CCCCCCCC,CCOC(C)=O,349.1,1.118414915964289,0.912895553121786
CCCCCCCCC,CCOC(C)=O,298.2,1.691939133945844,1.222075794726546
CCCC=O,CCOC(C)=O,298.2,0.1043600153242428,0.0127738907496729
CCCC=O,CCOC(C)=O,323.2,0.0953101798043249,0.011468824147694
CCCC=O,CCOC(C)=O,349.2,0.0861776962410524,0.0103143074156012
C1COCCO1,CCOC(C)=O,298.2,0.0769610411361284,0.2547124690341971
C1COCCO1,CCOC(C)=O,328.4,0.0953101798043249,0.2294425059226167
CCCCCCC,CCOC(C)=O,298.2,1.3402504226184837,1.2560311745281294
CCCCCCC,CCOC(C)=O,323.2,1.169381359556317,1.079724495237425
CCCCCCC,CCOC(C)=O,343.2,1.0473189942805592,0.9638195972866485
C1CCCC1,CCOC(C)=O,303.2,1.0043016091968684,1.4159570184193833
CC(C)C(C)C(C)C,CCOC(C)=O,298.2,1.4036429994545037,1.221500758742832
CC(C)CCC(C)C,CCOC(C)=O,298.2,1.4655675420143983,1.204552748698339
CCC1CCCCC1,CCOC(C)=O,298.2,1.4586150226995167,1.3772302685281854
ClC(Cl)(Cl)Cl,CCCCCCC,293.2,0.1823215567939546,0.2661021278326931
ClC(Cl)(Cl)Cl,CCCCCCC,313.2,0.1397619423751586,0.2296390795004079
CCO,CCCCCCC,288.2,4.423648309364701,2.736917530506916
CCO,CCCCCCC,293.2,4.21803603456465,2.723843325100703
CCO,CCCCCCC,293.2,3.9318256327243257,2.723843325100703
CCO,CCCCCCC,293.5,3.873282177111716,2.722934843365585
CCO,CCCCCCC,298.2,4.074141854904581,2.706987042426072
CCO,CCCCCCC,298.2,3.89630004496291,2.706987042426072
CCO,CCCCCCC,303.2,3.906004933102583,2.6867160160189623
CCO,CCCCCCC,303.2,3.831896960948861,2.6867160160189623
CCO,CCCCCCC,303.3,3.758871825933971,2.6862781800539097
CCO,CCCCCCC,303.3,3.53222564406856,2.6862781800539097
CCO,CCCCCCC,308.2,3.742420221041966,2.6633766794036524
CCO,CCCCCCC,313.1,3.459466289786131,2.637840761753453
CCO,CCCCCCC,313.2,3.763522997109702,2.6372942312853884
CCO,CCCCCCC,313.2,3.687378327987669,2.6372942312853884
CCO,CCCCCCC,313.2,3.6270040503958487,2.6372942312853884
CCO,CCCCCCC,313.2,3.3228754148866853,2.6372942312853884
CCO,CCCCCCC,314.5,3.591817741270805,2.6301014653824883
CCO,CCCCCCC,314.6,3.543853682063679,2.629541497885268
CCO,CCCCCCC,318.2,3.4657359027997265,2.608772668341391
CCO,CCCCCCC,322.8,3.086486636822455,2.580622335000275
CCO,CCCCCCC,323.2,3.484312288372662,2.5780951048007124
CCO,CCCCCCC,323.2,3.3357695763397,2.5780951048007124
CCO,CCCCCCC,323.2,3.20761263258949,2.5780951048007124
CCO,CCCCCCC,332.2,3.1441522786722644,2.518268572574093
CCO,CCCCCCC,333.2,3.169685580677429,2.511303416087701
CCO,CCCCCCC,333.2,2.7893229212309465,2.511303416087701
CCO,CCCCCCC,343.1,2.7936160894318567,2.4395386376886687
CCO,CCCCCCC,349.6,2.714694743820879,2.3901229934746904
CCO,CCCCCCC,349.6,2.681021528714291,2.3901229934746904
CCO,CCCCCCC,366.8,2.2823823856765264,2.253613339185827
CO,CCCCCCC,288.2,4.751864565138895,3.714730895859072
CO,CCCCCCC,293.2,4.579852378003801,3.69366280276722
CO,CCCCCCC,293.2,4.382026634673881,3.69366280276722
CO,CCCCCCC,298.2,4.404277243608702,3.667058541389333
CO,CCCCCCC,303.2,4.268297869345539,3.635468131370416
CO,CCCCCCC,308.2,4.1059436980654525,3.599408764864088
CO,CCCCCCC,313.2,3.9852734671677386,3.5593645760481487
CO,CCCCCCC,313.2,3.949318790171843,3.5593645760481487
CO,CCCCCCC,318.2,3.8394523125933104,3.5157869347899173
CO,CCCCCCC,323.2,3.708682081410116,3.469095143129492
CO,CCCCCCC,323.2,3.6506582412937374,3.469095143129492
CO,CCCCCCC,333.2,3.332204510175204,3.3678921884085704
CC(C)O,CCCCCCC,303.2,3.22525543183224,1.999643807247396
CC(C)=O,CCCCCCC,273.2,2.192770226986839,2.3783553858965902
CC(C)=O,CCCCCCC,323.2,1.62924053973028,1.7859730648521814
CC(C)=O,CCCCCCC,323.2,1.6193882432872684,1.7859730648521814
CC(C)=O,CCCCCCC,333.2,1.5238800240724537,1.6946825533887977
CC(C)=O,CCCCCCC,343.2,1.451613827240533,1.6101930338894104
ClC(Cl)Cl,CCCCCCC,293.2,0.3852624007906449,0.7918631922239641
ClC(Cl)Cl,CCCCCCC,293.2,0.3852624007906449,0.7918631922239641
ClC(Cl)Cl,CCCCCCC,323.2,0.3220834991691132,0.6437386902531935
CCCO,CCCCCCC,303.2,3.427189961936409,2.0448348856720906
CCCO,CCCCCCC,313.2,3.2457124788217606,2.0109546148392843
CCCO,CCCCCCC,323.2,3.0204248861443626,1.9695446599364628
CCCO,CCCCCCC,333.2,2.802754136571508,1.922269399938492
CCCO,CCCCCCC,333.2,2.7700855920216627,1.922269399938492
CCCO,CCCCCCC,353.2,2.191653532286764,1.8156033974725665
CCCCO,CCCCCCC,333.2,2.647592232065096,1.6603793423898208
CCCCO,CCCCCCC,353.2,2.2300144001592104,1.5637883387516314
CCCCO,CCCCCCC,363.2,2.163323025660538,1.5135289013472293
CCCCO,CCCCCCC,373.2,1.7263316639055997,1.4627895326655125
CCBr,CCCCCCC,293.2,0.4824261492442928,0.749105047131045
CCI,CCCCCCC,293.2,0.6418538861723947,0.9272788935585558
CC#N,CCCCCCC,293.2,3.4011973816621555,3.7865209480322832
ClCCl,CCCCCCC,293.2,0.7884573603642703,1.295917580828041
S=C=S,CCCCCCC,293.2,0.262364264467491,0.7992072666850673
CC(C)(C)O,CCCCCCC,313.2,2.258633205464863,1.5901321368920125
CC(C)CO,CCCCCCC,298.2,3.481240089335692,1.7761201368389543
CC1=CCC2CC1C2(C)C,CCCCCCC,338.2,0.3364722366212129,0.2331718042393225
CC1=CCC2CC1C2(C)C,CCCCCCC,353.2,0.2776317365982795,0.2231224928352307
Cc1ccc(C)cc1,CCCCCCC,313.2,0.3220834991691132,0.3588121689486155
ClCCCl,CCCCCCC,293.2,1.1939224684724346,1.6489200256035992
CCC#N,CCCCCCC,293.2,3.086486636822455,2.7832230573904164
CCC#N,CCCCCCC,313.2,2.805781689595545,2.4610188863342186
CCCC(C)C,CCCCCCC,298.2,0.0392207131532813,0.0331763169653238
CC(C)CC(C)C,CCCCCCC,298.2,0.0582689081239758,0.0489132354422069
CC(C)OC(C)C,CCCCCCC,313.2,0.1655144384775733,0.2024002729176864
CC(C)OC(C)C,CCCCCCC,323.2,0.0861776962410524,0.1916576218922903
CC(C)OC(C)C,CCCCCCC,333.2,0.1570037488096647,0.18178827634512
CC(C)OC(C)C,CCCCCCC,343.2,0.0769610411361284,0.1726982291243556
Cc1ccccc1,CCCCCCC,298.2,0.412109650826833,0.5998632296773376
CCCCC,CCCCCCC,293.2,0.0,0.0110897949997902
CCCCC,CCCCCCC,298.2,-0.0100503358535014,0.0104427094969099
C1CCOC1,CCCCCCC,303.2,0.4382549309311553,0.7494208224445128
C1CCOC1,CCCCCCC,313.2,0.5822156198526637,0.7017548882123621
C1CCOC1,CCCCCCC,333.2,0.3576744442718159,0.617132056471785
C1CCOC1,CCCCCCC,343.2,0.3364722366212129,0.5794609399792747
CCCCCC,CCCCCCC,293.2,0.0,-0.0004974889910023
CCCCCC,CCCCCCC,298.2,0.0392207131532813,-0.0005884853898448
CCCCCC,CCCCCCC,298.2,0.0,-0.0005884853898448
CCCCCC,CCCCCCC,333.2,0.0,-0.0011489926196901
CCCCCC,CCCCCCC,373.2,0.0,-0.0016608384501597
c1ccncc1,CCCCCCC,298.2,1.715598108262491,1.940481565935895
c1ccncc1,CCCCCCC,303.1,1.6505798557652755,1.8872002705692048
c1ccncc1,CCCCCCC,313.2,1.5303947050936475,1.783002515838902
c1ccncc1,CCCCCCC,313.2,1.5686159179138452,1.783002515838902
c1ccncc1,CCCCCCC,323.2,1.4350845252893227,1.686830959450889
c1ccncc1,CCCCCCC,333.2,1.3402504226184837,1.597085763197321
c1ccncc1,CCCCCCC,341.0,1.3376291891386096,1.531225795792564
c1ccncc1,CCCCCCC,353.2,1.2119409739751128,1.434929597668663
CCCCCCCC,CCCCCCC,298.2,0.0676586484738148,-0.0025420267735297
CCCCCCCC,CCCCCCC,298.2,0.048790164169432,-0.0025420267735297
CCCCCCCCC,CCCCCCC,298.2,0.048790164169432,-0.0076264104238789
C1COCCO1,CCCCCCC,298.2,1.3376291891386096,1.7009698952805934
C1COCCO1,CCCCCCC,298.2,1.483874689458755,1.7009698952805934
C1COCCO1,CCCCCCC,303.2,1.42791603581071,1.6567646207434497
C1COCCO1,CCCCCCC,308.2,1.355835153635182,1.6143081486097068
C1COCCO1,CCCCCCC,313.2,1.3056264580524355,1.5735026690428422
C1COCCO1,CCCCCCC,313.4,1.2781522025001877,1.571903484400481
C1COCCO1,CCCCCCC,333.2,1.1662709371419244,1.425069257765608
C1COCCO1,CCCCCCC,353.2,0.9669838461896731,1.2968298009197463
C1COCCO1,CCCCCCC,353.2,1.0152306797290584,1.2968298009197463
CCOC(C)=O,CCCCCCC,293.2,1.1908875647772803,1.35387537893624
CCOC(C)=O,CCCCCCC,323.2,1.0402767116551463,1.1565471684433883
CCOC(C)=O,CCCCCCC,343.2,0.9282193027394288,1.048072921336875
CCCCCCC,CCCCCCC,298.2,0.048790164169432,0.0
CC(C)C(C)C(C)C,CCCCCCC,298.2,0.0676586484738148,0.0010603384904053
CC(C)CCC(C)C,CCCCCCC,298.2,0.1043600153242428,0.0063367910369791
COC(=O)OC,CCCCCCC,283.2,2.35232718488886,2.534942454921942
COC(=O)OC,CCCCCCC,293.2,2.175887439948088,2.4029369549786037
COC(=O)OC,CCCCCCC,313.2,1.8809906029559973,2.1706817553802047
COC(=O)OC,CCCCCCC,323.2,1.754403682684286,2.068053221612085
COC(=O)OC,CCCCCCC,333.2,1.6370530794670737,1.9731193549308064
COC(=O)OC,CCCCCCC,343.2,1.5282278570085572,1.8850698638246173
COC(=O)OC,CCCCCCC,363.2,1.332366019094335,1.7269063851586952
COC(=O)OC,CCCCCCC,373.2,1.244154593958768,1.6556468628242211
COC(C)(C)C,CCCCCCC,313.2,0.2700271372130602,0.2972549136549417
COC(C)(C)C,CCCCCCC,323.2,0.1988508587451651,0.2801913450039119
CCC1CCCCC1,CCCCCCC,298.2,0.1222176327242491,0.0767035905356875
CO,C1CCCC1,288.2,5.126935749792416,2.8721781130447246
COC(C)(C)C,C1CCCC1,313.2,0.1739533071234379,0.2497138078464938
COC(C)(C)C,C1CCCC1,323.2,0.1133286853070032,0.2365932404071072
CCOCC,O=C1CCCCCO1,303.2,1.128171090909654,2.202801656441026
CCOCC,O=C1CCCCCO1,318.2,1.118414915964289,2.029953983891673
CCOCC,O=C1CCCCCO1,333.2,1.1019400787607845,1.8778901263507355
CCO,O=C1CCCCCO1,303.2,0.6931471805599453,1.5355953748933748
CCO,O=C1CCCCCO1,318.2,0.6097655716208943,1.4347926051896636
CCO,O=C1CCCCCO1,333.2,0.5068176023684519,1.342497443236481
CO,O=C1CCCCCO1,303.2,0.5007752879124892,0.9595442573239584
CO,O=C1CCCCCO1,318.2,0.4446858212614457,0.8921619688433978
CO,O=C1CCCCCO1,333.2,0.3646431135879092,0.8273714542800499
CC(C)O,O=C1CCCCCO1,303.2,0.7793248768009977,1.9806848820233152
CC(C)O,O=C1CCCCCO1,318.2,0.688134638736401,1.8424791343422224
CC(C)O,O=C1CCCCCO1,333.2,0.6043159668533296,1.7189232175270732
CC(C)=O,O=C1CCCCCO1,303.2,0.2231435513142097,0.3332957496630148
CC(C)=O,O=C1CCCCCO1,318.2,0.2151113796169455,0.3123869885051296
CC(C)=O,O=C1CCCCCO1,333.2,0.2070141693843261,0.29355599768424
ClC(Cl)Cl,O=C1CCCCCO1,333.2,-0.6931471805599453,-1.2266899337645685
ClC(Cl)Cl,O=C1CCCCCO1,318.2,-0.7985076962177716,-1.4049201732939016
ClC(Cl)Cl,O=C1CCCCCO1,303.2,-0.916290731874155,-1.6174286939279603
CCCO,O=C1CCCCCO1,303.2,0.7419373447293773,1.7901819663214982
CCCO,O=C1CCCCCO1,318.2,0.636576829071551,1.6509953998110525
CCCO,O=C1CCCCCO1,333.2,0.5128236264286637,1.5287838879246487
CC=O,O=C1CCCCCO1,303.2,0.1739533071234379,0.2743324722758186
CC=O,O=C1CCCCCO1,318.2,0.1570037488096647,0.2468675452647326
CC=O,O=C1CCCCCO1,333.2,0.1397619423751586,0.2223376989438461
ClCCl,O=C1CCCCCO1,333.2,-0.527632742082372,-0.8504447332391804
ClCCl,O=C1CCCCCO1,318.2,-0.579818495252942,-0.9485888554280064
ClCCl,O=C1CCCCCO1,303.2,-0.6348782724359695,-1.0642278048093496
CCCC(C)=O,O=C1CCCCCO1,303.2,0.4510756193602167,0.672046301282243
CCCC(C)=O,O=C1CCCCCO1,318.2,0.4446858212614457,0.6230819748054675
CCCC(C)=O,O=C1CCCCCO1,333.2,0.4382549309311553,0.5796934085702375
CC(C)OC(C)C,O=C1CCCCCO1,303.2,1.6695918352538477,2.649170571319318
CC(C)OC(C)C,O=C1CCCCCO1,318.2,1.6505798557652755,2.429182977291841
CC(C)OC(C)C,O=C1CCCCCO1,333.2,1.623340817603092,2.2363589780773263
Cc1ccccc1,O=C1CCCCCO1,303.2,0.6043159668533296,1.2486512138585275
Cc1ccccc1,O=C1CCCCCO1,318.2,0.598836501088704,1.150265446868384
Cc1ccccc1,O=C1CCCCCO1,333.2,0.598836501088704,1.0634240611960195
CCCCC,O=C1CCCCCO1,303.2,2.33214389523559,4.234920525317778
CCCCC,O=C1CCCCCO1,318.2,2.276241117654444,3.8806003599301566
CCCCC,O=C1CCCCCO1,333.2,2.199444334074532,3.5707154492228725
C1CCOC1,O=C1CCCCCO1,303.2,0.3506568716131693,0.9793526510958902
C1CCOC1,O=C1CCCCCO1,318.2,0.3435897043900768,0.9025956128476672
C1CCOC1,O=C1CCCCCO1,333.2,0.3364722366212129,0.8346240970633476
CCCCCC,O=C1CCCCCO1,303.2,2.5572273113676265,4.150799958309147
CCCCCC,O=C1CCCCCO1,318.2,2.476538400117484,3.799798138757269
CCCCCC,O=C1CCCCCO1,333.2,2.379546134130174,3.492929602351175
CCCCCCCC,O=C1CCCCCO1,303.2,2.990719731730447,4.064240910172722
CCCCCCCC,O=C1CCCCCO1,318.2,2.873564639579784,3.7150232567530734
CCCCCCCC,O=C1CCCCCO1,333.2,2.7536607123542622,3.4097678543819283
CCCCCCC,O=C1CCCCCO1,303.2,2.772588722239781,4.101631384714668
CCCCCCC,O=C1CCCCCO1,318.2,2.6741486494265287,3.7519381718115183
CCCCCCC,O=C1CCCCCO1,333.2,2.5649493574615367,3.4462557097726885
COC(C)(C)C,O=C1CCCCCO1,303.2,1.1786549963416462,2.198045088911276
COC(C)(C)C,O=C1CCCCCO1,318.2,1.172482137234565,2.0177621880025747
COC(C)(C)C,O=C1CCCCCO1,333.2,1.1568811967920856,1.8595542097688016
CCO,CC(C)CC(C)(C)C,293.2,3.828641396489095,2.9174203865531125
CCO,CC(C)CC(C)(C)C,298.2,3.797285327957723,2.899131187725122
CCO,CC(C)CC(C)(C)C,301.8,3.8088822465086327,2.8835453497471155
CCO,CC(C)CC(C)(C)C,319.5,3.342861804649192,2.7824890823209505
CCO,CC(C)CC(C)(C)C,319.7,3.332204510175204,2.7811509335590734
CCO,CC(C)CC(C)(C)C,319.7,3.3141860046725258,2.7811509335590734
CCO,CC(C)CC(C)(C)C,332.2,3.0349529867072724,2.690794311326832
CCO,CC(C)CC(C)(C)C,332.2,3.030133700271324,2.690794311326832
CCO,CC(C)CC(C)(C)C,333.2,2.896464271895322,2.683061348009097
CCO,CC(C)CC(C)(C)C,350.7,2.5494451709255714,2.538854463850456
CCO,CC(C)CC(C)(C)C,351.0,2.580216829592325,2.5362640076827705
CO,CC(C)CC(C)(C)C,293.2,4.356708826689592,3.9806953853984033
CC(C)=O,CC(C)CC(C)(C)C,293.2,1.9671123567059163,2.1501196278376327
ClC(Cl)Cl,CC(C)CC(C)(C)C,293.2,0.412109650826833,0.9650271610722124
CCCO,CC(C)CC(C)(C)C,328.4,2.677590993617501,2.1482559800373817
CCCO,CC(C)CC(C)(C)C,348.5,2.453587966530573,2.0290838285547976
CCBr,CC(C)CC(C)(C)C,293.2,0.4885800148186709,0.926336407930147
CCI,CC(C)CC(C)(C)C,293.2,0.6259384308664954,1.4047692971155918
CC#N,CC(C)CC(C)(C)C,293.2,3.9994842811981406,4.013380288464296
CC#N,CC(C)CC(C)(C)C,293.2,3.449987545831587,4.013380288464296
CC#N,CC(C)CC(C)(C)C,313.2,3.504956615953008,3.500779812234781
ClCCl,CC(C)CC(C)(C)C,293.2,0.7561219797213337,1.5585688439348595
S=C=S,CC(C)CC(C)(C)C,293.2,0.2851789422336624,1.560099563240081
Cc1ccc(C)cc1,CC(C)CC(C)(C)C,313.2,0.3920420877760237,0.5800959401425468
CCC#N,CC(C)CC(C)(C)C,293.2,2.995732273553991,3.092831321067288
CCCC(C)C,CC(C)CC(C)(C)C,298.2,0.009950330853168,-0.0166245144047421
CC(C)CC(C)C,CC(C)CC(C)(C)C,298.2,0.048790164169432,-0.0015879046573846
Cc1ccccc1,CC(C)CC(C)(C)C,298.2,0.4510756193602167,0.9270910485671122
Cc1ccccc1,CC(C)CC(C)(C)C,313.2,0.418710334858185,0.8547341069309884
CCCCC,CC(C)CC(C)(C)C,293.2,-0.0202027073175194,-0.0574616729960656
CCCCC,CC(C)CC(C)(C)C,298.2,-0.0725706928348353,-0.057578236425428
C1CCOC1,CC(C)CC(C)(C)C,293.2,0.3074846997479607,1.003303966389956
CCCCCC,CC(C)CC(C)(C)C,298.2,0.0198026272961797,0.0188357633763987
c1ccncc1,CC(C)CC(C)(C)C,293.2,1.776645831418007,2.440747409995124
c1ccncc1,CC(C)CC(C)(C)C,298.2,1.7263316639055997,2.37289532482602
c1ccncc1,CC(C)CC(C)(C)C,303.2,1.691939133945844,2.3073907680921124
c1ccncc1,CC(C)CC(C)(C)C,308.2,1.6467336971777973,2.244143441548369
c1ccncc1,CC(C)CC(C)(C)C,313.2,1.599387576580599,2.1830657277638714
CCCCCCCC,CC(C)CC(C)(C)C,298.2,0.0198026272961797,0.1162321991062831
CCCCCCCC,CC(C)CC(C)(C)C,298.2,0.1043600153242428,0.1162321991062831
CCCCCCCCC,CC(C)CC(C)(C)C,298.2,0.1484200051182732,0.151262702249757
C1COCCO1,CC(C)CC(C)(C)C,298.2,1.2669476034873244,2.19479070712909
CCOC(C)=O,CC(C)CC(C)(C)C,293.2,1.1378330018213911,1.4528631942582189
CCCCCCC,CC(C)CC(C)(C)C,298.2,0.0676586484738148,0.0771041530472777
CC(C)C(C)C(C)C,CC(C)CC(C)(C)C,298.2,0.0769610411361284,0.0487423183876305
CC(C)CCC(C)C,CC(C)CC(C)(C)C,298.2,0.0582689081239758,0.0290764725175754
CCC1CCCCC1,CC(C)CC(C)(C)C,298.2,0.1823215567939546,0.3307735609472075
CCOCC,N#CCCCC#N,303.2,1.843719208158766,3.743161515509843
CCOCC,N#CCCCC#N,313.2,1.8309801823813363,3.5306203501093663
CCOCC,N#CCCCC#N,323.2,1.8213182714696,3.336263475677281
CCOCC,N#CCCCC#N,333.2,1.8066480817218056,3.158044761148082
CCO,N#CCCCC#N,303.2,1.415853163361435,2.973759972187143
CCO,N#CCCCC#N,313.2,1.3137236682850553,2.8582247233377145
CCO,N#CCCCC#N,323.2,1.2237754316221157,2.7477432733099043
CCO,N#CCCCC#N,333.2,1.1378330018213911,2.642146773298552
CO,N#CCCCC#N,303.2,1.0473189942805592,2.3573502658324967
CO,N#CCCCC#N,313.2,0.9669838461896731,2.279273439769692
CO,N#CCCCC#N,323.2,0.8960880245566357,2.201715519227352
CO,N#CCCCC#N,333.2,0.8197798314933114,2.125088933330982
CC(C)O,N#CCCCC#N,303.2,1.6601310267496183,3.463734970281473
CC(C)O,N#CCCCC#N,313.2,1.5432981099295553,3.3099718570757264
CC(C)O,N#CCCCC#N,323.2,1.449269160281279,3.165709191560894
CC(C)O,N#CCCCC#N,333.2,1.3480731482996928,3.03021951035098
CC(C)=O,N#CCCCC#N,303.2,0.2231435513142097,0.2620662479395492
CC(C)=O,N#CCCCC#N,313.2,0.2231435513142097,0.2542284511520526
CC(C)=O,N#CCCCC#N,323.2,0.2311117209633866,0.2466516672501867
CC(C)=O,N#CCCCC#N,333.2,0.2311117209633866,0.2393386746344902
ClC(Cl)Cl,N#CCCCC#N,303.2,0.4637340162321402,1.305434849801837
ClC(Cl)Cl,N#CCCCC#N,313.2,0.4885800148186709,1.252731215693192
ClC(Cl)Cl,N#CCCCC#N,323.2,0.5247285289349821,1.2029899962544643
ClC(Cl)Cl,N#CCCCC#N,333.2,0.5481214085096876,1.1560219905888038
CCCO,N#CCCCC#N,303.2,1.6974487897568136,3.6379789490556096
CCCO,N#CCCCC#N,313.2,1.5686159179138452,3.476432826601654
CCCO,N#CCCCC#N,323.2,1.4609379041156565,3.324926275597728
CCCO,N#CCCCC#N,333.2,1.3609765531356006,3.182683179229995
CC=O,N#CCCCC#N,303.2,0.131028262406404,0.5880910555791169
CC=O,N#CCCCC#N,313.2,0.131028262406404,0.5506217745012447
CC=O,N#CCCCC#N,323.2,0.1397619423751586,0.5164342837568127
CC=O,N#CCCCC#N,333.2,0.1397619423751586,0.4851348111087636
ClCCl,N#CCCCC#N,303.2,0.1823215567939546,0.9255225550914866
ClCCl,N#CCCCC#N,313.2,0.1988508587451651,0.8800145327641786
ClCCl,N#CCCCC#N,323.2,0.2231435513142097,0.8378200486900259
ClCCl,N#CCCCC#N,333.2,0.2390169004704999,0.7986068892158349
CCCC(C)=O,N#CCCCC#N,303.2,0.9162907318741552,1.4834457549824802
CCCC(C)=O,N#CCCCC#N,313.2,0.904218150639886,1.4079662464668734
CCCC(C)=O,N#CCCCC#N,323.2,0.8960880245566357,1.338403653767671
CCCC(C)=O,N#CCCCC#N,333.2,0.8796267475025636,1.2741320707870902
CC(C)OC(C)C,N#CCCCC#N,303.2,2.760009940032921,4.502657444861808
CC(C)OC(C)C,N#CCCCC#N,313.2,2.734367509419584,4.239214941156209
CC(C)OC(C)C,N#CCCCC#N,323.2,2.70805020110221,3.998701894378524
CC(C)OC(C)C,N#CCCCC#N,333.2,2.681021528714291,3.7784954076963766
Cc1ccccc1,N#CCCCC#N,303.2,1.6505798557652755,3.3242656619608995
Cc1ccccc1,N#CCCCC#N,313.2,1.6193882432872684,3.125415225831919
Cc1ccccc1,N#CCCCC#N,323.2,1.599387576580599,2.944345738389869
Cc1ccccc1,N#CCCCC#N,333.2,1.5706970841176695,2.7789807656910126
C1CCOC1,N#CCCCC#N,303.2,0.7371640659767196,1.9156749374394757
C1CCOC1,N#CCCCC#N,313.2,0.7371640659767196,1.8215996156956848
C1CCOC1,N#CCCCC#N,323.2,0.7371640659767196,1.7345108332056225
C1CCOC1,N#CCCCC#N,333.2,0.7323678937132266,1.653719773455688
COC(C)(C)C,N#CCCCC#N,303.2,1.900613874140137,3.857505686794984
COC(C)(C)C,N#CCCCC#N,313.2,1.890095369948917,3.637511921965699
COC(C)(C)C,N#CCCCC#N,323.2,1.885553348514416,3.436310788664119
COC(C)(C)C,N#CCCCC#N,333.2,1.873339456220478,3.251791146080864
ClC(Cl)(Cl)Cl,CCCCCCCCCCCCCCCC,298.2,-0.1863295781914934,-0.3268549780382743
CCOCC,CCCCCCCCCCCCCCCC,298.2,0.0769610411361284,0.7658915162389353
CCO,CCCCCCCCCCCCCCCC,293.2,3.919991175077323,4.7088627433993455
CCO,CCCCCCCCCCCCCCCC,298.2,3.698829784967105,4.669744686975016
CCO,CCCCCCCCCCCCCCCC,298.2,3.548179572010801,4.669744686975016
CO,CCCCCCCCCCCCCCCC,293.2,4.247065649239764,6.349729096897207
CO,CCCCCCCCCCCCCCCC,298.2,3.96859235691604,6.29134464264672
CC(C)O,CCCCCCCCCCCCCCCC,298.2,3.277899165317662,3.610665452183848
CC(C)=O,CCCCCCCCCCCCCCCC,298.2,1.7011051009599245,3.7004698203313553
CC(C)=O,CCCCCCCCCCCCCCCC,333.2,1.3056264580524355,2.9404274373852792
ClC(Cl)Cl,CCCCCCCCCCCCCCCC,298.2,0.0582689081239758,0.7505313110648416
CCCO,CCCCCCCCCCCCCCCC,293.2,3.629660094453965,3.46791970459627
CCCO,CCCCCCCCCCCCCCCC,298.2,3.4515735889872223,3.442980168527416
CCCCO,CCCCCCCCCCCCCCCC,293.2,3.5409593240373143,3.151912888642656
CCCCO,CCCCCCCCCCCCCCCC,298.2,3.3228754148866853,3.120374636518382
CCCCCO,CCCCCCCCCCCCCCCC,298.2,3.299533727885655,2.7387066083129303
CC(Cl)(Cl)Cl,CCCCCCCCCCCCCCCC,298.2,0.0392207131532813,0.439322943011052
CC#N,CCCCCCCCCCCCCCCC,298.2,3.190476350346503,6.642026668650045
ClCCl,CCCCCCCCCCCCCCCC,298.2,0.3435897043900768,1.4590664650128558
CC(C)(C)O,CCCCCCCCCCCCCCCC,298.2,2.7713379403381286,2.95051548501298
CC(C)CO,CCCCCCCCCCCCCCCC,298.2,3.295836866004329,3.234365537312873
CC(C)CO,CCCCCCCCCCCCCCCC,298.2,3.295836866004329,3.234365537312873
CC(C)CO,CCCCCCCCCCCCCCCC,303.2,2.900871992530031,3.194456327700277
CC(C)CO,CCCCCCCCCCCCCCCC,308.2,2.8780742300857587,3.151888525781779
CC(C)CO,CCCCCCCCCCCCCCCC,313.2,2.7298116928837226,3.107002373764191
CC(C)CO,CCCCCCCCCCCCCCCC,318.2,2.5922651681085,3.0601128127380006
CC(C)CO,CCCCCCCCCCCCCCCC,323.2,2.4595888418037104,3.0115103295072965
CC(C)CO,CCCCCCCCCCCCCCCC,328.2,2.341805806147327,2.9614619724273514
COC(C)=O,CCCCCCCCCCCCCCCC,298.2,1.2119409739751128,3.454347600036153
CCc1ccccc1,CCCCCCCCCCCCCCCC,393.2,-0.1625189294977749,0.0830194665238811
CCc1ccccc1,CCCCCCCCCCCCCCCC,453.2,-0.2231435513142097,-0.0379140621569734
N#Cc1ccccc1,CCCCCCCCCCCCCCCC,298.2,2.830267833826459,3.580401585359182
Cc1ccc(C)cc1,CCCCCCCCCCCCCCCC,453.2,-0.1863295781914934,-0.1163574339951446
ClCCCl,CCCCCCCCCCCCCCCC,298.2,0.7080357930536959,2.1767626108900893
ClCCCl,CCCCCCCCCCCCCCCC,298.2,0.85015092936961,2.1767626108900893
CCC#N,CCCCCCCCCCCCCCCC,298.2,2.7459880404426023,4.668177478851524
COC=O,CCCCCCCCCCCCCCCC,298.2,1.4422019930581866,3.4602120626388464
CCCC(C)C,CCCCCCCCCCCCCCCC,298.2,-0.1165338162559515,0.0092292674588626
CCCC(C)C,CCCCCCCCCCCCCCCC,298.2,-0.0943106794712412,0.0092292674588626
CCCC(C)=O,CCCCCCCCCCCCCCCC,298.2,1.2383742310432684,2.0860833794291103
CC(C)CC(C)C,CCCCCCCCCCCCCCCC,298.2,-0.0202027073175194,0.1746348307725657
CC(C)CC(C)C,CCCCCCCCCCCCCCCC,298.2,-0.0100503358535014,0.1746348307725657
CC(C)OC(C)C,CCCCCCCCCCCCCCCC,298.2,0.1570037488096647,0.3656021455067815
Cc1ccccc1,CCCCCCCCCCCCCCCC,298.2,-0.0408219945202551,0.4258138927099056
Cc1ccccc1,CCCCCCCCCCCCCCCC,298.2,0.0,0.4258138927099056
Cc1ccccc1,CCCCCCCCCCCCCCCC,333.2,-0.1053605156578262,0.2264029802339081
Cc1ccccc1,CCCCCCCCCCCCCCCC,393.2,-0.2107210313156525,-0.0049711406006306
Cc1ccccc1,CCCCCCCCCCCCCCCC,453.2,-0.2744368457017603,-0.1545235176990691
CCCOC(C)=O,CCCCCCCCCCCCCCCC,298.2,0.9555114450274363,2.604599279548561
CCCCC,CCCCCCCCCCCCCCCC,298.2,-0.1743533871447778,-0.1562771865833156
CCCCC,CCCCCCCCCCCCCCCC,298.2,-0.1392620673335076,-0.1562771865833156
CCCCCl,CCCCCCCCCCCCCCCC,298.2,0.1655144384775733,0.605498749255523
CCCC#N,CCCCCCCCCCCCCCCC,298.2,2.453587966530573,3.535766417972004
C1CCOC1,CCCCCCCCCCCCCCCC,298.2,0.1823215567939546,0.7454010763799817
CCCCCC(C)=O,CCCCCCCCCCCCCCCC,298.2,1.144222799920162,1.6932098724181532
CCCCCC,CCCCCCCCCCCCCCCC,293.2,-0.0943106794712412,-0.1836488906444531
CCCCCC,CCCCCCCCCCCCCCCC,293.2,-0.1053605156578262,-0.1836488906444531
CCCCCC,CCCCCCCCCCCCCCCC,298.2,-0.1053605156578262,-0.1870686357322621
CCCCCC,CCCCCCCCCCCCCCCC,298.2,-0.1053605156578262,-0.1870686357322621
CCCCCC,CCCCCCCCCCCCCCCC,298.2,-0.1053605156578262,-0.1870686357322621
CCCCCC,CCCCCCCCCCCCCCCC,298.2,-0.1053605156578262,-0.1870686357322621
CCCCCC,CCCCCCCCCCCCCCCC,303.2,-0.1053605156578262,-0.1903755923936922
CCCCCC,CCCCCCCCCCCCCCCC,308.2,-0.1053605156578262,-0.1935752500070549
CCCCCC,CCCCCCCCCCCCCCCC,313.2,-0.1053605156578262,-0.196672747415649
CCCCCC,CCCCCCCCCCCCCCCC,323.2,-0.1053605156578262,-0.2025802270030787
CCCCCC,CCCCCCCCCCCCCCCC,333.2,-0.0943106794712412,-0.208133115979018
CCCCCC,CCCCCCCCCCCCCCCC,333.2,-0.1053605156578262,-0.208133115979018
CCCCCC,CCCCCCCCCCCCCCCC,393.2,-0.1278333715098848,-0.2355190831767334
CCCCCC,CCCCCCCCCCCCCCCC,453.2,-0.1508228897345836,-0.2556536910105346
c1ccncc1,CCCCCCCCCCCCCCCC,298.2,1.220829921392359,2.923233171050168
CCCCCCCC,CCCCCCCCCCCCCCCC,298.2,-0.0202027073175194,-0.115046025987421
CCCCCCCC,CCCCCCCCCCCCCCCC,298.2,-0.0408219945202551,-0.115046025987421
CCCCCCCC,CCCCCCCCCCCCCCCC,298.2,-0.083381608939051,-0.115046025987421
CCCCCCCC,CCCCCCCCCCCCCCCC,453.2,-0.1165338162559515,-0.141019064672684
CCCCCCCCC,CCCCCCCCCCCCCCCC,298.2,0.0198026272961797,-0.0874761207477534
CCCCCCCCC,CCCCCCCCCCCCCCCC,298.2,-0.0100503358535014,-0.0874761207477534
CCCC=O,CCCCCCCCCCCCCCCC,298.2,0.9555114450274363,2.075967459511059
CCCCOC(C)=O,CCCCCCCCCCCCCCCC,298.2,0.7975071958841882,1.4550649557783533
C1COCCO1,CCCCCCCCCCCCCCCC,298.2,0.883767540168595,2.357553758139199
C1COCCO1,CCCCCCCCCCCCCCCC,298.2,1.0224509277025455,2.357553758139199
CCCCCCCCCC,CCCCCCCCCCCCCCCC,298.2,0.0861776962410524,-0.056378889911499
CCOC(C)=O,CCCCCCCCCCCCCCCC,298.2,1.0647107369924282,2.29210140436462
CCCCCCC,CCCCCCCCCCCCCCCC,293.2,-0.083381608939051,-0.1552491287464923
CCCCCCC,CCCCCCCCCCCCCCCC,298.2,-0.083381608939051,-0.1572726465499295
CCCCCCC,CCCCCCCCCCCCCCCC,298.2,-0.083381608939051,-0.1572726465499295
CCCCCCC,CCCCCCCCCCCCCCCC,298.2,-0.083381608939051,-0.1572726465499295
CCCCCCC,CCCCCCCCCCCCCCCC,303.2,-0.083381608939051,-0.1592294256395331
CCCCCCC,CCCCCCCCCCCCCCCC,313.2,-0.083381608939051,-0.1629555528714601
CCCCCCC,CCCCCCCCCCCCCCCC,323.2,-0.083381608939051,-0.1664511029231938
CCCCCCC,CCCCCCCCCCCCCCCC,333.2,-0.083381608939051,-0.1697368360450514
CCCCCCC,CCCCCCCCCCCCCCCC,393.2,-0.1278333715098848,-0.1859415503632262
CCCCCCC,CCCCCCCCCCCCCCCC,453.2,-0.1392620673335076,-0.197855519495653
C1CCCC1,CCCCCCCCCCCCCCCC,293.1,-0.2613647641344075,-0.8523747416591699
C1CCCC1,CCCCCCCCCCCCCCCC,298.1,-0.2876820724517809,-0.852622790344214
C1CCCC1,CCCCCCCCCCCCCCCC,303.1,-0.2876820724517809,-0.8528626553049082
CC(C)C(C)C(C)C,CCCCCCCCCCCCCCCC,298.2,-0.083381608939051,-0.0203711988302996
CC(C)C(C)C(C)C,CCCCCCCCCCCCCCCC,298.2,-0.0618754037180875,-0.0203711988302996
CC(C)CCC(C)C,CCCCCCCCCCCCCCCC,298.2,0.0198026272961797,0.0713812614693939
CC(C)CCC(C)C,CCCCCCCCCCCCCCCC,298.2,0.0198026272961797,0.0713812614693939
COC(C)(C)C,CCCCCCCCCCCCCCCC,298.2,0.1823215567939546,0.3212454622253463
COC(C)(C)C,CCCCCCCCCCCCCCCC,298.2,0.0953101798043249,0.3212454622253463
CCC1CCCCC1,CCCCCCCCCCCCCCCC,298.2,-0.1625189294977749,-0.29892031857174
CCC1CCCCC1,CCCCCCCCCCCCCCCC,298.2,-0.1743533871447778,-0.29892031857174
CCO,COC(=O)OC,313.2,1.472472057360943,1.7373398131478437
CO,COC(=O)OC,313.2,1.3937663759585917,1.6968869923889396
CCCO,COC(=O)OC,313.2,1.5539252025038417,1.685851410706486
CC(Cl)(Cl)Cl,COC(=O)OC,298.2,0.5068176023684519,0.5941324150087475
CC(Cl)(Cl)Cl,COC(=O)OC,333.2,0.5068176023684519,0.508468745685651
Cc1ccccc1,COC(=O)OC,318.2,0.9783261227936078,0.4885912650175736
CCCCCCC,COC(=O)OC,283.2,2.746629683069685,2.556183665588481
CCCCCCC,COC(=O)OC,293.2,2.542389085201363,2.401952964999228
CCCCCCC,COC(=O)OC,313.2,2.209372711271867,2.133293842868518
CCCCCCC,COC(=O)OC,323.2,2.0681277817795625,2.0158255808870424
CCCCCCC,COC(=O)OC,333.2,1.9401794743463283,1.907929120707018
CCCCCCC,COC(=O)OC,343.2,1.8213182714696,1.808567363381849
CCCCCCC,COC(=O)OC,363.2,1.6094379124341005,1.6319701389468553
CCCCCCC,COC(=O)OC,373.2,1.5129270120532563,1.5532696469451392
COC(C)(C)C,COC(=O)OC,298.2,0.8878912573524571,1.2077543138850046
CCOCC,O=C1CCCN1,303.2,2.010894999144726,3.678384383955825
CCOCC,O=C1CCCN1,313.2,1.9782390361706728,3.445850623118969
CCOCC,O=C1CCCN1,323.2,1.94876321803772,3.235071748899088
CCOCC,O=C1CCCN1,333.2,1.9242486522741336,3.043405348811194
CCO,O=C1CCCN1,303.2,0.0582689081239758,0.4129333819714309
CCO,O=C1CCCN1,313.2,0.048790164169432,0.357693807770289
CCO,O=C1CCCN1,323.2,0.0392207131532813,0.3115665423065825
CCO,O=C1CCCN1,333.2,0.0198026272961797,0.273202261148756
CO,O=C1CCCN1,323.2,-0.2744368457017603,-0.7260581990146789
CO,O=C1CCCN1,333.2,-0.2613647641344075,-0.7314290468371276
CO,O=C1CCCN1,303.2,-0.3011050927839216,-0.6928902950390154
CO,O=C1CCCN1,313.2,-0.2876820724517809,-0.7137105678918361
CC(C)=O,O=C1CCCN1,303.2,0.8329091229351039,1.151878095710975
CC(C)=O,O=C1CCCN1,313.2,0.8197798314933114,1.0817615394723814
CC(C)=O,O=C1CCCN1,323.2,0.8020015854720274,1.0183779560164992
CC(C)=O,O=C1CCCN1,333.2,0.7884573603642703,0.9608747149689084
ClC(Cl)Cl,O=C1CCCN1,303.2,-0.6348782724359695,-1.2741649130932708
ClC(Cl)Cl,O=C1CCCN1,313.2,-0.527632742082372,-1.146246863944422
ClC(Cl)Cl,O=C1CCCN1,323.2,-0.4307829160924542,-1.0331116411919743
ClC(Cl)Cl,O=C1CCCN1,333.2,-0.342490308946776,-0.9327348574030758
ClCCl,O=C1CCCN1,303.2,-0.1984509387238383,-0.4054478120955998
ClCCl,O=C1CCCN1,313.2,-0.1508228897345836,-0.3628776400241633
ClCCl,O=C1CCCN1,323.2,-0.0943106794712412,-0.3251519820991155
ClCCl,O=C1CCCN1,333.2,-0.0512932943875505,-0.2916277876556275
CC1CCCC1,O=C1CCCN1,303.2,3.2160718975354663,5.7200904696979045
CC1CCCC1,O=C1CCCN1,313.2,3.1406980438041767,5.347768417810074
CC1CCCC1,O=C1CCCN1,323.2,3.069447311376272,5.010799446202779
CC1CCCC1,O=C1CCCN1,333.2,2.997231149677727,4.704835483489555
CCc1ccccc1,O=C1CCCN1,303.2,1.7298840655099674,3.1431546603887246
CCc1ccccc1,O=C1CCCN1,313.2,1.7227665977411035,2.9282406409136663
CCc1ccccc1,O=C1CCCN1,323.2,1.715598108262491,2.7341325010243653
CCc1ccccc1,O=C1CCCN1,333.2,1.7083778602890038,2.558243605038788
Cc1ccc(C)cc1,O=C1CCCN1,303.2,1.803358605071407,3.2619686594661133
Cc1ccc(C)cc1,O=C1CCCN1,313.2,1.7934247485471162,3.040312850056973
Cc1ccc(C)cc1,O=C1CCCN1,323.2,1.780024213009634,2.840061150969775
Cc1ccc(C)cc1,O=C1CCCN1,333.2,1.7698546338400052,2.658555530240696
CCCC(C)=O,O=C1CCCN1,303.2,1.2725655957915476,1.9035332491282893
CCCC(C)=O,O=C1CCCN1,313.2,1.2584609896100056,1.7820251077841514
CCCC(C)=O,O=C1CCCN1,323.2,1.244154593958768,1.6717770938657126
CCCC(C)=O,O=C1CCCN1,333.2,1.229640551074514,1.5714323145237157
CC(C)OC(C)C,O=C1CCCN1,303.2,2.667922410011431,4.1274086926842655
CC(C)OC(C)C,O=C1CCCN1,313.2,2.632608005935352,3.858483838886323
CC(C)OC(C)C,O=C1CCCN1,323.2,2.589266665112243,3.614854207295564
CC(C)OC(C)C,O=C1CCCN1,333.2,2.558776498354456,3.39343002593352
CC1CCCCC1,O=C1CCCN1,303.2,3.4622924810219664,5.708086442512093
CC1CCCCC1,O=C1CCCN1,313.2,3.380654480430826,5.334976741650229
CC1CCCCC1,O=C1CCCN1,323.2,3.306520334720247,4.997257751782482
CC1CCCCC1,O=C1CCCN1,333.2,3.2339614622862416,4.690579355151007
Cc1ccccc1,O=C1CCCN1,303.2,1.3862943611198906,2.7640050474907825
Cc1ccccc1,O=C1CCCN1,313.2,1.396244691973059,2.579924074010975
Cc1ccccc1,O=C1CCCN1,323.2,1.4011829736136412,2.413404039403249
Cc1ccccc1,O=C1CCCN1,333.2,1.4085449700547104,2.2622916556157118
CCCCC,O=C1CCCN1,303.2,3.4600950229096408,5.869817648695276
CCCCC,O=C1CCCN1,313.2,3.377246160839642,5.4924951746871455
CCCCC,O=C1CCCN1,323.2,3.3120018028576843,5.150833052586892
CCCCC,O=C1CCCN1,333.2,3.2359295794340284,4.840455802781547
CCCCCC,O=C1CCCN1,303.2,3.750914845033389,5.792688262548861
CCCCCC,O=C1CCCN1,313.2,3.658677945380815,5.416616564567793
CCCCCC,O=C1CCCN1,323.2,3.572345637857985,5.076116516553982
CCCCCC,O=C1CCCN1,333.2,3.4998353515591547,4.766821999713204
CCCCCCCC,O=C1CCCN1,303.2,4.294969802105708,5.712793589575592
CCCCCCCC,O=C1CCCN1,313.2,4.187075661479786,5.336549573482419
CCCCCCCC,O=C1CCCN1,323.2,4.098834467494953,4.995865419919889
CCCCCCCC,O=C1CCCN1,333.2,4.0069694827371,4.686378939650318
CCCCCCC,O=C1CCCN1,303.2,4.013134506796558,5.746796793375271
CCCCCCC,O=C1CCCN1,313.2,3.9084165098340335,5.370879361663457
CCCCCCC,O=C1CCCN1,323.2,3.8185910606355935,5.030512775880525
CCCCCCC,O=C1CCCN1,333.2,3.735763040012787,4.721334205518886
C1CCCC1,O=C1CCCN1,303.2,2.8437459165561094,5.722372771978771
C1CCCC1,O=C1CCCN1,313.2,2.771963526845863,5.351123770456341
C1CCCC1,O=C1CCCN1,323.2,2.714694743820879,5.01517342185498
C1CCCC1,O=C1CCCN1,333.2,2.646883765864722,4.710177164342695
COC(C)(C)C,O=C1CCCN1,303.2,2.10900034392138,3.6549332423050247
COC(C)(C)C,O=C1CCCN1,313.2,2.0844290831908747,3.4180083594027426
COC(C)(C)C,O=C1CCCN1,323.2,2.061786606441115,3.2033641081481194
COC(C)(C)C,O=C1CCCN1,333.2,2.0360119837525,3.0082855140479494
CCO,CCCCCCCCCCCCCC,293.2,3.977810745966149,4.291785025948803
CO,CCCCCCCCCCCCCC,293.2,4.313480092138772,5.779877870898278
CCCO,CCCCCCCCCCCCCC,293.2,3.6609942506244,3.1800451910582663
CCO,CN1CCCC1=O,343.4,-0.4462871026284195,-0.1883015464120246
CCO,CN1CCCC1=O,333.2,-0.4462871026284195,-0.168609238434697
CCO,CN1CCCC1=O,323.4,-0.4155154439616658,-0.1431495840569479
CO,CN1CCCC1=O,343.4,-0.6539264674066639,-1.1400044471207589
CO,CN1CCCC1=O,333.2,-0.6539264674066639,-1.1470837656427268
CO,CN1CCCC1=O,323.4,-0.6348782724359695,-1.1481322705416894
CC(C)O,CN1CCCC1=O,343.4,-0.3011050927839216,0.5041965615718919
CC(C)O,CN1CCCC1=O,333.2,-0.2744368457017603,0.547639925155632
CC(C)O,CN1CCCC1=O,323.4,-0.2876820724517809,0.59684808684619
CC(C)=O,CN1CCCC1=O,323.4,0.2776317365982795,0.5519913159198655
CC(C)=O,CN1CCCC1=O,333.2,0.2546422183735807,0.5345137790167588
CC(C)=O,CN1CCCC1=O,343.4,0.2546422183735807,0.5173945889074278
ClC(Cl)Cl,CN1CCCC1=O,373.2,-2.407945608651872,-2.0847543444597285
ClC(Cl)Cl,CN1CCCC1=O,323.2,-3.218875824868201,-3.0917166466522947
CCCO,CN1CCCC1=O,354.2,-1.203972804325936,-0.1083839408684169
CC(C)(C)O,CN1CCCC1=O,343.4,-0.1863295781914934,0.6522649725904646
CC(C)(C)O,CN1CCCC1=O,333.2,-0.2231435513142097,0.692656502968494
CC(C)(C)O,CN1CCCC1=O,323.4,-0.2231435513142097,0.7371277028335921
COC(C)=O,CN1CCCC1=O,323.4,0.4824261492442928,0.6421154304794818
COC(C)=O,CN1CCCC1=O,333.2,0.4637340162321402,0.6218458246711015
COC(C)=O,CN1CCCC1=O,343.4,0.4637340162321402,0.6020189552522155
CC1CCCC1,CN1CCCC1=O,323.4,2.1294214739848565,2.9742615148609675
CC1CCCC1,CN1CCCC1=O,333.2,2.069391205826334,2.8201667551681653
CC1CCCC1,CN1CCCC1=O,343.4,2.0149030205422647,2.672644420706678
Cc1ccc(C)cc1,CN1CCCC1=O,373.2,0.5247285289349821,0.8270900660459538
Cc1ccc(C)cc1,CN1CCCC1=O,473.2,0.4510756193602167,0.5600619744367987
CCCC(C)C,CN1CCCC1=O,298.2,2.5416019934645457,3.733591714006748
CCCC(C)=O,CN1CCCC1=O,323.4,0.5128236264286637,0.6029061312719417
CCCC(C)=O,CN1CCCC1=O,333.2,0.494696241836107,0.5792154484519797
CCCC(C)=O,CN1CCCC1=O,343.4,0.4824261492442928,0.556219233164772
CC(C)CC(C)C,CN1CCCC1=O,298.2,2.779440197188883,3.7391488157103536
CC1CCCCC1,CN1CCCC1=O,323.4,2.269028309465203,2.9637725378131723
CC1CCCCC1,CN1CCCC1=O,333.2,2.2126603854660587,2.809380722379885
CC1CCCCC1,CN1CCCC1=O,343.4,2.1564025828159643,2.661565431456961
Cc1ccccc1,CN1CCCC1=O,323.4,0.5068176023684519,0.6223555352122407
Cc1ccccc1,CN1CCCC1=O,333.2,0.5128236264286637,0.5998096402783595
Cc1ccccc1,CN1CCCC1=O,343.4,0.5068176023684519,0.5775204361623734
Cc1ccccc1,CN1CCCC1=O,363.3,0.0769610411361284,0.5372611816909885
Cc1ccccc1,CN1CCCC1=O,383.4,0.0676586484738148,0.5005466997006701
CCCOC(C)=O,CN1CCCC1=O,323.4,0.7701082216960737,0.8502327929486927
CCCOC(C)=O,CN1CCCC1=O,333.2,0.7608058290337602,0.8188453786207944
CCCOC(C)=O,CN1CCCC1=O,343.4,0.7514160886839212,0.7883111299518153
CCCCC,CN1CCCC1=O,298.2,2.26176309847379,3.751235489692033
CCCCC,CN1CCCC1=O,323.4,2.4423470353692043,3.263740296009812
CCCCC,CN1CCCC1=O,333.2,2.322387720290225,3.1010319991793773
CCCCC,CN1CCCC1=O,343.4,2.2353763433005955,2.945066392934389
CCCCCC,CN1CCCC1=O,298.2,2.574899688314705,3.618897609790843
CCCCCC,CN1CCCC1=O,323.4,2.602689685444384,3.139974691042963
CCCCCC,CN1CCCC1=O,333.2,2.5416019934645457,2.9802462031481074
CCCCCC,CN1CCCC1=O,343.4,2.451005098112319,2.827199475608925
CCCCCCCC,CN1CCCC1=O,298.2,3.056827372913802,3.47771917335497
CCCCCCCC,CN1CCCC1=O,323.4,2.9391619220655967,3.0049927685296614
CCCCCCCC,CN1CCCC1=O,333.2,2.8213788864092133,2.84741147803427
CCCCCCCC,CN1CCCC1=O,343.4,2.778819271990417,2.6964644958239736
CCCCCCCCC,CN1CCCC1=O,298.2,3.284288963416433,3.4193793470870704
CCCC=O,CN1CCCC1=O,323.4,0.412109650826833,0.495913540450093
CCCC=O,CN1CCCC1=O,333.2,0.3920420877760237,0.4772488536039917
CCCC=O,CN1CCCC1=O,343.4,0.412109650826833,0.45911016958723
CCCCCCC,CN1CCCC1=O,298.2,2.8195915758351173,3.5380818665021643
CCCCCCC,CN1CCCC1=O,323.4,2.791165107812717,3.063244423380141
CCCCCCC,CN1CCCC1=O,333.2,2.6878474937846906,2.9049333902796706
CCCCCCC,CN1CCCC1=O,343.4,2.5952547069568657,2.753273721257532
C1CCCC1,CN1CCCC1=O,323.4,1.8578592709325787,2.938556199391772
C1CCCC1,CN1CCCC1=O,333.2,1.803358605071407,2.785788856334441
C1CCCC1,CN1CCCC1=O,343.4,1.7647307968401356,2.63956851167155
CC(C)CC(C)(C)C,CN1CCCC1=O,323.4,2.884800712846709,3.276760998451005
CC(C)CC(C)(C)C,CN1CCCC1=O,333.2,2.772588722239781,3.111055985716405
CC(C)CC(C)(C)C,CN1CCCC1=O,343.4,2.667228206581955,2.952145809641069
CC(C)C(C)C(C)C,CN1CCCC1=O,298.2,2.805781689595545,3.572102317005389
CC(C)CCC(C)C,CN1CCCC1=O,298.2,3.00617753141553,3.6065587638747294
CCC1CCCCC1,CN1CCCC1=O,298.2,2.559550192783766,3.377450950561405
ClC(Cl)(Cl)Cl,COC(C)(C)C,308.2,-0.1863295781914934,-0.27284225458024
ClC(Cl)(Cl)Cl,COC(C)(C)C,293.2,-0.2613647641344075,-0.3158303420199221
CCO,COC(C)(C)C,298.2,1.9878743481543453,0.8064851341846184
ClC(Cl)Cl,COC(C)(C)C,293.2,-0.7550225842780328,-1.7486748025865453
CCCC(C)C,COC(C)(C)C,303.2,0.2390169004704999,0.3082962386192157
CCCC(C)C,COC(C)(C)C,323.2,0.1988508587451651,0.275629657133145
CC1CCCCC1,COC(C)(C)C,313.2,-0.0408219945202551,0.3030089649350407
CC1CCCCC1,COC(C)(C)C,333.2,-0.0100503358535014,0.2725095967423215
Cc1ccccc1,COC(C)(C)C,298.2,0.009950330853168,-0.0183480626207369
CCCCC,COC(C)(C)C,293.2,0.0,0.3310084761828261
CCCCCC,COC(C)(C)C,303.2,0.1484200051182732,0.2844947962371881
CCCCCC,COC(C)(C)C,323.2,0.1397619423751586,0.2533599973045621
CCCCCC,COC(C)(C)C,293.2,-0.0100503358535014,0.3023271863503733
CCCCCC,COC(C)(C)C,308.2,0.0676586484738148,0.2761796720382182
CCCCCCCC,COC(C)(C)C,298.2,0.1222176327242491,0.2574014724888838
CCCCCCC,COC(C)(C)C,313.2,0.009950330853168,0.2513056906842601
CCCCCCC,COC(C)(C)C,323.2,-0.0618754037180875,0.2365257656325854
CCCCCCC,COC(C)(C)C,293.2,0.0,0.2851940572105387
C1CCCC1,COC(C)(C)C,288.2,0.5247285289349821,0.3804498179602323
C1CCCC1,COC(C)(C)C,313.2,0.1484200051182732,0.3294223533180297
C1CCCC1,COC(C)(C)C,323.2,0.0953101798043249,0.3119227981336597
COC(=O)OC,COC(C)(C)C,298.2,0.7975071958841882,1.098722026952212
CCOCC,CCN1CCCC1=O,298.2,1.0508216248317612,1.662895678436265
CCOCC,CCN1CCCC1=O,308.2,1.01160091167848,1.5783127044015397
CCOCC,CCN1CCCC1=O,318.2,0.9783261227936078,1.5005902707314402
CC(C)=O,CCN1CCCC1=O,298.2,0.1988508587451651,0.3548601370674461
CC(C)=O,CCN1CCCC1=O,308.2,0.1906203596086497,0.3404084472507052
CC(C)=O,CCN1CCCC1=O,318.2,0.1823215567939546,0.3268564147540276
CC=O,CCN1CCCC1=O,298.2,0.0769610411361284,0.2194083399042644
CC=O,CCN1CCCC1=O,308.2,0.1222176327242491,0.2039460282422739
CC=O,CCN1CCCC1=O,318.2,0.1397619423751586,0.189429661741553
ClCCl,CCN1CCCC1=O,298.2,-1.3093333199837622,-2.6289017617278967
ClCCl,CCN1CCCC1=O,308.2,-1.203972804325936,-2.439155371945188
ClCCl,CCN1CCCC1=O,318.2,-1.0788096613719298,-2.2687925873658124
CCC(C)=O,CCN1CCCC1=O,298.2,0.1906203596086497,0.2465052693791241
CCC(C)=O,CCN1CCCC1=O,308.2,0.1739533071234379,0.2364276615921358
CCC(C)=O,CCN1CCCC1=O,318.2,0.1484200051182732,0.2270370002887364
CCCC(C)=O,CCN1CCCC1=O,298.2,0.2311117209633866,0.3919809894686557
CCCC(C)=O,CCN1CCCC1=O,308.2,0.2311117209633866,0.3746907738205813
CCCC(C)=O,CCN1CCCC1=O,318.2,0.1906203596086497,0.3586681514728849
CC(C)OC(C)C,CCN1CCCC1=O,298.2,1.547562508716013,2.0052973737063544
CC(C)OC(C)C,CCN1CCCC1=O,308.2,1.4770487243883548,1.8946502062484212
CC(C)OC(C)C,CCN1CCCC1=O,318.2,1.4327007339340465,1.793361563822553
Cc1ccccc1,CCN1CCCC1=O,298.2,0.1133286853070032,0.4474764593797061
Cc1ccccc1,CCN1CCCC1=O,308.2,0.2070141693843261,0.4336911380091112
Cc1ccccc1,CCN1CCCC1=O,318.2,0.2776317365982795,0.4201894638236197
CCCCC,CCN1CCCC1=O,298.2,1.9671123567059163,3.3854306999936066
CCCCC,CCN1CCCC1=O,308.2,1.888583653863595,3.1966245672694757
CCCCC,CCN1CCCC1=O,318.2,1.81319474994812,3.0240255065951573
C1CCOC1,CCN1CCCC1=O,298.2,0.2546422183735807,0.5771591496720111
C1CCOC1,CCN1CCCC1=O,308.2,0.2851789422336624,0.5456090760898622
C1CCOC1,CCN1CCCC1=O,318.2,0.3220834991691132,0.5165146905602143
CCCCCC,CCN1CCCC1=O,298.2,2.128231705849268,3.283260100436701
CCCCCC,CCN1CCCC1=O,308.2,2.05668455455722,3.0975139161779293
CCCCCC,CCN1CCCC1=O,318.2,1.9851308622085944,2.927781833693777
C1CCCCC1,CCN1CCCC1=O,298.2,1.7011051009599245,3.132834110144189
C1CCCCC1,CCN1CCCC1=O,308.2,1.6054298910365616,2.952197650833905
C1CCCCC1,CCN1CCCC1=O,318.2,1.5173226235262949,2.787254701021882
CCCCCCCC,CCN1CCCC1=O,298.2,2.468099531471619,3.1789854152019488
CCCCCCCC,CCN1CCCC1=O,308.2,2.3513752571634776,2.995308077336042
CCCCCCCC,CCN1CCCC1=O,318.2,2.2438960966453663,2.827511724442972
CCCCCCC,CCN1CCCC1=O,298.2,2.2965670206684825,3.2236623694354885
CCCCCCC,CCN1CCCC1=O,308.2,2.1838015570040787,3.0393017534812348
CCCCCCC,CCN1CCCC1=O,318.2,2.0831845279586703,2.8708668327297566
COC(C)(C)C,CCN1CCCC1=O,298.2,1.0715836162801904,1.5964403253672297
COC(C)(C)C,CCN1CCCC1=O,308.2,1.01160091167848,1.5092490227356214
COC(C)(C)C,CCN1CCCC1=O,318.2,1.007957920399979,1.4293692734989218
