Solute_SMILES,Solvent_SMILES,T_K,ln_gamma_inf,ln_gamma_pred_Extrap
ClC(Cl)(Cl)Cl,O,285.65,9.132351803114208,9.311953345431576
ClC(Cl)(Cl)Cl,O,288.15,9.318701381646248,9.243783806568048
ClC(Cl)(Cl)Cl,O,293.15,9.130368161817636,9.110676498351328
ClC(Cl)(Cl)Cl,O,293.15,9.280910665345472,9.110676498351328
ClC(Cl)(Cl)Cl,O,293.15,9.4136076932856,9.110676498351328
ClC(Cl)(Cl)Cl,O,293.15,9.414292948896431,9.110676498351328
ClC(Cl)(Cl)Cl,O,293.65,9.566783288998751,9.09759636379118
ClC(Cl)(Cl)Cl,O,298.15,9.215397562802943,8.981699216162456
ClC(Cl)(Cl)Cl,O,298.15,9.246286498749653,8.981699216162456
ClC(Cl)(Cl)Cl,O,298.15,9.319535526001578,8.981699216162456
ClC(Cl)(Cl)Cl,O,298.15,9.412366512044471,8.981699216162456
ClC(Cl)(Cl)Cl,O,298.15,9.414056425624294,8.981699216162456
ClC(Cl)(Cl)Cl,O,303.15,9.193506473640204,8.85664990366695
ClC(Cl)(Cl)Cl,O,303.15,9.220062954124304,8.85664990366695
ClC(Cl)(Cl)Cl,O,303.15,9.261565664051629,8.85664990366695
ClC(Cl)(Cl)Cl,O,303.15,9.268203537420373,8.85664990366695
ClC(Cl)(Cl)Cl,O,303.15,9.4856588289445,8.85664990366695
ClC(Cl)(Cl)Cl,O,304.15,9.384713758920965,8.832094576887469
ClC(Cl)(Cl)Cl,O,308.15,9.10885677578908,8.735339960900069
ClC(Cl)(Cl)Cl,O,313.15,9.076391749466232,8.617593125968899
ClC(Cl)(Cl)Cl,O,313.15,9.484557193474393,8.617593125968899
ClC(Cl)(Cl)Cl,O,314.45,9.441190153874622,8.587541989281725
ClC(Cl)(Cl)Cl,O,325.65,9.302764573165677,8.337757702723259
ClC(Cl)(Cl)Cl,O,337.15,9.094766768725435,8.097101681100357
ClC(Cl)(Cl)Cl,O,348.15,8.913979413376076,7.880493106029283
CC(O)CO,O,318.8,0.2005625077918943,0.13335767453886993
CC(O)CO,O,328.5,0.1964216811727361,0.18246206169867885
CC(O)CO,O,337.9,0.2689655051788501,0.22713014054250402
CC(O)CO,O,348.3,0.2766236528950256,0.2734125002639104
CCOCC,O,293.15,4.217800366149019,3.9279479090405145
CCOCC,O,293.15,4.234965555796951,3.9279479090405145
CCOCC,O,293.15,4.526785852451705,3.9279479090405145
CCOCC,O,296.15,4.298172087830372,3.9064196268476463
CCOCC,O,298.15,4.232959470193154,3.8923011013328974
CCOCC,O,298.15,4.351105980532854,3.8923011013328974
CCOCC,O,303.15,4.448010985096378,3.857788459585027
CCOCC,O,303.15,4.481209985874802,3.857788459585027
CCOCC,O,303.25,4.495396613771142,3.8571092871598927
CCOCC,O,308.15,4.591855943523208,3.824340307384664
Nc1ccccc1,O,333.15,4.890649834884672,4.75757625935013
Nc1ccccc1,O,343.15,4.795335896805095,4.671143713894395
Nc1ccccc1,O,343.15,4.810003116410804,4.671143713894395
Nc1ccccc1,O,353.15,4.712085492332217,4.589326023300473
Nc1ccccc1,O,356.33,4.917108190333251,4.5642017613206995
Nc1ccccc1,O,361.97,4.852858046213298,4.520638490721034
Nc1ccccc1,O,366.84,4.786090761866418,4.4840039817684225
Nc1ccccc1,O,371.03,4.726971802986257,4.453179308580933
Nc1ccccc1,O,372.47,4.526477566535172,4.442729144710373
CCO,O,283.15,1.4865106679950018,1.157726536287782
CCO,O,293.15,1.3421256266746362,1.1215269826987182
CCO,O,293.15,1.5824489652845206,1.1215269826987182
CCO,O,297.45,1.5650721461654784,1.1066484969144312
CCO,O,298.15,1.1914709811829676,1.1042637298492686
CCO,O,298.15,1.2589835803084242,1.1042637298492686
CCO,O,298.15,1.27586267545426,1.1042637298492686
CCO,O,298.15,1.3264965848724235,1.1042637298492686
CCO,O,298.15,1.3433738120067866,1.1042637298492686
CCO,O,298.15,1.3771299963144716,1.1042637298492686
CCO,O,298.15,1.39400704178533,1.1042637298492686
CCO,O,298.15,1.427764945260417,1.1042637298492686
CCO,O,298.65,1.4648975716759538,1.1025666128021236
CCO,O,303.15,1.4290424994336068,1.0875242767272388
CCO,O,303.15,1.4954402033806105,1.0875242767272388
CCO,O,303.15,1.5286399196045264,1.0875242767272388
CCO,O,303.15,1.644837874265694,1.0875242767272388
CCO,O,303.25,1.6255572943139835,1.0871946665609156
CCO,O,308.15,1.4970080230889664,1.0712851149951563
CCO,O,313.15,1.548092155662345,1.0555241242386721
CCO,O,313.15,1.5641622651088645,1.0555241242386721
CCO,O,313.15,1.612369610803768,1.0555241242386721
CCO,O,313.15,1.6445096458466617,1.0555241242386721
CCO,O,313.15,1.69271783620339,1.0555241242386721
CCO,O,313.15,1.7087871967892414,1.0555241242386721
CCO,O,313.25,1.6740920518876163,1.0552136366136937
CCO,O,318.15,1.583056975425798,1.0402204708567577
CCO,O,322.05,1.6604560689747043,1.0285884311449922
CCO,O,323.15,1.6181974355471789,1.0253545156816517
CCO,O,323.15,1.7427757863350828,1.0253545156816517
CCO,O,323.15,1.758349176175439,1.0253545156816517
CCO,O,323.25,1.724761036097453,1.0250615320542704
CCO,O,328.15,1.653473936423712,1.010907729459643
CCO,O,328.15,1.6841445624872975,1.010907729459643
CCO,O,333.15,1.5075934305010563,0.9968626154214866
CCO,O,333.15,1.673747032261203,0.9968626154214866
CCO,O,333.15,1.7190615281541366,0.9968626154214866
CCO,O,333.15,1.749272895619975,0.9968626154214866
CCO,O,333.15,1.7945871342790474,0.9968626154214866
CCO,O,333.25,1.7620422544399057,0.9965856950828094
CCO,O,343.15,1.8184452161570928,0.9699121588813671
CCO,O,343.25,1.7868842714062274,0.9696500151559146
CCO,O,351.35,1.7549692666561505,0.9488771098189293
CCO,O,353.05,1.818643175553347,0.944629913906718
CCO,O,358.15,1.7818808358045648,0.9321135332690633
CCO,O,363.15,1.7906855594599915,0.920160576268082
CCO,O,368.15,1.800116121609101,0.9085104233821835
CCO,O,372.15,1.8161870060385397,0.8994006608164851
CCO,O,373.15,1.6482893266356866,0.8971517055140106
CCO,O,373.3,1.7937108972865208,0.896815332299829
CC(=O)O,O,352.39,1.0985122836677763,1.257381212979319
CC(=O)O,O,371.27,1.1325659500971654,1.264653716835281
CC(=O)O,O,373.15,1.1876208366500731,1.2651673854630112
CC(=O)O,O,383.6,1.1787288397689992,1.2673929778466788
CC(=O)O,O,391.22,1.2856836583309348,1.2683839421698353
CCCCCC=O,O,318.15,6.5616697826928805,6.456816749693433
CCCCCC=O,O,323.15,6.478289956020954,6.363031569428257
CO,O,293.15,0.4259472430488156,0.32841392064664854
CO,O,293.15,0.5117751728015789,0.32841392064664854
CO,O,293.15,0.9752575096380048,0.32841392064664854
CO,O,297.45,0.7445244714196935,0.34966108048388467
CO,O,298.15,0.4258492656292666,0.3530575828121234
CO,O,298.15,0.4596060108744184,0.3530575828121234
CO,O,298.15,0.4933599835869288,0.3530575828121234
CO,O,298.15,0.5102394520008844,0.3530575828121234
CO,O,298.15,0.5271162087019715,0.3530575828121234
CO,O,298.15,0.5439973091540619,0.3530575828121234
CO,O,298.15,0.5946298633841135,0.3530575828121234
CO,O,298.2,0.5429694315145573,0.35329952978087553
CO,O,298.65,0.5674365544310391,0.35547310115355935
CO,O,300.45,0.7819086918374031,0.36409662981610935
CO,O,303.15,0.5264075918922742,0.37682200702877866
CO,O,303.15,0.5762031678253698,0.37682200702877866
CO,O,303.15,0.7421992152002171,0.37682200702877866
CO,O,303.15,0.924798438486767,0.37682200702877866
CO,O,303.25,0.7899199266562074,0.37728852978208927
CO,O,308.15,0.592038723186901,0.39973646484354264
CO,O,313.15,0.5922544472600549,0.42182936415867855
CO,O,313.15,0.6243917808743336,0.42182936415867855
CO,O,313.15,0.6404634462745019,0.42182936415867855
CO,O,313.15,0.6565298755967787,0.42182936415867855
CO,O,313.15,0.8332960046084763,0.42182936415867855
CO,O,313.15,0.8493642952677914,0.42182936415867855
CO,O,313.65,0.823359320555349,0.4239945365383625
CO,O,318.15,0.6724443482007435,0.4431282589128025
CO,O,323.15,0.7042898695784298,0.46365986047033847
CO,O,323.15,0.7354352997939254,0.46365986047033847
CO,O,323.2,0.734500234043424,0.4638613899138071
CO,O,323.25,0.8269741544960076,0.4640628452483886
CO,O,328.15,0.7359719681505611,0.48345005053417
CO,O,328.15,0.7513075922323562,0.48345005053417
CO,O,333.05,0.7692560068122521,0.5021492804222503
CO,O,333.15,0.6466266887344628,0.5025238953944339
CO,O,333.15,0.7523637527160314,0.5025238953944339
CO,O,333.15,0.7674658448022446,0.5025238953944339
CO,O,333.2,0.8118808753078581,0.5027110990665459
CO,O,333.25,0.8713812281922055,0.502898233561162
CO,O,342.35,0.828962213691482,0.535828708198747
CO,O,353.05,0.892776424809087,0.5718066059050043
CO,O,358.15,0.8370223909679345,0.5879701996086872
CO,O,362.95,0.8990184206265559,0.6026293364095823
CO,O,363.15,0.8680873954876142,0.6032287522598142
CO,O,368.15,0.8714565325473429,0.6179249889251579
CO,O,372.15,0.8771090579588328,0.6292900083737416
CO,O,372.55,0.938467010418178,0.6304077602463728
CO,O,373.15,0.7942632010793891,0.6320780695629251
CO,O,373.3,0.8189468855712101,0.6324944653193539
CC(C)O,O,293.15,1.9761303136858408,2.104815903524948
CC(C)O,O,298.15,1.8838310771818616,2.0695180499915318
CC(C)O,O,298.15,2.0357325713523444,2.0695180499915318
CC(C)O,O,298.15,2.052611051707279,2.0695180499915318
CC(C)O,O,298.15,2.103244734463406,2.0695180499915318
CC(C)O,O,303.15,2.0955646135898114,2.035384562226328
CC(C)O,O,303.15,2.211761732345317,2.035384562226328
CC(C)O,O,303.15,2.278160219558348,2.035384562226328
CC(C)O,O,308.15,2.188257829273534,2.0023587619193806
CC(C)O,O,313.15,2.2479419837098726,1.9703875906265444
CC(C)O,O,313.15,2.3925720385852043,1.9703875906265444
CC(C)O,O,317.85,2.1898877283622014,1.9412518277074693
CC(C)O,O,323.15,2.3989129366210244,1.909413320372961
CC(C)O,O,323.25,2.473896257267948,1.9088226291322836
CC(C)O,O,328.05,2.277249848960313,1.8808929527745142
CC(C)O,O,328.15,2.519871524823857,1.880319773065504
CC(C)O,O,333.15,2.261453675607473,1.8520995102942146
CC(C)O,O,333.15,2.4729184104759336,1.8520995102942146
CC(C)O,O,333.15,2.488026777124244,1.8520995102942146
CC(C)O,O,337.55,2.2661129989240254,1.8279572430968662
CC(C)O,O,349.15,2.4126764007877006,1.7672261378708778
CC(C)O,O,353.15,2.5294178308833737,1.7472094538207132
CC(C)O,O,355.45,2.530341986462213,1.7359038562058091
CC(C)O,O,357.75,2.461271186551626,1.724743627241239
CC(C)O,O,373.15,2.5237346576375184,1.6535631153047559
CC(C)=O,O,297.25,2.0736284282280435,1.83641472214526
CC(C)=O,O,298.01,2.025606862813924,1.8363306794249836
CC(C)=O,O,298.05,2.0417474626274905,1.836326252439663
CC(C)=O,O,298.15,1.9386193499389088,1.8363151830972526
CC(C)=O,O,298.15,1.955496906044164,1.8363151830972526
CC(C)=O,O,298.15,1.9892528496392308,1.8363151830972526
CC(C)=O,O,298.15,2.0230087468676543,1.8363151830972526
CC(C)=O,O,298.15,2.039886972802934,1.8363151830972526
CC(C)=O,O,298.15,2.056765113972069,1.8363151830972526
CC(C)=O,O,298.65,2.0980081112536744,1.836259792085702
CC(C)=O,O,303.15,1.998837322221393,1.8357556246653555
CC(C)=O,O,303.15,2.048636913719601,1.8357556246653555
CC(C)=O,O,303.25,2.080018874990883,1.835744259623067
CC(C)=O,O,313.15,2.181191170927006,1.8345591652077589
CC(C)=O,O,313.25,2.227636305916045,1.8345464294186913
CC(C)=O,O,317.75,2.118175357471679,1.8339532312345161
CC(C)=O,O,317.75,2.165686896182476,1.8339532312345161
CC(C)=O,O,318.15,2.190531114902482,1.833898477047065
CC(C)=O,O,323.15,1.7177720026337593,1.8331830369044393
CC(C)=O,O,323.25,2.2766886560978694,1.8331681122210544
CC(C)=O,O,333.15,2.358010339099456,1.8315569986107931
CC(C)=O,O,333.15,2.373108792166169,1.8315569986107931
CC(C)=O,O,333.15,2.463742596171428,1.8315569986107931
CC(C)=O,O,333.25,2.3261746584271314,1.8315392920755906
CC(C)=O,O,373.15,2.427092138410184,1.8217725540135123
ClC(Cl)Cl,O,288.15,6.775230236959799,6.48907962576544
ClC(Cl)Cl,O,293.15,6.344700835642041,6.378404058549596
ClC(Cl)Cl,O,293.15,6.705186115903536,6.378404058549596
ClC(Cl)Cl,O,293.15,6.773850102223314,6.378404058549596
ClC(Cl)Cl,O,293.15,6.911179409948831,6.378404058549596
ClC(Cl)Cl,O,295.15,6.961258130499444,6.335183724377663
ClC(Cl)Cl,O,297.25,6.296398201587514,6.290428292348619
ClC(Cl)Cl,O,298.15,6.43634906657635,6.27144038271728
ClC(Cl)Cl,O,298.15,6.6557633355253625,6.27144038271728
ClC(Cl)Cl,O,298.15,6.807666399357829,6.27144038271728
ClC(Cl)Cl,O,298.15,6.841422081709653,6.27144038271728
ClC(Cl)Cl,O,298.15,6.875178366825395,6.27144038271728
ClC(Cl)Cl,O,298.15,6.962943976426019,6.27144038271728
ClC(Cl)Cl,O,298.15,7.001764613053414,6.27144038271728
ClC(Cl)Cl,O,300.45,6.362355463575814,6.223432521400768
ClC(Cl)Cl,O,303.15,6.343660726336806,6.1680049480638806
ClC(Cl)Cl,O,303.15,6.793510974623917,6.1680049480638806
ClC(Cl)Cl,O,308.15,6.7450681000371,6.067926022242425
ClC(Cl)Cl,O,308.15,6.797325268455187,6.067926022242425
ClC(Cl)Cl,O,313.15,6.808525929254551,5.971042839521656
ClC(Cl)Cl,O,323.15,6.76577803463652,5.786270384054143
ClC(Cl)Cl,O,323.15,6.818722952157459,5.786270384054143
CCCO,O,283.15,2.4293587031551884,2.1450045378635947
CCCO,O,293.15,2.350927537904547,2.089472383956541
CCCO,O,293.15,2.608414010926863,2.089472383956541
CCCO,O,293.15,3.192055349983759,2.089472383956541
CCCO,O,297.25,2.8551072087958533,2.067529566807619
CCCO,O,298.06,2.607021032344376,2.0632490984691576
CCCO,O,298.15,2.4013891620526264,2.062774587946133
CCCO,O,298.15,2.435138507553879,2.062774587946133
CCCO,O,298.15,2.468895824515635,2.062774587946133
CCCO,O,298.15,2.6039185596986583,2.062774587946133
CCCO,O,298.15,2.637677807082885,2.062774587946133
CCCO,O,298.15,2.6545579996615247,2.062774587946133
CCCO,O,298.15,2.7220714424644643,2.062774587946133
CCCO,O,298.2,2.63595251466178,2.0625110655632506
CCCO,O,303.15,2.585128987589703,2.036752370554307
CCCO,O,303.15,2.668130577100966,2.036752370554307
CCCO,O,303.15,2.734529833906589,2.036752370554307
CCCO,O,303.15,2.867324873684984,2.036752370554307
CCCO,O,308.15,2.781344032409384,2.0113800699292037
CCCO,O,313.15,2.732300439436753,1.9866333434965888
CCCO,O,313.15,2.828720915250768,1.9866333434965888
CCCO,O,313.15,2.9412074475986603,1.9866333434965888
CCCO,O,313.15,3.101901462147702,1.9866333434965888
CCCO,O,318.15,2.876605210096751,1.9624890805321749
CCCO,O,323.15,2.909384312818762,1.9389253219938434
CCCO,O,323.15,2.940526070556888,1.9389253219938434
CCCO,O,323.15,3.002817116677202,1.9389253219938434
CCCO,O,323.2,2.814426200981361,1.9386925444372554
CCCO,O,328.15,2.927726414809666,1.915921186876611
CCCO,O,333.15,2.7359052874715637,1.8934568044422062
CCCO,O,333.15,2.9473715171758355,1.8934568044422062
CCCO,O,333.15,3.007794234731868,1.8934568044422062
CCCO,O,333.15,3.038001220733157,1.8934568044422062
CCCO,O,333.2,2.9006080764538105,1.8932348215792745
CCCO,O,358.15,2.9921157417794486,1.7885989417856043
CCCO,O,363.15,2.9635086237581327,1.769005062615168
CCCO,O,368.15,2.923510982036997,1.749835433193324
CCCO,O,372.15,2.936608400051252,1.734795973038655
CCCO,O,373.15,2.8725528284364588,1.7310763684121593
CCCCO,O,293.15,3.837428761217175,3.6282798140500665
CCCCO,O,298.15,3.7833051519703096,3.5976739164910407
CCCCO,O,298.15,3.85081758998374,3.5976739164910407
CCCCO,O,298.15,3.884573696639933,3.5976739164910407
CCCCO,O,298.15,3.918329080277001,3.5976739164910407
CCCCO,O,298.15,3.935206186717125,3.5976739164910407
CCCCO,O,298.15,3.9520856717316857,3.5976739164910407
CCCCO,O,298.15,4.323402588495852,3.5976739164910407
CCCCO,O,298.2,3.983770479511387,3.597372895320005
CCCCO,O,303.15,3.916154459207595,3.5680441805234304
CCCCO,O,303.15,3.9493534716513583,3.5680441805234304
CCCCO,O,308.15,3.65529681709681,3.539328317947109
CCCCO,O,308.15,4.030893449641484,3.539328317947109
CCCCO,O,308.15,4.063553684620665,3.539328317947109
CCCCO,O,313.15,3.887326542830363,3.511469042866384
CCCCO,O,313.15,4.015883797061877,3.511469042866384
CCCCO,O,313.15,4.064093236908465,3.511469042866384
CCCCO,O,318.15,4.082843679885048,3.4844136233129595
CCCCO,O,323.15,4.041079149047413,3.4581134765943764
CCCCO,O,323.15,4.056651348513975,3.4581134765943764
CCCCO,O,323.15,4.072223349081951,3.4581134765943764
CCCCO,O,323.15,4.103368721736717,3.4581134765943764
CCCCO,O,323.15,4.118939609077481,3.4581134765943764
CCCCO,O,323.2,4.054848077714061,3.457854134681302
CCCCO,O,323.23,4.349566715759945,3.45769856360453
CCCCO,O,328.15,4.12556056659712,3.43252380376246
CCCCO,O,333.15,3.862330534302201,3.4076032591187566
CCCCO,O,333.15,4.073799959730392,3.4076032591187566
CCCCO,O,333.15,4.1342189078649625,3.4076032591187566
CCCCO,O,333.15,4.164428615930909,3.4076032591187566
CCCCO,O,333.15,4.194639268306023,3.4076032591187566
CCCCO,O,333.2,4.102297850808174,3.4073573010482647
CCCCO,O,343.15,4.083866525490008,3.359619671550333
CCCCO,O,343.15,4.15719102764046,3.359619671550333
CCCCO,O,343.15,4.215849551695928,3.359619671550333
CCCCO,O,353.15,3.830754379957693,3.313890330350314
CCCCO,O,353.15,4.044495837975592,3.313890330350314
CCCCO,O,353.15,4.129993197968359,3.313890330350314
CCCCO,O,363.15,4.014971213810995,3.27018165489024
CCCCO,O,372.15,4.021653790493495,3.2324048127168994
CCCCO,O,373.15,3.9807726473371816,3.2282926584993863
CCCCO,O,390.15,3.8953589277284255,3.160777961471682
CCCCCO,O,298.15,5.165962424491233,5.036425458625004
CCCCCO,O,298.15,5.284111945625769,5.036425458625004
CCCCCO,O,298.15,5.317865059390406,5.036425458625004
CCCCCO,O,298.15,5.38537999222443,5.036425458625004
CCCCCO,O,298.2,5.146738377088596,5.035883202135652
CCCCCO,O,303.15,5.351113780684867,4.983066077805555
CCCCCO,O,313.15,5.438566146920084,4.881304883765906
CCCCCO,O,323.15,5.468600079730235,4.785559763264466
CCCCCO,O,333.15,5.280051557741144,4.695204681411578
CCCCCO,O,333.15,5.431102856055984,4.695204681411578
CCCCCO,O,333.2,5.278104455096822,4.694765507844491
CCCCCO,O,343.15,5.36109496316769,4.609698458430956
CCCCCO,O,343.2,5.197949920301946,4.609282294500476
CCCCCO,O,353.15,5.346626462641822,4.528571445937171
CCCCCO,O,363.15,5.230445295301202,4.451414525616904
CCCCCO,O,371.15,5.1504378153582255,4.392305548929433
CCCCCO,O,373.15,5.101401833850708,4.377869989125966
c1ccccc1,O,279.35,7.787792730515996,7.802490154231901
c1ccccc1,O,279.45,7.747579567386571,7.799698201919379
c1ccccc1,O,279.85,7.820772659281815,7.7885503437757135
c1ccccc1,O,280.25,7.768076537005824,7.77743430490923
c1ccccc1,O,282.15,7.778605031899494,7.725063494938011
c1ccccc1,O,282.15,7.8142744240274595,7.725063494938011
c1ccccc1,O,282.55,7.779901837338731,7.714127800813734
c1ccccc1,O,283.15,7.826295478904883,7.697782186125372
c1ccccc1,O,283.15,7.861842633550858,7.697782186125372
c1ccccc1,O,283.15,7.879613159304748,7.697782186125372
c1ccccc1,O,283.25,7.857701265536692,7.695064648862214
c1ccccc1,O,284.15,7.785184593148671,7.670692878604259
c1ccccc1,O,284.95,7.805535748097196,7.649158315384761
c1ccccc1,O,285.25,7.79330635167755,7.641113992258765
c1ccccc1,O,285.65,7.600882459342079,7.6304145095700635
c1ccccc1,O,285.65,7.829900837858062,7.6304145095700635
c1ccccc1,O,287.15,7.804222823348753,7.590556908272647
c1ccccc1,O,288.06,7.645373787138911,7.566578910720266
c1ccccc1,O,288.15,7.798986631015034,7.564215689554571
c1ccccc1,O,288.15,7.816449228234415,7.564215689554571
c1ccccc1,O,288.15,7.833913169933952,7.564215689554571
c1ccccc1,O,288.15,7.921234425672389,7.564215689554571
c1ccccc1,O,288.15,7.938698819125427,7.564215689554571
c1ccccc1,O,288.25,7.79497964734689,7.561591618894177
c1ccccc1,O,289.15,7.997481536895414,7.53805665141745
c1ccccc1,O,289.95,7.796781694268103,7.517259324465594
c1ccccc1,O,290.05,7.810162073507411,7.514667724394333
c1ccccc1,O,290.2,7.838887331591411,7.510783672878799
c1ccccc1,O,291.05,7.7878798278722305,7.488849662215192
c1ccccc1,O,291.75,7.794839626508266,7.470882316803276
c1ccccc1,O,293.0,8.10831927993391,7.43901128439501
c1ccccc1,O,293.06,7.64057018815368,7.437488312597836
c1ccccc1,O,293.15,7.61994008841922,7.43520502371847
c1ccccc1,O,293.15,7.774431306847297,7.43520502371847
c1ccccc1,O,293.15,7.793314601379529,7.43520502371847
c1ccccc1,O,293.15,7.812196076899055,7.43520502371847
c1ccccc1,O,293.15,7.817347626688199,7.43520502371847
c1ccccc1,O,293.15,7.820780685479323,7.43520502371847
c1ccccc1,O,293.15,7.822496811466362,7.43520502371847
c1ccccc1,O,293.15,7.824213996745873,7.43520502371847
c1ccccc1,O,293.15,7.834511060704056,7.43520502371847
c1ccccc1,O,293.15,7.837944971244327,7.43520502371847
c1ccccc1,O,293.15,7.839663421751369,7.43520502371847
c1ccccc1,O,293.15,7.875712035771189,7.43520502371847
c1ccccc1,O,293.15,8.055951067839075,7.43520502371847
c1ccccc1,O,293.25,7.804855036462332,7.43266967967343
c1ccccc1,O,293.75,7.828189415089161,7.420018850058355
c1ccccc1,O,294.15,7.762987294834599,7.409929149494039
c1ccccc1,O,294.15,7.768118838727088,7.409929149494039
c1ccccc1,O,294.15,7.795494261366864,7.409929149494039
c1ccccc1,O,294.15,7.952882399176595,7.409929149494039
c1ccccc1,O,295.15,7.8880869081996785,7.384824535233402
c1ccccc1,O,295.2,7.829884931135085,7.383573768880312
c1ccccc1,O,296.15,7.759230117921387,7.3598894463577675
c1ccccc1,O,297.15,7.785409127241374,7.335122171631072
c1ccccc1,O,297.95,7.83431312321207,7.315428042748357
c1ccccc1,O,298.0,7.822268431898529,7.314200670310328
c1ccccc1,O,298.03,7.858269643991504,7.31346444450885
c1ccccc1,O,298.05,7.816985141485708,7.312973709639127
c1ccccc1,O,298.15,7.431726124497815,7.310521022768707
c1ccccc1,O,298.15,7.678145868216152,7.310521022768707
c1ccccc1,O,298.15,7.69333577787317,7.310521022768707
c1ccccc1,O,298.15,7.733841176569116,7.310521022768707
c1ccccc1,O,298.15,7.742280486652906,7.310521022768707
c1ccccc1,O,298.15,7.745656269614034,7.310521022768707
c1ccccc1,O,298.15,7.755784300577255,7.310521022768707
c1ccccc1,O,298.15,7.767598403157322,7.310521022768707
c1ccccc1,O,298.15,7.772664291506738,7.310521022768707
c1ccccc1,O,298.15,7.781100930850834,7.310521022768707
c1ccccc1,O,298.15,7.782790589086683,7.310521022768707
c1ccccc1,O,298.15,7.784477397192646,7.310521022768707
c1ccccc1,O,298.15,7.787854943687373,7.310521022768707
c1ccccc1,O,298.15,7.789541518827913,7.310521022768707
c1ccccc1,O,298.15,7.794604841695706,7.310521022768707
c1ccccc1,O,298.15,7.79629241824294,7.310521022768707
c1ccccc1,O,298.15,7.797981257310944,7.310521022768707
c1ccccc1,O,298.15,7.799667249009623,7.310521022768707
c1ccccc1,O,298.15,7.801354494736183,7.310521022768707
c1ccccc1,O,298.15,7.8030429833680035,7.310521022768707
c1ccccc1,O,298.15,7.806419573939226,7.310521022768707
c1ccccc1,O,298.15,7.80810766758793,7.310521022768707
c1ccccc1,O,298.15,7.813171092703989,7.310521022768707
c1ccccc1,O,298.15,7.814855910954331,7.310521022768707
c1ccccc1,O,298.15,7.818233148861979,7.310521022768707
c1ccccc1,O,298.15,7.826670563702385,7.310521022768707
c1ccccc1,O,298.15,7.828360689229774,7.310521022768707
c1ccccc1,O,298.15,7.835112550200082,7.310521022768707
c1ccccc1,O,298.15,7.841862353068207,7.310521022768707
c1ccccc1,O,298.15,7.843550554514271,7.310521022768707
c1ccccc1,O,298.15,7.845239826863294,7.310521022768707
c1ccccc1,O,298.15,7.865491171168406,7.310521022768707
c1ccccc1,O,298.15,7.88912188759248,7.310521022768707
c1ccccc1,O,298.15,7.894183826644295,7.310521022768707
c1ccccc1,O,298.15,7.899246243419228,7.310521022768707
c1ccccc1,O,298.15,7.946507861544517,7.310521022768707
c1ccccc1,O,298.15,8.005580591398987,7.310521022768707
c1ccccc1,O,298.15,8.037646572342712,7.310521022768707
c1ccccc1,O,298.16,7.633887424613909,7.310275844561037
c1ccccc1,O,298.95,7.774355641623838,7.290958594190939
c1ccccc1,O,299.2,7.825453020553747,7.284866787122942
c1ccccc1,O,300.45,7.818442339576283,7.254559806568228
c1ccccc1,O,302.2,7.817879034084852,7.212551209134284
c1ccccc1,O,303.15,7.551780490331446,7.189949635387825
c1ccccc1,O,303.15,7.729396812555555,7.189949635387825
c1ccccc1,O,303.15,7.731053144007127,7.189949635387825
c1ccccc1,O,303.15,7.754292850422932,7.189949635387825
c1ccccc1,O,303.15,7.759272795513524,7.189949635387825
c1ccccc1,O,303.15,7.764253542703935,7.189949635387825
c1ccccc1,O,303.15,7.787494053404472,7.189949635387825
c1ccccc1,O,303.15,7.800773289742743,7.189949635387825
c1ccccc1,O,303.15,7.807412436802268,7.189949635387825
c1ccccc1,O,303.15,7.817371787697164,7.189949635387825
c1ccccc1,O,303.15,7.832311755273325,7.189949635387825
c1ccccc1,O,303.15,7.850571089795647,7.189949635387825
c1ccccc1,O,304.15,7.770400478440551,7.166311025654853
c1ccccc1,O,305.2,7.792869020053566,7.141657189964771
c1ccccc1,O,308.15,7.417946701685141,7.073290699145982
c1ccccc1,O,308.15,7.692295887971293,7.073290699145982
c1ccccc1,O,308.15,7.77394779155564,7.073290699145982
c1ccccc1,O,308.15,7.803345220332251,7.073290699145982
c1ccccc1,O,308.15,7.849066374608432,7.073290699145982
c1ccccc1,O,308.15,7.937253260218821,7.073290699145982
c1ccccc1,O,308.2,7.773775351294198,7.072143223475052
c1ccccc1,O,308.26,7.629582234775865,7.070766743994572
c1ccccc1,O,308.95,7.811892454683722,7.0549756545451725
c1ccccc1,O,310.87,7.68151423603447,7.0114041199571915
c1ccccc1,O,310.87,7.74464776214113,7.0114041199571915
c1ccccc1,O,310.93,7.71499870734047,7.010051179610198
c1ccccc1,O,310.98,7.6970441117592125,7.0089241280951144
c1ccccc1,O,311.09,7.741676932613242,7.006445889936674
c1ccccc1,O,311.15,7.721751900080954,7.005094862167698
c1ccccc1,O,311.48,7.684209065668493,6.997673512605561
c1ccccc1,O,313.05,7.741655215247384,6.962580158160986
c1ccccc1,O,313.15,7.598329151422956,6.960356832186957
c1ccccc1,O,313.15,7.630466116140776,6.960356832186957
c1ccccc1,O,313.15,7.632076461500342,6.960356832186957
c1ccccc1,O,313.15,7.651357903030576,6.960356832186957
c1ccccc1,O,313.15,7.667429627011131,6.960356832186957
c1ccccc1,O,313.15,7.675462472367166,6.960356832186957
c1ccccc1,O,313.15,7.69474793082077,6.960356832186957
c1ccccc1,O,313.15,7.720457258032648,6.960356832186957
c1ccccc1,O,313.15,7.725277056381187,6.960356832186957
c1ccccc1,O,313.15,7.726887323614326,6.960356832186957
c1ccccc1,O,313.15,7.757418910154084,6.960356832186957
c1ccccc1,O,313.15,7.818482563543337,6.960356832186957
c1ccccc1,O,313.15,7.83776743999343,6.960356832186957
c1ccccc1,O,313.25,7.769957233798136,6.958134925636888
c1ccccc1,O,313.45,7.770936330996879,6.953695365375279
c1ccccc1,O,313.65,7.463867794762142,6.949261466526733
c1ccccc1,O,313.7,7.730047370607836,6.948153875141604
c1ccccc1,O,315.2,7.72882942667176,6.9150895203348925
c1ccccc1,O,317.2,7.716821536884781,6.871490126324154
c1ccccc1,O,317.65,7.420932136430552,6.861755920091972
c1ccccc1,O,317.85,7.667555930096602,6.857438452899225
c1ccccc1,O,318.15,7.600362313689573,6.850972429350606
c1ccccc1,O,318.15,7.695266737576895,6.850972429350606
c1ccccc1,O,318.15,7.700009965822057,6.850972429350606
c1ccccc1,O,318.15,7.750627647021932,6.850972429350606
c1ccccc1,O,318.15,7.801239917668658,6.850972429350606
c1ccccc1,O,318.15,7.813894659799916,6.850972429350606
c1ccccc1,O,318.25,7.718721050121937,6.848819796982551
c1ccccc1,O,318.86,7.540026556157079,6.835717976338214
c1ccccc1,O,319.2,7.690976225960241,6.8284370548945255
c1ccccc1,O,322.95,7.660067192710054,6.749149723636943
c1ccccc1,O,323.15,7.5397129907296145,6.7449727514322175
c1ccccc1,O,323.15,7.56462740367737,6.7449727514322175
c1ccccc1,O,323.15,7.581760414013716,6.7449727514322175
c1ccccc1,O,323.15,7.584874698464885,6.7449727514322175
c1ccccc1,O,323.15,7.659619380500866,6.7449727514322175
c1ccccc1,O,323.15,7.668962896446993,6.7449727514322175
c1ccccc1,O,323.15,7.809115097467871,6.7449727514322175
c1ccccc1,O,323.15,7.8106729892741935,6.7449727514322175
c1ccccc1,O,323.25,7.715440235033436,6.742886203480585
c1ccccc1,O,324.2,7.646449274498052,6.723128193008651
c1ccccc1,O,324.65,7.614494665561517,6.7138094923624925
c1ccccc1,O,327.65,7.608711886433564,6.652338925839311
c1ccccc1,O,328.15,7.505052133885248,6.642203097654353
c1ccccc1,O,329.2,7.595221352570114,6.621018071719688
c1ccccc1,O,331.95,7.52548362858826,6.566168604027086
c1ccccc1,O,332.95,7.55888183027947,6.546447972953311
c1ccccc1,O,333.0,8.191989228660823,6.54546505033514
c1ccccc1,O,333.15,7.452860582924216,6.542518052616811
c1ccccc1,O,333.15,7.457389992734678,6.542518052616811
c1ccccc1,O,333.15,7.45890101134471,6.542518052616811
c1ccccc1,O,333.15,7.478537065901727,6.542518052616811
c1ccccc1,O,333.15,7.489110193338542,6.542518052616811
c1ccccc1,O,333.15,7.496663536885826,6.542518052616811
c1ccccc1,O,333.15,7.54198013799004,6.542518052616811
c1ccccc1,O,333.15,7.581250620876726,6.542518052616811
c1ccccc1,O,334.2,7.542054383732877,6.521963136262701
c1ccccc1,O,336.2,7.521512871872568,6.48316608353988
c1ccccc1,O,337.95,7.494179905620015,6.449595333588212
c1ccccc1,O,338.55,7.432619893331635,6.43816525290098
c1ccccc1,O,342.15,7.418120796915671,6.370426572659464
c1ccccc1,O,343.15,7.402817307568649,6.3518624963707175
c1ccccc1,O,343.15,7.461479459719406,6.3518624963707175
c1ccccc1,O,353.15,7.679570376469897,6.172003840334229
c1ccccc1,O,373.15,7.816191242776914,5.841205363937351
CC(Cl)(Cl)Cl,O,293.15,8.301918598480723,8.112594644348896
CC(Cl)(Cl)Cl,O,293.15,8.482160655591441,8.112594644348896
CC(Cl)(Cl)Cl,O,293.15,8.574856255676517,8.112594644348896
CC(Cl)(Cl)Cl,O,293.15,8.59888745759283,8.112594644348896
CC(Cl)(Cl)Cl,O,293.15,8.641802651704518,8.112594644348896
CC(Cl)(Cl)Cl,O,293.15,8.650385776652017,8.112594644348896
CC(Cl)(Cl)Cl,O,293.15,8.689866688335215,8.112594644348896
CC(Cl)(Cl)Cl,O,298.15,8.693578832134126,7.999810354364102
CC(Cl)(Cl)Cl,O,298.15,8.866409589425563,7.999810354364102
CC(Cl)(Cl)Cl,O,303.15,8.454500432477765,7.890415647665692
CC(Cl)(Cl)Cl,O,303.15,8.55575792022806,7.890415647665692
CC(Cl)(Cl)Cl,O,303.15,8.58895741914549,7.890415647665692
CC(Cl)(Cl)Cl,O,303.15,8.618836004975583,7.890415647665692
CC(Cl)(Cl)Cl,O,308.15,8.545815633078915,7.784248762544712
CC(Cl)(Cl)Cl,O,308.15,8.68854311266956,7.784248762544712
CC(Cl)(Cl)Cl,O,308.15,8.743249297123048,7.784248762544712
CC(Cl)(Cl)Cl,O,313.15,8.523055971684613,7.681158518447868
CC(Cl)(Cl)Cl,O,313.15,8.592476900691537,7.681158518447868
CC(Cl)(Cl)Cl,O,313.15,8.604689284245495,7.681158518447868
CC(Cl)(Cl)Cl,O,314.25,8.90758391644303,7.6588773231032885
CC(Cl)(Cl)Cl,O,323.15,8.597243899057775,7.483651014015606
CC(Cl)(Cl)Cl,O,323.15,8.670434314865334,7.483651014015606
CC(Cl)(Cl)Cl,O,323.15,8.681333805272844,7.483651014015606
CC(Cl)(Cl)Cl,O,324.45,8.856875982971689,7.458782934989844
CC(Cl)(Cl)Cl,O,333.15,8.572007081228586,7.296864369267461
CC(Cl)(Cl)Cl,O,334.65,8.883666573484904,7.269713539097792
CC(Cl)(Cl)Cl,O,343.15,8.520567492055187,7.119891569311954
CC(Cl)(Cl)Cl,O,344.65,8.778576975369766,7.094141214331729
CC(Cl)(Cl)Cl,O,353.15,8.443331342817782,6.951929476816584
BrCBr,O,293.15,6.7228343467371365,6.6799201600283045
BrCBr,O,293.15,6.757167245387621,6.6799201600283045
BrCBr,O,298.15,6.525393228107419,6.588984791085247
BrCBr,O,303.15,6.684432961690242,6.500709994920312
BrCBr,O,308.15,6.659977019651054,6.414971623763041
BrCBr,O,308.15,6.676307341504312,6.414971623763041
BrCBr,O,313.15,6.6375306022594325,6.3316535470111175
BrCBr,O,323.15,6.61366471594919,6.1718499717495945
S=C=S,O,283.15,7.674937929067553,7.491337720938626
S=C=S,O,288.15,7.712291765468034,7.3613528061280284
S=C=S,O,293.15,7.644603505613177,7.235801597606367
S=C=S,O,293.15,7.757897661306674,7.235801597606367
S=C=S,O,293.15,8.094692803371588,7.235801597606367
S=C=S,O,295.15,7.550561343267984,7.1867720862832485
S=C=S,O,298.15,7.817701929661205,7.114461068481822
S=C=S,O,298.65,7.374603936534571,7.102550461925267
S=C=S,O,303.15,7.67797460561694,6.99712290200417
S=C=S,O,303.15,7.905887714749933,6.99712290200417
S=C=S,O,304.05,7.475951294119252,6.9764118472143
S=C=S,O,308.15,8.031154484736899,6.883592298642789
S=C=S,O,309.75,7.6331082408783,6.848036551372957
S=C=S,O,310.9,7.570113300722202,6.822706890832806
S=C=S,O,315.35,7.806517276305329,6.726432559262251
S=C=S,O,322.35,8.080064026572584,6.580368778749571
CSC,O,298.03,5.133419138174014,5.090573628358272
CSC,O,298.03,5.184078667303923,5.090573628358272
CSC,O,302.7,5.143538989760254,5.0398681262283676
CSC,O,312.5,5.15377702578989,4.938309325532339
CSC,O,332.8,5.201900074120633,4.746287595605919
C1CO1,O,290.65,1.79031008604619,1.6149345269114792
C1CO1,O,298.15,1.787826746200342,1.5787209488017333
C1CO1,O,298.15,1.87221747526867,1.5787209488017333
C1CO1,O,308.15,1.945341415928713,1.532895676238649
C1CO1,O,318.15,2.0008379022174307,1.4896618883972264
C1CO1,O,328.15,2.040009206136116,1.4488051402860473
C1CO1,O,338.15,2.0491202112875824,1.4101340991790345
C1CO1,O,348.15,2.073817003579541,1.3734774991757668
C1CO1,O,358.15,2.05628549796263,1.3386815672963253
BrC(Br)Br,O,293.15,8.39821594297153,8.2622323265696
BrC(Br)Br,O,293.15,8.43254774068724,8.2622323265696
BrC(Br)Br,O,298.15,9.153720283801205,8.123681900028052
BrC(Br)Br,O,303.15,8.19314031429476,7.989701275838098
BrC(Br)Br,O,303.15,8.325938250503455,7.989701275838098
BrC(Br)Br,O,303.15,8.408937377312926,7.989701275838098
BrC(Br)Br,O,308.15,8.049490912032333,7.860068058736425
BrC(Br)Br,O,308.15,8.686372093977209,7.860068058736425
BrC(Br)Br,O,313.15,8.249684919197504,7.734574051371259
BrC(Br)Br,O,323.15,8.122570095702988,7.4952352800237865
BrC(Br)Br,O,323.15,8.309435665811124,7.4952352800237865
CC(C)Br,O,293.15,7.667813164824709,7.526080117603225
CC(C)Br,O,295.25,7.436923641395844,7.485378268906053
CC(C)Br,O,298.15,7.643065953848998,7.430105092793011
CC(C)Br,O,303.15,7.663492208055162,7.337259085382983
CC(C)Br,O,303.15,7.668472319027543,7.337259085382983
CC(C)Cl,O,293.15,7.239789109004419,6.932699808750786
CC(C)Cl,O,298.15,7.273862597875859,6.846655594947515
CC(C)Cl,O,303.15,7.241316138798626,6.763403787233264
CC(C)Cl,O,303.15,7.2482835644189825,6.763403787233264
CC(C)I,O,303.15,8.959404157877561,8.586541663982254
CC(C)S,O,308.15,7.081557314160349,6.768609955350897
CC(C)S,O,318.15,7.0299198129515394,6.612336188709689
CC(Cl)Cl,O,293.15,6.907165104863647,6.745119231039602
CC(Cl)Cl,O,293.15,6.953512276319866,6.745119231039602
CC(Cl)Cl,O,293.15,6.963814199712114,6.745119231039602
CC(Cl)Cl,O,293.15,6.9844107178711,6.745119231039602
CC(Cl)Cl,O,293.15,6.991278077953407,6.745119231039602
CC(Cl)Cl,O,293.15,7.003292705691201,6.745119231039602
CC(Cl)Cl,O,293.15,7.037624975773667,6.745119231039602
CC(Cl)Cl,O,298.15,6.992546693677877,6.653091505010424
CC(Cl)Cl,O,303.15,6.928616169649466,6.563760381882864
CC(Cl)Cl,O,303.15,6.9435566914455205,6.563760381882864
CC(Cl)Cl,O,303.15,6.958495920685321,6.563760381882864
CC(Cl)Cl,O,303.15,7.033197794672652,6.563760381882864
CC(Cl)Cl,O,303.15,7.043151182325747,6.563760381882864
CC(Cl)Cl,O,308.15,6.954467094404093,6.47699995959081
CC(Cl)Cl,O,308.15,7.024693513450019,6.47699995959081
CC(Cl)Cl,O,308.15,7.042653237430096,6.47699995959081
CC(Cl)Cl,O,308.15,7.125942568296098,6.47699995959081
CC(Cl)Cl,O,313.15,6.929154669988027,6.3926924653059825
CC(Cl)Cl,O,313.15,6.9307586607471,6.3926924653059825
CC(Cl)Cl,O,313.15,7.014320069210167,6.3926924653059825
CC(Cl)Cl,O,318.15,6.899303664492333,6.310727591238808
CC(Cl)Cl,O,318.15,6.960992682364554,6.310727591238808
CC(Cl)Cl,O,323.15,6.855729084509972,6.231001895207384
CC(Cl)Cl,O,323.15,6.953837016769142,6.231001895207384
CC(Cl)Cl,O,323.15,6.9709647923800215,6.231001895207384
CC(Cl)Cl,O,323.15,6.991204485636411,6.231001895207384
C=C(Cl)Cl,O,293.15,7.543373977235245,7.573420089109563
C=C(Cl)Cl,O,293.65,7.669070324137751,7.560525338042733
C=C(Cl)Cl,O,298.15,7.775175043422364,7.446418615696067
C=C(Cl)Cl,O,301.65,7.711513168782036,7.360022449128796
C=C(Cl)Cl,O,302.65,7.649254432481664,7.335704826160486
C=C(Cl)Cl,O,303.15,7.562686441513587,7.323606172006718
C=C(Cl)Cl,O,311.65,7.796234840615945,7.123868239838827
C=C(Cl)Cl,O,313.15,7.563844206585477,7.089745874374023
C=C(Cl)Cl,O,318.15,7.83990754891921,6.978328292300972
C=C(Cl)Cl,O,324.15,7.745050421429707,6.849164019097135
C=C(Cl)Cl,O,328.15,7.834993863820787,6.7656784241320285
C=C(Cl)Cl,O,333.65,7.696089904542072,6.654154018256384
C=C(Cl)Cl,O,338.15,7.729761704663646,6.565605045224971
C=C(Cl)Cl,O,344.15,7.447249988921338,6.4511417166062115
C=C(Cl)Cl,O,347.65,7.607336715251325,6.386195932501327
C=C(Cl)Cl,O,354.15,7.426941852391999,6.268987884837045
C[N+](=O)[O-],O,303.15,3.5182216109792948,3.4274988901555363
C[N+](=O)[O-],O,313.15,3.432308376687208,3.318047185852762
C[N+](=O)[O-],O,323.15,3.3723554224272587,3.215369478002904
CC(C)(C)O,O,313.15,2.820682215218756,2.6758136755454998
CC(C)(C)O,O,323.13,2.9623667850673123,2.648809607696161
CC(C)(C)O,O,323.15,2.9928932473301275,2.6487570120408086
CC(C)(C)O,O,333.15,2.834483125777371,2.623144700761405
CC(C)(C)O,O,333.15,3.076164136266113,2.623144700761405
CC(C)(C)O,O,343.15,3.150849628857064,2.598767366131553
CC(C)(C)O,O,353.15,3.231231182117564,2.5754501084912205
CC(C)(C)O,O,363.15,3.260758376798577,2.5530466595447354
CC(C)(C)O,O,371.15,3.3027021349130563,2.5356988599368986
CC(C)(C)O,O,373.15,3.1619667916950145,2.5314345673288283
CCC(C)(C)C,O,298.15,12.466118840734527,12.272022511155829
CCC(C)(C)O,O,298.15,3.6790487911002874,3.46545480020001
CCC(C)(C)O,O,303.15,3.685513796637635,3.4192400307355526
CCC(C)(C)O,O,303.15,3.735312079566782,3.4192400307355526
CCC(C)(C)O,O,313.15,3.852559584157324,3.330519268774062
CCC(C)(C)O,O,313.15,3.900769926366905,3.330519268774062
CCC(C)(C)O,O,323.15,3.975198723371141,3.2464095322998268
CCC(C)(C)O,O,323.15,4.053060655481264,3.2464095322998268
CCC(C)(C)O,O,333.15,4.087153770336518,3.166548403663506
CCC(C)(C)O,O,333.15,4.1324685203132105,3.166548403663506
CCC(C)C,O,298.15,11.293946977721712,11.138408260529895
CCC(C)C,O,298.15,11.327702503168558,11.138408260529895
CCC(C)C,O,313.15,11.145157795036267,10.604964739960328
CCC(C)C,O,323.15,10.92194129348817,10.276837505810596
C=CC(=C)C,O,298.15,8.681225175669134,8.672285479753686
C=CC(=C)C,O,313.15,8.64536122691988,8.322740888402226
C=CC(=C)C,O,323.15,8.44541358344071,8.106241723917748
C=CC(=C)C,O,323.15,8.5077022950069,8.106241723917748
C=CC(=C)C,O,333.15,8.335397896122405,7.901607847349336
CC(C)CO,O,298.15,3.7171728930140566,3.5290679939252385
CC(C)CO,O,298.15,3.7509289426783776,3.5290679939252385
CC(C)CO,O,298.15,3.7846849657666377,3.5290679939252385
CC(C)CO,O,298.15,3.8015628419756062,3.5290679939252385
CC(C)CO,O,298.15,3.818441730206606,3.5290679939252385
CC(C)CO,O,303.15,3.8514212583500815,3.500569847119693
CC(C)CO,O,303.15,3.901220871894059,3.500569847119693
CC(C)CO,O,308.15,3.886130673462196,3.472948870283144
CC(C)CO,O,313.15,3.938518869232112,3.4461495349205875
CC(C)CO,O,323.15,3.999480616174016,3.3948154958518857
CC(C)CO,O,323.15,4.015054210346839,3.3948154958518857
CC(C)CO,O,323.15,4.030625260987809,3.3948154958518857
CC(C)CO,O,333.15,4.051482293312402,3.3462055057162274
CC(C)CO,O,333.15,4.096798216216291,3.3462055057162274
CC(C)CO,O,343.15,4.080355503341985,3.300011445628884
CC(C)CO,O,353.15,4.045017754085049,3.2559703316720565
CC(C)CO,O,363.15,3.992047866788592,3.213856947736015
CC(C)CO,O,371.15,3.962670491326278,3.181423229472058
CC(Cl)CCl,O,293.15,7.797266622463029,7.607828487072339
CC(Cl)CCl,O,293.15,7.84876594014673,7.607828487072339
CC(Cl)CCl,O,298.15,7.753387467193059,7.510486925895252
CC(Cl)CCl,O,300.15,7.7434388105534335,7.472449488477382
CC(Cl)CCl,O,302.85,7.707377354049088,7.421885358727121
CC(Cl)CCl,O,303.15,7.629659969961279,7.416321886791465
CC(Cl)CCl,O,303.15,7.77905701309138,7.416321886791465
CC(Cl)CCl,O,303.15,7.895257220011813,7.416321886791465
CC(Cl)CCl,O,313.15,7.591543803614778,7.236855817977706
CC(Cl)CCl,O,313.15,7.671892003018832,7.236855817977706
CC(Cl)CCl,O,313.45,7.665983021249118,7.231644689826771
CC(Cl)CCl,O,322.95,7.596110998805951,7.071485637262379
CC(Cl)CCl,O,333.15,7.5029312423161105,6.909331097839704
CC(Cl)CCl,O,343.65,7.391421399884467,6.752005752418782
CCC(C)O,O,293.15,3.062362355851754,2.871523799650997
CCC(C)O,O,298.15,3.061018952251886,2.8536085981890005
CCC(C)O,O,298.15,3.162288542019541,2.8536085981890005
CCC(C)O,O,298.15,3.212922136787835,2.8536085981890005
CCC(C)O,O,303.15,3.2451476776070307,2.83625089202844
CCC(C)O,O,303.15,3.477540948249489,2.83625089202844
CCC(C)O,O,308.15,3.5077142285113063,2.8194087738949687
CCC(C)O,O,313.15,3.3949948523522764,2.8030440371550345
CCC(C)O,O,313.15,3.4110652008605054,2.8030440371550345
CCC(C)O,O,323.15,3.499203923014223,2.7716103421564826
CCC(C)O,O,323.15,3.514776035724366,2.7716103421564826
CCC(C)O,O,323.18,3.544925361944862,2.771518452858137
CCC(C)O,O,333.15,3.455931748762207,2.7417058424208696
CCC(C)O,O,333.15,3.5616652090875087,2.7417058424208696
CCC(C)O,O,333.15,3.591875590837156,2.7417058424208696
CCC(C)O,O,333.55,3.820760423038219,2.740538467898964
CCC(C)O,O,343.15,3.615114500045861,2.713126893041461
CCC(C)O,O,348.55,3.805802119758164,2.698184279702245
CCC(C)O,O,353.15,3.63155220249228,2.685703150168311
CCC(C)O,O,357.15,3.733224037028192,2.6750243148001305
CCC(C)O,O,363.15,3.6830298786583766,2.6592918331227335
CCC(C)O,O,371.15,3.6139080323718087,2.6388104738208353
CCC(C)O,O,373.15,3.53715208569436,2.633773021468804
CCC(C)=O,O,298.15,3.278600276947517,3.26369793794966
CCC(C)=O,O,298.15,3.295477542196002,3.26369793794966
CCC(C)=O,O,298.15,3.3461109374569,3.26369793794966
CCC(C)=O,O,303.15,3.4096019640059656,3.209868464768233
CCC(C)=O,O,303.25,3.4072159006542853,3.2088099810401123
CCC(C)=O,O,313.15,3.454491672719873,3.1073663838025465
CCC(C)=O,O,313.25,3.532544306740509,3.106374412110634
CCC(C)=O,O,323.15,3.6263043375688087,3.0112081913798976
CCC(C)=O,O,323.25,3.592965842281121,3.010276654042504
CCC(C)=O,O,333.15,3.626096724006106,2.9208226285682732
CCC(C)=O,O,333.15,3.6412032942112726,2.9208226285682732
CCC(C)=O,O,333.25,3.6693041009890255,2.919946166443354
CCC(C)=O,O,343.15,3.2924533706564416,2.8357050256404692
CCC(C)=O,O,343.15,3.6883993388770593,2.8357050256404692
CCC(C)=O,O,343.15,3.7030633848802927,2.8357050256404692
CCC(C)=O,O,353.15,3.3657187249408667,2.755407874323605
CCC(C)=O,O,353.15,3.693456463607043,2.755407874323605
CCC(C)=O,O,353.15,3.7077061151138304,2.755407874323605
CCC(C)=O,O,363.15,3.4100183621679334,2.6795329576816918
CCC(C)=O,O,373.15,3.4677494991531925,2.6077247454382393
CNC(C)=O,O,353.15,0.8722719664556134,0.905728656807568
CNC(C)=O,O,363.15,0.8452929948438382,0.9157156839142359
CNC(C)=O,O,413.53,0.6993031933712821,0.946717445270173
COC(C)=O,O,298.15,3.110648982997234,3.0175116481964133
COC(C)=O,O,298.15,3.2287984325648087,3.0175116481964133
COC(C)=O,O,303.15,3.19446837161604,2.9760761650152148
COC(C)=O,O,303.25,3.2585272144978226,2.9752592855892406
COC(C)=O,O,313.25,3.3405623431248,2.8958155075390644
COC(C)=O,O,323.25,3.376440100314138,2.820573704367679
COC(C)=O,O,333.25,3.430092533315644,2.7492022107500187
COC(C)=O,O,343.25,3.440744964464655,2.6814041954050905
CC[N+](=O)[O-],O,303.15,4.504478753178527,4.419353913495783
CC[N+](=O)[O-],O,313.15,4.4764739423110695,4.319808587240089
CC[N+](=O)[O-],O,323.15,4.4093645259153895,4.225216497408905
BrC(Br)C(Br)Br,O,298.15,10.360405942233209,10.21942305534009
BrC(Br)C(Br)Br,O,298.15,13.449086820005318,10.21942305534009
BrC(Br)C(Br)Br,O,303.15,10.275554430556909,10.080591064100195
BrC(Br)C(Br)Br,O,303.15,10.375152301358495,10.080591064100195
BrC(Br)C(Br)Br,O,313.15,10.0570709286199,9.816070613773455
CC(C)C(C)C,O,298.15,12.47005099128272,12.351905419065798
CC(C)C(C)C,O,313.25,12.434362929663914,11.766604983015721
CC(C)C(C)C,O,328.25,12.216191279051335,11.237720341800864
ClC(Cl)C(Cl)Cl,O,283.15,8.099159427632218,8.060024441218102
ClC(Cl)C(Cl)Cl,O,293.15,7.872203594036171,7.7850930048762645
ClC(Cl)C(Cl)Cl,O,293.15,8.129693730270906,7.7850930048762645
ClC(Cl)C(Cl)Cl,O,293.15,8.16402352537785,7.7850930048762645
ClC(Cl)C(Cl)Cl,O,293.15,8.284186155477617,7.7850930048762645
ClC(Cl)C(Cl)Cl,O,293.15,8.318517837269239,7.7850930048762645
ClC(Cl)C(Cl)Cl,O,293.15,8.352849067852935,7.7850930048762645
ClC(Cl)C(Cl)Cl,O,293.15,8.370014815157727,7.7850930048762645
ClC(Cl)C(Cl)Cl,O,298.15,7.886194177371226,7.654542492093568
ClC(Cl)C(Cl)Cl,O,298.15,8.122486998060241,7.654542492093568
ClC(Cl)C(Cl)Cl,O,302.85,8.130951130915683,7.535755153106366
ClC(Cl)C(Cl)Cl,O,303.15,7.901976951857814,7.528298027179408
ClC(Cl)C(Cl)Cl,O,303.15,8.067973668442889,7.528298027179408
ClC(Cl)C(Cl)Cl,O,303.15,8.134373724231931,7.528298027179408
ClC(Cl)C(Cl)Cl,O,303.15,8.283769479861126,7.528298027179408
ClC(Cl)C(Cl)Cl,O,308.15,8.131674817867362,7.406150039921376
ClC(Cl)C(Cl)Cl,O,308.15,8.213324824846,7.406150039921376
ClC(Cl)C(Cl)Cl,O,312.75,8.08342736934149,7.297223030952516
ClC(Cl)C(Cl)Cl,O,313.15,8.098940671744685,7.287902340580154
ClC(Cl)C(Cl)Cl,O,313.15,8.227495756151097,7.287902340580154
ClC(Cl)C(Cl)Cl,O,323.15,8.042066059417152,7.062383741203088
ClC(Cl)C(Cl)Cl,O,323.25,8.022559107648277,7.060199013576733
ClC(Cl)C(Cl)Cl,O,328.65,7.967730684035328,6.944197913627582
ClC(Cl)C(Cl)Cl,O,333.15,7.9651045036509265,6.850402742020349
ClC(Cl)C(Cl)Cl,O,334.15,7.897768480141902,6.8299024230287895
ClC(Cl)C(Cl)Cl,O,343.15,7.8546062532368035,6.650775960336171
ClC(Cl)C(Cl)Cl,O,343.65,7.80766456464055,6.641099576094226
ClC(Cl)C(Cl)Cl,O,353.15,7.727160591012582,6.462454023940965
ClC(Cl)C(Cl)Cl,O,353.75,7.7070986259465455,6.451493269489267
CC(C)[N+](=O)[O-],O,313.15,5.61479095666256,5.474678324894596
CC(C)[N+](=O)[O-],O,323.15,5.563097940157113,5.360869270444417
C=C(C)C(=O)OC,O,293.15,5.944661157993283,5.549962296660462
C=C(C)C(=O)OC,O,293.15,5.978994619735713,5.549962296660462
C=C(C)C(=O)OC,O,298.15,5.9829635155130925,5.487040924942413
C=C(C)C(=O)OC,O,298.15,5.999841859237434,5.487040924942413
C=C(C)C(=O)OC,O,303.15,5.989269640060913,5.426128760901722
C=C(C)C(=O)OC,O,303.15,6.005870284415583,5.426128760901722
C=C(C)C(=O)OC,O,308.15,6.111977187335231,5.3671144774209285
C=C(C)C(=O)OC,O,313.15,6.00792335477125,5.309894863053394
C=C(C)C(=O)OC,O,313.15,6.0400618355352265,5.309894863053394
C=C(C)C(=O)OC,O,323.15,5.9709199446162735,5.200463266188538
C=C(C)C(=O)OC,O,323.15,6.033210914264181,5.200463266188538
C=C(C)C(=O)OC,O,333.15,5.852188111855164,5.097145772552509
C=C(C)C(=O)OC,O,333.15,6.018342574816228,5.097145772552509
CCOC(=O)c1ccccc1C(=O)OCC,O,283.15,9.449561975902949,9.284447173401476
CCOC(=O)c1ccccc1C(=O)OCC,O,283.15,9.520651954675747,9.284447173401476
CCOC(=O)c1ccccc1C(=O)OCC,O,293.15,9.21460128139485,8.967760325692968
CCOC(=O)c1ccccc1C(=O)OCC,O,293.15,9.28326550199074,8.967760325692968
CCOC(=O)c1ccccc1C(=O)OCC,O,293.15,9.420593193698828,8.967760325692968
CCOC(=O)c1ccccc1C(=O)OCC,O,293.15,9.454924424225217,8.967760325692968
CCOC(=O)c1ccccc1C(=O)OCC,O,293.15,9.506422068606296,8.967760325692968
CCOC(=O)c1ccccc1C(=O)OCC,O,293.15,9.540751419504431,8.967760325692968
CCOC(=O)c1ccccc1C(=O)OCC,O,298.15,9.52311253898752,8.817381711642613
CCOC(=O)c1ccccc1C(=O)OCC,O,303.15,9.128427249500296,8.67196278740944
CCOC(=O)c1ccccc1C(=O)OCC,O,303.15,9.46042181822483,8.67196278740944
CCOC(=O)c1ccccc1C(=O)OCC,O,303.15,9.543421149811246,8.67196278740944
CCOC(=O)c1ccccc1C(=O)OCC,O,313.15,9.416988620761195,8.39505403532883
CCOC(=O)c1ccccc1C(=O)OCC,O,313.15,9.497337209708268,8.39505403532883
CCOC(=O)c1ccccc1C(=O)OCC,O,323.15,9.42179993051346,8.135281025268512
CCCCOC(=O)c1ccccc1C(=O)OCCCC,O,293.15,13.84893566282386,13.415482126158949
CCCCOC(=O)c1ccccc1C(=O)OCCCC,O,293.15,13.866099104075085,13.415482126158949
CCCCOC(=O)c1ccccc1C(=O)OCCCC,O,293.15,13.900430582934316,13.415482126158949
CCCCOC(=O)c1ccccc1C(=O)OCCCC,O,293.15,13.934768061613822,13.415482126158949
CCCCOC(=O)c1ccccc1C(=O)OCCCC,O,293.15,13.951927782567251,13.415482126158949
CCCCOC(=O)c1ccccc1C(=O)OCCCC,O,298.15,13.945555881303966,13.20596818398688
CCCCOC(=O)c1ccccc1C(=O)OCCCC,O,303.15,13.827636737762116,13.003050146261138
CCCCOC(=O)c1ccccc1C(=O)OCCCC,O,303.15,13.844234059983393,13.003050146261138
CCCCOC(=O)c1ccccc1C(=O)OCCCC,O,303.15,13.91062981045223,13.003050146261138
CCCCOC(=O)c1ccccc1C(=O)OCCCC,O,313.15,13.85665250129545,12.615771984929063
Cc1ccccc1[N+](=O)[O-],O,303.15,9.363928036197038,9.19592450738477
Cc1ccccc1[N+](=O)[O-],O,303.15,9.430326945275173,9.19592450738477
Cc1ccccc1[N+](=O)[O-],O,313.15,9.22390791519772,8.959645608357764
c1ccc2ncccc2c1,O,313.2,7.013690629390806,6.579251144787727
c1ccc2ncccc2c1,O,323.15,6.946427764963284,6.376677108531739
COC(=O)c1ccccc1,O,298.1,8.15247455497655,7.864109420678222
COC(=O)c1ccccc1,O,302.75,7.826909905990922,7.770992700442604
COC(=O)c1ccccc1,O,313.35,7.974112934920819,7.568890248892852
COC(=O)c1ccccc1,O,322.95,7.946306120554488,7.397028792044273
COC(=O)c1ccccc1,O,333.25,7.853130914417826,7.22327851114051
CCOC(=O)c1ccccc1,O,313.15,9.26343554201033,8.63687003330163
CCOC(=O)c1ccccc1,O,323.15,9.19085373474988,8.410748323138906
CCOC(=O)c1ccccc1,O,333.25,9.05130243560918,8.19499239004331
CCOC(=O)c1ccccc1,O,343.65,8.973669487457002,7.98494146281566
CCOC(=O)c1ccccc1,O,353.35,8.937349848267392,7.799187271995707
CCOC(=O)c1ccccc1,O,363.45,8.740989329749212,7.61535560192927
Cc1ccccc1C,O,288.15,10.51254091407388,10.360598433173632
Cc1ccccc1C,O,293.15,10.40458400099226,10.21466917811313
Cc1ccccc1C,O,298.15,10.21785658900017,10.07360703196814
Cc1ccccc1C,O,298.15,10.263425168168308,10.07360703196814
Cc1ccccc1C,O,298.15,10.273553436292428,10.07360703196814
Cc1ccccc1C,O,298.15,10.292118423316126,10.07360703196814
Cc1ccccc1C,O,298.15,10.31912408916578,10.07360703196814
Cc1ccccc1C,O,298.15,10.379886314261311,10.07360703196814
Cc1ccccc1C,O,298.15,10.395075309498706,10.07360703196814
Cc1ccccc1C,O,298.15,10.415328660523445,10.07360703196814
Cc1ccccc1C,O,298.15,10.417017516276196,10.07360703196814
Cc1ccccc1C,O,298.15,10.442334875475694,10.07360703196814
Cc1ccccc1C,O,298.15,10.462588922467008,10.07360703196814
Cc1ccccc1C,O,308.15,10.30411430800404,9.805075651688098
Cc1ccccc1C,O,318.15,10.220802453615647,9.553156100155684
Cc1ccccc1O,O,371.65,4.739150227954445,4.735817635901858
Clc1ccccc1Cl,O,293.15,10.91327591344558,10.45937050988248
Clc1ccccc1Cl,O,293.15,10.981939649989698,10.45937050988248
Clc1ccccc1Cl,O,293.15,11.033436996513275,10.45937050988248
Clc1ccccc1Cl,O,293.15,11.067768972960682,10.45937050988248
Clc1ccccc1Cl,O,298.0,10.952263379856769,10.305380308792943
Clc1ccccc1Cl,O,298.15,10.91032623368278,10.30069262305956
Clc1ccccc1Cl,O,298.15,11.34915516459912,10.30069262305956
Clc1ccccc1Cl,O,303.15,10.743359336315168,10.146925889760581
Clc1ccccc1Cl,O,303.15,10.876156727485435,10.146925889760581
Clc1ccccc1Cl,O,308.15,10.681591500820907,9.99783916280092
Clc1ccccc1Cl,O,313.15,10.623515194501287,9.853215890457205
Clc1ccccc1Cl,O,318.15,10.584724082070238,9.712852965686054
Clc1ccccc1Cl,O,323.0,10.658648977175393,9.580591008139256
Clc1ccccc1Cl,O,333.65,11.906601352503415,9.302806029080791
Clc1ccccc1Cl,O,343.85,11.891608445638235,9.051877811576455
Clc1ccccc1Cl,O,353.15,11.389269718656164,8.834924235060235
Clc1ccccc1Cl,O,363.65,11.485631346395683,8.602467808462208
Cc1ccc(C)c(C)c1,O,298.15,11.732936113866591,11.559902257670023
Cc1ccc(C)c(C)c1,O,298.15,11.734619966919327,11.559902257670023
Cc1ccc(C)c(C)c1,O,298.15,11.829136683535983,11.559902257670023
Cc1ccc(C)c(C)c1,O,308.15,11.662405253147588,11.243301379025405
Cc1ccc(C)c(C)c1,O,318.15,11.517325769414713,10.946418770885552
Cc1ccc(N)c(C)c1,O,303.15,7.047456349939451,6.6336527027694485
Cc1ccc(N)c(C)c1,O,313.15,7.036895795805227,6.479184870905497
Cc1ccc(N)c(C)c1,O,323.15,7.049549936599811,6.33399503679981
Cc1ccc(N)c(C)c1,O,333.15,6.932008770782842,6.197163458880258
Cc1ccc(N)c(C)c1,O,343.15,6.959379518601273,6.067889480904043
Cc1ccc(N)c(C)c1,O,353.15,6.891103402852352,5.94547336325668
CCC(C)CC,O,298.15,12.833606060417612,12.647947129950348
CCC(C)CC,O,298.3,12.859420745714756,12.641721952926973
CCC(C)CC,O,324.5,12.685584057223926,11.641166178394082
CCC(C)CC,O,351.2,12.238046006106298,10.772616100061107
CCC(=O)CC,O,298.15,4.7673570603616655,4.6998423592411145
CCC(=O)CC,O,298.15,4.953013243381575,4.6998423592411145
CCC(=O)CC,O,303.15,4.982139793016281,4.6412586125486275
CCC(=O)CC,O,333.15,4.958464421767347,4.320563985873982
CCC(=O)CC,O,373.15,4.919601291732424,3.9600469336877806
CCOC(=O)C(C)C,O,313.25,7.130234609750714,6.7897559361244975
CCOC(=O)C(C)C,O,323.25,7.263602880767716,6.635351393000657
CCOC(=O)C(C)C,O,333.35,7.285506548522785,6.488568417878804
CCOC(=O)C(C)C,O,343.55,7.258313554185544,6.348773486371065
CCOC(=O)C(C)C,O,353.65,7.283235293999723,6.217920529523225
CC(C)COC(=O)C(C)C,O,312.65,9.644094868546798,9.258733373923864
CC(C)COC(=O)C(C)C,O,323.15,9.63765176931416,9.016286955584107
CC(C)COC(=O)C(C)C,O,332.95,9.747973443661763,8.8035397879206
CC(C)COC(=O)C(C)C,O,343.35,9.778978195817318,8.590700476840228
CC(C)COC(=O)C(C)C,O,353.25,9.88015239318907,8.399347155367005
CC(C)COC(=O)C(C)C,O,363.45,9.57510153415164,8.212656409291876
CC(C)c1ccccc1,O,298.15,11.508356041035851,11.389917808783142
CC(C)c1ccccc1,O,298.15,11.51341534495943,11.389917808783142
CC(C)c1ccccc1,O,298.15,11.56911674461997,11.389917808783142
CC(C)c1ccccc1,O,298.15,11.781783980679798,11.389917808783142
CC(C)c1ccccc1,O,298.15,11.815538020960338,11.389917808783142
CC(C)c1ccccc1,O,305.3,11.350035878552369,11.165414635993999
CC(C)c1ccccc1,O,308.15,11.499749035853595,11.078808418939312
CC(C)c1ccccc1,O,312.7,11.288327105936256,10.943778746214123
CC(C)c1ccccc1,O,318.15,11.36973615587814,10.787055239632156
CC(C)c1ccccc1,O,323.8,11.116402754178273,10.630057754920735
O=[N+]([O-])c1ccccc1,O,293.15,8.012084527979475,7.913113405770384
O=[N+]([O-])c1ccccc1,O,293.15,8.029250413518985,7.913113405770384
O=[N+]([O-])c1ccccc1,O,295.85,7.966479164975252,7.857351303534641
O=[N+]([O-])c1ccccc1,O,298.15,7.991913610680096,7.810638798621002
O=[N+]([O-])c1ccccc1,O,303.15,7.974505314501464,7.711502614690859
O=[N+]([O-])c1ccccc1,O,303.15,7.991105018584263,7.711502614690859
O=[N+]([O-])c1ccccc1,O,308.15,7.8943404349560415,7.615527898794416
O=[N+]([O-])c1ccccc1,O,313.15,7.882922281668015,7.52255001553989
O=[N+]([O-])c1ccccc1,O,313.15,7.931130240065967,7.52255001553989
O=[N+]([O-])c1ccccc1,O,314.45,7.810222910502811,7.498847481920164
O=[N+]([O-])c1ccccc1,O,318.95,7.808030443587485,7.418248308682593
O=[N+]([O-])c1ccccc1,O,323.15,7.773047409884477,7.344981758348776
Cc1ccc(C(C)C)cc1,O,323.0,12.445329674647796,11.357508344348567
CCc1ccccc1,O,277.65,10.31154596179689,10.272593392059825
CCc1ccccc1,O,278.15,10.464753406934229,10.257371888415578
CCc1ccccc1,O,278.2,10.389604413581337,10.255852736133875
CCc1ccccc1,O,279.45,10.338424080427323,10.218049869675959
CCc1ccccc1,O,280.25,10.366321793022273,10.194032178865776
CCc1ccccc1,O,280.25,10.402236546476658,10.194032178865776
CCc1ccccc1,O,282.15,10.35193871190375,10.137532915314974
CCc1ccccc1,O,283.15,10.244499469199372,10.108099000883717
CCc1ccccc1,O,283.15,10.386678841085438,10.108099000883717
CCc1ccccc1,O,283.2,10.419506666753472,10.10663272129226
CCc1ccccc1,O,284.95,10.395848753211151,10.055634496853806
CCc1ccccc1,O,285.25,10.379755892439691,10.046954232069844
CCc1ccccc1,O,285.65,10.07649503435654,10.035408645009714
CCc1ccccc1,O,288.15,10.41842570823824,9.963967684450846
CCc1ccccc1,O,288.15,10.476056231262495,9.963967684450846
CCc1ccccc1,O,288.15,10.538926167950644,9.963967684450846
CCc1ccccc1,O,288.15,10.64720188890881,9.963967684450846
CCc1ccccc1,O,288.2,10.454195209196826,9.962551371037224
CCc1ccccc1,O,288.25,10.395680664154115,9.961135543331837
CCc1ccccc1,O,290.09,10.43112309461458,9.909368496538484
CCc1ccccc1,O,291.05,10.374081632431563,9.882616154675706
CCc1ccccc1,O,293.15,10.252170646545308,9.824697812703597
CCc1ccccc1,O,293.15,10.37404727713218,9.824697812703597
CCc1ccccc1,O,293.2,10.460726231671511,9.82332876836484
CCc1ccccc1,O,293.25,10.396365068321476,9.821960183757927
CCc1ccccc1,O,297.65,10.439454468708451,9.70329610656722
CCc1ccccc1,O,298.15,10.231974419360242,9.690029287407045
CCc1ccccc1,O,298.15,10.252227094288823,9.690029287407045
CCc1ccccc1,O,298.15,10.33493224960324,9.690029287407045
CCc1ccccc1,O,298.15,10.383877679876507,9.690029287407045
CCc1ccccc1,O,298.15,10.38893998216866,9.690029287407045
CCc1ccccc1,O,298.15,10.39569288976555,9.690029287407045
CCc1ccccc1,O,298.15,10.414258174789564,9.690029287407045
CCc1ccccc1,O,298.15,10.415945842776576,9.690029287407045
CCc1ccccc1,O,298.15,10.42776035634241,9.690029287407045
CCc1ccccc1,O,298.15,10.453076092374612,9.690029287407045
CCc1ccccc1,O,298.15,10.45813961296267,9.690029287407045
CCc1ccccc1,O,298.15,10.48345763629895,9.690029287407045
CCc1ccccc1,O,298.15,10.50708741605412,9.690029287407045
CCc1ccccc1,O,298.15,10.566160061574273,9.690029287407045
CCc1ccccc1,O,298.15,10.571224613158858,9.690029287407045
CCc1ccccc1,O,298.15,10.599916841082214,9.690029287407045
CCc1ccccc1,O,298.15,10.60835577254677,9.690029287407045
CCc1ccccc1,O,298.15,10.714686621497208,9.690029287407045
CCc1ccccc1,O,299.9,10.392328269565343,9.643937106803726
CCc1ccccc1,O,303.15,10.45676903533851,9.55972031773073
CCc1ccccc1,O,303.2,10.434392235975585,9.558438469083663
CCc1ccccc1,O,308.15,10.316854690540149,9.43354586953509
CCc1ccccc1,O,308.15,10.40994063064236,9.43354586953509
CCc1ccccc1,O,308.15,10.437700547191133,9.43354586953509
CCc1ccccc1,O,308.2,10.401012107992988,9.432304282742946
CCc1ccccc1,O,309.71,10.335678976215885,9.394992196035778
CCc1ccccc1,O,311.5,10.351753495966989,9.35121705505426
CCc1ccccc1,O,313.15,10.443492294822436,9.311296265846899
CCc1ccccc1,O,313.2,10.349566633529548,9.310092917308772
CCc1ccccc1,O,313.2,10.35599208681672,9.310092917308772
CCc1ccccc1,O,313.45,10.291372362145202,9.304081760288796
CCc1ccccc1,O,318.15,10.211920332126097,9.192775921968808
CCc1ccccc1,O,318.15,10.31314718464914,9.192775921968808
CCc1ccccc1,O,318.15,10.34478301764512,9.192775921968808
CCc1ccccc1,O,318.2,10.310877473669256,9.191608923036437
CCc1ccccc1,O,319.65,10.23752468383636,9.157919399869472
CCc1ccccc1,O,323.15,10.307368072514054,9.077802200673611
CCc1ccccc1,O,323.2,10.25641648894146,9.076669786765054
CCc1ccccc1,O,328.15,10.211067835951118,8.966204374672964
CCc1ccccc1,O,329.89,10.132966989667842,8.928130515691569
CCc1ccccc1,O,333.15,10.113002657014212,8.857822685062217
CCc1ccccc1,O,339.8,9.988816264638904,8.718402243978439
CCc1ccccc1,O,343.13,9.970197152675164,8.6505223695051
C=Cc1ccccc1,O,297.15,9.750872359911456,9.580700810163282
C=Cc1ccccc1,O,298.15,9.819970064800756,9.55460841078581
C=Cc1ccccc1,O,298.15,9.904362169946788,9.55460841078581
C=Cc1ccccc1,O,305.15,9.683034129579797,9.376690728508015
C=Cc1ccccc1,O,313.15,9.57522651158643,9.18293789800081
C=Cc1ccccc1,O,317.15,9.577390309061531,9.08964958741757
C=Cc1ccccc1,O,322.15,9.462397857455032,8.976214284508698
C=Cc1ccccc1,O,324.15,9.464401025925111,8.93179235885134
N#Cc1ccccc1,O,298.15,7.459310092962196,7.151821881776939
N#Cc1ccccc1,O,308.65,7.296019971103547,6.94666962293465
N#Cc1ccccc1,O,313.15,7.130834828248259,6.862533190655548
N#Cc1ccccc1,O,323.15,7.279918655486588,6.683097171311985
N#Cc1ccccc1,O,330.15,7.172248045811186,6.563292809617119
N#Cc1ccccc1,O,333.15,7.184477511197576,6.513327399898102
COc1ccccc1,O,293.16,8.362427655937312,7.813285057975027
COc1ccccc1,O,298.15,7.9605539691107,7.712702003298002
COc1ccccc1,O,302.85,8.084778174941475,7.620965651518151
COc1ccccc1,O,308.15,8.115302686793637,7.520825316156793
COc1ccccc1,O,313.05,8.099523914469167,7.431199472140246
COc1ccccc1,O,322.9,7.96314338462856,7.25904800232524
COc1ccccc1,O,323.35,8.022988668666482,7.251425845393882
COc1ccccc1,O,333.35,7.772900074032135,7.087154252221717
COc1ccccc1,O,343.35,7.77749094698817,6.932033788727952
COc1ccccc1,O,354.35,7.62478498800533,6.770977943224333
CCCN(CCC)CCC,O,303.15,9.981170555217512,9.063578096286665
C=CCN(CC=C)CC=C,O,323.15,7.778127718911288,7.414875569853494
C=CCN(CC=C)CC=C,O,333.15,7.969395790410449,7.2462620702720875
C=CCN(CC=C)CC=C,O,343.15,7.905666550021857,7.087240584078687
C=CCN(CC=C)CC=C,O,353.15,8.10829820800488,6.936924721219507
C=CCN(CC=C)CC=C,O,363.15,7.856470605701341,6.794535140936365
CCCc1ccccc1,O,288.15,11.630175025020469,11.468064784436812
CCCc1ccccc1,O,288.15,11.851965829697152,11.468064784436812
CCCc1ccccc1,O,288.15,11.923570467564366,11.468064784436812
CCCc1ccccc1,O,288.15,11.928809441015604,11.468064784436812
CCCc1ccccc1,O,293.15,11.93130679834494,11.303185021210417
CCCc1ccccc1,O,298.15,11.623751020059114,11.14377304866052
CCCc1ccccc1,O,298.15,11.79590650486336,11.14377304866052
CCCc1ccccc1,O,298.15,11.80771968602779,11.14377304866052
CCCc1ccccc1,O,298.15,11.827977051716726,11.14377304866052
CCCc1ccccc1,O,298.15,11.844851669743525,11.14377304866052
CCCc1ccccc1,O,298.15,11.914054519303123,11.14377304866052
CCCc1ccccc1,O,303.15,11.881270052974951,10.989543991361607
CCCc1ccccc1,O,308.15,11.72421503463732,10.840232515636899
CCCc1ccccc1,O,308.15,11.760144853342029,10.840232515636899
CCCc1ccccc1,O,318.15,11.57355949850708,10.555389126313004
CCCc1ccccc1,O,318.15,11.57861956816559,10.555389126313004
CCCc1ccccc1,O,328.15,11.394780238730752,10.287453277942205
CCNc1ccccc1,O,303.15,7.747389563326821,7.3497816524804715
CCNc1ccccc1,O,313.15,7.803112424266678,7.172446923995651
CCNc1ccccc1,O,323.15,7.789789913578125,7.005805151916788
CCNc1ccccc1,O,333.15,7.773236809802969,6.848809218860418
CCNc1ccccc1,O,343.15,7.738300741105426,6.700545933663704
CCNc1ccccc1,O,353.15,7.671575252503794,6.560215762911832
CCNc1ccccc1,O,363.15,7.588875423829305,6.4271160315961176
CCCCc1ccccc1,O,288.15,13.371876183738609,12.856176882271088
CCCCc1ccccc1,O,298.15,12.930498023111324,12.485373392865744
CCCCc1ccccc1,O,298.15,12.976067434867115,12.485373392865744
CCCCc1ccccc1,O,298.15,13.17016448118618,12.485373392865744
CCCCc1ccccc1,O,298.15,13.22923914448866,12.485373392865744
CCCCc1ccccc1,O,298.15,13.295063799154228,12.485373392865744
CCCCc1ccccc1,O,298.15,13.34063427660746,12.485373392865744
CCCCc1ccccc1,O,303.15,12.99314268036689,12.30903627983828
CCCCc1ccccc1,O,308.15,13.134823427562818,12.138332604080357
CCCCc1ccccc1,O,313.15,12.932910855607563,11.972980852294342
CCCCc1ccccc1,O,318.15,12.93340383787019,11.812718089141562
CCCCc1ccccc1,O,323.15,12.802315125713276,11.657298471396052
CCCCc1ccccc1,O,328.15,12.756754357479052,11.506491899536009
CCCCC(CC)CO,O,298.15,8.86070629712803,8.883283165505032
CCCCC(CC)CO,O,298.15,9.012608686722665,8.883283165505032
CCCCC(CC)CO,O,302.75,8.885561303021014,8.74832005215292
CCCCC(CC)CO,O,303.15,9.274009765531774,8.736777662661856
CCCCC(CC)CO,O,313.15,9.014510385797433,8.457799764303838
CCCCC(CC)CO,O,318.25,8.954853106650981,8.322270746971807
CCCCC(CC)CO,O,323.35,9.181719679571977,8.191016386805577
CCCCC(CC)CO,O,333.15,9.031143129425594,7.950080926127739
CCCCC(CC)CO,O,333.25,8.829267343498005,7.947695428934112
CCCCC(CC)CO,O,333.45,9.02953526479109,7.942928726453045
CCCCC(CC)CO,O,343.25,8.903035016145141,7.716164192205262
Cc1ccc(C=O)cc1,O,303.15,8.166994374879822,7.919129233358052
Cc1ccc(C=O)cc1,O,313.15,8.17046009173172,7.723615290349837
Cc1ccc(C=O)cc1,O,323.15,7.944329030059176,7.539919196150904
Cc1ccc(C=O)cc1,O,343.15,7.983354793341173,7.203532784291572
Cc1ccc(C=O)cc1,O,353.15,7.892885270545555,7.048960947599474
CCOC(=O)CC,O,303.15,5.656694361176344,5.426451615659916
CCOC(=O)CC,O,313.15,5.734919319159742,5.310688107551548
CCOC(=O)CC,O,323.15,5.783640549901604,5.201891642133646
CCOC(=O)CC,O,333.15,5.835196627509589,5.099344339454628
CCOC(=O)CC,O,341.15,5.783575920497357,5.021385025573281
CCOC(=O)CC,O,341.15,5.798325693754674,5.021385025573281
CCOC(=O)CC,O,351.15,5.7694734564558,4.928573384534654
CCOC(=O)CC,O,351.15,5.898449730939794,4.928573384534654
CCOC(=O)CC,O,361.25,5.632261409980416,4.839605914934479
CCC(C)OC(C)=O,O,343.65,6.822806137758222,6.560061840218028
CCC(C)OC(C)=O,O,353.35,6.8020869381732325,6.42933817426557
CCC(C)OC(C)=O,O,363.65,6.840806388570467,6.297956761410952
CCCC(=O)OCC,O,295.15,7.0797150036012,6.970104462894632
CCCC(=O)OCC,O,298.15,6.704047866246693,6.91299614871598
CCCC(=O)OCC,O,303.15,7.108849521099375,6.820057565041163
CCCC(=O)OCC,O,304.15,7.118988179270512,6.801796534551026
CCCC(=O)OCC,O,313.05,7.198654670308593,6.643850811611383
CCCC(=O)OCC,O,313.15,7.1305867816142205,6.642121462449975
CCCC(=O)OCC,O,323.15,7.142756252385548,6.473985959227356
CCCC(=O)OCC,O,323.15,7.314053373394193,6.473985959227356
CCCC(=O)OCC,O,333.15,7.115305889821867,6.314806372504843
CCCC(=O)OCC,O,333.55,7.297822444910205,6.308614621324447
CCCC(=O)OCC,O,341.15,7.057278124024705,6.193406948995899
CCCC(=O)OCC,O,343.35,7.279077426967601,6.160896751328866
CCCC(=O)OCC,O,351.15,6.971415289342093,6.0485262357440455
CCCC(=O)OCC,O,353.45,7.270772070825462,6.0162246469423035
CCCC(=O)OCC,O,363.65,7.302873711036083,5.877307521323188
CCOC(=O)OCC,O,298.15,5.903782945568048,5.594506061491198
CCOC(=O)OCC,O,303.15,5.965528599396741,5.531942319576346
CCOC(=O)OCC,O,313.15,6.026192007627039,5.412654184372152
CCOC(=O)OCC,O,323.15,5.998407886242158,5.300466878216155
CCOC(=O)OCC,O,333.15,5.97991561417111,5.194656688138753
CCCOC(=O)CCC,O,293.25,8.353749128231875,8.198925606862824
CCCOC(=O)CCC,O,302.75,8.564496536532104,7.99819024922048
CCCOC(=O)CCC,O,312.65,8.623490068550796,7.801785107883761
CCCOC(=O)CCC,O,322.95,8.404526047242639,7.609915235044433
CCCOC(=O)CCC,O,333.25,8.191152753882175,7.4295096065542365
CCCOC(=O)CCC,O,343.25,8.518046826965717,7.2642778816601865
CCCOC(=O)CCC,O,353.25,8.581003322342054,7.107923715404301
CCCOC(=O)CCC,O,363.65,8.383332601755173,6.95389606026635
CCCC(=O)OCCC(C)C,O,304.05,10.703532067243186,10.263284618248976
CCCC(=O)OCCC(C)C,O,353.25,10.707675087885065,9.08067667687767
CCCC(=O)OCCC(C)C,O,363.85,10.879760817779102,8.866389301602851
CCCCC(=O)CC,O,293.65,7.105777926002176,6.868625119580954
CCCCC(=O)CC,O,295.35,7.219078191593336,6.839471623823607
CCCCC(=O)CC,O,298.15,7.198998503000005,6.792171883255245
CCCCC(=O)CC,O,303.85,7.224330883888894,6.698540261588601
CCCCC(=O)CC,O,312.75,7.348645444308495,6.559030775174721
CCCCC(=O)CC,O,323.15,7.508024818714371,6.405456657329943
CCCCC(=O)CC,O,332.45,7.494357909859211,6.275934461241873
CCCCC(=O)CC,O,332.95,7.581729833753272,6.269165835222549
CCCCC(=O)CC,O,333.15,7.408160801570157,6.266463771046922
CCCCC(=O)CC,O,343.35,7.430653731982367,6.132598279041533
CCCCC(=O)CC,O,353.05,7.602531132533902,6.01202013695177
CCCCC(=O)CC,O,363.25,7.614617970428023,5.891664702448372
CCCCC(=O)CC,O,364.65,7.36222640097838,5.87562799381205
CCCCC(=O)CC,O,373.15,7.275594667924229,5.780618801806305
CCCOC(=O)CC,O,302.75,7.143104042734709,6.966522221698671
CCCOC(=O)CC,O,312.65,7.176193368067157,6.765821906331897
CCCOC(=O)CC,O,323.15,7.317770021788872,6.5654660810965595
CCCOC(=O)CC,O,333.45,7.299398638628015,6.38034274231658
CCCOC(=O)CC,O,343.75,7.274132998382255,6.2055545281329865
CCCOC(=O)CC,O,353.45,7.275269267661729,6.049628961232641
Cc1ccc(C)cc1,O,293.15,10.498230521708756,10.310058833450944
Cc1ccc(C)cc1,O,295.15,10.49286184537868,10.247596564685448
Cc1ccc(C)cc1,O,298.15,10.285516841291672,10.155371609843957
Cc1ccc(C)cc1,O,298.15,10.295644498580554,10.155371609843957
Cc1ccc(C)cc1,O,298.15,10.359782014094554,10.155371609843957
Cc1ccc(C)cc1,O,298.15,10.363156714657803,10.155371609843957
Cc1ccc(C)cc1,O,298.15,10.3648445320171,10.155371609843957
Cc1ccc(C)cc1,O,298.15,10.40704079653501,10.155371609843957
Cc1ccc(C)cc1,O,298.15,10.474551841293858,10.155371609843957
Cc1ccc(C)cc1,O,298.15,10.47792720773074,10.155371609843957
Cc1ccc(C)cc1,O,298.15,10.504933283983362,10.155371609843957
Cc1ccc(C)cc1,O,298.15,10.528561973890245,10.155371609843957
Cc1ccc(C)cc1,O,298.15,10.533625708348996,10.155371609843957
Cc1ccc(C)cc1,O,298.15,10.552191606851585,10.155371609843957
Cc1ccc(C)cc1,O,303.15,10.4584955982562,10.005454036259112
Cc1ccc(C)cc1,O,303.2,10.321605606767609,10.003978174087557
Cc1ccc(C)cc1,O,308.15,10.477386562152976,9.860081249268765
Cc1ccc(C)cc1,O,313.15,10.129343422187096,9.71904265179872
Cc1ccc(C)cc1,O,313.15,10.354314733394745,9.71904265179872
Cc1ccc(C)cc1,O,316.15,10.044348890354588,9.636417245004061
Cc1ccc(C)cc1,O,318.15,10.424908843435484,9.582140781716642
Cc1ccc(C)cc1,O,323.15,10.27725901457775,9.449190287300302
Cc1ccc(C)cc1,O,323.2,10.15936157007305,9.447880138572708
Cc1ccc(C)cc1,O,333.15,10.11775987056191,9.194457079978182
Cc1ccc(C)cc1,O,343.15,9.939756799008965,8.953569166870546
CCCCCC(=O)CC,O,312.75,8.629941351107991,8.180828602597542
CCCCCC(=O)CC,O,323.15,8.705838047282665,7.975383534559857
CCCCCC(=O)CC,O,333.15,8.832031668097878,7.789673816597189
CCCCCC(=O)CC,O,343.65,8.805820317164443,7.605956415239698
CCCCCC(=O)CC,O,353.45,8.657895561016279,7.44395180680857
CCCCCC(=O)CC,O,364.15,8.763451525836446,7.2765564650365775
BrCCBr,O,292.65,8.022844409209041,7.960683521835956
BrCCBr,O,293.15,8.000818868719831,7.950181940055545
BrCCBr,O,293.15,8.017983177822476,7.950181940055545
BrCCBr,O,293.15,8.035149369075699,7.950181940055545
BrCCBr,O,298.15,7.921038411297374,7.847086088962849
BrCCBr,O,303.15,7.929302921147268,7.747349294415913
BrCCBr,O,303.85,7.933603307695408,7.733643908969378
BrCCBr,O,308.15,7.874233293838656,7.650793592009888
BrCCBr,O,308.15,8.135519802410863,7.650793592009888
BrCCBr,O,312.75,7.870757826278248,7.56462934692208
BrCCBr,O,323.15,7.5442156991620335,7.378613081603158
BrCCBr,O,323.15,7.668794725585001,7.378613081603158
BrCCBr,O,323.15,7.731083872244405,7.378613081603158
BrCCBr,O,333.05,7.730381276563691,7.211949730479022
BrCCBr,O,343.35,7.60484965909001,7.048296942682167
BrCCBr,O,353.45,7.540833933075963,6.896586436906267
CCCBr,O,293.15,7.935290382633089,7.8218533780571295
CCCBr,O,298.15,7.959897709487605,7.720922970862038
CCCBr,O,303.15,7.928539350625769,7.623287398375692
CCCBr,O,303.15,7.994935806687827,7.623287398375692
CCCBr,O,303.15,7.996596654034176,7.623287398375692
C=CC=O,O,373.15,2.7189505755704984,2.7592244286613195
CCCS,O,298.15,7.311071413032021,7.127823395887958
CCCS,O,303.1,7.5218646634424,7.040855183581487
CCCS,O,308.15,7.285993064835818,6.95496926279674
CCCS,O,318.15,7.28156458768629,6.792774117418459
CCCS,O,333.1,7.087373184201777,6.5678869785780325
CCCS,O,333.15,7.181044266146279,6.567167320411883
ClCCCl,O,293.15,6.459566369064121,6.3882378193906915
ClCCCl,O,293.15,6.476730795253032,6.3882378193906915
ClCCCl,O,293.15,6.511063076160361,6.3882378193906915
ClCCCl,O,298.15,6.234710680727369,6.311348549108761
ClCCCl,O,298.15,6.454125660942104,6.311348549108761
ClCCCl,O,298.15,6.471003817274504,6.311348549108761
ClCCCl,O,298.15,6.504759619274865,6.311348549108761
ClCCCl,O,298.45,6.494324025222747,6.306816193636582
ClCCCl,O,303.15,6.417255021677392,6.236962112142398
ClCCCl,O,303.15,6.483653074083149,6.236962112142398
ClCCCl,O,308.15,6.3993966097799335,6.164941911898947
ClCCCl,O,308.15,6.415726875299052,6.164941911898947
ClCCCl,O,313.15,6.383499878104422,6.095161099315841
ClCCCl,O,313.15,6.415638547347124,6.095161099315841
ClCCCl,O,323.15,6.325804154147583,5.961854129788904
CCCI,O,298.15,9.320986892063246,9.165225877209144
CCCI,O,303.15,9.354258881237191,9.0437753840494
CCCI,O,303.15,9.362563480946104,9.0437753840494
CCCN,O,313.15,0.8700582939324523,0.9716148368089601
CCC#N,O,303.15,3.651312572626838,3.526808523912657
CCC#N,O,333.15,3.514802814385345,3.268104888480796
CCC#N,O,373.15,3.363201251734011,2.9781703112668056
C=CC#N,O,303.15,3.688341809609028,3.639452445689898
C=CC#N,O,308.15,3.688831952985776,3.6096698669655933
C=CC#N,O,308.15,3.754154422757461,3.6096698669655933
C=CC#N,O,313.15,3.690448222952384,3.5808156812710585
C=CC#N,O,313.15,3.786865595791038,3.5808156812710585
C=CC#N,O,318.15,3.693070658732404,3.5528324092837194
C=CC#N,O,323.15,3.7277395253206502,3.5256670326582236
C=CC#N,O,333.15,3.600217624968049,3.4735979165116007
C=CC#N,O,333.15,3.64553083285892,3.4735979165116007
C=CC#N,O,373.15,3.425148255817942,3.2898476666413945
C=CCO,O,373.15,2.257494626495277,2.1166486815242167
OCCO,O,317.9,0.0369681780999875,-0.1751747869723337
OCCO,O,328.2,0.028422234262693,-0.16967722304567323
OCCO,O,338.1,0.0237555883543965,-0.16470885668519605
OCCO,O,348.1,0.1973579416200679,-0.15997720279880484
COC=O,O,298.15,2.90901358100082,2.7525276571008206
COC=O,O,303.15,2.854997858480499,2.7071290524799854
COC=O,O,303.25,2.9193262783513654,2.7062363504073725
COC=O,O,313.15,2.642786083449813,2.6206810411759727
COC=O,O,313.25,2.946137535802022,2.619844434027998
COC=O,O,323.25,2.9594209240948355,2.5387977000270823
COC=O,O,333.25,2.975116215512708,2.4626149646060633
CCCC(C)C,O,298.15,12.758266674506904,12.673875776383912
CCCC(C)C,O,298.15,12.808898431577154,12.673875776383912
CCCC(C)C,O,313.25,12.763486009910396,12.075290720548228
CCCC(C)C,O,328.85,12.631598517549037,11.513635334170235
CCCC(C)=O,O,298.15,4.624276492477826,4.582078901360057
CCCC(C)=O,O,303.25,4.655682675626935,4.523556691291212
CCCC(C)=O,O,313.25,4.790753085484417,4.413386837896757
CCC[N+](=O)[O-],O,303.15,5.731290632072799,5.633429703269492
CCC[N+](=O)[O-],O,313.15,5.685329935580638,5.511056865220409
CCC[N+](=O)[O-],O,323.15,5.617861412148562,5.396060093561644
C=COC(C)=O,O,293.15,5.190503844729143,4.896585941416543
C=COC(C)=O,O,298.15,5.199408218218823,4.8446215826815004
C=COC(C)=O,O,303.15,5.226611890702857,4.794305053865515
C=COC(C)=O,O,313.15,5.251660674906737,4.698247521438248
C=COC(C)=O,O,323.15,5.2659542859909445,4.607743753867579
C=COC(C)=O,O,333.15,5.224493200271463,4.522217964304357
CC(C)CC(C)C,O,298.15,14.131765509902245,13.937669335121855
CC(C)OC(C)C,O,296.15,6.456962729553847,5.9740961984290415
CC(C)OC(C)C,O,298.15,6.204874883997546,5.946115258055515
CC(C)OC(C)C,O,298.15,6.390532570766044,5.946115258055515
CC(C)OC(C)C,O,298.15,6.42428862860424,5.946115258055515
CC(C)OC(C)C,O,298.15,6.441166612109197,5.946115258055515
CC(=O)OC(C)C,O,298.15,5.536471690381842,5.345806618609681
CC(=O)OC(C)C,O,303.15,5.474842992672465,5.2576370016719896
CC(=O)OC(C)C,O,308.15,5.5960413498178285,5.17232856423342
Cc1cccc(C)c1,O,288.15,10.546837687191315,10.418637354753063
Cc1cccc(C)c1,O,293.0,10.521005604570412,10.276053546676845
Cc1cccc(C)c1,O,293.15,10.473709750258708,10.271718620652017
Cc1cccc(C)c1,O,298.0,10.211666863926732,10.133891904606768
Cc1cccc(C)c1,O,298.0,10.454834965765343,10.133891904606768
Cc1cccc(C)c1,O,298.15,10.31728121508252,10.129700136568704
Cc1cccc(C)c1,O,298.15,10.41010935260403,10.129700136568704
Cc1cccc(C)c1,O,298.15,10.416861925479676,10.129700136568704
Cc1cccc(C)c1,O,298.15,10.44217733957031,10.129700136568704
Cc1cccc(C)c1,O,298.15,10.448929072772792,10.129700136568704
Cc1cccc(C)c1,O,298.15,10.508002953053156,10.129700136568704
Cc1cccc(C)c1,O,298.15,10.556950112354304,10.129700136568704
Cc1cccc(C)c1,O,298.15,10.612645868035058,10.129700136568704
Cc1cccc(C)c1,O,298.15,10.64302678599863,10.129700136568704
Cc1cccc(C)c1,O,298.15,10.697036474329083,10.129700136568704
Cc1cccc(C)c1,O,308.15,10.492245967358542,9.85934906782615
Cc1cccc(C)c1,O,313.0,10.20100732573617,9.734357326004373
Cc1cccc(C)c1,O,318.15,10.395592024000988,9.605724091220553
Cc1cccc(C)c1,O,323.0,10.237789578810633,9.48824816485134
CCOC(=O)CC(C)C,O,303.75,8.142988349859278,7.679574691739887
CCOC(=O)CC(C)C,O,312.95,8.302496365859882,7.5066049178376675
CCOC(=O)CC(C)C,O,322.65,8.360480900128703,7.334649960220222
CCOC(=O)CC(C)C,O,333.25,8.431657089309644,7.1577947351790945
CCOC(=O)CC(C)C,O,343.15,8.369926760675119,7.002056167748804
CCOC(=O)CC(C)C,O,353.45,8.374195419386579,6.848796225363222
CCOC(=O)CC(C)C,O,363.65,8.380011716768575,6.705052987455198
Cc1cc(C)cc(C)c1,O,298.15,11.690770349737104,11.544683027310354
Cc1cc(C)cc(C)c1,O,298.15,11.832542155952355,11.544683027310354
Cc1cc(C)cc(C)c1,O,298.15,11.84604207777808,11.544683027310354
Cc1cc(C)cc(C)c1,O,298.15,11.861234512176852,11.544683027310354
Cc1cc(C)cc(C)c1,O,303.15,11.576285166572989,11.360445664318162
Cc1cc(C)cc(C)c1,O,308.15,11.73242237536424,11.18202819773222
Cc1cc(C)cc(C)c1,O,308.15,11.742218072031298,11.18202819773222
Cc1cc(C)cc(C)c1,O,313.15,11.52741991112068,11.009157869863458
Cc1cc(C)cc(C)c1,O,318.15,11.682701994261889,10.841578767925185
Cc1cc(C)cc(C)c1,O,318.15,11.702156430065118,10.841578767925185
Cc1cc(C)cc(C)c1,O,391.15,11.470036752926488,8.871966817777855
CC(C)CC(=O)CC(C)C,O,303.95,9.827815280580127,9.160577138302399
CC(C)CC(=O)CC(C)C,O,313.65,10.066303437938132,8.932827002811521
CC(C)CC(=O)CC(C)C,O,323.15,10.074714457324468,8.722762156841396
CC(C)CC(=O)CC(C)C,O,333.85,10.116338314364906,8.500086911552723
CC(C)CC(=O)CC(C)C,O,343.65,10.031603684065631,8.307884434041553
CC(C)CC(=O)CC(C)C,O,353.95,10.009575803330494,8.116863581628952
CC(C)CC(=O)CC(C)C,O,363.85,9.959693012459692,7.942953092294465
Brc1ccccc1,O,288.15,9.83480713223122,9.809519892205083
Brc1ccccc1,O,293.15,9.840297455199751,9.672971474078535
Brc1ccccc1,O,293.15,10.011956232841824,9.672971474078535
Brc1ccccc1,O,298.15,9.813847268450926,9.540965199474677
Brc1ccccc1,O,298.15,9.83072329258129,9.540965199474677
Brc1ccccc1,O,298.15,10.067016971317598,9.540965199474677
Brc1ccccc1,O,303.15,9.740374328833472,9.413260965392647
Brc1ccccc1,O,303.15,9.873172664533769,9.413260965392647
Brc1ccccc1,O,303.15,9.889773949448369,9.413260965392647
Brc1ccccc1,O,303.15,9.906373384514586,9.413260965392647
Brc1ccccc1,O,307.65,9.6778408710038,9.301820407811867
Brc1ccccc1,O,308.15,9.834400033713116,9.289635335684299
Brc1ccccc1,O,313.15,9.750371337465657,9.169880151487506
Brc1ccccc1,O,323.15,9.577729711232116,8.94121745121539
CC1CCCCC1,O,299.25,12.732524540687162,12.756853054254314
CC1CCCCC1,O,310.93,12.859233419868705,12.311831148806451
CC1CCCCC1,O,313.25,12.62812279174118,12.227197195851817
CC1CCCCC1,O,328.85,12.57422694878184,11.687643733760284
Cc1ccccc1,O,273.65,9.113736956302716,9.085691463183291
Cc1ccccc1,O,277.65,9.044204320337174,8.980797783224128
Cc1ccccc1,O,278.15,9.14656635852812,8.967897562544845
Cc1ccccc1,O,278.16,9.00134870863888,8.967640029105215
Cc1ccccc1,O,278.2,9.107944346760144,8.966610079647632
Cc1ccccc1,O,279.45,9.047344858341992,8.934572004712773
Cc1ccccc1,O,280.25,9.080740668693124,8.914216792174683
Cc1ccccc1,O,282.15,9.079259688195805,8.86633267417122
Cc1ccccc1,O,283.15,8.800803987457876,8.84138660507409
Cc1ccccc1,O,283.15,8.818575485776252,8.84138660507409
Cc1ccccc1,O,283.15,9.085158028837856,8.84138660507409
Cc1ccccc1,O,283.15,9.138474806824464,8.84138660507409
Cc1ccccc1,O,283.2,9.13609623670653,8.840143885740293
Cc1ccccc1,O,284.15,9.392161803728454,8.816614538967087
Cc1ccccc1,O,284.95,9.106477622994536,8.796920839758094
Cc1ccccc1,O,285.25,9.092388697101006,8.789563882950933
Cc1ccccc1,O,285.65,8.879878834853354,8.77977838237855
Cc1ccccc1,O,288.06,8.997142201007838,8.721389075711384
Cc1ccccc1,O,288.15,9.115261265472366,8.719227239945388
Cc1ccccc1,O,288.15,9.150189013153147,8.719227239945388
Cc1ccccc1,O,288.15,9.167652053623216,8.719227239945388
Cc1ccccc1,O,288.15,9.220043147437568,8.719227239945388
Cc1ccccc1,O,288.15,9.364990926845092,8.719227239945388
Cc1ccccc1,O,288.2,9.130408241522094,8.718026795618155
Cc1ccccc1,O,288.25,9.110636052063375,8.716826762100753
Cc1ccccc1,O,288.5,8.907221089912099,8.710832748602337
Cc1ccccc1,O,289.15,9.300647146507275,8.69529614541545
Cc1ccccc1,O,291.05,9.086466197944697,8.65027350008156
Cc1ccccc1,O,292.6,8.896032285784635,8.613970672986161
Cc1ccccc1,O,292.95,8.760242894079592,8.605825517987894
Cc1ccccc1,O,293.0,9.055169672105311,8.604663484812969
Cc1ccccc1,O,293.06,8.961467389510952,8.603269559063774
Cc1ccccc1,O,293.15,8.837292113919505,8.601179721155622
Cc1ccccc1,O,293.15,8.854459398473775,8.601179721155622
Cc1ccccc1,O,293.15,8.957453851462736,8.601179721155622
Cc1ccccc1,O,293.15,9.12568077284239,8.601179721155622
Cc1ccccc1,O,293.15,9.341973714442616,8.601179721155622
Cc1ccccc1,O,293.2,9.137154436154749,8.60001924451103
Cc1ccccc1,O,293.25,9.112587511254462,8.598859156463448
Cc1ccccc1,O,294.15,9.04309263219944,8.578043778598655
Cc1ccccc1,O,294.15,9.18337505374573,8.578043778598655
Cc1ccccc1,O,294.15,9.376693441755052,8.578043778598655
Cc1ccccc1,O,294.15,9.475914862764256,8.578043778598655
Cc1ccccc1,O,295.15,9.18448908838575,8.555061661915854
Cc1ccccc1,O,295.7,9.098592835993506,8.542486457847971
Cc1ccccc1,O,296.15,9.25363929637133,8.53223169528424
Cc1ccccc1,O,298.15,9.01099391044024,8.487021630439747
Cc1ccccc1,O,298.15,9.026184333549264,8.487021630439747
Cc1ccccc1,O,298.15,9.031248394472314,8.487021630439747
Cc1ccccc1,O,298.15,9.039687273169696,8.487021630439747
Cc1ccccc1,O,298.15,9.0666916859896,8.487021630439747
Cc1ccccc1,O,298.15,9.073443321875358,8.487021630439747
Cc1ccccc1,O,298.15,9.085257759112876,8.487021630439747
Cc1ccccc1,O,298.15,9.090321839457612,8.487021630439747
Cc1ccccc1,O,298.15,9.092009436249963,8.487021630439747
Cc1ccccc1,O,298.15,9.100448494075064,8.487021630439747
Cc1ccccc1,O,298.15,9.103823632593691,8.487021630439747
Cc1ccccc1,O,298.15,9.108886659260149,8.487021630439747
Cc1ccccc1,O,298.15,9.117326653285389,8.487021630439747
Cc1ccccc1,O,298.15,9.125765660268652,8.487021630439747
Cc1ccccc1,O,298.15,9.127453205997451,8.487021630439747
Cc1ccccc1,O,298.15,9.129141162478808,8.487021630439747
Cc1ccccc1,O,298.15,9.130828440082924,8.487021630439747
Cc1ccccc1,O,298.15,9.134204190549726,8.487021630439747
Cc1ccccc1,O,298.15,9.140954923440944,8.487021630439747
Cc1ccccc1,O,298.15,9.144330902858217,8.487021630439747
Cc1ccccc1,O,298.15,9.16458435013798,8.487021630439747
Cc1ccccc1,O,298.15,9.169648577312891,8.487021630439747
Cc1ccccc1,O,298.15,9.178086772026672,8.487021630439747
Cc1ccccc1,O,298.15,9.193277627769948,8.487021630439747
Cc1ccccc1,O,298.15,9.201716291264368,8.487021630439747
Cc1ccccc1,O,298.15,9.206780041514758,8.487021630439747
Cc1ccccc1,O,298.15,9.213535262872702,8.487021630439747
Cc1ccccc1,O,298.15,9.233783423702649,8.487021630439747
Cc1ccccc1,O,298.15,9.235471912613788,8.487021630439747
Cc1ccccc1,O,298.15,9.237157555335209,8.487021630439747
Cc1ccccc1,O,298.15,9.33674392177802,8.487021630439747
Cc1ccccc1,O,298.16,9.005494639831529,8.486797070824402
Cc1ccccc1,O,301.8,8.800730184885747,8.406022918953823
Cc1ccccc1,O,302.5,9.173872426479,8.390706805005655
Cc1ccccc1,O,302.6,9.184515768926298,8.388524422816745
Cc1ccccc1,O,302.85,8.7649528645906,8.3830746067109
Cc1ccccc1,O,302.9,9.164904625451886,8.381985694461694
Cc1ccccc1,O,303.0,9.459533663347038,8.37980891944705
Cc1ccccc1,O,303.15,8.823796620606405,8.376546377849658
Cc1ccccc1,O,303.15,8.951613683499803,8.376546377849658
Cc1ccccc1,O,303.15,9.0561921921458,8.376546377849658
Cc1ccccc1,O,303.15,9.076111593377435,8.376546377849658
Cc1ccccc1,O,303.15,9.104330756809954,8.376546377849658
Cc1ccccc1,O,303.15,9.105990456600937,8.376546377849658
Cc1ccccc1,O,303.2,9.098866764946992,8.375459562155376
Cc1ccccc1,O,305.35,9.03058192760138,8.32905399818071
Cc1ccccc1,O,308.15,9.062350674262396,8.26956185106686
Cc1ccccc1,O,308.15,9.06888279282118,8.26956185106686
Cc1ccccc1,O,308.15,9.081947753207606,8.26956185106686
Cc1ccccc1,O,308.15,9.08521356169547,8.26956185106686
Cc1ccccc1,O,308.15,9.17503024251354,8.26956185106686
Cc1ccccc1,O,308.15,9.289345618596135,8.26956185106686
Cc1ccccc1,O,308.2,9.071694206889964,8.268509018284561
Cc1ccccc1,O,308.26,8.938592014312718,8.26724605573661
Cc1ccccc1,O,308.95,9.058381954052496,8.252756139899269
Cc1ccccc1,O,312.4,9.11663829847554,8.181235647126986
Cc1ccccc1,O,313.15,8.828794406676037,8.165889196921169
Cc1ccccc1,O,313.15,8.840043063513251,8.165889196921169
Cc1ccccc1,O,313.15,8.875396167319272,8.165889196921169
Cc1ccccc1,O,313.15,8.894679861183063,8.165889196921169
Cc1ccccc1,O,313.15,8.991097951346903,8.165889196921169
Cc1ccccc1,O,313.15,9.005559686508679,8.165889196921169
Cc1ccccc1,O,313.15,9.03769980283508,8.165889196921169
Cc1ccccc1,O,313.2,9.029238071586958,8.164868621661505
Cc1ccccc1,O,313.25,8.999895845639381,8.163848360665897
Cc1ccccc1,O,318.15,8.86183057375042,8.065361720617494
Cc1ccccc1,O,318.15,8.985202332993122,8.065361720617494
Cc1ccccc1,O,318.15,9.02474546360775,8.065361720617494
Cc1ccccc1,O,318.15,9.086432241164882,8.065361720617494
Cc1ccccc1,O,318.2,8.987966524364063,8.064371793880989
Cc1ccccc1,O,318.25,8.952781343845938,8.063382165873506
Cc1ccccc1,O,318.46,8.938173316770946,8.05922898697888
Cc1ccccc1,O,323.15,8.87027247872259,7.967823889929393
Cc1ccccc1,O,323.15,8.887402728129342,7.967823889929393
Cc1ccccc1,O,323.15,8.971492907150653,7.967823889929393
Cc1ccccc1,O,323.2,8.93219006094142,7.966863109639325
Cc1ccccc1,O,328.15,8.873587095867073,7.873130433141739
Cc1ccccc1,O,329.6,8.852998062541484,7.846181750307305
Cc1ccccc1,O,333.15,8.716360393562175,7.781145520848993
Cc1ccccc1,O,333.15,8.740528724300805,7.781145520848993
Cc1ccccc1,O,333.15,8.791885764416985,7.781145520848993
Cc1ccccc1,O,333.15,8.84626381786314,7.781145520848993
Cc1ccccc1,O,345.8,8.697738171031087,7.559681869957844
Clc1ccccc1,O,283.15,9.569000344441529,9.3535187371867
Clc1ccccc1,O,288.15,9.340139809511028,9.222531333435954
Clc1ccccc1,O,290.55,9.31210242091172,9.16125202507735
Clc1ccccc1,O,292.55,9.320977939471694,9.110948741389972
Clc1ccccc1,O,293.15,9.447268478261009,9.095990498205731
Clc1ccccc1,O,293.15,9.464439807410836,9.095990498205731
Clc1ccccc1,O,293.15,9.48160338639967,9.095990498205731
Clc1ccccc1,O,293.15,9.60176740578042,9.095990498205731
Clc1ccccc1,O,294.15,9.348744871703682,9.071194445159874
Clc1ccccc1,O,294.15,9.382956651222289,9.071194445159874
Clc1ccccc1,O,295.65,9.312978184439327,9.034311701575046
Clc1ccccc1,O,297.35,9.285503501541193,8.992956043422216
Clc1ccccc1,O,298.15,8.961995672539324,8.973655722317217
Clc1ccccc1,O,298.15,9.198289045576756,8.973655722317217
Clc1ccccc1,O,298.15,9.265803460675327,8.973655722317217
Clc1ccccc1,O,298.15,9.417704073762875,8.973655722317217
Clc1ccccc1,O,298.15,9.58648651574606,8.973655722317217
Clc1ccccc1,O,298.15,9.670874304845492,8.973655722317217
Clc1ccccc1,O,298.2,8.95976652653895,8.972452845521106
Clc1ccccc1,O,301.85,9.249589930867268,8.885703836633112
Clc1ccccc1,O,302.15,9.236173797007153,8.878665555042586
Clc1ccccc1,O,303.15,9.224923519100926,8.855303531745953
Clc1ccccc1,O,303.15,9.424120220337429,8.855303531745953
Clc1ccccc1,O,303.15,9.444036053224185,8.855303531745953
Clc1ccccc1,O,303.15,9.44735526977601,8.855303531745953
Clc1ccccc1,O,303.15,9.455652377261345,8.855303531745953
Clc1ccccc1,O,303.15,9.477232830220409,8.855303531745953
Clc1ccccc1,O,308.25,9.166425056401016,8.73847164266766
Clc1ccccc1,O,313.15,8.910986447703975,8.629729658537656
Clc1ccccc1,O,313.15,9.076502646722323,8.629729658537656
Clc1ccccc1,O,313.15,9.110248176538928,8.629729658537656
OC1CCCCC1,O,333.15,5.028206675844481,4.755696582939956
O=C1CCCCC1,O,353.15,4.666133573946208,4.555975724156121
Oc1ccccc1,O,333.15,3.8408341531107086,3.775490185700594
Oc1ccccc1,O,343.18,3.745618891306538,3.7177256691032436
Oc1ccccc1,O,347.7,3.638172829707157,3.6927218239275104
Oc1ccccc1,O,349.05,3.69922574616808,3.68537047365297
Oc1ccccc1,O,349.25,3.736526107581289,3.684285845022462
Oc1ccccc1,O,353.12,3.5947857840614805,3.663520464749281
Oc1ccccc1,O,356.34,3.6447394611197352,3.6465564553088425
Oc1ccccc1,O,357.8,3.561369893807908,3.6389557157938106
Oc1ccccc1,O,361.85,3.6031064009938127,3.6181596222970245
Oc1ccccc1,O,361.99,3.5436629124232213,3.617448169410613
Oc1ccccc1,O,363.14,3.5124584547409388,3.6116225181613957
Oc1ccccc1,O,365.4,3.424422250977492,3.6002683905882167
Oc1ccccc1,O,366.86,3.482045918414364,3.592998933971619
Oc1ccccc1,O,371.65,3.533943466012837,3.569499827956396
Oc1ccccc1,O,373.15,3.630177202110063,3.5622486599606287
CCCCOC(=O)CCC,O,302.85,9.537923214751478,9.22863104566352
CCCCOC(=O)CCC,O,312.75,9.62274137108546,8.993540747763623
CCCCOC(=O)CCC,O,323.15,9.639665225612012,8.761883513153448
CCCCOC(=O)CCC,O,333.05,9.7240617988542,8.5545213067703
CCCCOC(=O)CCC,O,343.35,9.726696673310206,8.351108463767856
CCCCOC(=O)CCC,O,353.15,9.687102361966382,8.168187728005321
CCCCOC(=O)CCC,O,363.45,9.649162883738343,7.986105703613386
CCCOC(C)=O,O,293.15,5.539540492928713,5.066700602845474
CCCOC(C)=O,O,293.15,5.608203592087855,5.066700602845474
CCCOC(C)=O,O,298.15,5.482033783405554,5.011883403448543
CCCOC(C)=O,O,298.15,5.549542901989202,5.011883403448543
CCCOC(C)=O,O,298.15,5.583300800949484,5.011883403448543
CCCOC(C)=O,O,298.15,5.6001796725736375,5.011883403448543
CCCOC(C)=O,O,298.15,5.701446414858653,5.011883403448543
CCCOC(C)=O,O,303.15,5.627700247250142,4.958808116788458
CCCOC(C)=O,O,303.15,5.74390022125209,4.958808116788458
CCCOC(C)=O,O,303.25,5.690656707437273,4.957763690617938
CCCOC(C)=O,O,308.15,5.786955661876955,4.9073764249565475
CCCOC(C)=O,O,313.15,5.701964155849417,4.857497294986491
CCCOC(C)=O,O,313.25,5.779025992310212,4.856514958406606
CCCOC(C)=O,O,323.15,5.763104287401009,4.762065290980712
CCCOC(C)=O,O,323.25,5.822264525203999,4.761138538357989
CCCOC(C)=O,O,333.15,5.766497459161016,4.67190705405397
CCCOC(C)=O,O,333.25,5.854143124240932,4.671030272782508
CCCOC(C)=O,O,343.25,5.845872140562276,4.585667877075201
CCCCBr,O,303.15,9.43972043575617,9.115316007745385
CCCCC,O,283.15,11.45365729775314,11.110601745690607
CCCCC,O,283.2,11.486686206940185,11.10895869141703
CCCCC,O,286.65,11.420909951786417,10.996963175978596
CCCCC,O,293.15,11.537871703931298,10.793057110944291
CCCCC,O,295.45,11.478918735349747,10.723030227098318
CCCCC,O,298.15,11.334848487191852,10.64218401223032
CCCCC,O,298.15,11.503629390044969,10.64218401223032
CCCCC,O,298.15,11.52050665499054,10.64218401223032
CCCCC,O,298.15,11.554259328463203,10.64218401223032
CCCCC,O,298.2,11.450647852717555,10.640700456623588
CCCCC,O,298.28,11.514374414735332,10.638327785734008
CCCCC,O,303.15,11.504748121445722,10.496210204459388
CCCCC,O,303.31,11.414412561918711,10.491617079426078
CCCCC,O,311.48,11.325636390464757,10.263223357246137
CCCCC,O,313.19,11.315028031570638,10.216893476920788
CCCCC,O,313.2,11.298524832712529,10.216623992173021
CCCCC,O,313.25,11.521240796573942,10.215276819876818
CCCCC,O,323.34,11.229046816987465,9.951710112891474
CCCCC,O,328.85,11.431453987090478,9.814399613929842
CCCCC,O,333.21,11.177259703060844,9.708853582432438
CCCCCl,O,283.15,8.873378415461755,8.600290641980346
CCCCCl,O,285.65,8.957970100774979,8.540801819185308
CCCCCl,O,293.15,8.912174199575185,8.368358141930104
CCCCCl,O,293.15,8.920756492234805,8.368358141930104
CCCCCl,O,293.15,8.94135574116444,8.368358141930104
CCCCCl,O,298.15,8.042770211208635,8.258142102149106
CCCCCl,O,298.15,8.937307802974093,8.258142102149106
CCCCCl,O,298.15,8.96262488828945,8.258142102149106
CCCCCl,O,303.15,8.98490419460209,8.151486929160356
CCCCCl,O,308.15,8.975421513051286,8.04820611647564
CCCCS,O,298.15,8.722804751587736,8.566766358619784
CCCCS,O,308.15,8.68824481372968,8.34721870674118
CCCCS,O,312.8,8.667633568001994,8.249843891442811
CCCCS,O,318.15,8.599948524285365,8.14126221620752
CCCCS,O,332.8,8.429476110931006,7.86133074035053
CCCCS,O,333.15,8.344685718570501,7.854934286178004
CCOC=O,O,303.15,3.926371570644781,3.7893657762430184
CCOC=O,O,303.15,4.075769780814546,3.7893657762430184
CCOC=O,O,303.25,3.990251761192938,3.788710862818598
CCOC=O,O,313.15,3.70412268352663,3.7258791399826086
CCOC=O,O,313.25,4.007069514110659,3.725263886176662
CCOC=O,O,323.25,4.028964798450258,3.6655439443989457
CCOC=O,O,333.25,4.039441250785091,3.609125167213117
C1CCOC1,O,298.15,2.833072157619292,2.7025286912593804
C1CCOC1,O,298.15,2.8668301493131305,2.7025286912593804
C1CCOC1,O,298.15,2.900586080303136,2.7025286912593804
C1CCOC1,O,308.15,3.025334764161573,2.6732779698511706
C1CCOC1,O,308.15,3.155978622696088,2.6732779698511706
C1CCOC1,O,318.15,3.178395438659848,2.6456588861081407
C1CCOC1,O,323.15,3.284071629947348,2.632383322126594
C1CCOC1,O,328.15,3.3414721469425333,2.6194277163791835
c1ccsc1,O,298.15,7.33573827896526,7.038189891052123
c1ccsc1,O,308.15,7.176942368797674,6.868280546346652
c1ccsc1,O,318.15,7.160123596171431,6.708874055949057
c1ccsc1,O,333.15,6.9974497200008265,6.487183762915716
CC(=O)CCC(C)C,O,298.15,6.993116127932794,6.73921485790388
CC(=O)CCC(C)C,O,302.85,6.789964493295722,6.662601997134508
CC(=O)CCC(C)C,O,303.15,6.877972131577098,6.657791416537986
CC(=O)CCC(C)C,O,312.65,6.879412387221745,6.510142458930197
CC(=O)CCC(C)C,O,313.15,7.037949860639964,6.502613937022865
CC(=O)CCC(C)C,O,322.95,6.972578134692802,6.359617857010537
CC(=O)CCC(C)C,O,323.15,6.934523784196179,6.356786729160286
CC(=O)CCC(C)C,O,332.65,6.999185213087984,6.226064576866828
CC(=O)CCC(C)C,O,333.15,7.073456140759773,6.219381414030044
CC(=O)CCC(C)C,O,343.15,7.021744460399267,6.089589789269106
CC(=O)CCC(C)C,O,353.05,6.982677205499396,5.967902267160624
CC(=O)CCC(C)C,O,362.85,7.078881063015357,5.853520737431721
CC(=O)OCC(C)C,O,298.15,6.925850567251229,6.75707423961457
CC(=O)OCC(C)C,O,298.15,6.942736247877383,6.75707423961457
CC(=O)OCC(C)C,O,298.2,6.940725730652046,6.756101375993584
CC(=O)OCC(C)C,O,303.05,6.966448625321355,6.663109650107834
CC(=O)OCC(C)C,O,303.2,6.977188053697474,6.660276361670222
CC(=O)OCC(C)C,O,304.1,6.9421470438170445,6.64332950371627
CC(=O)OCC(C)C,O,308.2,7.014517811355055,6.567256061782195
CC(=O)OCC(C)C,O,312.85,7.081750602029617,6.483153142477404
CC(=O)OCC(C)C,O,313.2,7.052591283027586,6.476913826269867
CC(=O)OCC(C)C,O,316.9,7.027793547465953,6.411714534489092
CC(=O)OCC(C)C,O,318.2,7.075436859036577,6.389130785924477
CC(=O)OCC(C)C,O,333.6,7.01495809655915,6.1336866888069235
CC(=O)OCC(C)C,O,333.65,7.028352129922369,6.132891919229422
CC(=O)OCC(C)C,O,342.6,6.927616728077693,5.993994545058583
CC(=O)OCC(C)C,O,343.25,7.112058459882479,5.984160954073636
CC(=O)OCC(C)C,O,353.35,7.0657926814219625,5.835549984847004
CCCCCC(C)=O,O,293.15,7.27400127393574,7.080940133534745
CCCCCC(C)=O,O,298.15,7.257601963327289,6.9924337063741815
CCCCCC(C)=O,O,298.15,7.308234645577643,6.9924337063741815
CCCCCC(C)=O,O,303.15,7.376845991646308,6.90681245641306
CCCCCC(C)=O,O,303.85,7.479531118611891,6.895046747280425
CCCCCC(C)=O,O,312.85,7.526227403549787,6.748363630529477
CCCCCC(C)=O,O,322.95,7.549151165551882,6.593212269047145
CCCCCC(C)=O,O,333.35,7.551654440573136,6.442894012808315
CCCCCC(C)=O,O,343.25,7.60795751401576,6.307843285649482
CCCCCC(C)=O,O,353.35,7.517477371396954,6.177392065181963
CCCCCC(C)=O,O,363.65,7.500042910431035,6.051295148068438
CCCCCC,O,287.15,12.670397682043967,12.753502091525293
CCCCCC,O,293.15,12.720580481623692,12.529431178065467
CCCCCC,O,295.5,12.83196027296716,12.444134538838286
CCCCCC,O,298.09,13.080853646447576,12.35167178376307
CCCCCC,O,298.15,12.79065139278426,12.349548651783167
CCCCCC,O,298.15,12.875042393271857,12.349548651783167
CCCCCC,O,298.15,13.128214227749076,12.349548651783167
CCCCCC,O,298.15,13.14509113409974,12.349548651783167
CCCCCC,O,298.15,13.161970554332402,12.349548651783167
CCCCCC,O,298.15,13.296993766180613,12.349548651783167
CCCCCC,O,303.15,13.009217075464468,12.175542934451027
CCCCCC,O,303.95,13.099274877536924,12.148227071186417
CCCCCC,O,308.15,12.830076050360551,12.0071143158263
CCCCCC,O,310.93,12.947462221213858,11.915776656687058
CCCCCC,O,313.15,12.979273302936438,11.843983191481088
CCCCCC,O,313.15,13.413150623809525,11.843983191481088
CCCCCC,O,313.25,13.07057522375202,11.840772780467038
CCCCCC,O,323.15,12.675369775263892,11.53258591160377
CCCCCC,O,328.85,12.805392546245963,11.363375567126699
CCCCCC,O,333.15,12.69567667574337,11.239458134934498
CCCCCC,O,333.15,13.284767900357924,11.239458134934498
CCCCCC,O,342.85,12.6434336286219,10.971007168661089
CCCCCC,O,342.85,12.658112767760786,10.971007168661089
CCCCCC,O,343.45,12.792653027610072,10.954884088197065
OCCCCO,O,318.4,1.0948452020988657,0.9591909190803882
OCCCCO,O,326.8,1.1084999112845304,0.934536091301247
OCCCCO,O,337.6,1.1159805828292018,0.9046398159241442
OCCCCO,O,349.9,1.1377592811553714,0.8728391239321049
OCCCCO,O,373.15,1.203200506180481,0.8184548366808766
CCCOC=O,O,303.15,5.115397630880768,4.982643488135236
CCCOC=O,O,313.15,4.869693656153827,4.881051945935139
C1CCCCC1,O,289.25,11.258266736460357,11.038831992181818
C1CCCCC1,O,293.15,11.113079042443358,10.9159947642293
C1CCCCC1,O,294.25,11.293311925825348,10.88193554972767
C1CCCCC1,O,298.1,11.290506650970476,10.764698716953896
C1CCCCC1,O,298.15,10.984261683074358,10.763195963152743
C1CCCCC1,O,298.15,11.169919530153532,10.763195963152743
C1CCCCC1,O,298.15,11.321821858616676,10.763195963152743
C1CCCCC1,O,298.15,11.355577847044357,10.763195963152743
C1CCCCC1,O,298.15,11.389334219271488,10.763195963152743
C1CCCCC1,O,298.26,10.874400930351085,10.759891666559874
C1CCCCC1,O,298.75,11.275693131212916,10.745201888730348
C1CCCCC1,O,302.25,11.257648625267125,10.641649493722541
C1CCCCC1,O,308.15,11.17793792564033,10.47236295876107
C1CCCCC1,O,308.36,10.874474781329312,10.4664554738923
C1CCCCC1,O,313.15,11.063246679583042,10.333829345902823
C1CCCCC1,O,313.15,11.2239425467854,10.333829345902823
C1CCCCC1,O,313.35,11.18273942872504,10.328378541240895
C1CCCCC1,O,318.36,10.849393395746052,10.194031189242914
C1CCCCC1,O,323.15,11.081668590423362,10.069402289505419
C1CCCCC1,O,333.14,10.997867564408986,9.82073696875713
C1CCCCC1,O,343.15,10.833787692783346,9.585681659821464
C1=CCCCC1,O,293.15,9.909896968276868,9.40077101913775
C1=CCCCC1,O,296.15,9.929783756734707,9.323797990510316
C1=CCCCC1,O,298.15,9.979128277994544,9.273334441548961
C1=CCCCC1,O,298.26,9.638466762627424,9.27057835344412
C1=CCCCC1,O,308.36,9.627865794576714,9.025776582585607
C1=CCCCC1,O,318.36,9.603294206147275,8.798403031404037
c1ccncc1,O,298.15,2.992813016666928,2.824033156875879
c1ccncc1,O,333.15,3.174547691018658,2.571282901021555
c1ccncc1,O,343.15,3.206382102334804,2.507268683625639
c1ccncc1,O,343.15,3.235709342836108,2.507268683625639
c1ccncc1,O,353.15,3.24068036856054,2.4463981738980656
c1ccncc1,O,353.15,3.2549299913386465,2.4463981738980656
c1ccncc1,O,356.32,3.1520905149232497,2.4277208801628816
c1ccncc1,O,362.06,3.032975070381329,2.3946244232955167
c1ccncc1,O,363.15,2.9996794731019185,2.3884422470695035
c1ccncc1,O,366.87,2.989523036076247,2.3675840054185446
c1ccncc1,O,372.8,3.2395094793146657,2.335083962284842
c1ccncc1,O,373.15,2.842272188544562,2.333193865979739
C1CCNCC1,O,363.15,1.9329580602885363,2.039429235279037
C1CCNCC1,O,373.15,1.971533338977221,1.9847749464256605
CCCCCCCC(=O)OC,O,313.87,11.482459040964637,11.446108080949118
CCCCCCCC(=O)OC,O,323.22,11.886129055122252,11.167183861707477
CCCCCCCC(=O)OC,O,333.34,11.601000442802563,10.882765464671046
CCCCCCC(C)=O,O,298.15,8.300205652913364,8.109092987448719
CCCCCCC(C)=O,O,302.85,8.934511768755389,8.011200364776107
CCCCCCC(C)=O,O,313.55,8.897534660722243,7.799108574783044
CCCCCCC(C)=O,O,323.15,8.783399297320296,7.620492715384842
CCCCCCC(C)=O,O,333.55,8.815485772795283,7.4382146589037434
CCCCCCC(C)=O,O,353.75,8.821488988485044,7.113467908435272
CCCCCCC(C)=O,O,364.15,8.912576986760145,6.959544846524317
CCCCCCC(=O)O,O,298.15,7.832934391901697,7.639657303053717
CCCCCCC(=O)O,O,303.15,7.824437934044365,7.51365824444537
CCCCCCC(=O)O,O,313.15,7.751101054445194,7.273729876704879
CCCCCCC(=O)O,O,323.15,7.691332569332827,7.048649691756268
CCCCCCC(=O)O,O,333.15,7.613492866681373,6.837080802686807
CCCCCCC(=O)O,O,343.15,7.518970885750264,6.637842124339793
CCCCCCO,O,293.15,6.961883551020356,6.659353851426009
CCCCCCO,O,293.15,7.013375760845821,6.659353851426009
CCCCCCO,O,298.15,6.594049508438615,6.568565773856504
CCCCCCO,O,298.15,6.6278058987214425,6.568565773856504
CCCCCCO,O,298.15,6.678440223049093,6.568565773856504
CCCCCCO,O,298.15,6.914730892718563,6.568565773856504
CCCCCCO,O,298.15,6.948484469196206,6.568565773856504
CCCCCCO,O,298.15,7.066637604042329,6.568565773856504
CCCCCCO,O,298.2,6.861297642354015,6.567671517010033
CCCCCCO,O,302.85,6.888738602745491,6.485648647883391
CCCCCCO,O,303.15,6.87236952297164,6.4804332900739645
CCCCCCO,O,303.15,6.905568890575984,6.4804332900739645
CCCCCCO,O,304.07,6.872093903863068,6.464496235604216
CCCCCCO,O,306.24,6.88705857211591,6.427240781041135
CCCCCCO,O,312.95,6.988191755272481,6.314930479585961
CCCCCCO,O,313.15,6.881392822978955,6.311648103291972
CCCCCCO,O,313.15,6.977812916737572,6.311648103291972
CCCCCCO,O,313.15,7.009950791296807,6.311648103291972
CCCCCCO,O,313.26,6.891790517647881,6.309844370189769
CCCCCCO,O,323.15,6.99527152850218,6.152100225559238
CCCCCCO,O,323.15,7.010844216558948,6.152100225559238
CCCCCCO,O,323.15,7.026417927665528,6.152100225559238
CCCCCCO,O,323.15,7.259995403630756,6.152100225559238
CCCCCCO,O,333.15,6.977850209645398,6.0009998650998675
CCCCCCO,O,333.15,6.992960024996364,6.0009998650998675
CCCCCCO,O,333.15,7.023171070481263,6.0009998650998675
CCCCCCO,O,343.15,6.913787051213856,5.857649207132114
CCCOCCC,O,293.15,7.538787665470283,7.1232007947362135
CCCOCCC,O,298.15,7.345616584065706,7.033971644754994
CCCOCCC,O,298.15,7.716937301330978,7.033971644754994
CCCOCCC,O,298.15,7.750692215777994,7.033971644754994
CCCOCCC,O,303.25,7.829260392308848,6.94594605921372
CCCCCCCC,O,298.15,15.859600790681446,15.533026940468897
CCCCCCCC,O,298.15,15.977747937052513,15.533026940468897
CCCCCCCC,O,298.15,16.02838208087667,15.533026940468897
CCCCCCCC,O,298.15,16.079015887871112,15.533026940468897
CCCCCCCC,O,298.15,16.11277250813946,15.533026940468897
CCCCCCCC,O,298.15,16.50096744141374,15.533026940468897
CCCCCCCC,O,303.05,15.927133673004768,15.311177364623646
CCCCCCCC,O,303.45,15.933314271279148,15.293381347900054
CCCCCCCC,O,310.9,15.930439892573665,14.970229139528104
CCCCCCCC,O,313.25,16.308525909854346,14.87145308409888
C=CCCCCCC,O,310.93,14.43594187386214,14.079323699289462
CCCCCCCO,O,283.35,7.915063353241347,8.139053441571996
CCCCCCCO,O,283.69,7.92730993019125,8.131461602382364
CCCCCCCO,O,288.23,8.007553530784541,8.031796857899295
CCCCCCCO,O,291.09,8.06079261962832,7.970597316047165
CCCCCCCO,O,291.15,8.644486417073614,7.969326162648219
CCCCCCCO,O,293.15,7.960463235459272,7.927248796146788
CCCCCCCO,O,293.15,8.114955868400415,7.927248796146788
CCCCCCCO,O,293.15,8.32094713722018,7.927248796146788
CCCCCCCO,O,293.18,8.095830381855269,7.926621953713833
CCCCCCCO,O,293.35,8.050425919511902,7.923072237625343
CCCCCCCO,O,295.05,8.128189841994683,7.887797069492164
CCCCCCCO,O,297.11,8.148457233556323,7.845584957821333
CCCCCCCO,O,298.14,8.150274530733762,7.824694120670976
CCCCCCCO,O,298.15,7.997733736497603,7.824491992312389
CCCCCCCO,O,298.15,8.082124180049494,7.824491992312389
CCCCCCCO,O,298.15,8.11587945443055,7.824491992312389
CCCCCCCO,O,298.15,8.149636397180501,7.824491992312389
CCCCCCCO,O,298.15,8.250904636985393,7.824491992312389
CCCCCCCO,O,298.22,8.162051357378001,7.823077466679375
CCCCCCCO,O,299.19,8.167780385632168,7.803543097535399
CCCCCCCO,O,301.17,8.193729179778135,7.764052032149981
CCCCCCCO,O,303.15,8.020694446046257,7.7250662909043495
CCCCCCCO,O,303.15,8.153490755252557,7.7250662909043495
CCCCCCCO,O,303.15,8.203290339321374,7.7250662909043495
CCCCCCCO,O,303.29,8.211186918256912,7.72232857052779
CCCCCCCO,O,303.31,8.209944943711289,7.721937669263209
CCCCCCCO,O,303.75,8.248942435503263,7.713350568205159
CCCCCCCO,O,306.05,8.222709372778858,7.668855834715687
CCCCCCCO,O,308.05,8.232062528017133,7.630691291233356
CCCCCCCO,O,312.95,8.198903446851173,7.539192242347752
CCCCCCCO,O,313.15,8.058593094041152,7.535516563412154
CCCCCCCO,O,313.15,8.219288377677602,7.535516563412154
CCCCCCCO,O,313.15,8.460330733776932,7.535516563412154
CCCCCCCO,O,323.15,8.574580579039688,7.357332804884027
CCCCCCCO,O,323.25,8.241987629275059,7.3556045145269096
CCCCCCCO,O,333.15,8.12083548473861,7.18941378806982
CCCCCCCO,O,333.15,8.166150925548243,7.18941378806982
CCCCCCCO,O,333.15,8.589087715700634,7.18941378806982
CCCCCCCO,O,343.15,8.365867849892497,7.030798226636477
CCCCCCCO,O,343.15,8.527179165198545,7.030798226636477
CCCCCCCO,O,343.25,8.038302186180593,7.029256112794677
CCCCCCCO,O,353.15,8.096007154535206,6.880643632092119
CCCCCCCO,O,353.15,8.224251980574325,6.880643632092119
CCCCCCCO,O,353.25,7.991588899112438,6.879182229121039
CCCCCCCO,O,363.15,7.921782336097301,6.738208795425543
CCCCCCCO,O,363.15,7.963355677056955,6.738208795425543
CCCCCCCO,O,363.65,7.8859460542708195,6.731277621064893
CCCCCCCCO,O,288.15,9.538261869287462,9.617472831801516
CCCCCCCCO,O,288.15,9.852609961205772,9.617472831801516
CCCCCCCCO,O,293.15,9.787919561855292,9.48418564677268
CCCCCCCCO,O,293.15,9.822250381775506,9.48418564677268
CCCCCCCCO,O,293.15,9.856579366334692,9.48418564677268
CCCCCCCCO,O,293.65,9.63098304918408,9.471104354230388
CCCCCCCCO,O,298.15,9.341052795036909,9.355324443856542
CCCCCCCCO,O,298.15,9.459198452570382,9.355324443856542
CCCCCCCCO,O,298.15,9.492952111989853,9.355324443856542
CCCCCCCCO,O,298.15,9.543585980054386,9.355324443856542
CCCCCCCCO,O,298.15,9.577341813632218,9.355324443856542
CCCCCCCCO,O,298.15,9.627977763014904,9.355324443856542
CCCCCCCCO,O,298.15,9.779878201821504,9.355324443856542
CCCCCCCCO,O,298.15,9.796759435470996,9.355324443856542
CCCCCCCCO,O,303.15,9.726111745335166,9.230655114708808
CCCCCCCCO,O,303.75,9.36947859331448,9.215965983793252
CCCCCCCCO,O,308.15,9.677822073834651,9.10995982668091
CCCCCCCCO,O,313.15,9.425862957359028,8.993035663632373
CCCCCCCCO,O,313.15,9.570487281660292,8.993035663632373
CCCCCCCCO,O,313.15,9.61869463578504,8.993035663632373
CCCCCCCCO,O,313.15,9.666904088855215,8.993035663632373
CCCCCCCCO,O,313.25,9.355072550932205,8.990734324360995
CCCCCCCCO,O,318.15,9.549231110234617,8.879693397212293
CCCCCCCCO,O,323.15,9.501052848112993,8.769756374553825
CCCCCCCCO,O,333.15,9.343865514581172,8.559448369942833
CCCCCCCCO,O,333.15,9.434491415599531,8.559448369942833
CCCCCCCCO,O,333.15,9.585538693948006,8.559448369942833
CCCCNCCCC,O,293.15,7.289712905288262,6.943560215046924
CCCCNCCCC,O,303.15,7.285725852780908,6.773967452607762
CCCCNCCCC,O,303.15,7.468319188736555,6.773967452607762
CCCCNCCCC,O,313.15,7.514271010370738,6.6150191916051
CCCCNCCCC,O,323.15,7.6108379387998175,6.4656261976139575
CCCCCCCOC(C)=O,O,303.75,10.60790350135924,10.370582408477134
CCCCCCCOC(C)=O,O,313.45,10.6616684441069,10.105246715010132
CCCCCCCOC(C)=O,O,323.15,10.692128986866836,9.855562928873383
CCCCCCCOC(C)=O,O,333.35,10.735256895734237,9.60830972228465
CCCCCCCOC(C)=O,O,343.35,10.827980553640142,9.379736349930184
CCCCCCCOC(C)=O,O,353.55,10.94601790657611,9.159427566675872
CCCCCCCOC(C)=O,O,363.75,10.7059262621864,8.950949707592056
CCCCCCCCOC(C)=O,O,302.85,11.039381174976468,10.690968907727601
CCCCCCCCOC(C)=O,O,313.15,11.030858971042209,10.398601470467893
CCCCCCCCOC(C)=O,O,323.65,11.113584565554964,10.119486324841
CCCCCCCCOC(C)=O,O,344.35,11.026785949708415,9.618089800302599
CCCCCCCCOC(C)=O,O,353.75,11.197883158320671,9.409222686392367
CCCCCCCCCCO,O,298.15,12.3672854724472,12.297460103303015
CCCCCCCCCCO,O,298.15,12.451674119251605,12.297460103303015
CCCCCCCCCCO,O,298.15,12.485430164835725,12.297460103303015
CCCCCCCCCC=O,O,313.15,10.715856732946712,10.042677402165358
CCCCCCCCCC=O,O,323.15,10.742195049751905,9.787531186452894
CCCCCCCCCC=O,O,333.15,10.75571111883389,9.547442772553731
CCCCCCCCCC=O,O,343.15,10.347246662481972,9.321018546009643
CCCCCCCCCC=O,O,353.15,10.365137637885567,9.107033216390743
CCCCCCCCCC=O,O,363.15,10.067683325346,8.904405537317325
CCCCCCCCOC=O,O,302.55,10.600664104265704,9.738683961256237
CCCCCCCCOC=O,O,312.65,10.489210979314452,9.482122104302524
CCCCCCCCOC=O,O,323.15,9.8312447629244,9.232088069861696
CCCCCCCCOC=O,O,343.25,10.188764234354023,8.794953992479345
CCCCCCCCOC=O,O,353.35,10.344660801676486,8.593382547386764
CCCCCCCCOC=O,O,363.65,9.775142686598905,8.398820305797436
CCCCCCCCCCCCO,O,307.15,14.948498508122466,14.607860653674479
CCCCCCCCCCCCO,O,322.15,14.77079505416385,14.00496961920953
CCCCCCOCCOCCO,O,338.13,6.4749009883045865,6.300619003733654
CCCCCCOCCOCCO,O,343.27,6.416101364571204,6.233271917051184
CCCCCCOCCOCCO,O,348.17,6.387616421373572,6.170893609616304
CCCCCCOCCOCCO,O,353.15,6.430130683805038,6.109234135843877
CCCCCCOCCOCCO,O,357.6,6.385221380083985,6.055551885510337
CCCCCCOCCOCCO,O,362.8,6.3942477287308845,5.994437819054736
CCCCCCOCCOCCO,O,367.7,6.391075888640481,5.93837264376776
CCCCCCOCCOCCO,O,372.8,6.409115110079948,5.881517290031621
CCCCCCOCCOCCO,O,377.2,6.404070763367513,5.833641382453276
CCCCCCOCCOCCO,O,382.5,6.418205053661431,5.777356650302113
CN(C)c1ccccc1,O,303.15,8.519839686357143,8.359153467569561
CN(C)c1ccccc1,O,323.15,8.453584371306038,7.9527136604953155
CN(C)c1ccccc1,O,333.15,8.47240919184262,7.767297826935362
CN(C)c1ccccc1,O,343.15,8.54067922272155,7.592270731782268
CN(C)c1ccccc1,O,353.15,8.32597215143525,7.426692208496532
CN(C)c1ccccc1,O,363.15,8.25306617421264,7.269734429596147
CC(C)CC(=O)CC(C)CC(C)C,O,323.25,11.081054264603512,10.375257790046568
CC(C)CC(=O)CC(C)CC(C)C,O,353.15,11.12144609883668,9.647209401369587
CCCC(=O)CCC,O,292.65,7.29899975145033,6.9840831448387455
CCCC(=O)CCC,O,293.15,7.208222768540317,6.975245327093768
CCCC(=O)CCC,O,302.85,7.315431274609682,6.809477202337435
CCCC(=O)CCC,O,303.15,7.468849972796959,6.804516147928313
CCCC(=O)CCC,O,312.85,7.556637043244067,6.649097646117052
CCCC(=O)CCC,O,323.15,7.467279634166284,6.493930467231164
CCCC(=O)CCC,O,323.15,7.607431101504782,6.493930467231164
CCCC(=O)CCC,O,333.75,7.636158593356985,6.343790283792088
CCCC(=O)CCC,O,343.45,7.6724414203243985,6.21406110336603
CCCC(=O)CCC,O,348.15,7.6536561869779485,6.1536317498788495
CCCC(=O)CCC,O,354.05,7.624555507582176,6.079879474927101
CCCC(=O)CCC,O,363.35,7.626735884573053,5.9681060783602735
CCC=O,O,298.15,2.5288278368459283,2.887938565570572
CCC=O,O,298.15,2.630095866813733,2.887938565570572
CCC=O,O,298.15,2.7651234261285094,2.887938565570572
CCC=O,O,303.15,2.698235527713819,2.8700580376301237
CCC=O,O,303.15,2.831034501513586,2.8700580376301237
CCC=O,O,313.15,2.7036204040228244,2.8359215258983608
CC(C)CCO,O,303.15,5.03760174232607,5.02498631389145
CC(C)CCO,O,303.15,5.054199126341725,5.02498631389145
CC(C)CCO,O,313.15,5.118041715461003,4.922042659009108
CC(C)CCO,O,313.15,5.134108775081005,4.922042659009108
CC(C)CCO,O,323.15,5.173745715294986,4.825272658412052
CC(C)CCO,O,323.15,5.189316900969615,4.825272658412052
CC(C)CCO,O,333.15,5.176370047285811,4.734029870598431
CC(C)CCO,O,333.15,5.191472416328861,4.734029870598431
CC(C)CCO,O,343.15,5.188842844403001,4.647755319578918
CC(C)CCO,O,353.15,5.095974718596411,4.565963834033548
CC(C)CCO,O,371.15,5.011561531672429,4.4287214756604545
CC(=O)CC(C)=O,O,333.15,3.661271847052386,3.627180218671799
CC(=O)CC(C)=O,O,343.15,3.411127910339064,3.573755931827682
CC(=O)CC(C)=O,O,343.15,3.660428537939921,3.573755931827682
CC(=O)CC(C)=O,O,353.15,3.578567812948667,3.5230988278567494
CC(=O)CC(C)=O,O,354.15,3.317946198999836,3.5181737130995585
CC(=O)CC(C)=O,O,363.15,3.2419749734469088,3.4749170954841486
CC(=O)CC(C)=O,O,373.15,3.1698242265278336,3.4289585312740405
CCCC=O,O,298.15,4.128075877186113,3.9921202425722173
CCCC=O,O,298.15,4.144953705965294,3.9921202425722173
CCCC=O,O,298.15,4.246222661693681,3.9921202425722173
CCCC=O,O,303.15,4.298983283736533,3.9262767757780983
CCCC=O,O,308.15,4.188118714455007,3.862570017699827
CCCC=O,O,313.15,4.114230519379585,3.800897621005065
CCCCOC(C)=O,O,293.15,6.861380395672182,6.730458552742519
CCCCOC(C)=O,O,293.15,6.98154462895263,6.730458552742519
CCCCOC(C)=O,O,293.15,7.015873987326884,6.730458552742519
CCCCOC(C)=O,O,298.1,6.919209429027253,6.648642510155022
CCCCOC(C)=O,O,298.15,6.714540607053545,6.647829798306991
CCCCOC(C)=O,O,298.15,6.917081652838381,6.647829798306991
CCCCOC(C)=O,O,298.15,6.933958944478773,6.647829798306991
CCCCOC(C)=O,O,298.15,6.967711442135736,6.647829798306991
CCCCOC(C)=O,O,298.15,6.984586682085989,6.647829798306991
CCCCOC(C)=O,O,298.15,7.001464177419488,6.647829798306991
CCCCOC(C)=O,O,298.15,7.11961136587841,6.647829798306991
CCCCOC(C)=O,O,298.2,6.999322097507557,6.64701735552971
CCCCOC(C)=O,O,303.15,6.924504228940106,6.567892691185208
CCCCOC(C)=O,O,303.15,6.990910062198179,6.567892691185208
CCCCOC(C)=O,O,303.15,7.05730395725399,6.567892691185208
CCCCOC(C)=O,O,303.2,7.05521792943091,6.567106410771286
CCCCOC(C)=O,O,303.45,7.127693699347399,6.56317882132347
CCCCOC(C)=O,O,308.15,6.91850726861904,6.490501463647594
CCCCOC(C)=O,O,308.15,7.14713431859675,6.490501463647594
CCCCOC(C)=O,O,308.2,7.096116891193358,6.489739941618908
CCCCOC(C)=O,O,310.3,7.044059074942518,6.45797189349615
CCCCOC(C)=O,O,312.75,7.156473005415775,6.421433463067558
CCCCOC(C)=O,O,313.15,7.012061238791353,6.415520680797189
CCCCOC(C)=O,O,313.15,7.044198677598685,6.415520680797189
CCCCOC(C)=O,O,313.2,7.154709102519406,6.4147826119791675
CCCCOC(C)=O,O,317.55,7.128455848645207,6.3514312673025
CCCCOC(C)=O,O,317.6,6.999769122744558,6.35071282976922
CCCCOC(C)=O,O,318.15,7.0105104035542825,6.342824373380122
CCCCOC(C)=O,O,318.2,7.182564855211243,6.3421085431624835
CCCCOC(C)=O,O,323.15,7.011556579695878,6.272295253196082
CCCCOC(C)=O,O,323.15,7.058267920594749,6.272295253196082
CCCCOC(C)=O,O,323.15,7.167277045839916,6.272295253196082
CCCCOC(C)=O,O,328.15,7.014940129528651,6.203824002358281
CCCCOC(C)=O,O,333.15,7.02044090042503,6.137308628672212
CCCCOC(C)=O,O,333.15,7.035541449378067,6.137308628672212
CCCCOC(C)=O,O,333.35,7.164410972828795,6.134687326978852
CCCCOC(C)=O,O,341.8,7.037809382839615,6.02657941311056
CCCCOC(C)=O,O,343.35,7.220768784325388,6.007291038859937
CCCCOC(C)=O,O,353.25,7.198617290065543,5.8878153495737
CCCCOC(C)=O,O,363.65,6.905246133708334,5.768784658354524
CCCCOC(C)=O,O,363.65,7.199991963423599,5.768784658354524
C1COCCO1,O,298.15,1.7498361740543509,1.6298529009220686
C1COCCO1,O,298.15,1.7835928798949945,1.6298529009220686
C1COCCO1,O,298.15,1.8342265099175912,1.6298529009220686
C1COCCO1,O,308.15,1.863236364083924,1.5827361624596836
C1COCCO1,O,308.15,1.9448881984702249,1.5827361624596836
C1COCCO1,O,318.15,1.944145736251262,1.5382740672704323
C1COCCO1,O,328.15,2.0716147420374487,1.4962476596438217
C1COCCO1,O,338.15,2.12191537116921,1.4564615178478681
C1COCCO1,O,348.15,2.1445619247529133,1.4187406597369536
CC(=O)OCCC(C)C,O,296.9,8.255433544130934,7.922797423173867
CC(=O)OCCC(C)C,O,298.15,8.111931062706361,7.897138223959573
CC(=O)OCCC(C)C,O,298.15,8.297590862565896,7.897138223959573
CC(=O)OCCC(C)C,O,303.15,8.082470215781134,7.7965924704956375
CC(=O)OCCC(C)C,O,303.15,8.19866695766945,7.7965924704956375
CC(=O)OCCC(C)C,O,303.45,8.267867356001808,7.790663613727732
CC(=O)OCCC(C)C,O,310.1,8.360448149139152,7.662133784804424
CC(=O)OCCC(C)C,O,312.85,8.383844639218243,7.610545989441645
CC(=O)OCCC(C)C,O,320.7,8.393937960573194,7.468025969797257
CC(=O)OCCC(C)C,O,339.3,8.38735553995125,7.155757741937798
CC(=O)OCCC(C)C,O,343.35,8.26197056463828,7.092051190751975
CC(=O)OCCC(C)C,O,345.5,8.378170175967321,7.0588066861019545
CC(=O)OCCC(C)C,O,353.45,8.361925554691476,6.93919485391124
CC(=O)OCCC(C)C,O,358.6,8.216044854454056,6.864369919440543
CC(=O)OCCC(C)C,O,363.85,8.231272233957355,6.790129003613888
CCCCCCC(C)O,O,293.25,8.683705437003429,8.523997761710918
CCCCCCC(C)O,O,298.15,8.860033679043301,8.413549478655668
CCCCCCC(C)O,O,298.15,8.961301923116606,8.413549478655668
CCCCCCC(C)O,O,302.75,8.922314240342828,8.313087618659951
CCCCCCC(C)O,O,312.65,8.961581532537418,8.106757318087526
CCCCCCC(C)O,O,323.15,9.012084536169752,7.901437052758723
CCCCCCC(C)O,O,333.45,8.982971657216911,7.712208174626715
CCCCCCC(C)O,O,343.25,8.89505823104411,7.542295814163299
CCCCCCC(C)O,O,353.25,8.844621800290472,7.37817414045873
CCCCCCC(C)O,O,363.65,8.66751483554823,7.2165339312449515
CCCCCCCC=O,O,333.15,9.715300829230952,9.425238516748689
CCCCCCCC=O,O,344.3,9.6559296311685,9.178234888323594
CCCCCCCC=O,O,353.15,9.59607205039396,8.993092819574981
CCCCCCCC=O,O,363.15,9.552013346996567,8.794489859467586
ClC(Cl)=C(Cl)Cl,O,293.15,10.476837169640476,10.263942316044822
ClC(Cl)=C(Cl)Cl,O,293.15,10.497435751694878,10.263942316044822
ClC(Cl)=C(Cl)Cl,O,298.0,10.692753676671884,10.12625443107089
ClC(Cl)=C(Cl)Cl,O,298.15,10.502969449707573,10.122066987273978
ClC(Cl)=C(Cl)Cl,O,298.15,10.74938800843689,10.122066987273978
ClC(Cl)=C(Cl)Cl,O,298.15,10.832935349379431,10.122066987273978
ClC(Cl)=C(Cl)Cl,O,304.25,10.645505846369993,9.955243751124913
ClC(Cl)=C(Cl)Cl,O,313.15,10.678005020683758,9.72335864844421
ClC(Cl)=C(Cl)Cl,O,313.15,10.927083507897464,9.72335864844421
ClC(Cl)=C(Cl)Cl,O,323.0,10.52098133661988,9.481348624527525
ClC(Cl)=C(Cl)Cl,O,323.25,10.425896826028856,9.475393748119929
ClC(Cl)=C(Cl)Cl,O,334.45,10.316156649492797,9.21749727821214
CC(=O)N(C)C,O,353.5,0.5466347548546097,0.3501222320944502
CC(=O)N(C)C,O,353.5,0.5893410118343562,0.3501222320944502
CC(=O)N(C)C,O,363.87,0.7319928233831434,0.3401440345955
CC(=O)N(C)C,O,363.87,0.8149709304127856,0.3401440345955
CC(=O)N(C)C,O,370.86,0.7559576469706205,0.33373297307790545
CC(=O)N(C)C,O,372.28,0.7226962740164955,0.3324600045671876
COC(=O)c1ccccc1C(=O)OC,O,303.15,8.132565469174546,7.640839867527085
COC(=O)c1ccccc1C(=O)OC,O,313.15,8.043290771754833,7.454367930430912
COC(=O)c1ccccc1C(=O)OC,O,313.15,8.059361581660625,7.454367930430912
COC(=O)c1ccccc1C(=O)OC,O,323.15,7.8641701619404465,7.279238855707963
COC(=O)c1ccccc1C(=O)OC,O,323.15,7.879741800026524,7.279238855707963
CCC(C)CO,O,303.15,5.0040939460528335,4.772906922770793
CCC(C)CO,O,303.15,5.053892720543152,4.772906922770793
CCC(C)CO,O,313.15,5.086620550667463,4.6577331118650545
CCC(C)CO,O,313.15,5.150901457156883,4.6577331118650545
CCC(C)CO,O,323.15,5.144215852178804,4.54848297692414
CCC(C)CO,O,323.15,5.190932581215896,4.54848297692414
CCC(C)CO,O,333.15,5.133371966137588,4.444667077481338
CCC(C)CO,O,333.15,5.178688879092506,4.444667077481338
CCC(C)CO,O,343.15,5.132988610830353,4.345852605794244
CCC(C)CO,O,353.15,5.070531807769023,4.251655035923525
CCC(C)CO,O,363.15,5.089317076130451,4.161731241502852
CC(=O)OCc1ccccc1,O,303.85,8.171249037483847,7.8068851419907705
CC(=O)OCc1ccccc1,O,313.45,7.994035168590676,7.62279316951481
CC(=O)OCc1ccccc1,O,322.95,7.891270920419171,7.451132482844402
CC(=O)OCc1ccccc1,O,333.25,7.785970242004062,7.2757067757314475
CC(=O)OCc1ccccc1,O,343.55,7.669060983057548,7.110355149616774
N#CCc1ccccc1,O,303.15,8.330350228453282,8.28139693570877
N#CCc1ccccc1,O,313.15,8.104062779790318,8.074316212596964
N#CCc1ccccc1,O,323.15,7.849596791700297,7.879769036951353
C=CC(=O)OCCCC,O,308.15,8.572264539960887,8.40217706749961
C=CC(=O)OCCCC,O,313.15,8.700669081710847,8.296789140725714
C=CC(=O)OCCCC,O,318.15,8.590081133922073,8.19467018504698
C=CC(=O)OCCCC,O,322.15,8.527523648032254,8.115218067291863
C=CC(=O)OCCCC,O,332.65,8.370887988526528,7.915542866124901
C=CC(=O)OCCCC,O,338.15,8.349138970419785,7.815760558886522
C=CC(=O)OCCCC,O,343.65,8.286226619918157,7.719062575457442
C=CC(=O)OCCCC,O,352.65,8.115063514567566,7.567078528083178
C=CC(=O)OCCCC,O,358.95,8.004532551704518,7.465019764029037
CCOC(C)=O,O,288.15,4.067654873468627,3.787884692564757
CCOC(C)=O,O,288.15,4.137511006371375,3.787884692564757
CCOC(C)=O,O,293.15,4.131153716056096,3.753996818134513
CCOC(C)=O,O,293.15,4.1483196739872685,3.753996818134513
CCOC(C)=O,O,293.15,4.199816571664264,3.753996818134513
CCOC(C)=O,O,298.15,4.160093288266214,3.7211931602431623
CCOC(C)=O,O,298.15,4.210728100520219,3.7211931602431623
CCOC(C)=O,O,298.15,4.22760571000044,3.7211931602431623
CCOC(C)=O,O,298.15,4.278239880004347,3.7211931602431623
CCOC(C)=O,O,303.15,4.288963802690647,3.6894052203526315
CCOC(C)=O,O,303.15,4.322162504860085,3.6894052203526315
CCOC(C)=O,O,303.15,4.554558764335637,3.6894052203526315
CCOC(C)=O,O,303.25,4.3193889724254575,3.6887793806379325
CCOC(C)=O,O,313.11,4.39445409293185,3.628865766300075
CCOC(C)=O,O,313.15,4.23269391315669,3.6286296503865345
CCOC(C)=O,O,313.15,4.377319322644893,3.6286296503865345
CCOC(C)=O,O,313.25,4.438923139218585,3.628039596052396
CCOC(C)=O,O,318.15,4.263002360249284,3.5995307133562835
CCOC(C)=O,O,323.1,4.450494535054278,3.5715033160529908
CCOC(C)=O,O,323.15,4.293495922260317,3.571224018644279
CCOC(C)=O,O,323.25,4.49337121007885,3.57066564774832
CCOC(C)=O,O,333.11,4.552257686658636,3.5170213513585136
CCOC(C)=O,O,333.25,4.548809336362173,3.516279024031388
CCOC(C)=O,O,343.12,4.564032516647782,3.465213307184535
CCOC(C)=O,O,343.25,4.560969573694568,3.4645567916734685
C1CCOCC1,O,288.15,4.058036669352501,3.649313178843765
C1CCOCC1,O,298.15,4.259077622056551,3.5872101811740578
C1CCOCC1,O,298.15,4.3097112855801445,3.5872101811740578
C1CCOCC1,O,298.15,4.3603457946399296,3.5872101811740578
C1CCOCC1,O,308.15,4.419781129223049,3.528845829145294
C1CCOCC1,O,318.15,4.559282256259092,3.4737691111800433
CCCCCCC,O,298.15,14.22328632776968,14.131313795748165
CCCCCCC,O,298.15,14.30767310489975,14.131313795748165
CCCCCCC,O,298.15,14.44269954345967,14.131313795748165
CCCCCCC,O,298.15,14.510211530763602,14.131313795748165
CCCCCCC,O,298.15,14.543966965626456,14.131313795748165
CCCCCCC,O,298.15,14.712748941012954,14.131313795748165
CCCCCCC,O,305.85,14.558594863729914,13.820899057699851
CCCCCCC,O,308.15,14.699736670658366,13.731151722928235
CCCCCCC,O,313.25,14.561558490259673,13.53678243218754
CCCCCCC,O,318.15,14.662052418369775,13.355812851367604
CCCCCCC,O,328.85,14.3948729492176,12.979032208057944
CCCCCCOC(C)=O,O,292.85,9.911783049560237,9.070496477875244
CCCCCCOC(C)=O,O,298.15,9.488570414402314,8.909269526143067
CCCCCCOC(C)=O,O,298.15,9.707983487025336,8.909269526143067
CCCCCCOC(C)=O,O,298.15,9.92739937258244,8.909269526143067
CCCCCCOC(C)=O,O,302.75,9.653088419530386,8.77391172068844
CCCCCCOC(C)=O,O,313.15,9.591376166161172,8.482541794025442
CCCCCCOC(C)=O,O,323.15,9.75282744025025,8.220062183445064
CCCCCCOC(C)=O,O,333.85,9.65617937422262,7.956620803796452
CCCCCCOC(C)=O,O,343.15,9.53497857612037,7.740992225620984
CCCCCCOC(C)=O,O,353.15,9.43254748496886,7.521803587209924
CCCCCCOC(C)=O,O,363.35,9.385083283246589,7.31065930138671
CCCCOCCCC,O,293.15,10.163333263493245,9.951564417666297
CCCCOCCCC,O,293.15,10.214828776912452,9.951564417666297
CCCCOCCCC,O,304.05,10.313744494780352,9.659426347501688
CCCCOCCCC,O,308.15,9.76108262053892,9.554832483019844
CCCCOCCCC,O,323.15,9.213495389669482,9.194394491376901
CCCCOCCCC,O,323.65,10.38652771076918,9.182942327135109
CCCCOCCCC,O,338.15,8.887093296114196,8.865131009530689
CCCCCCCCCO,O,298.15,10.80053022331384,10.701993798223407
CCCCCCCCCO,O,298.15,10.81740747626428,10.701993798223407
Cl/C=C\Cl,O,303.15,6.703352516903754,6.5632978303240845
Cl/C=C\Cl,O,303.15,6.79963094750158,6.5632978303240845
Cl/C=C\Cl,O,313.15,6.704585908875345,6.392517099043479
Cl/C=C\Cl,O,313.15,6.775293028906696,6.392517099043479
Cl/C=C/Cl,O,293.15,7.116702538093588,7.105543730770042
Cl/C=C/Cl,O,293.15,7.125291136530643,7.105543730770042
Cl/C=C/Cl,O,303.15,7.103815361886605,6.9140114770215915
Cl/C=C/Cl,O,303.15,7.190133309842012,6.9140114770215915
Cl/C=C/Cl,O,303.15,7.281426956592456,6.9140114770215915
Cl/C=C/Cl,O,303.15,7.289726555674568,6.9140114770215915
Cl/C=C/Cl,O,313.15,7.132561447382247,6.733423566075913
Cl/C=C/Cl,O,313.15,7.230584876562191,6.733423566075913
Cl/C=C/Cl,O,313.15,7.306115204960254,6.733423566075913
Cl/C=C/Cl,O,313.15,7.314146624666475,6.733423566075913
Cl/C=C/Cl,O,323.15,7.320301920407384,6.562800563343116
Cl/C=C/Cl,O,323.15,7.320923971475334,6.562800563343116
C1CCCC1,O,296.2,10.091414204725744,9.551020021289503
C1CCCC1,O,298.15,10.091795322814823,9.500314676737757
C1CCCC1,O,298.15,10.125550520230094,9.500314676737757
C1CCCC1,O,313.25,10.088247799972017,9.128669695032592
C1CCCC1,O,328.85,9.98187812695804,8.77966488088786
C1CCCCCCC1,O,298.15,13.587193647876068,13.629596563177705
C1CCCCCCC1,O,298.15,13.894377189716176,13.629596563177705
C1CCCCCCC1,O,303.15,13.854125318334477,13.43459472641859
C1CCCCCCC1,O,308.15,13.801029207528073,13.245875766715063
C1CCCCCCC1,O,313.15,13.751674723218116,13.063125593366564
Fc1ccccc1,O,298.15,8.110301065602458,7.8177985175139355
Fc1ccccc1,O,302.85,8.124334290138874,7.72442504284095
Fc1ccccc1,O,303.15,8.132680049860774,7.718561965452422
Fc1ccccc1,O,303.15,8.13433852969412,7.718561965452422
Fc1ccccc1,O,312.75,8.136541664191242,7.536772991092237
Fc1ccccc1,O,320.85,8.014775455424052,7.3916468235144075
Fc1ccccc1,O,333.25,7.92139048371904,7.182690355454518
Fc1ccccc1,O,343.15,7.917784046398291,7.026241717852099
Fc1ccccc1,O,353.15,7.93451704553774,6.8766511819056495
CCOCOCC,O,373.15,4.764231645318428,4.225122887991011
c1ccc2c(c1)CCC2,O,298.15,11.227463592715642,11.016488039325125
CCCCC(=O)CCCC,O,292.95,9.609485551339528,9.29975267433415
CCCCC(=O)CCCC,O,303.15,9.994388023851752,9.047410152043112
CCCCC(=O)CCCC,O,303.25,9.723313687799632,9.045019078867465
CCCCC(=O)CCCC,O,313.95,9.900743791865064,8.797807248382632
CCCCC(=O)CCCC,O,323.15,10.044552992814731,8.598025843122434
CCCCC(=O)CCCC,O,323.15,10.215846383794071,8.598025843122434
CCCCC(=O)CCCC,O,333.75,10.030032093861085,8.38106494700587
CCCCC(=O)CCCC,O,343.45,10.139989482093224,8.193801694628352
CCCCC(=O)CCCC,O,353.15,10.2138944490933,8.016349095409929
CCCCC(=O)CCCC,O,363.75,9.943462788657657,7.832678251693595
CC=C(C)C,O,323.15,9.648904932386538,9.247209730122611
CC=C(C)C,O,333.15,9.545940800111362,9.023482260178028
CC(O)C(C)O,O,318.5,0.7466121152288958,0.6922771362290359
CC(O)C(C)O,O,327.4,0.8157983476131893,0.7069303678327027
CC(O)C(C)O,O,337.7,0.8323654969363938,0.7218295737751305
CC(O)C(C)O,O,347.4,0.9036997976947256,0.7340409603420399
Cc1cccc(C)c1C,O,298.15,11.629383178330428,11.465095731659998
Cc1cccc(C)c1C,O,308.15,11.49879104300329,11.151569249102572
Cc1cccc(C)c1C,O,318.15,11.32131207246758,10.857568109344873
Cc1ccccc1C=O,O,303.15,8.608060790282442,8.370406866435559
Cc1ccccc1C=O,O,313.15,8.484043770612308,8.160484370371638
CCCCCOC(=O)CCC,O,302.75,10.455534770971598,9.863106894775276
CCCCCOC(=O)CCC,O,313.25,10.209629439349508,9.592720279902093
CCCCCOC(=O)CCC,O,323.15,10.146410201457932,9.353584107563451
CCCCCOC(=O)CCC,O,333.15,10.273308211694824,9.126095961485243
CCCCCOC(=O)CCC,O,353.15,10.651028216926404,8.708473916090304
CCCCCOC(=O)CCC,O,363.65,10.377735287809234,8.506829691066658
CCCCl,O,293.15,7.380592390123867,7.204892441661152
CCCCl,O,298.15,6.817825100979668,7.114283901839102
CCCCl,O,298.15,7.465941474107965,7.114283901839102
CCCCl,O,303.15,7.361883559069582,7.026618293619066
CC(C)CC(C)(C)C,O,298.15,14.788722119902031,14.477867316800614
CC(C)CC(C)(C)C,O,298.15,14.822478937835584,14.477867316800614
CC(C)CC(C)(C)C,O,298.15,14.957504761758154,14.477867316800614
CC(C)CC(C)(C)C,O,298.15,15.531356836868731,14.477867316800614
CC(C)CC(C)(C)C,O,303.15,14.787856428627553,14.268887761344656
CC(C)CC(C)(C)C,O,313.15,14.887118146559866,13.870770641673078
CC(C)CC(C)(C)C,O,323.15,14.611823347134976,13.49698620976817
CC(=O)OC(C)(C)C,O,313.2,6.9546006962136415,6.872524292093442
CC(=O)OC(C)(C)C,O,318.2,7.0514659366484365,6.7928820548060465
CC(=O)OC(C)(C)C,O,323.15,7.03946751794955,6.716443493517929
CC(=O)OC(C)(C)C,O,333.65,7.13239371240312,6.561690608988169
CC(=O)OC(C)(C)C,O,343.65,7.118907217443969,6.422879742094082
Clc1cccc(Cl)c1,O,293.15,11.166711329772331,10.929035442732488
Clc1cccc(Cl)c1,O,293.15,11.304039785402718,10.929035442732488
Clc1cccc(Cl)c1,O,293.15,11.321205480996252,10.929035442732488
Clc1cccc(Cl)c1,O,293.15,11.544365990804549,10.929035442732488
Clc1cccc(Cl)c1,O,298.15,11.213037199119604,10.757882503722499
Clc1cccc(Cl)c1,O,298.15,11.229915129607988,10.757882503722499
Clc1cccc(Cl)c1,O,303.15,11.077075888852333,10.592104672304979
Clc1cccc(Cl)c1,O,303.15,11.126874673481293,10.592104672304979
Clc1cccc(Cl)c1,O,303.15,11.176673404108554,10.592104672304979
Clc1cccc(Cl)c1,O,308.15,10.99463370551492,10.43144871582985
Clc1cccc(Cl)c1,O,313.15,10.87792643052584,10.27567726201585
Clc1cccc(Cl)c1,O,318.15,10.812344723832208,10.124567564746203
Clc1cccc(Cl)c1,O,328.15,10.697734936497554,9.835508968281829
CCCCCC(C)O,O,298.15,7.573520985200845,7.088841052709931
CCCCCC(C)O,O,303.15,7.567061250873311,7.001630573644863
CCCCCC(C)O,O,303.85,7.510518127803507,6.989646567069848
CCCCCC(C)O,O,313.15,7.566321366685756,6.835408378337946
CCCCCC(C)O,O,323.15,7.673599794357483,6.679189689990967
CCCCCC(C)O,O,333.45,7.6980473189284435,6.527703665764289
CCCCCC(C)O,O,343.45,7.572451543368067,6.388896637231785
CCCCCC(C)O,O,353.15,7.578431876414713,6.2613196419165424
CCCCCC(C)O,O,363.35,7.505057636841712,6.134006794010233
CCC(C)(C)CC,O,313.25,13.615940700801684,13.124382493786346
CCC(C)(C)CC,O,328.85,13.43557283587739,12.544389410621251
CC(C)C(=O)C(C)C,O,293.15,7.068010147426844,6.881341968844783
CC(C)C(=O)C(C)C,O,298.15,6.9705516584718135,6.796181911081401
CC(C)C(=O)C(C)C,O,302.85,7.288845723948646,6.718663966667014
CC(C)C(=O)C(C)C,O,303.15,6.978316253685674,6.713796283717651
CC(C)C(=O)C(C)C,O,312.75,7.416378479192928,6.562853507133106
CC(C)C(=O)C(C)C,O,323.15,7.011881032635023,6.409156245093631
CC(C)C(=O)C(C)C,O,323.65,7.445680372629845,6.402006389215883
CC(C)C(=O)C(C)C,O,333.75,7.508129059389727,6.261957902486071
CC(C)C(=O)C(C)C,O,343.35,7.545194170233724,6.1360799018292225
CC(C)C(=O)C(C)C,O,353.15,7.108358699454104,6.014193929030687
CC(C)C(=O)C(C)C,O,353.35,7.54811858110168,6.011771854347716
CCC(O)CC,O,303.15,4.511035315237415,4.1757934594514445
CCC(O)CC,O,313.15,4.631646572560939,4.0998109047947535
CCC(O)CC,O,323.15,4.696317166236348,4.028249026048641
CCC(O)CC,O,333.15,4.754779139199795,3.960625445489172
CCC(O)CC,O,343.15,4.704327501521277,3.8965258959556266
CCC(O)CC,O,353.15,4.781649711298413,3.8355932676587248
CCC(O)CC,O,363.15,4.75390910576492,3.7775185857767677
CCC(O)CC,O,371.15,4.64461202853662,3.7329350615846155
CCCCC(O)CC,O,298.15,7.267839405049959,6.951117137623064
CCCCC(O)CC,O,298.15,7.284718026617589,6.951117137623064
CCCCC(O)CC,O,298.15,7.3353536297247635,6.951117137623064
CCCCC(O)CC,O,302.95,7.293167328438807,6.840985835839191
CCCCC(O)CC,O,303.15,7.315052041919271,6.836472712008482
CCCCC(O)CC,O,313.15,7.402140496845546,6.6181662025387675
CCCCC(O)CC,O,323.15,7.48468881674424,6.41337009311653
CCCCC(O)CC,O,333.15,7.547179901090975,6.220867894254342
CCCCC(O)CC,O,343.15,7.502605824716972,6.039584897711721
CCCCC(O)CC,O,352.95,7.652849540164829,5.871893477873101
CCCCC(O)CC,O,363.35,7.615623570323476,5.703828236837726
CCCCOC(=O)CC,O,303.75,8.327046699514549,7.761063804889929
CCCCOC(=O)CC,O,313.35,8.476285776581104,7.5783134405596355
CCCCOC(=O)CC,O,323.15,8.460916976559602,7.40268047618579
CCCCOC(=O)CC,O,333.05,8.495705986014777,7.235396581176543
CCCCOC(=O)CC,O,343.15,8.536750690631768,7.074254945605281
CCCCOC(=O)CC,O,343.25,8.509427113345183,7.072704538308999
CCCCOC(=O)CC,O,353.35,8.47154498612044,6.920384141981656
CCCCOC(=O)CC,O,363.15,8.547724336313388,6.780198315215813
CCCCOC(=O)CC,O,363.55,8.512803571114679,6.77462620217578
Ic1ccccc1,O,296.65,10.518819126923232,10.401901009050261
Ic1ccccc1,O,298.15,10.777711765791071,10.358649370487582
Ic1ccccc1,O,302.05,10.48990661603094,10.24819617350683
Ic1ccccc1,O,303.15,10.400467769480066,10.217553355135898
Ic1ccccc1,O,303.15,10.483466034990435,10.217553355135898
Ic1ccccc1,O,305.95,10.457177244370198,10.140539777075908
Ic1ccccc1,O,308.35,10.435432583322047,10.075630835971376
CCCCOC(=O)CCCC,O,353.15,7.852310772304591,7.748493643833007
CCCCOC(=O)CCCC,O,363.15,7.682016900396698,7.535134239172051
CCCCC(C)=O,O,298.15,5.8734689888702745,5.673575810589289
CCCCC(C)=O,O,298.15,5.907223873626454,5.673575810589289
C=CCCCC,O,310.93,11.314451355246238,10.920081677682433
CC(C)C(C)O,O,303.15,4.467891208502732,4.067273753144923
CC(C)C(C)O,O,313.15,4.597929031998974,3.994756322139252
CC(C)C(C)O,O,323.15,4.682436736007183,3.926445004138128
CC(C)C(C)O,O,333.15,4.740373929454093,3.86187675033175
CC(C)C(C)O,O,343.15,4.744471152565014,3.80065436911667
CC(C)C(C)O,O,353.15,4.713324794530294,3.742435891886195
CC(C)C(C)O,O,371.15,4.71992642328628,3.644294433222947
COC(=O)OC,O,293.15,3.861849084308512,3.6434858514200963
COC(=O)OC,O,298.15,3.888045836846664,3.6125357129887403
COC(=O)OC,O,303.15,3.9154830126933664,3.582540218873864
COC(=O)OC,O,313.15,3.925170201057484,3.5251780105387827
COC(=O)OC,O,323.15,3.940851443931638,3.470974710698526
COC(=O)OC,O,333.15,3.915901474434136,3.4195701833130707
CC(=O)OC1CCCCC1,O,296.65,8.003670600768988,7.7794868078249415
CC(=O)OC1CCCCC1,O,302.85,8.107400733822313,7.657107178072118
CC(=O)OC1CCCCC1,O,312.75,8.12216938272536,7.471591928029163
CC(=O)OC1CCCCC1,O,322.95,8.194069070988586,7.29205949728586
CC(=O)OC1CCCCC1,O,333.25,8.23547728594296,7.1215381964408175
CC(=O)OC1CCCCC1,O,343.15,8.195074251619113,6.966866141676316
CC(=O)OC1CCCCC1,O,353.25,8.056052569428296,6.817531690717514
CC(=O)OC1CCCCC1,O,363.45,7.940993141686007,6.674623310277613
CSSC,O,293.15,7.764953964046604,7.63643438657755
CSSC,O,298.15,7.599266121470886,7.5385990234651326
CSSC,O,298.15,7.7342875914710305,7.5385990234651326
CSSC,O,323.15,7.399685503795835,7.093984625015723
CSSC,O,348.15,7.122511756919254,6.710965762158155
C1=CCC=CC1,O,298.15,8.747801611141627,8.134236451466942
C1=CCC=CC1,O,298.26,8.45641718314145,8.131900376168662
C1=CCC=CC1,O,308.36,8.44060584044924,7.924386967451911
C1=CCC=CC1,O,318.36,8.407929512763083,7.7316023837303955
CCCCCOC(C)=O,O,293.15,8.396942363263216,8.155846175323646
CCCCCOC(C)=O,O,298.1,8.387963390807467,8.050369963685966
CCCCCOC(C)=O,O,298.1,8.506130221810077,8.050369963685966
CCCCCOC(C)=O,O,298.15,8.216723032154494,8.049322288309504
CCCCCOC(C)=O,O,298.15,8.23360140897784,8.049322288309504
CCCCCOC(C)=O,O,299.9,8.434341876628993,8.012871700053244
CCCCCOC(C)=O,O,303.15,8.327697159514246,7.946282199231873
CCCCCOC(C)=O,O,306.1,8.501504769159913,7.887047381818296
CCCCCOC(C)=O,O,343.35,8.457177759006251,7.224496841494086
CCCCCOC(C)=O,O,345.9,8.489891879125711,7.18416065930813
CCCCCOC(C)=O,O,353.1,8.39663330387285,7.073247310245506
CCCCCOC(C)=O,O,353.15,8.437530744767646,7.072491996179001
CCCCCOC(C)=O,O,353.25,8.455190119974505,7.070981971623564
CCCCCOC(C)=O,O,363.15,8.24041940667199,6.925355948523392
CCCCCOC(C)=O,O,364.5,8.205882140514687,6.9060713858202645
CCCCCOC(C)=O,O,368.15,8.049557955311988,6.854591267520359
CCCCOCC,O,333.35,6.9866496352448175,6.705885597399548
CCCCOCC,O,353.35,7.157330417797891,6.427656721630257
CCCCOCC,O,363.85,7.229650354603547,6.2933708370909045
CCCCCCCC(C)O,O,298.15,10.357212525499737,9.91511441203445
CCCCCCCC(C)O,O,303.15,10.121775333657077,9.751597901864764
CCCCCCCC(C)O,O,343.35,10.36951139793745,8.609957393072374
CCCCCCCC(C)O,O,363.65,10.2345056566668,8.129353444236967
CCCCCCOC=O,O,302.85,8.537572123205312,7.99997804002566
CCCCCCOC=O,O,312.75,8.520854480709147,7.8035999512725285
CCCCCCOC=O,O,322.95,8.687826708415,7.6135671907681015
CCCCCCOC=O,O,333.35,8.693709597547866,7.431390704558452
CCCCCCOC=O,O,343.45,8.602443852588443,7.264589132213728
CCCCCCOC=O,O,353.35,8.519723986251687,7.1098783608815594
CCCCCCOC=O,O,363.75,8.447448608893898,6.955891285169026
ClCC(Cl)(Cl)Cl,O,293.15,9.02290174528275,8.817643138103794
ClCC(Cl)(Cl)Cl,O,293.15,9.108730591287246,8.817643138103794
ClCC(Cl)(Cl)Cl,O,303.15,8.881544595794486,8.58623839314642
ClCC(Cl)(Cl)Cl,O,303.15,9.014341303010326,8.58623839314642
ClCC(Cl)(Cl)Cl,O,303.15,9.030940941609174,8.58623839314642
ClCC(Cl)(Cl)Cl,O,308.15,8.865198663851123,8.476103515710072
ClCC(Cl)(Cl)Cl,O,308.15,8.979511111117185,8.476103515710072
ClCC(Cl)(Cl)Cl,O,313.15,8.850612200249095,8.369424937252882
ClCC(Cl)(Cl)Cl,O,313.15,8.982382751603717,8.369424937252882
ClCC(Cl)(Cl)Cl,O,313.15,9.075586518164652,8.369424937252882
ClCC(Cl)(Cl)Cl,O,323.15,8.913557008135198,8.165747312829874
ClCC(Cl)(Cl)Cl,O,333.15,8.811099353970462,7.973938524207163
ClCC(Cl)(Cl)Cl,O,343.15,8.682244810945235,7.792891109851934
CCOC(C)(C)C,O,300.65,6.908245158971339,5.891722833763234
CCOC(C)(C)C,O,308.15,6.496025086152011,5.792181646876274
CCOC(C)(C)C,O,308.25,6.917309491786948,5.790886556759955
CCOC(C)(C)C,O,315.75,7.019797422763675,5.696033548288472
CCOC(C)(C)C,O,318.15,6.7788531547412765,5.666596634788775
CCOC(C)(C)C,O,325.65,7.022502600406058,5.577296176066748
CCOC(C)(C)C,O,329.95,7.023678809051352,5.527846272545209
CCOC(C)(C)C,O,330.2,6.917091559959124,5.5250088764624685
CCCCCOC=O,O,293.15,8.193159672193268,7.6383293240530215
CCCCCOC=O,O,304.05,7.844295597074979,7.429099782566121
CCCCCOC=O,O,312.75,7.8457918469379555,7.2723990700121695
CCCCCOC=O,O,323.15,7.801698147192384,7.095862624111269
CCCCCOC=O,O,333.25,7.901088530154467,6.934589974344398
CCCCCOC=O,O,343.35,7.782306929273553,6.7823743369221905
CCCCCOC=O,O,353.15,7.710097613567479,6.64254615282423
CCCCCOC=O,O,363.65,7.816098512993452,6.500558506639736
CCCCCCCC(C)=O,O,303.45,10.234132126986603,9.650225979891347
CCCCCCCC(C)=O,O,312.95,10.153740306328956,9.411829844365354
CCCCCCCC(C)=O,O,333.15,10.183665287751843,8.94920316897478
CCCCCCCC(C)=O,O,343.55,10.077890338460763,8.731605161657017
CCCCCCCC(C)=O,O,354.35,10.294806405868188,8.518624306980662
CCCCCCCC(C)=O,O,364.35,9.944067917866402,8.33215679537024
CN1CCCC1=O,O,337.95,0.3204009250145069,0.22859234353244717
CN1CCCC1=O,O,343.15,0.4391126275203824,0.2524492608087423
CN1CCCC1=O,O,351.01,0.4545345983418038,0.28710932176448967
CN1CCCC1=O,O,353.15,0.5486126173266493,0.2962624351459687
CCOC(C)(C)CC,O,288.23,7.518493203801357,7.0522830136291885
CCOC(C)(C)CC,O,289.4,6.915644080402374,7.031064856524115
CCOC(C)(C)CC,O,293.15,7.3949478286485535,6.964190010206176
CCOC(C)(C)CC,O,297.95,7.027829022296564,6.881017382336664
CCOC(C)(C)CC,O,298.15,7.611283390742919,6.877609075443673
CCOC(C)(C)CC,O,307.25,7.028954694383982,6.727128210836606
CCOC(C)(C)CC,O,318.15,7.138882872835421,6.5578966764950595
CCOC(C)(C)CC,O,329.15,7.136212686720088,6.398028729956695
CCOC(C)(C)CC,O,341.65,7.131058817497712,6.228211570524749
CCOC(C)(C)CC,O,351.65,7.129954384447737,6.10049831198708
CCOC(C)(C)CC,O,363.65,7.128952938275891,5.955818752012985
CCCCCCC(=O)CC,O,312.95,9.603267203386242,8.902868907963002
CCCCCCC(=O)CC,O,323.15,9.458948920441824,8.678438375709035
CCCCCCC(=O)CC,O,333.75,9.4164191446638,8.459395682112076
CCCCCCC(=O)CC,O,353.35,9.677301878655724,8.087838509652485
CCC(C)(C)OC,O,298.15,6.281062283503355,6.0376930974301235
CCC(C)(C)OC,O,298.15,6.331695781265723,6.0376930974301235
CCC(C)(C)OC,O,303.25,6.463589362546752,5.966480447795521
CCCCCCc1ccccc1,O,281.15,16.091236142343593,15.963136065227452
CCCCCCc1ccccc1,O,282.15,16.10546522184816,15.912997797356415
CCCCCCc1ccccc1,O,283.15,16.107285430506035,15.863212191577306
CCCCCCc1ccccc1,O,284.15,16.080888988243135,15.81377539783939
CCCCCCc1ccccc1,O,285.15,16.077749584832844,15.76468362137805
CCCCCCc1ccccc1,O,286.15,16.088830575574818,15.715933121761166
CCCCCCc1ccccc1,O,287.15,16.082437384749024,15.667520211953951
CCCCCCc1ccccc1,O,288.15,16.102411291942268,15.6194412574019
CCCCCCc1ccccc1,O,289.15,16.089306182703478,15.571692675131478
CCCCCCc1ccccc1,O,290.15,16.098962779325735,15.524270932868165
CCCCCCc1ccccc1,O,291.15,16.086208620495643,15.477172548171582
CCCCCCc1ccccc1,O,292.15,16.063327906601252,15.430394087587263
CCCCCCc1ccccc1,O,293.15,16.056175565390948,15.383932165814803
CCCCCCc1ccccc1,O,294.15,16.04919134697772,15.337783444892008
CCCCCCc1ccccc1,O,295.15,16.05260521022235,15.29194463339476
CCCCCCc1ccccc1,O,296.15,16.02042989897096,15.246412485652225
CCCCCCc1ccccc1,O,297.15,16.008064243650594,15.201183800977155
CCCCCCc1ccccc1,O,298.15,16.00433663307153,15.156255422910911
CCCCCCc1ccccc1,O,299.15,16.00428172794254,15.111624238482957
CCCCCCc1ccccc1,O,300.15,15.990594042590777,15.067287177484486
CCCCCCc1ccccc1,O,302.15,15.987477724352663,14.979483354488078
CCc1cccc2ccccc12,O,310.93,13.62019737426114,13.17883937786343
COC(C)(C)C,O,298.15,4.722090627494867,4.649166899226327
COC(C)(C)C,O,298.15,4.823357475302053,4.649166899226327
COC(C)(C)C,O,298.15,4.924627050164017,4.649166899226327
COC(C)(C)C,O,303.15,4.909967454295495,4.5724867736093096
COC(C)(C)C,O,303.25,5.023531775831276,4.570978962453301
COC(C)(C)C,O,308.15,5.1909993807394175,4.49829500590957
COC(C)(C)C,O,313.15,5.062487432301507,4.426472406166429
COC(C)(C)C,O,313.25,5.26881131291526,4.425059340546314
CCC1CCCCC1,O,288.15,14.304820367767483,13.97607336562785
CCC1CCCCC1,O,293.15,14.296874414780644,13.768519755391495
CCC1CCCCC1,O,298.15,14.274143535678796,13.567876609035633
CCC1CCCCC1,O,303.15,14.253888062028198,13.373787698099196
CCC1CCCCC1,O,303.45,14.16949989889739,13.362343418226414
CCC1CCCCC1,O,308.15,14.203266446069405,13.185920879637193
CCC1CCCCC1,O,311.5,13.750305147839,13.063375843999312
CCC1CCCCC1,O,313.15,14.155811171276452,13.003966132027195
CCC1CCCCC1,O,343.55,13.48210421667918,12.009429937858362
C[C@@H]1CCCC[C@@H]1C,O,288.15,13.855356075886398,13.498980034608516
C[C@@H]1CCCC[C@@H]1C,O,293.15,13.85818683224471,13.299547232295627
C[C@@H]1CCCC[C@@H]1C,O,298.15,13.845845757760348,13.106754007813164
C[C@@H]1CCCC[C@@H]1C,O,303.15,13.835607259663396,12.920257335915784
C[C@@H]1CCCC[C@@H]1C,O,308.15,13.794651512855244,12.739737449841249
C[C@@H]1CCCC[C@@H]1C,O,313.15,13.772587399210376,12.564895938218443
CCOC(=O)C(C)(C)C,O,313.25,8.557707298544033,7.955725070708828
CCOC(=O)C(C)(C)C,O,323.15,8.455494367851637,7.767057457916841
CCOC(=O)C(C)(C)C,O,333.35,8.653257872554112,7.584132169446932
CCOC(=O)C(C)(C)C,O,343.45,8.708168859796075,7.413372642217799
CCOC(=O)C(C)(C)C,O,353.55,8.677684867423539,7.251980024725898
CCOC(=O)C(C)(C)C,O,363.55,8.77972359592786,7.100592656738051
C=C(C)[C@H]1CC=C(C)CC1,O,298.15,12.963716940120428,13.368113183109376
CCCC(C)O,O,293.15,4.49455924426811,4.319564929303258
CCCC(C)O,O,298.15,4.571522395215837,4.277366163531453
CCCC(C)O,O,303.15,4.632493481636982,4.236525895032988
CCCC(C)O,O,303.15,4.649091373046019,4.236525895032988
CCCC(C)O,O,313.15,4.773882894374127,4.158603455406711
CCCC(C)O,O,323.15,4.856271258176871,4.085221530059915
CCCC(C)O,O,333.15,4.900128224285551,4.015886966919775
CCCC(C)O,O,343.15,4.894146420650586,3.9501759796700133
CCCC(C)O,O,353.15,4.813955144323389,3.887723016781789
CCCC(C)O,O,363.15,4.873378876936347,3.8282115907339174
CCCC(C)O,O,371.15,4.768572225429468,3.7825343241693203
C[C@@H]1CCCC[C@H]1C,O,288.15,14.09234652347526,13.752434172653317
C[C@@H]1CCCC[C@H]1C,O,293.15,14.095102493329152,13.54868662375747
C[C@@H]1CCCC[C@H]1C,O,298.15,14.082586780623036,13.351722540530735
C[C@@H]1CCCC[C@H]1C,O,303.15,14.072073411357184,13.16119188145867
C[C@@H]1CCCC[C@H]1C,O,303.35,14.043824718608702,13.153699778204851
C[C@@H]1CCCC[C@H]1C,O,308.15,14.03075902495851,12.976768303935936
C[C@@H]1CCCC[C@H]1C,O,313.15,13.976114655340613,12.798147228452818
ClC(Cl)(Cl)Cl,O,298.15,9.344023003163578,8.981699216162456
CCOCC,O,298.15,4.194262292761239,3.8923011013328974
CCO,O,298.15,1.4206957878372228,1.1042637298492686
CC(C)O,O,298.15,2.105352923464337,2.0695180499915318
ClC(Cl)Cl,O,298.15,6.680882281922419,6.27144038271728
CCCO,O,298.15,2.4595888418037104,2.062774587946133
CCCCO,O,298.15,3.971828468296071,3.5976739164910407
CCCCCO,O,298.15,5.420565972243946,5.036425458625004
c1ccccc1,O,298.15,7.800675024533052,7.310521022768707
CC(Cl)(Cl)Cl,O,298.15,8.693386005777015,7.999810354364102
S=C=S,O,298.15,7.735459575932075,7.114461068481822
CSC,O,298.15,5.132227362464354,5.0892509800147625
C=C(Cl)Cl,O,298.15,7.876308235679102,7.446418615696067
CCC(C)(C)O,O,299.15,3.761871982963448,3.4561089324727248
CCC(C)C,O,298.15,11.307435173893335,11.138408260529895
CC(Cl)CCl,O,298.15,7.664797023383653,7.510486925895252
CC(C)C(C)C,O,298.15,12.555256601950225,12.351905419065798
ClC(Cl)C(Cl)Cl,O,298.15,8.069727269253008,7.654542492093568
CCOC(=O)c1ccccc1C(=O)OCC,O,298.15,9.4955719444038,8.817381711642613
CCCCOC(=O)c1ccccc1C(=O)OCCCC,O,298.15,14.199356990758837,13.20596818398688
Cc1ccccc1[N+](=O)[O-],O,303.15,9.34010467803146,9.19592450738477
COC(=O)c1ccccc1,O,298.15,8.155571747981373,7.863092898766181
Cc1ccccc1C,O,298.15,10.24259916009427,10.07360703196814
Cc1ccccc1O,O,408.15,4.2140546288499605,4.450246993272125
Cc1ccc(C)c(C)c1,O,298.15,11.699297142275542,11.559902257670023
CCC(C)CC,O,298.15,12.665078520566368,12.647947129950348
CCC(=O)CC,O,298.15,4.589331412234065,4.6998423592411145
CC1CCCC1,O,298.15,11.559999872356157,11.6118886951046
CC(C)c1ccccc1,O,298.15,11.50972434685432,11.389917808783142
O=[N+]([O-])c1ccccc1,O,298.15,8.139504715904003,7.810638798621002
Cc1ccc(C(C)C)cc1,O,298.15,12.653223375125444,12.303878764899917
CCc1ccccc1,O,298.15,10.354579095336446,9.690029287407045
C=Cc1ccccc1,O,298.15,9.88294295004442,9.55460841078581
N#Cc1ccccc1,O,298.15,7.462214939768189,7.151821881776939
COc1ccccc1,O,298.15,8.011769616939242,7.712702003298002
CCCc1ccccc1,O,298.15,11.641925355831775,11.14377304866052
CCCCc1ccccc1,O,298.15,13.278465865499683,12.485373392865744
CCOC(=O)OCC,O,298.15,5.866482221138933,5.594506061491198
CCCOC(=O)CC,O,298.15,6.675922838362722,7.063980947387952
Cc1ccc(C)cc1,O,298.15,10.327371978668042,10.155371609843957
BrCCBr,O,298.15,7.831196385885125,7.847086088962849
CCCC(C)C,O,298.15,12.854745335988287,12.673875776383912
CCCC(C)=O,O,298.15,4.435387290596168,4.582078901360057
CC(C)CC(C)C,O,298.15,14.142502281921896,13.937669335121855
CC(C)OC(C)C,O,298.15,6.09996014326128,5.946115258055515
Cc1cccc(C)c1,O,298.15,10.504352215294016,10.129700136568704
Cc1cc(C)cc(C)c1,O,298.15,11.83222247679126,11.544683027310354
CC(C)CC(=O)CC(C)C,O,298.15,9.951930037224434,9.303736466898698
CC1CCCCC1,O,298.15,12.849995442661148,12.800472139206354
Cc1ccccc1,O,298.15,9.126539109777628,8.487021630439747
Clc1ccccc1,O,298.15,9.247626522762106,8.973655722317217
CCCOC(C)=O,O,298.15,5.556484373301816,5.011883403448543
C1CCOC1,O,298.15,2.8678989020441064,2.7025286912593804
CC(=O)OCC(C)C,O,298.15,6.777122538346684,6.75707423961457
CCCCCC(C)=O,O,298.15,7.282479352954612,6.9924337063741815
CCCCCC,O,298.15,13.02445061381499,12.349548651783167
C1CCCCC1,O,298.15,11.309994995919718,10.763195963152743
CC(C)CNCC(C)C,O,298.15,7.599921979028121,7.916727617163055
CCCCCCC(=O)O,O,298.15,8.02595121672408,7.639657303053717
CCCCCCO,O,298.15,6.860659478567379,6.568565773856504
CCCCCCCC,O,298.15,16.218881719769755,15.533026940468897
CCCCCCCO,O,298.15,8.275984951714754,7.824491992312389
CCCCCCCCC,O,298.15,17.925933500815713,17.716295485837357
CCCCCCCCO,O,298.15,9.66076609867324,9.355324443856542
CCCCNCCCC,O,298.15,7.293813281565073,6.85735883602629
CCCCCCCCCCO,O,298.15,12.39664754956028,12.297460103303015
CCCCCCCCCCCC,O,298.15,21.639556568820566,21.58093278347185
CCC=O,O,298.15,2.667228206581955,2.887938565570572
CC(C)CCO,O,298.15,5.192134290457894,5.079003202699989
CCCCOC(C)=O,O,298.15,6.879568744750009,6.647829798306991
C1COCCO1,O,298.15,1.7715567619105357,1.6298529009220686
CCCCCCCCCC,O,298.15,19.692859710390568,19.6568192274768
ClC(Cl)=C(Cl)Cl,O,298.15,10.546014896095707,10.122066987273978
CC(=O)OCc1ccccc1,O,298.15,8.301901235496373,7.921701752690838
N#CCc1ccccc1,O,298.15,8.195355741974407,8.390065007234424
CCOC(C)=O,O,298.15,4.132683476448549,3.7211931602431623
C1CCOCC1,O,298.15,4.068551427612793,3.5872101811740578
CCCCCCC,O,298.15,14.561771874173706,14.131313795748165
CCCCCCCCCO,O,298.15,11.039769672875115,10.701993798223407
C1CCCC1,O,298.15,10.119997147742298,9.500314676737757
CCCCCOC(=O)CCC,O,298.15,10.389499856426916,9.987482410994494
CC(C)CC(C)(C)C,O,298.15,15.310482178262024,14.477867316800614
Clc1cccc(Cl)c1,O,298.15,11.075308480507946,10.757882503722499
CC(C)C(=O)C(C)C,O,298.15,7.202862218759208,6.796181911081401
CCC(O)CC,O,298.15,4.610565604504999,4.215615084045211
C=CCCCC,O,298.15,11.395206677249902,11.36879226087428
CCCCCOC(C)=O,O,298.15,8.116927542661447,8.049322288309504
CCCCCCCC(C)=O,O,298.15,10.018480031541882,9.789742029577532
CCCCCCc1ccccc1,O,298.15,16.129193837624353,15.156255422910911
CCCCCCCCCCC,O,298.15,21.649451452592015,21.46737121105391
CCc1cccc2ccccc12,O,310.93,13.521350213414545,13.17883937786343
COC(C)(C)C,O,298.15,4.987660039335725,4.649166899226327
C[C@@H]1CCCC[C@H]1C,O,298.15,14.11122776210894,13.351722540530735
