Solute_SMILES,Solvent_SMILES,T_K,ln_gamma_inf,ln_gamma_pred_Extrap
CCO,ClC(Cl)(Cl)Cl,313.2,2.9652730660692823,3.2408700329166074
CCO,ClC(Cl)(Cl)Cl,333.2,2.322387720290225,3.0463409321195734
CO,ClC(Cl)(Cl)Cl,333.2,2.5726122302071057,3.2554594836099526
CC(C)=O,ClC(Cl)(Cl)Cl,316.5,1.0577902941478543,1.0733209180822083
CC(C)=O,ClC(Cl)(Cl)Cl,328.9,1.0367368849500225,1.032855220083002
CC(C)=O,ClC(Cl)(Cl)Cl,333.0,1.0152306797290584,1.0201383946307838
CC(C)=O,ClC(Cl)(Cl)Cl,338.6,0.9858167945227654,1.0032666570300177
CC(C)=O,ClC(Cl)(Cl)Cl,344.4,0.947789398933526,0.9863707744244314
CC(C)=O,ClC(Cl)(Cl)Cl,346.8,0.9516578757114464,0.9795446844875543
CC(C)=O,ClC(Cl)(Cl)Cl,349.8,0.8415671856782185,0.9711437932379031
CC(C)=O,ClC(Cl)(Cl)Cl,349.8,0.6575200029167941,0.9711437932379031
ClC(Cl)Cl,ClC(Cl)(Cl)Cl,303.2,0.1570037488096647,0.15593263714009883
ClC(Cl)Cl,ClC(Cl)(Cl)Cl,328.2,0.1222176327242491,0.14418319799834578
CCCO,ClC(Cl)(Cl)Cl,338.9,2.1770218700187,2.4843136861939112
CCCO,ClC(Cl)(Cl)Cl,344.4,2.172476407647025,2.4446398090783696
c1ccccc1,ClC(Cl)(Cl)Cl,328.3,0.0953101798043249,0.13842295896020063
c1ccccc1,ClC(Cl)(Cl)Cl,349.1,0.0953101798043249,0.15619120892222438
c1ccccc1,ClC(Cl)(Cl)Cl,349.8,0.0953101798043249,0.15671058366771318
CC#N,ClC(Cl)(Cl)Cl,316.5,2.312535423847214,2.3828672484073796
CC#N,ClC(Cl)(Cl)Cl,330.0,2.2082744135228043,2.2853865847848382
CC#N,ClC(Cl)(Cl)Cl,340.2,2.163323025660538,2.2168654729628163
CC#N,ClC(Cl)(Cl)Cl,346.0,2.091864061678393,2.1797042382150726
C[N+](=O)[O-],ClC(Cl)(Cl)Cl,314.9,2.4595888418037104,2.660510545076405
C[N+](=O)[O-],ClC(Cl)(Cl)Cl,328.3,2.3702437414678603,2.6250578103701883
C[N+](=O)[O-],ClC(Cl)(Cl)Cl,340.2,2.2082744135228043,2.595445077105021
C[N+](=O)[O-],ClC(Cl)(Cl)Cl,349.1,2.128231705849268,2.574262754558717
CC(C)[N+](=O)[O-],ClC(Cl)(Cl)Cl,340.2,1.410986973710262,1.4160147898493118
CC(C)[N+](=O)[O-],ClC(Cl)(Cl)Cl,346.3,1.3762440252663892,1.3926979548535057
CCCCCC,ClC(Cl)(Cl)Cl,313.2,0.2468600779315258,0.3400849398644836
CCCCCCCC,ClC(Cl)(Cl)Cl,313.2,0.1739533071234379,0.23451755883944975
C1COCCO1,ClC(Cl)(Cl)Cl,303.2,0.2776317365982795,0.23502277669272398
C1COCCO1,ClC(Cl)(Cl)Cl,308.2,0.2851789422336624,0.23127606315142224
C1COCCO1,ClC(Cl)(Cl)Cl,313.2,0.2776317365982795,0.227646935306842
C1COCCO1,ClC(Cl)(Cl)Cl,313.2,0.29266961396282,0.227646935306842
C1COCCO1,ClC(Cl)(Cl)Cl,337.7,0.29266961396282,0.21139301603263752
CCCCCCC,ClC(Cl)(Cl)Cl,328.3,0.2390169004704999,0.23701324614034622
CCCCCCC,ClC(Cl)(Cl)Cl,349.1,0.1397619423751586,0.2228915766835622
CO,CCOCC,388.2,1.0577902941478543,1.1813612837470875
CC(C)=O,CCOCC,388.3,0.6259384308664954,0.6275445238265807
CC#N,CCOCC,388.2,0.9820784724121582,1.0529224661502818
CCO,Nc1ccccc1,313.2,0.9321640810304452,0.9530360131192701
CCO,Nc1ccccc1,328.2,0.8960880245566357,0.9917485739548124
CCO,Nc1ccccc1,350.8,0.7747271675523681,1.042840955404129
CCO,Nc1ccccc1,386.7,0.6312717768418578,1.1080111454999186
CC(C)=O,Nc1ccccc1,386.7,0.0953101798043249,0.4912108022114774
CC(C)=O,Nc1ccccc1,350.8,-0.0618754037180875,0.32204043391710924
CC(C)=O,Nc1ccccc1,313.2,-0.3566749439387324,0.02097169874911664
c1ccccc1,Nc1ccccc1,298.2,0.7884573603642703,0.7893372060880617
c1ccccc1,Nc1ccccc1,298.2,0.8064758658669485,0.7893372060880617
c1ccccc1,Nc1ccccc1,298.2,0.85015092936961,0.7893372060880617
c1ccccc1,Nc1ccccc1,333.2,0.6931471805599453,0.7108282570424396
c1ccccc1,Nc1ccccc1,373.2,0.5877866649021191,0.6382776904318959
CC#N,Nc1ccccc1,393.2,0.0953101798043249,0.057881691554971026
Cc1cccc(O)c1,Nc1ccccc1,453.2,-0.2484613592984996,-0.2524342374256998
Cc1cccc(O)c1,Nc1ccccc1,453.2,-0.1984509387238383,-0.2524342374256998
Cc1cccc(O)c1,Nc1ccccc1,437.9,-0.2613647641344075,-0.2614270303455086
Cc1cccc(O)c1,Nc1ccccc1,437.9,-0.2231435513142097,-0.2614270303455086
Cc1cccc(O)c1,Nc1ccccc1,422.9,-0.2613647641344075,-0.2708880015106632
Cc1cccc(O)c1,Nc1ccccc1,422.9,-0.2613647641344075,-0.2708880015106632
Cc1cccc(O)c1,Nc1ccccc1,408.2,-0.2744368457017603,-0.28084854990200026
Clc1ccccc1,Nc1ccccc1,393.2,0.5822156198526637,0.679930363875584
CCCCCC,Nc1ccccc1,298.2,3.2676659890376327,3.1855730879199906
CCCCCC,Nc1ccccc1,298.2,3.282038399825841,3.1855730879199906
CCCCCC,Nc1ccccc1,298.2,3.295836866004329,3.1855730879199906
CCCCCC,Nc1ccccc1,298.2,3.299164656097004,3.1855730879199906
CCCCCC,Nc1ccccc1,323.2,2.6390573296152584,2.980624313672044
CCCCCC,Nc1ccccc1,373.2,2.079441541679836,2.641886108638536
ClC(Cl)(Cl)Cl,CCO,333.2,1.3987168811184478,1.4336961065502303
Nc1ccccc1,CCO,386.7,0.8919980393051105,0.9677355229494995
CC(C)=O,CCO,313.2,0.9162907318741552,0.9714401248827902
CC(C)=O,CCO,314.3,0.8878912573524571,0.9743395054273962
CC(C)=O,CCO,318.5,0.8544153281560676,0.9852039621824864
CC(C)=O,CCO,322.5,0.7747271675523681,0.9952514894081586
CC(C)=O,CCO,323.0,0.7975071958841882,0.9964871292070208
CC(C)=O,CCO,323.2,0.8329091229351039,0.996980130410506
CC(C)=O,CCO,323.2,0.7654678421395714,0.996980130410506
CC(C)=O,CCO,335.8,0.7080357930536959,1.026621834004659
CC(C)=O,CCO,348.3,0.6523251860396901,1.0533765268012671
CC(C)=O,CCO,351.5,0.5481214085096876,1.0598202099943843
ClC(Cl)Cl,CCO,323.2,0.7608058290337602,0.6947222156612659
c1ccccc1,CCO,298.2,1.6505798557652755,1.7391097641859443
c1ccccc1,CCO,298.2,1.4906543764441336,1.7391097641859443
c1ccccc1,CCO,313.2,1.449269160281279,1.742160330176424
c1ccccc1,CCO,318.8,1.62924053973028,1.7431412216692437
c1ccccc1,CCO,333.2,1.7047480922384253,1.7451507251574507
c1ccccc1,CCO,334.7,1.547562508716013,1.7453132294155895
c1ccccc1,CCO,346.4,1.4816045409242156,1.7462514922784917
c1ccccc1,CCO,353.2,1.4816045409242156,1.746518320896329
c1ccccc1,CCO,373.2,1.6094379124341005,1.7460701024012715
CC#N,CCO,343.2,1.118414915964289,1.2804682572018173
CC#N,CCO,393.2,0.7371640659767196,1.117641829645534
C[N+](=O)[O-],CCO,348.2,1.541159071680806,1.7343523229368158
C[N+](=O)[O-],CCO,398.2,1.0885619528146082,1.5400372401099038
CC(C)CO,CCO,351.5,0.1988508587451651,0.19913716967702055
CC(C)CO,CCO,424.0,0.3220834991691132,0.35110012249890454
CC(C)CO,CCO,424.0,0.3220834991691132,0.35110012249890454
Cc1ccccc1,CCO,303.2,1.786746927404511,1.8667725890404305
Cc1ccccc1,CCO,313.2,1.747459210331475,1.807169492997967
Cc1ccccc1,CCO,318.5,1.7227665977411035,1.7770973414117655
Cc1ccccc1,CCO,318.5,1.7227665977411035,1.7770973414117655
Cc1ccccc1,CCO,318.6,1.9459101490553128,1.7765395592361393
Cc1ccccc1,CCO,318.6,1.9315214116032136,1.7765395592361393
Cc1ccccc1,CCO,323.2,1.7647307968401356,1.751254698671916
Cc1ccccc1,CCO,323.2,1.7101878155342434,1.751254698671916
Cc1ccccc1,CCO,330.0,1.6752256529721037,1.7151683026749447
Cc1ccccc1,CCO,333.2,1.7298840655099674,1.6986961270072127
Cc1ccccc1,CCO,333.2,1.6808279085207734,1.6986961270072127
Cc1ccccc1,CCO,337.2,1.791759469228055,1.678545555291282
Cc1ccccc1,CCO,343.2,1.6845453849209058,1.6492004026739613
Cc1ccccc1,CCO,349.4,1.6370530794670737,1.6199358756767914
Cc1ccccc1,CCO,351.2,1.6467336971777973,1.6116332565252063
Cc1ccccc1,CCO,351.8,1.7227665977411035,1.60888459708674
Clc1ccccc1,CCO,348.0,1.589235205116581,1.610211097970287
CCCCC,CCO,298.2,2.2502386126218363,2.1391545749117786
CCCCC,CCO,299.7,2.186051276738094,2.1284481215048894
CCCCC,CCO,303.2,2.224623551524334,2.103878363345761
CCCCC,CCO,304.2,2.2082744135228043,2.096962277250809
CCCCC,CCO,310.4,2.163323025660538,2.0550771734513145
CCCCC,CCO,312.1,2.151762203259462,2.043883250774274
CCCCC,CCO,313.2,2.1126345090356,2.0367048775104633
CCCCC,CCO,313.2,2.1701959049483,2.0367048775104633
CCCCC,CCO,322.0,2.1400661634962708,1.98104349868985
CCCCC,CCO,322.2,2.1162555148025524,1.9798138033244395
CCCCC,CCO,323.2,2.110213200346589,1.9736881549369705
CCCCC,CCO,324.7,2.1162555148025524,1.9645704280225686
CCCCC,CCO,335.2,2.1041341542702074,1.9030312054733591
CCCCC,CCO,343.0,2.0541237336955462,1.8597553621445333
CCCCC,CCO,352.4,1.9459101490553128,1.8101479062375152
CCCCC,CCO,354.2,1.9315214116032136,1.80094897858017
CCCCC,CCO,354.4,2.0014800002101243,1.799932643569562
CCCC#N,CCO,293.2,1.3737155789130306,1.4178886130050334
CCCC#N,CCO,298.2,1.3506671834767394,1.3941145217232365
CCCC#N,CCO,303.2,1.308332819650179,1.3711245351689976
CCCC#N,CCO,308.2,1.289232648276759,1.3488804912719046
CCCC#N,CCO,313.2,1.252762968495368,1.3273466648703705
CCCC#N,CCO,323.2,1.2149127443642704,1.2862778174632634
CCCCCC,CCO,298.2,2.4849066497880004,2.338386695432324
CCCCCC,CCO,298.2,2.359910159613315,2.338386695432324
CCCCCC,CCO,303.2,2.5416019934645457,2.3059395573601185
CCCCCC,CCO,313.2,2.105352923464337,2.2436982482156957
CCCCCC,CCO,313.2,2.451005098112319,2.2436982482156957
CCCCCC,CCO,313.2,2.2925347571405443,2.2436982482156957
CCCCCC,CCO,322.2,2.302585092994046,2.190509893683874
CCCCCC,CCO,333.2,1.979621206397625,2.1288560907560026
CCCCCC,CCO,333.2,2.272125885509337,2.1288560907560026
CCCCCC,CCO,350.9,2.091864061678393,2.0366667691847535
CCCCCC,CCO,354.2,2.163323025660538,2.0203606111485555
CCCCCC,CCO,373.2,2.128231705849268,1.931359692181363
c1ccncc1,CCO,350.6,-0.0618754037180875,-0.03772162844127387
CCCCCCCC,CCO,322.2,2.6741486494265287,2.584954771115065
CCCCCCCC,CCO,338.0,2.5726122302071057,2.481763717389133
CCCCCCCC,CCO,343.2,2.658859956911438,2.4496002457528223
CCCCCCCC,CCO,353.7,2.5649493574615367,2.387156329454084
CCCCCCCCC,CCO,320.9,2.9856819377004897,2.9265477660577908
CCCCCCCCC,CCO,320.9,2.9391619220655967,2.9265477660577908
CCCCCCCCC,CCO,355.2,2.740840023925201,2.8156639273136386
C1COCCO1,CCO,323.2,1.043804052173115,1.0612565021210683
CCCCCCC,CCO,303.2,2.70805020110221,2.537531019628071
CCCCCCC,CCO,303.2,2.574899688314705,2.537531019628071
CCCCCCC,CCO,303.3,2.5733752977756086,2.5372889652891804
CCCCCCC,CCO,303.3,2.476538400117484,2.5372889652891804
CCCCCCC,CCO,313.1,2.4069451083182885,2.5142544050738
CCCCCCC,CCO,313.2,2.73046379593911,2.514025959357404
CCCCCCC,CCO,313.2,2.6461747973841225,2.514025959357404
CCCCCCC,CCO,313.2,2.5556757206762075,2.514025959357404
CCCCCCC,CCO,319.4,2.468099531471619,2.500098851328751
CCCCCCC,CCO,322.2,2.4849066497880004,2.4939538384256688
CCCCCCC,CCO,322.8,2.3513752571634776,2.4926481119448693
CCCCCCC,CCO,323.2,2.5877640352277083,2.491779748772477
CCCCCCC,CCO,323.2,2.4475508632442318,2.491779748772477
CCCCCCC,CCO,333.2,2.653945942109009,2.470588441354529
CCCCCCC,CCO,335.2,2.388762789235098,2.466461422775355
CCCCCCC,CCO,337.7,2.4159137783010487,2.461350590393776
CCCCCCC,CCO,343.1,2.388762789235098,2.450483102616294
CCCCCCC,CCO,347.8,2.33214389523559,2.441202609551126
CCCCCCC,CCO,354.2,2.379546134130174,2.42880875274994
CC(C)CC(C)(C)C,CCO,333.2,2.495681722955959,2.5062615147852103
CC(C)CC(C)(C)C,CCO,337.0,2.501435951739211,2.4932556234261174
CC(C)CC(C)(C)C,CCO,353.2,2.476538400117484,2.4393201677380407
ClC(Cl)(Cl)Cl,CO,313.2,1.9768549529047348,2.006700228469283
ClC(Cl)(Cl)Cl,CO,333.2,1.874874375938561,1.993704676216832
CCOCC,CO,388.2,1.091923300517313,1.1230086677364453
CC(C)=O,CO,308.2,0.712949807856125,0.7399352809031412
CC(C)=O,CO,313.2,0.6931471805599453,0.7281227828506769
CC(C)=O,CO,313.2,0.6981347220709843,0.7281227828506769
CC(C)=O,CO,323.2,0.6626879730752367,0.705594243227346
CC(C)=O,CO,337.7,0.5423242908253617,0.6752977924509568
CC(C)=O,CO,337.8,0.6043159668533296,0.6750978820135705
CC(C)=O,CO,337.8,0.6830968447064438,0.6750978820135705
ClC(Cl)Cl,CO,303.2,0.8241754429663494,0.8457768627074366
ClC(Cl)Cl,CO,317.7,0.8878912573524571,0.8893265808763343
ClC(Cl)Cl,CO,323.2,1.0473189942805592,0.9047064853294216
ClC(Cl)Cl,CO,328.2,0.8712933659434193,0.9181659144340915
c1ccccc1,CO,298.2,1.9459101490553128,1.8935177901840898
c1ccccc1,CO,298.2,1.969905654611529,1.8935177901840898
c1ccccc1,CO,298.2,2.0149030205422647,1.8935177901840898
c1ccccc1,CO,303.2,1.969905654611529,1.8663253852469812
c1ccccc1,CO,333.2,1.7578579175523736,1.7183307669484598
c1ccccc1,CO,373.2,1.547562508716013,1.5541224134680052
ClCCl,CO,348.2,1.1631508098056809,0.9597968293444832
ClCCl,CO,398.2,1.1786549963416462,0.8468944478389198
C[N+](=O)[O-],CO,308.7,1.6193882432872684,1.6769821589127774
C[N+](=O)[O-],CO,318.5,1.547562508716013,1.63121661023937
C[N+](=O)[O-],CO,328.5,1.4445632692438664,1.58702954067958
C[N+](=O)[O-],CO,337.0,1.3428648031925547,1.5513153595525253
C[N+](=O)[O-],CO,348.2,1.4206957878372228,1.5066462628037045
C[N+](=O)[O-],CO,388.2,1.1908875647772803,1.36619152889446
Cc1ccccc1,CO,298.2,2.312535423847214,2.287802711864389
Cc1ccccc1,CO,303.2,2.299580583973747,2.2559385997411248
Cc1ccccc1,CO,307.2,2.286455711064162,2.2310850255145676
Cc1ccccc1,CO,308.2,2.312535423847214,2.224957716391197
Cc1ccccc1,CO,308.7,2.272125885509337,2.221906775450037
Cc1ccccc1,CO,318.2,2.2793164660546914,2.1655009632035176
Cc1ccccc1,CO,318.5,2.242835088588272,2.163766712273794
Cc1ccccc1,CO,328.2,2.2438960966453663,2.1091626223632822
Cc1ccccc1,CO,328.5,2.21375387928743,2.1075180607722155
Cc1ccccc1,CO,337.0,2.186051276738094,2.0619720297560926
Cc1ccccc1,CO,337.2,2.2202898502672155,2.0609242126940415
CCCCC,CO,303.2,3.0106208860477417,2.901379734489792
CCCCC,CO,313.2,2.917770732084279,2.823605770963935
CCCC#N,CO,298.2,1.2383742310432684,1.257780052504369
CCCC#N,CO,308.2,1.1969481893889715,1.216969581370275
CCCC#N,CO,318.2,1.1537315878891892,1.1787241901806331
CCCCCC,CO,303.2,3.254242968705492,3.230662453627011
CCCCCC,CO,313.2,3.157000421150113,3.1458614657003396
CCCCCC,CO,333.2,2.9444389791664403,2.989218076904351
CCCCCC,CO,373.2,2.602689685444384,2.7191895656132465
c1ccncc1,CO,313.2,-0.1165338162559515,-0.11264772572687809
c1ccncc1,CO,318.2,-0.0943106794712412,-0.08781561450023734
CCCCCCCC,CO,308.7,3.765840495250065,3.7450307279178157
CCCCCCCC,CO,318.5,3.681351187693145,3.6534740039656493
CCCCCCCC,CO,328.5,3.580737295494233,3.5647258764401197
CCCCCCCC,CO,337.0,3.475067230228611,3.492731670707681
C1COCCO1,CO,318.5,1.1378330018213911,1.1398267082455407
C1COCCO1,CO,328.5,1.091923300517313,1.1051288193620656
C1COCCO1,CO,337.0,1.0577902941478543,1.0772546753225931
CCCCCCC,CO,313.2,3.456316680883235,3.488487596468957
c1ccccc1,CC(C)O,313.2,1.3029127521808397,1.4105835409884278
CC1CCCCC1,CC(C)O,343.8,1.6974487897568136,1.7130384932194012
CC1CCCCC1,CC(C)O,354.6,1.6409365794934714,1.6715645936964554
Cc1ccccc1,CC(C)O,298.2,1.6253112615903906,1.6562559384147333
Cc1ccccc1,CC(C)O,313.2,1.603419840108537,1.585634849506
Cc1ccccc1,CC(C)O,321.0,1.5390154481375546,1.5512466611393814
Cc1ccccc1,CC(C)O,331.7,1.4678743481123135,1.5064353471082566
Cc1ccccc1,CC(C)O,343.1,1.4060969884160703,1.4614621712575353
Cc1ccccc1,CC(C)O,354.8,1.289232648276759,1.4180202111879092
CCCC#N,CC(C)O,293.2,1.410986973710262,1.4518282018194455
CCCC#N,CC(C)O,298.2,1.366091653802371,1.4274850380601218
CCCC#N,CC(C)O,303.2,1.3402504226184837,1.403944747834731
CCCC#N,CC(C)O,308.2,1.2919836816486494,1.3811682556053038
CCCC#N,CC(C)O,313.2,1.2669476034873244,1.3591189810736044
CCCC#N,CC(C)O,323.2,1.1474024528375415,1.3170670820489292
CCCCCC,CC(C)O,323.9,1.7369512327330598,1.9291479710821817
CCCCCC,CC(C)O,328.2,1.7647307968401356,1.927392345898253
CCCCCC,CC(C)O,332.7,1.7011051009599245,1.9255539873273984
CCCCCC,CC(C)O,343.8,1.6544112780768316,1.9209709745337267
CCCCCC,CC(C)O,354.6,1.631199404215613,1.9163815958007993
CCCCCCCC,CC(C)O,308.2,2.2965670206684825,2.179777267502829
CCCCCCCC,CC(C)O,353.2,1.8373699804801076,1.9394526398282692
C1COCCO1,CC(C)O,333.2,0.7839015438284094,0.9080737352784541
C1COCCO1,CC(C)O,343.2,0.9001613499442714,0.8816147286744918
C1COCCO1,CC(C)O,353.2,0.8329091229351039,0.8566539659283192
CCCCCCC,CC(C)O,308.2,2.1400661634962708,1.95873064175906
CCCCCCC,CC(C)O,323.9,1.8779371654691075,1.8637877271811025
CCCCCCC,CC(C)O,332.7,1.8373699804801076,1.8144901588553886
CCCCCCC,CC(C)O,343.8,1.7749523509116738,1.7559072487476086
CCCCCCC,CC(C)O,354.6,1.7404661748405046,1.7024279319696878
ClC(Cl)(Cl)Cl,CC(C)=O,306.9,0.7275486072772777,0.7688423973599601
ClC(Cl)(Cl)Cl,CC(C)=O,310.9,0.7561219797213337,0.7821560563544752
ClC(Cl)(Cl)Cl,CC(C)=O,313.9,0.7275486072772777,0.7919084878277661
ClC(Cl)(Cl)Cl,CC(C)=O,319.5,0.7275486072772777,0.8095892970042101
ClC(Cl)(Cl)Cl,CC(C)=O,324.4,0.7080357930536959,0.8245122451077216
ClC(Cl)(Cl)Cl,CC(C)=O,326.0,0.7654678421395714,0.829276458109578
ClC(Cl)(Cl)Cl,CC(C)=O,327.6,0.7561219797213337,0.8339879186193051
ClC(Cl)(Cl)Cl,CC(C)=O,328.4,0.712949807856125,0.8363239973503349
ClC(Cl)(Cl)Cl,CC(C)=O,329.4,0.7654678421395714,0.839225776558647
ClC(Cl)(Cl)Cl,CC(C)=O,329.4,0.7419373447293773,0.839225776558647
CCOCC,CC(C)=O,388.3,0.5068176023684519,0.5080263129330734
Nc1ccccc1,CC(C)=O,386.7,0.2070141693843261,-0.2775912047891431
Nc1ccccc1,CC(C)=O,350.8,-0.0725706928348353,-0.33388629044124307
CCO,CC(C)=O,306.8,0.8064758658669485,0.8499192459762778
CCO,CC(C)=O,308.2,0.8064758658669485,0.846058486192545
CCO,CC(C)=O,313.2,0.7371640659767196,0.8325518140575244
CCO,CC(C)=O,315.2,0.7514160886839212,0.8272691282455156
CCO,CC(C)=O,318.4,0.7275486072772777,0.8189548708798865
CCO,CC(C)=O,323.2,0.688134638736401,0.8067921822915051
CCO,CC(C)=O,327.4,0.6523251860396901,0.7964423805013343
CCO,CC(C)=O,328.5,0.6523251860396901,0.7937754517680292
CCO,CC(C)=O,329.4,0.5538851132264376,0.7916066676873492
CO,CC(C)=O,313.3,0.6575200029167941,0.7002637503634953
CO,CC(C)=O,323.2,0.6471032420585384,0.6788138504926428
CO,CC(C)=O,329.3,0.5364933705145685,0.6662394124354089
CO,CC(C)=O,329.4,0.5596157879354227,0.6660371540609069
CO,CC(C)=O,329.4,0.5709795465857378,0.6660371540609069
ClC(Cl)Cl,CC(C)=O,328.5,-0.6348782724359695,-0.6337416998341823
ClC(Cl)Cl,CC(C)=O,329.4,-0.4620354595965587,-0.6314463992003039
ClC(Cl)Cl,CC(C)=O,324.4,-0.6539264674066639,-0.6444039702008604
ClC(Cl)Cl,CC(C)=O,323.2,-0.5978370007556204,-0.6475900360985737
ClC(Cl)Cl,CC(C)=O,319.5,-0.6733445532637656,-0.6576067098946288
c1ccccc1,CC(C)=O,314.4,0.4510756193602167,0.4763690852655085
c1ccccc1,CC(C)=O,323.2,0.4054651081081644,0.4633986440296742
c1ccccc1,CC(C)=O,329.0,0.4317824164255378,0.455229308794953
c1ccccc1,CC(C)=O,329.4,0.3987761199573678,0.4546765107787453
c1ccccc1,CC(C)=O,329.4,0.371563556432483,0.4546765107787453
c1ccccc1,CC(C)=O,333.2,0.4700036292457356,0.4494911260040166
c1ccccc1,CC(C)=O,373.2,0.4054651081081644,0.40131416963179783
CCI,CC(C)=O,336.4,0.712949807856125,0.711163007346561
ClCCl,CC(C)=O,398.2,-0.2357223335210698,-0.39209580026053203
ClCCl,CC(C)=O,348.2,-0.342490308946776,-0.44839905891532217
S=C=S,CC(C)=O,313.9,1.355835153635182,1.3787000745633435
S=C=S,CC(C)=O,319.5,1.3297240096314962,1.3545350950243427
S=C=S,CC(C)=O,324.4,1.2947271675944,1.3340751258078916
S=C=S,CC(C)=O,328.7,1.252762968495368,1.3166229922616852
C[N+](=O)[O-],CC(C)=O,348.2,-0.0943106794712412,-0.09500892341875043
C[N+](=O)[O-],CC(C)=O,298.3,0.0953101798043249,-0.11103448042655957
Cc1ccccc1,CC(C)=O,308.2,0.7080357930536959,0.7229221622508079
Cc1ccccc1,CC(C)=O,318.4,0.636576829071551,0.7574271654045467
Cc1ccccc1,CC(C)=O,328.5,0.5766133643039938,0.7892609111393949
Clc1ccccc1,CC(C)=O,386.7,0.4382549309311553,0.4313387249304341
CCCCC,CC(C)=O,298.2,1.7884205679625405,2.0633418011428364
CCCCC,CC(C)=O,298.2,1.6370530794670737,2.0633418011428364
CCCCC,CC(C)=O,303.2,1.7647307968401356,2.0293157925798333
CCCCC,CC(C)=O,303.2,1.7526720805200082,2.0293157925798333
CCCCC,CC(C)=O,308.2,1.665818245870208,1.9963938044846796
CCCCC,CC(C)=O,318.3,1.506297153514587,1.933046222769477
CCCCC,CC(C)=O,323.2,1.4562867329399256,1.9037395790381484
CCCCCC,CC(C)=O,293.2,2.0719132752590443,2.285127005767428
CCCCCC,CC(C)=O,298.2,1.9671123567059163,2.2537685287988167
CCCCCC,CC(C)=O,298.2,1.8718021769015916,2.2537685287988167
CCCCCC,CC(C)=O,300.9,1.8578592709325787,2.237193635065043
CCCCCC,CC(C)=O,303.2,1.913977101952304,2.223267177479426
CCCCCC,CC(C)=O,303.2,1.873339456220478,2.223267177479426
CCCCCC,CC(C)=O,306.9,1.8309801823813363,2.201227222188815
CCCCCC,CC(C)=O,308.2,1.8718021769015916,2.1935877526768817
CCCCCC,CC(C)=O,313.3,1.7369512327330598,2.1641270077216372
CCCCCC,CC(C)=O,316.7,1.7119945007591924,2.1449258162388305
CCCCCC,CC(C)=O,318.2,1.7884205679625405,2.1365634606971287
CCCCCC,CC(C)=O,324.4,1.6563214983329508,2.102684993540655
CCCCCC,CC(C)=O,328.4,1.599387576580599,2.08139642664181
CCCCCC,CC(C)=O,329.4,1.6845453849209058,2.0761419464470507
CCCCCC,CC(C)=O,333.2,1.62924053973028,2.056416217545922
CCCCCC,CC(C)=O,373.2,1.5040773967762742,1.869557644222764
CCCCCCCC,CC(C)=O,298.3,2.401525040848949,2.3444095600591552
CCCCCCCC,CC(C)=O,308.2,2.277267285009756,2.280929747595094
CCCCCCCC,CC(C)=O,318.4,2.057962510002712,2.219055891268754
CCCCCCCC,CC(C)=O,328.4,1.9544450515051504,2.161595777370025
C1COCCO1,CC(C)=O,308.2,0.3293037471426003,0.32664986212948033
C1COCCO1,CC(C)=O,318.4,0.3074846997479607,0.3738493695258128
C1COCCO1,CC(C)=O,328.4,0.3148107398400336,0.4170588821576585
CCCCCCC,CC(C)=O,303.2,2.0554049638515948,2.2396677092616617
CCCCCCC,CC(C)=O,303.2,2.032087845296365,2.2396677092616617
CCCCCCC,CC(C)=O,313.2,1.9947003132247447,2.1681587033440066
CCCCCCC,CC(C)=O,313.2,1.99197551589856,2.1681587033440066
CCCCCCC,CC(C)=O,323.2,1.88706964903238,2.101074745496786
ClC(Cl)(Cl)Cl,ClC(Cl)Cl,328.2,0.1484200051182732,0.16939402293476216
CCO,ClC(Cl)Cl,323.2,1.8389610707123487,1.5000310077091785
CCO,ClC(Cl)Cl,323.2,1.8229350866965048,1.5000310077091785
CO,ClC(Cl)Cl,303.2,2.0906287310704004,2.1839514187456284
CO,ClC(Cl)Cl,316.0,1.8531680973566984,2.1684186465670963
CO,ClC(Cl)Cl,318.2,2.2731562823032334,2.16584287185154
CO,ClC(Cl)Cl,323.2,2.158714722574344,2.1600732710477155
CO,ClC(Cl)Cl,328.2,2.2235418856535927,2.1544076833140005
CO,ClC(Cl)Cl,328.4,1.935859813201812,2.154183008438282
CC(C)=O,ClC(Cl)Cl,334.2,-0.6539264674066639,-0.6266971472063836
CC(C)=O,ClC(Cl)Cl,323.2,-0.9942522733438668,-0.7319198008339964
c1ccccc1,ClC(Cl)Cl,331.9,-0.1508228897345836,-0.13958327777979207
c1ccccc1,ClC(Cl)Cl,334.3,-0.2107210313156525,-0.13113030095008993
c1ccccc1,ClC(Cl)Cl,334.3,-0.2107210313156525,-0.13113030095008993
CC#N,ClC(Cl)Cl,319.8,0.2776317365982795,0.25303290543246143
CC#N,ClC(Cl)Cl,328.3,0.2546422183735807,0.24648164331507985
CC#N,ClC(Cl)Cl,331.9,0.3001045924503381,0.24380814594799002
C[N+](=O)[O-],ClC(Cl)Cl,331.9,0.9555114450274363,1.0610232158114088
C1CCOC1,ClC(Cl)Cl,323.0,-1.3862943611198906,-0.24932094483804867
C1CCOC1,ClC(Cl)Cl,323.2,-1.4271163556401458,-0.2368232803081014
C1CCOC1,ClC(Cl)Cl,323.4,-1.3470736479666092,-0.2243661438560487
C1CCOC1,ClC(Cl)Cl,313.2,-1.5606477482646683,-0.9146080237109615
C1CCOC1,ClC(Cl)Cl,313.6,-1.4696759700589417,-0.8852997501016748
CCCCCC,ClC(Cl)Cl,318.2,0.6830968447064438,0.7539870693038055
CCCCCC,ClC(Cl)Cl,319.8,0.5822156198526637,0.757212316666962
CCCCCC,ClC(Cl)Cl,328.2,0.5481214085096876,0.773155888115914
CCCCCC,ClC(Cl)Cl,331.9,0.5068176023684519,0.7796752609796513
CCCCCC,ClC(Cl)Cl,334.3,0.4382549309311553,0.7837472895391536
CCCCCC,ClC(Cl)Cl,334.3,0.494696241836107,0.7837472895391536
C1COCCO1,ClC(Cl)Cl,323.2,-1.3093333199837622,-1.4761472526585695
ClC(Cl)(Cl)Cl,CCCO,352.4,1.1314021114911006,1.1273418393188126
ClC(Cl)(Cl)Cl,CCCO,362.4,1.1314021114911006,1.1095943404592106
ClC(Cl)(Cl)Cl,CCCO,369.9,1.1052568313867783,1.0965586276254968
CCCCO,CCCO,353.2,0.0198026272961797,0.02722772500161504
Cc1ccccc1,CCCO,353.2,1.316408233655724,1.3722326626046801
Cc1ccccc1,CCCO,363.2,1.264126727145683,1.358088196640936
Cc1ccccc1,CCCO,370.2,1.2119409739751128,1.3481622556229127
CCCC#N,CCCO,293.2,1.5040773967762742,1.6792095219946335
CCCC#N,CCCO,298.2,1.4085449700547104,1.6510538080883082
CCCC#N,CCCO,303.2,1.3711807233098423,1.6238267108601498
CCCC#N,CCCO,308.2,1.3110318766193438,1.5974830349281866
CCCC#N,CCCO,313.2,1.2584609896100056,1.571980470941938
CCCC#N,CCCO,323.2,1.1568811967920856,1.5233425321335952
CCCCCCCC,CCCO,308.2,2.1234584270966104,2.160622265998339
CCCCCCCC,CCCO,358.2,2.066862759472976,1.898811421404262
CCCCCCCC,CCCO,363.2,1.8931119634883424,1.8760964156341107
CCCCCCC,CCCO,308.2,1.9947003132247447,1.9859364172296023
CCCCCCC,CCCO,313.2,1.965712776351493,1.9542325185693363
CCCCCCC,CCCO,323.2,1.9242486522741336,1.8937675258836244
CCCCCCC,CCCO,333.2,1.8468787684491343,1.8369318754288138
CCCCCCC,CCCO,333.2,1.888583653863595,1.8369318754288138
CCCCCCC,CCCO,353.2,1.7732559976634952,1.7329155327027377
CC(C)CC(C)(C)C,CCCO,348.5,1.8809906029559973,1.895615231399606
CCO,CCCCO,313.2,0.0582689081239758,0.06098646404343899
CCO,CCCCO,318.2,0.009950330853168,0.0991926398914118
CCO,CCCCO,328.2,0.0,0.16759721403284633
CO,CCCCO,318.2,0.0769610411361284,0.10630034595231513
CO,CCCCO,328.2,0.048790164169432,0.10306145688744077
CC(C)=O,CCCCO,318.2,0.6931471805599453,0.7735306188451765
CC(C)=O,CCCCO,328.2,0.6043159668533296,0.7499617528668788
ClC(Cl)Cl,CCCCO,318.2,0.3364722366212129,0.31718973463307654
ClC(Cl)Cl,CCCCO,328.2,0.3220834991691132,0.36222194119598017
CCCO,CCCCO,353.2,0.0198026272961797,0.02722772500161504
ClCCl,CCCCO,328.2,0.6523251860396901,0.6479714151232819
Cc1ccccc1,CCCCO,318.2,1.1939224684724346,1.138433894173012
Cc1ccccc1,CCCCO,323.2,1.2029723039923526,1.1208220003201657
Cc1ccccc1,CCCCO,328.2,1.1662709371419244,1.1037467266612617
Cc1ccccc1,CCCCO,349.5,1.029619417181158,1.0364798165002458
Cc1ccccc1,CCCCO,359.9,0.959350221334602,1.0065287711047242
Cc1ccccc1,CCCCO,363.2,1.0188473201992472,0.9973835556392862
Cc1ccccc1,CCCCO,373.2,0.9783261227936078,0.9706584009113366
Cc1ccccc1,CCCCO,381.0,0.8754687373538999,0.9507866692606889
Cc1ccccc1,CCCCO,383.2,0.8878912573524571,0.9453280860302564
Cc1ccccc1,CCCCO,389.9,0.8197798314933114,0.9290836810694646
Cc1ccccc1,CCCCO,390.2,0.85015092936961,0.9283693681556917
CCCCC,CCCCO,318.2,1.3428648031925547,1.423616918946511
CCCCC,CCCCO,328.2,1.3480731482996928,1.434997595552906
CCCC#N,CCCCO,293.2,1.410986973710262,1.508656425118094
CCCC#N,CCCCO,298.2,1.3762440252663892,1.4833604103626097
CCCC#N,CCCCO,303.2,1.33500106673234,1.4588986954910292
CCCC#N,CCCCO,308.2,1.269760544863939,1.435230675462648
CCCC#N,CCCCO,313.2,1.235471471385307,1.4123183381452558
CCCC#N,CCCCO,323.2,1.1631508098056809,1.3686204242682836
CCCCCC,CCCCO,318.2,1.5390154481375546,1.528014532052294
CCCCCC,CCCCO,328.2,1.541159071680806,1.4814571768161717
CCCCCC,CCCCO,333.2,1.5282278570085572,1.4592264571197566
CCCCCCCC,CCCCO,318.2,1.7934247485471162,1.8136684406909156
CCCCCCCC,CCCCO,328.2,1.8931119634883424,1.793237102252706
CCOC(C)=O,CCCCO,328.2,0.7371640659767196,0.8210768180538962
CCCCCCC,CCCCO,308.2,1.713797927758343,1.7821786343299408
CCCCCCC,CCCCO,318.2,1.6845453849209058,1.7261706044748997
CCCCCCC,CCCCO,328.2,1.6505798557652755,1.6735756100222292
CCCCCCC,CCCCO,333.2,1.6253112615903906,1.6484619712857833
CCCCCCC,CCCCO,353.2,1.6351056591826785,1.555117719642169
CCCCCCC,CCCCO,363.2,1.5129270120532563,1.5123006633641758
CCCCCCC,CCCCO,373.2,1.5602476682433286,1.4717781935401302
CCOCC,CCCCCO,313.2,0.5068176023684519,0.5659449937289129
CCOCC,CCCCCO,318.2,0.6678293725756554,0.5853776513975208
CCOCC,CCCCCO,323.5,0.5128236264286637,0.6052831323077467
CCOCC,CCCCCO,328.2,0.4637340162321402,0.6223543586373972
CCO,CCCCCO,318.2,0.1570037488096647,0.13953448176586059
CCO,CCCCCO,323.5,0.1133286853070032,0.16631785016985678
CCO,CCCCCO,328.2,0.131028262406404,0.1892429044115852
CO,CCCCCO,313.2,0.1133286853070032,0.21551591047714858
CO,CCCCCO,318.2,0.3001045924503381,0.24045499622573563
CO,CCCCCO,323.5,0.1222176327242491,0.26601144960202516
CO,CCCCCO,328.2,0.1823215567939546,0.2879412258586761
CC(C)=O,CCCCCO,313.2,0.7654678421395714,0.8909319329149176
CC(C)=O,CCCCCO,318.2,0.7275486072772777,0.9052578731710728
CC(C)=O,CCCCCO,323.5,0.688134638736401,0.9199225468979143
CC(C)=O,CCCCCO,328.2,0.7419373447293773,0.9324878410867414
ClC(Cl)Cl,CCCCCO,328.2,0.2776317365982795,0.30286090172977603
c1ccccc1,CCCCCO,313.2,0.9516578757114464,1.0315167031319097
c1ccccc1,CCCCCO,318.2,0.9783261227936078,1.0436336388270318
c1ccccc1,CCCCCO,323.5,0.9162907318741552,1.0560313509509842
c1ccccc1,CCCCCO,328.2,0.9631743177730056,1.0666475984464054
ClCCl,CCCCCO,313.2,0.5653138090500605,0.6942744753250676
ClCCl,CCCCCO,318.2,0.6097655716208943,0.7116906747872134
ClCCl,CCCCCO,323.5,0.5766133643039938,0.7295267819554327
ClCCl,CCCCCO,328.2,0.5877866649021191,0.7448188316426054
CC1CCCC1,CCCCCO,323.5,1.1662709371419244,1.163168631362583
Cc1ccccc1,CCCCCO,313.2,1.0681530811834012,1.0915861892988907
Cc1ccccc1,CCCCCO,318.2,1.1151415906193205,1.0782415476161735
Cc1ccccc1,CCCCCO,323.2,1.029619417181158,1.0652117324059207
Cc1ccccc1,CCCCCO,323.5,1.0508216248317612,1.064439719156919
Cc1ccccc1,CCCCCO,328.2,1.1216775615991057,1.052486054470362
CCCOC(C)=O,CCCCCO,323.5,0.7884573603642703,1.0376049079761767
CCCCC,CCCCCO,313.2,1.3402504226184837,1.409657941666865
CCCCC,CCCCCO,318.2,1.3056264580524355,1.4158329934499707
CCCCC,CCCCCO,323.5,1.3029127521808397,1.4221328415100036
CCCCC,CCCCCO,328.2,1.2612978709452054,1.4275063099427048
CCCCCC,CCCCCO,313.2,1.410986973710262,1.4400029167578645
CCCCCC,CCCCCO,318.2,1.42791603581071,1.445701154102584
CCCCCC,CCCCCO,323.5,1.3762440252663892,1.4515116750663193
CCCCCC,CCCCCO,328.2,1.3029127521808397,1.4564644366807855
CCCCCCCC,CCCCCO,318.2,1.6900958154515549,1.528964461745104
CCCCCCCC,CCCCCO,328.2,1.667706820558076,1.4823781632829602
CCCC=O,CCCCCO,323.5,0.883767540168595,0.9617094816061115
CCOC(C)=O,CCCCCO,323.5,0.7654678421395714,0.8359735832857914
CCCCCCC,CCCCCO,313.2,1.5539252025038417,1.5462309268977492
CCCCCCC,CCCCCO,318.2,1.5282278570085572,1.5502599663182375
CCCCCCC,CCCCCO,323.5,1.4883995840570443,1.5543574735334884
CCCCCCC,CCCCCO,328.2,1.547562508716013,1.5578374339473773
C=CCCCC,CCCCCO,313.2,1.2809338454620642,1.2146330488681416
C=CCCCC,CCCCCO,318.2,1.172482137234565,1.197220413019855
C=CCCCC,CCCCCO,323.5,1.2383742310432684,1.1793004939468852
C=CCCCC,CCCCCO,328.2,1.247032293786383,1.16385259707247
ClC(Cl)(Cl)Cl,c1ccccc1,313.2,0.1222176327242491,0.11448019004687893
ClC(Cl)(Cl)Cl,c1ccccc1,353.3,0.1397619423751586,0.10158553375513435
CCO,c1ccccc1,298.2,2.719978771967484,2.815337001398048
CCO,c1ccccc1,307.3,2.667228206581955,2.745097916567391
CCO,c1ccccc1,307.3,2.653241964607215,2.745097916567391
CCO,c1ccccc1,313.2,2.5572273113676265,2.701428407354536
CCO,c1ccccc1,317.4,2.476538400117484,2.6711905494868717
CCO,c1ccccc1,317.7,2.388762789235098,2.6690569453718935
CCO,c1ccccc1,321.0,2.379546134130174,2.645813328096472
CCO,c1ccccc1,321.0,2.312535423847214,2.645813328096472
CCO,c1ccccc1,337.3,2.0541237336955462,2.5367671412425197
CCO,c1ccccc1,338.2,2.151762203259462,2.5310105691099274
CCO,c1ccccc1,342.4,2.066862759472976,2.5044923145992817
CCO,c1ccccc1,349.0,2.028148247292285,2.4639374206331115
CCO,c1ccccc1,352.2,1.7578579175523736,2.44474854210294
CCO,c1ccccc1,354.2,1.7404661748405046,2.432908113694822
CC(C)=O,c1ccccc1,323.2,0.4885800148186709,0.49383079153971526
CC(C)=O,c1ccccc1,332.2,0.4885800148186709,0.4809337571454303
CC(C)=O,c1ccccc1,349.8,0.4824261492442928,0.45756513970995916
CC(C)=O,c1ccccc1,350.7,0.4700036292457356,0.45643103887405023
CC(C)=O,c1ccccc1,353.3,0.4574248470388755,0.4531861040908567
CC(C)=O,c1ccccc1,353.3,0.418710334858185,0.4531861040908567
ClC(Cl)Cl,c1ccccc1,353.3,-0.1278333715098848,-0.13926206733330837
CC#N,c1ccccc1,298.2,1.1249295969854831,1.209305583702283
CC#N,c1ccccc1,318.2,1.1249295969854831,1.13973347269198
CC#N,c1ccccc1,348.0,1.0473189942805592,1.0497585112434393
CC#N,c1ccccc1,397.9,0.9707789171582248,0.927206363729089
ClCCl,c1ccccc1,348.0,-0.0725706928348353,-0.07477696857745468
ClCCl,c1ccccc1,298.2,-0.1165338162559515,-0.08734667821938102
CCCCCC,c1ccccc1,298.2,0.7466879474879751,0.7849092569849005
CCCCCC,c1ccccc1,313.2,0.6981347220709843,0.7494228588368255
CCCCCC,c1ccccc1,353.3,0.4574248470388755,0.6686144249277548
c1ccncc1,c1ccccc1,313.2,0.2231435513142097,0.2228517862846549
c1ccncc1,c1ccccc1,323.2,0.2231435513142097,0.2222259117493206
c1ccncc1,c1ccccc1,329.7,0.1906203596086497,0.22166704131657788
c1ccncc1,c1ccccc1,351.1,0.1988508587451651,0.21915594570666735
CCCCCCC,c1ccccc1,318.0,0.6523251860396901,0.6729961466339413
CCCCCCC,c1ccccc1,333.2,0.5877866649021191,0.642295256399514
CCCCCCC,c1ccccc1,335.4,0.5364933705145685,0.6380822304351308
CCCCCCC,c1ccccc1,349.4,0.4637340162321402,0.6125151232081782
COC(=O)OC,c1ccccc1,313.2,0.3920420877760237,0.42078763740548975
COC(=O)OC,c1ccccc1,323.2,0.378436435720245,0.40776822153925407
COC(=O)OC,c1ccccc1,333.2,0.3646431135879092,0.3955302829935091
COC(=O)OC,c1ccccc1,343.2,0.3576744442718159,0.3840055108336131
COC(=O)OC,c1ccccc1,363.2,0.3364722366212129,0.3628598380753173
COC(=O)OC,c1ccccc1,373.2,0.3293037471426003,0.3531369079453787
CCOCC,CC#N,388.2,0.9669838461896731,0.990534917358793
Nc1ccccc1,CC#N,393.2,0.4574248470388755,0.39484968562754524
CCO,CC#N,323.2,1.0986122886681098,1.2725437709316165
CCO,CC#N,343.2,0.9321640810304452,1.1983862857791028
CCO,CC#N,393.2,0.5933268452777344,1.0459975227567413
ClC(Cl)Cl,CC#N,318.1,0.2776317365982795,0.30422581046578545
ClC(Cl)Cl,CC#N,328.3,0.2700271372130602,0.29477377678179084
c1ccccc1,CC#N,298.2,1.0647107369924282,1.1232122262528483
c1ccccc1,CC#N,298.2,1.0402767116551463,1.1232122262528483
c1ccccc1,CC#N,298.2,0.9932517730102834,1.1232122262528483
c1ccccc1,CC#N,318.2,1.0818051703517284,1.052614410849109
c1ccccc1,CC#N,333.2,0.9555114450274363,1.005227846635922
c1ccccc1,CC#N,348.0,0.9555114450274363,0.9624768104609135
c1ccccc1,CC#N,373.2,0.8754687373538999,0.8974864611587327
c1ccccc1,CC#N,397.9,0.8372475245337022,0.8417742192466556
ClCCl,CC#N,398.1,0.2468600779315258,0.24189094522129528
C[N+](=O)[O-],CC#N,398.2,-0.0304592074847085,-0.028262241494480984
Cc1ccccc1,CC#N,298.2,1.4422019930581866,1.4633218736743128
Cc1ccccc1,CC#N,298.2,1.3937663759585917,1.4633218736743128
Cc1ccccc1,CC#N,343.2,1.2781522025001877,1.271452968561604
Cc1ccccc1,CC#N,393.2,1.1249295969854831,1.109772939022428
Clc1ccccc1,CC#N,343.2,1.297463147413275,1.4043631511619374
Clc1ccccc1,CC#N,393.2,1.1505720275988207,1.3389740417122717
CCCCC,CC#N,298.2,2.8355635214011694,3.044603433379235
CCCCC,CC#N,313.2,3.056356895370426,2.898789711267163
C=CCCC,CC#N,313.2,2.4239173781615704,2.0940552986059187
CCCCCC,CC#N,298.2,3.1780538303479458,3.2849054796891246
CCCCCC,CC#N,333.2,2.760009940032921,2.9985809035267352
CCCCCC,CC#N,373.2,2.379546134130174,2.7278722177131467
c1ccncc1,CC#N,352.6,0.5596157879354227,0.5742532214658814
CCCCCCCC,CC#N,298.2,3.8480176754522337,4.025760547759431
CCOC(C)=O,CC#N,353.2,0.412109650826833,0.37849894747250035
CCOC(C)=O,CC#N,393.2,0.3920420877760237,0.339994485476238
CC(C)CC(C)(C)C,CC#N,313.2,3.965563772356176,3.7278211673395494
CO,ClCCl,398.2,1.3609765531356006,1.9129145133226906
CC(C)=O,ClCCl,398.2,-0.2613647641344075,-0.4160349807552081
CC(C)=O,ClCCl,348.2,-0.3285040669720361,-0.4757758027940931
CC#N,ClCCl,398.1,0.3074846997479607,0.3008109211027312
C[N+](=O)[O-],ClCCl,348.0,0.5766133643039938,0.604860633895126
C[N+](=O)[O-],ClCCl,398.1,0.5481214085096876,0.528740367702568
Cc1ccccc1,ClCCl,347.9,-0.0943106794712412,-0.08204928790762027
Clc1ccccc1,ClCCl,398.1,0.0676586484738148,0.10132161729092348
CCCCC,ClCCl,348.2,0.9162907318741552,1.0393102324778951
CCCCC,ClCCl,398.2,0.6471032420585384,0.9177354247087139
CCOC(C)=O,ClCCl,398.2,-0.4004775665971252,-0.26792312656579037
CCO,S=C=S,308.4,4.212127597878484,4.221232559858379
CCO,S=C=S,318.7,4.014579593753238,4.086681328027232
CC(C)=O,S=C=S,318.7,1.9726911717329556,1.969375671362688
C[N+](=O)[O-],S=C=S,308.4,3.5409593240373143,3.6186384051553473
C[N+](=O)[O-],S=C=S,318.7,3.4210000089583352,3.5598595850080668
Cc1ccccc1,S=C=S,308.4,0.62057648772511,0.5710326077285244
Cc1ccccc1,S=C=S,318.7,0.5481214085096876,0.6107476909036016
C1COCCO1,S=C=S,308.4,1.269760544863939,1.3257936889045918
C1COCCO1,S=C=S,318.7,1.205970806988609,1.3411157110485066
CCO,C[N+](=O)[O-],348.2,1.4701758451005926,1.9023652629300536
CCO,C[N+](=O)[O-],398.2,0.959350221334602,1.6917679913064578
CO,C[N+](=O)[O-],388.2,1.0402767116551463,1.4043227096693751
c1ccccc1,C[N+](=O)[O-],333.2,1.0647107369924282,1.115994203277605
c1ccccc1,C[N+](=O)[O-],358.9,1.118414915964289,1.0360805047518207
c1ccccc1,C[N+](=O)[O-],371.5,0.9745596399981308,1.0009402524832245
c1ccccc1,C[N+](=O)[O-],373.2,0.9555114450274363,0.9963807748395861
CC#N,C[N+](=O)[O-],398.2,0.0392207131532813,0.03291110363213459
ClCCl,C[N+](=O)[O-],348.0,0.4762341789963717,0.43564615006698326
ClCCl,C[N+](=O)[O-],398.1,0.4382549309311553,0.3808210647078553
Cc1ccccc1,C[N+](=O)[O-],353.2,1.4182774069729414,1.425408213441688
CCCCCC,C[N+](=O)[O-],298.2,3.871201010907891,3.9560070323563425
CCCCCC,C[N+](=O)[O-],333.2,3.091042453358316,3.540462794507713
CCCCCC,C[N+](=O)[O-],373.2,2.4849066497880004,3.160993937449544
CCOC(C)=O,C[N+](=O)[O-],398.2,0.378436435720245,0.3736842295952063
CCCC#N,CC(C)(C)O,308.2,1.1151415906193205,1.2240233191719263
CCCC#N,CC(C)(C)O,313.2,1.0577902941478543,1.2044827374993055
CCCC#N,CC(C)(C)O,318.2,1.0224509277025455,1.185556252557026
CCCC#N,CC(C)(C)O,323.2,0.9631743177730056,1.1672153636082725
CCCCCC,CC(C)(C)O,313.2,1.2919836816486494,1.2814033199974888
CCCCCC,CC(C)(C)O,322.8,1.1969481893889715,1.2432947125949196
CCCC#N,CC(C)CO,293.2,1.601405740736836,1.657433613850101
CCCC#N,CC(C)CO,298.2,1.4883995840570443,1.629643020968631
CCCC#N,CC(C)CO,303.2,1.415853163361435,1.602769002580235
CCCC#N,CC(C)CO,308.2,1.3428648031925547,1.576766949388394
CCCC#N,CC(C)CO,313.2,1.2556160374777745,1.5515951007027664
CCCC#N,CC(C)CO,323.2,1.128171090909654,1.5035878950603718
CCCC#N,CCC(C)O,293.2,1.55814461804655,1.8378317827427362
CCCC#N,CCC(C)O,298.2,1.5238800240724537,1.8070164182464574
CCCC#N,CCC(C)O,303.2,1.3609765531356006,1.7772173892591445
CCCC#N,CCC(C)O,308.2,1.3110318766193438,1.7483852311825239
CCCC#N,CCC(C)O,313.2,1.1939224684724346,1.7204736380663763
CCCC#N,CCC(C)O,323.2,1.0647107369924282,1.6672412502040697
ClC(Cl)(Cl)Cl,CNC(C)=O,331.9,1.1908875647772803,1.1636923854545926
CCOCC,CNC(C)=O,333.2,1.4011829736136412,1.398429448416043
CCO,CNC(C)=O,318.4,-0.1392620673335076,-0.11811090034453561
CCO,CNC(C)=O,332.8,-0.1625189294977749,-0.11300033220225572
CO,CNC(C)=O,398.6,-0.3566749439387324,-0.27238900071160055
CO,CNC(C)=O,332.8,-0.3285040669720361,-0.32624476830181953
CC(C)O,CNC(C)=O,333.3,-0.0725706928348353,-0.023340285208320526
CC(C)=O,CNC(C)=O,333.2,0.6523251860396901,0.6738141172215564
ClC(Cl)Cl,CNC(C)=O,333.1,-0.2876820724517809,-0.10985082311583572
CCCCO,CNC(C)=O,333.2,-0.0304592074847085,0.1573595020973058
c1ccccc1,CNC(C)=O,333.3,1.091923300517313,1.158296473903364
CC#N,CNC(C)=O,333.2,0.6575200029167941,0.6824697816289019
CC=O,CNC(C)=O,333.2,0.6523251860396901,0.6779759239285477
ClCCl,CNC(C)=O,333.2,0.048790164169432,0.0551962787835002
CC(C)CO,CNC(C)=O,333.2,-0.0304592074847085,0.009508674559409366
CC(C)CO,CNC(C)=O,333.2,-0.0304592074847085,0.009508674559409366
ClC=C(Cl)Cl,CNC(C)=O,333.2,0.8878912573524571,0.8732198263547565
CCc1ccccc1,CNC(C)=O,331.9,1.572773928062509,1.5690510222414749
ClCCCl,CNC(C)=O,333.2,0.494696241836107,0.4915675578038198
CC(C)OC(C)C,CNC(C)=O,333.2,1.8468787684491343,1.840720139817893
CC1CCCCC1,CNC(C)=O,333.2,2.3646204839134985,2.3303836175252957
Cc1ccccc1,CNC(C)=O,333.2,1.2864740258376797,1.2853495888257314
CCCOC(C)=O,CNC(C)=O,333.2,1.1151415906193205,1.1232171324890277
CCCCC,CNC(C)=O,333.2,2.3841650799864684,2.383046389860146
C1CCOC1,CNC(C)=O,333.1,0.7227059828014898,0.7194253270508645
CCCCCC,CNC(C)=O,333.8,2.543961412569315,2.5446722385784244
c1ccncc1,CNC(C)=O,398.6,0.4252677354043441,0.5610132261700257
CCCCOC(C)=O,CNC(C)=O,333.2,1.2412685890696329,1.2643637566934318
C1COCCO1,CNC(C)=O,333.3,0.8329091229351039,0.8576061564889987
CCOC(C)=O,CNC(C)=O,331.9,1.000631880307906,1.0040129786946048
CCCCCCC,CNC(C)=O,333.2,2.7744619666214616,2.761283621001845
COC(C)(C)C,CNC(C)=O,333.2,1.430311246536665,1.4247905132116028
CCOCC,CCOC(=O)c1ccccc1C(=O)OCC,323.2,0.378436435720245,0.3717451108975108
CCOCC,CCOC(=O)c1ccccc1C(=O)OCC,333.2,0.378436435720245,0.3651982740842276
CCO,CCOC(=O)c1ccccc1C(=O)OCC,323.2,0.8754687373538999,0.9429542773222684
CCO,CCOC(=O)c1ccccc1C(=O)OCC,333.2,0.7929925155296614,0.9146543495532866
CO,CCOC(=O)c1ccccc1C(=O)OCC,323.2,0.7929925155296614,0.8519841935189335
CO,CCOC(=O)c1ccccc1C(=O)OCC,333.2,0.7227059828014898,0.8264144561335818
CC(C)O,CCOC(=O)c1ccccc1C(=O)OCC,323.2,0.8671004876833833,0.9462947003341716
CC(C)O,CCOC(=O)c1ccccc1C(=O)OCC,333.2,0.7747271675523681,0.9178945199323922
CC(C)=O,CCOC(=O)c1ccccc1C(=O)OCC,323.2,-0.0618754037180875,-0.058972660592539784
CC(C)=O,CCOC(=O)c1ccccc1C(=O)OCC,333.2,-0.0618754037180875,-0.05720277275869257
ClC(Cl)Cl,CCOC(=O)c1ccccc1C(=O)OCC,333.2,-0.7133498878774648,-0.6814935632063148
ClC(Cl)Cl,CCOC(=O)c1ccccc1C(=O)OCC,323.2,-0.7550225842780328,-0.7368322624077022
CCCO,CCOC(=O)c1ccccc1C(=O)OCC,323.2,0.85015092936961,0.9390756768757876
CCCO,CCOC(=O)c1ccccc1C(=O)OCC,333.2,0.7608058290337602,0.9108921534908131
c1ccccc1,CCOC(=O)c1ccccc1C(=O)OCC,323.2,-0.083381608939051,-0.07365815612529647
c1ccccc1,CCOC(=O)c1ccccc1C(=O)OCC,333.2,-0.083381608939051,-0.06498058395180573
CC=O,CCOC(=O)c1ccccc1C(=O)OCC,323.2,-0.1053605156578262,-0.08988630927696231
CC=O,CCOC(=O)c1ccccc1C(=O)OCC,333.2,-0.1053605156578262,-0.08718864079374869
ClCCl,CCOC(=O)c1ccccc1C(=O)OCC,333.2,-0.616186139423817,-0.6136654982832527
ClCCl,CCOC(=O)c1ccccc1C(=O)OCC,323.2,-0.6348782724359695,-0.6326526793323325
CCCC(C)=O,CCOC(=O)c1ccccc1C(=O)OCC,323.2,0.0,-0.009578847314651693
CCCC(C)=O,CCOC(=O)c1ccccc1C(=O)OCC,333.2,0.009950330853168,-0.009291366901443871
CC(C)OC(C)C,CCOC(=O)c1ccccc1C(=O)OCC,323.2,0.8109302162163288,0.8063161954340884
CC(C)OC(C)C,CCOC(=O)c1ccccc1C(=O)OCC,333.2,0.7929925155296614,0.7971005490927051
Cc1ccccc1,CCOC(=O)c1ccccc1C(=O)OCC,323.2,0.0861776962410524,0.07781398147301523
Cc1ccccc1,CCOC(=O)c1ccccc1C(=O)OCC,333.2,0.0861776962410524,0.07547862799661942
CCCCC,CCOC(=O)c1ccccc1C(=O)OCC,323.2,1.3001916620664788,1.3044606732588866
CCCCC,CCOC(=O)c1ccccc1C(=O)OCC,333.2,1.252762968495368,1.2653112369692383
C=CCCC,CCOC(=O)c1ccccc1C(=O)OCC,323.2,0.9001613499442714,0.8941701862355438
C=CCCC,CCOC(=O)c1ccccc1C(=O)OCC,333.2,0.8712933659434193,0.8673343645185512
C1CCOC1,CCOC(=O)c1ccccc1C(=O)OCC,323.2,-0.2231435513142097,-0.22408624660965015
C1CCOC1,CCOC(=O)c1ccccc1C(=O)OCC,333.2,-0.2107210313156525,-0.21342394434004996
CCCCCC,CCOC(=O)c1ccccc1C(=O)OCC,323.2,1.463255402256019,1.4719054623463408
CCCCCC,CCOC(=O)c1ccccc1C(=O)OCC,333.2,1.4085449700547104,1.4277306870045818
CCCCCCCC,CCOC(=O)c1ccccc1C(=O)OCC,323.2,1.7833912195575383,1.798411562570907
CCCCCCCC,CCOC(=O)c1ccccc1C(=O)OCC,333.2,1.713797927758343,1.744437722236408
C=CCCCCCC,CCOC(=O)c1ccccc1C(=O)OCC,323.2,1.358409157630355,1.3563951513714534
C=CCCCCCC,CCOC(=O)c1ccccc1C(=O)OCC,333.2,1.3137236682850553,1.3156870615711243
CCCCCCC,CCOC(=O)c1ccccc1C(=O)OCC,323.2,1.623340817603092,1.6307385387752193
CCCCCCC,CCOC(=O)c1ccccc1C(=O)OCC,333.2,1.5602476682433286,1.5817968811266545
C=CCCCC,CCOC(=O)c1ccccc1C(=O)OCC,323.2,1.0543120297715298,1.048772093796546
C=CCCCC,CCOC(=O)c1ccccc1C(=O)OCC,333.2,1.0224509277025455,1.017296366882891
COC(C)(C)C,CCOC(=O)c1ccccc1C(=O)OCC,323.2,0.4510756193602167,0.4447020790655929
COC(C)(C)C,CCOC(=O)c1ccccc1C(=O)OCC,333.2,0.4446858212614457,0.43833692718510786
CCOCC,CCOC(=O)c1ccccc1,333.2,0.262364264467491,0.2689326084368556
CCOCC,CCOC(=O)c1ccccc1,343.2,0.2700271372130602,0.2744914926213744
c1ccccc1,CCOC(=O)c1ccccc1,333.2,-0.0408219945202551,-0.03896502322335887
c1ccccc1,CCOC(=O)c1ccccc1,343.2,-0.0304592074847085,-0.03782967869836747
CC1CCCC1,CCOC(=O)c1ccccc1,333.2,0.7466879474879751,0.7439898379568601
CC1CCCC1,CCOC(=O)c1ccccc1,343.2,0.7275486072772777,0.7223118240816049
CCc1ccccc1,CCOC(=O)c1ccccc1,333.2,0.0676586484738148,0.08235495234054598
CCc1ccccc1,CCOC(=O)c1ccccc1,343.2,0.0582689081239758,0.07995533263506188
Cc1ccc(C)cc1,CCOC(=O)c1ccccc1,333.2,0.1133286853070032,0.11230936086603882
Cc1ccc(C)cc1,CCOC(=O)c1ccccc1,343.2,0.1222176327242491,0.1192915881819564
CCCC(C)C,CCOC(=O)c1ccccc1,333.2,1.0473189942805592,1.0393366832213253
CCCC(C)C,CCOC(=O)c1ccccc1,343.2,1.029619417181158,1.0120336745643463
CC(C)OC(C)C,CCOC(=O)c1ccccc1,333.2,0.5481214085096876,0.5637161782634168
CC(C)OC(C)C,CCOC(=O)c1ccccc1,343.2,0.5653138090500605,0.5720181740928934
CC1CCCCC1,CCOC(=O)c1ccccc1,333.2,0.7929925155296614,0.8034014856575791
CC1CCCCC1,CCOC(=O)c1ccccc1,343.2,0.7608058290337602,0.7799923653532679
Cc1ccccc1,CCOC(=O)c1ccccc1,333.2,0.0295588022415444,0.03915394146445561
Cc1ccccc1,CCOC(=O)c1ccccc1,343.2,0.0295588022415444,0.03903159290892405
CCCCC,CCOC(=O)c1ccccc1,333.2,0.9745596399981308,0.9829025021295545
CCCCC,CCOC(=O)c1ccccc1,343.2,0.959350221334602,0.965656364056539
C=CCCC,CCOC(=O)c1ccccc1,333.2,0.6418538861723947,0.6374878158200116
C=CCCC,CCOC(=O)c1ccccc1,343.2,0.6312717768418578,0.6232785873197033
CCCCCC,CCOC(=O)c1ccccc1,333.2,1.0331844833456545,1.0294703764984148
CCCCCC,CCOC(=O)c1ccccc1,343.2,1.0043016091968684,0.9994741777944556
CCCCCCCC,CCOC(=O)c1ccccc1,333.2,1.1249295969854831,1.1411513287482522
CCCCCCCC,CCOC(=O)c1ccccc1,343.2,1.085189268335969,1.107901029629161
C=CCCCCCC,CCOC(=O)c1ccccc1,333.2,0.7975071958841882,0.7909760333991049
C=CCCCCCC,CCOC(=O)c1ccccc1,343.2,0.7793248768009977,0.767928959595462
CCCCCCC,CCOC(=O)c1ccccc1,333.2,1.0818051703517284,1.0818281882390863
CCCCCCC,CCOC(=O)c1ccccc1,343.2,1.0508216248317612,1.050447567330289
C1CCCC1,CCOC(=O)c1ccccc1,333.2,0.598836501088704,0.6053430479755009
C1CCCC1,CCOC(=O)c1ccccc1,343.2,0.5822156198526637,0.5908242259611257
C=CCCCC,CCOC(=O)c1ccccc1,333.2,0.7030975114131134,0.703785560918629
C=CCCCC,CCOC(=O)c1ccccc1,343.2,0.688134638736401,0.6901920008069001
COC(C)(C)C,CCOC(=O)c1ccccc1,333.2,0.3074846997479607,0.30637254916340495
COC(C)(C)C,CCOC(=O)c1ccccc1,343.2,0.3148107398400336,0.31162012232865743
CCCCCC,CC(=O)c1ccccc1,298.2,1.908059924924216,1.8729438501521214
c1ccccc1,O=[N+]([O-])c1ccccc1,298.2,0.3435897043900768,0.2542478075671424
c1ccccc1,O=[N+]([O-])c1ccccc1,333.2,0.0953101798043249,0.22754110901134858
c1ccccc1,O=[N+]([O-])c1ccccc1,373.2,0.0,0.20315299760489558
CCCCCC,O=[N+]([O-])c1ccccc1,298.2,2.1004689088719117,2.0084212712539737
CCCCCC,O=[N+]([O-])c1ccccc1,298.2,2.10900034392138,2.0084212712539737
CCCCCC,O=[N+]([O-])c1ccccc1,333.2,1.62924053973028,1.7974530536369466
CCCCCC,O=[N+]([O-])c1ccccc1,373.2,1.308332819650179,1.6048003027463908
CCC#N,CCc1ccccc1,393.2,0.8020015854720274,0.8107798776198033
Cc1ccccc1,N#Cc1ccccc1,353.2,0.2776317365982795,0.29567592630628425
c1ccccc1,Cc1ccc(C)cc1,313.2,-0.1278333715098848,0.06651033029505804
c1ccccc1,Cc1ccc(C)cc1,323.2,-0.1625189294977749,0.0994081078834903
c1ccccc1,Cc1ccc(C)cc1,333.2,-0.0202027073175194,0.129206652846783
CCCCCC,Cc1ccc(C)cc1,313.2,0.2231435513142097,0.4673909341273705
CCCCCC,Cc1ccc(C)cc1,313.2,0.3852624007906449,0.4673909341273705
CCCCCC,Cc1ccc(C)cc1,323.2,0.1823215567939546,0.5084645892523301
CCCCCC,Cc1ccc(C)cc1,333.2,0.131028262406404,0.5467908414524766
CCCCCCCC,Cc1ccc(C)cc1,313.2,0.3646431135879092,0.3693251272097466
CCCCCCC,Cc1ccc(C)cc1,313.2,0.3435897043900768,0.30035669203118226
CCCCCCC,Cc1ccc(C)cc1,323.2,0.1570037488096647,0.29106347932462373
CCCCCCC,Cc1ccc(C)cc1,333.2,0.0953101798043249,0.28232808239912577
ClC(Cl)(Cl)Cl,ClCCCl,313.2,0.598836501088704,0.6245010884896881
ClC(Cl)(Cl)Cl,ClCCCl,318.4,0.5653138090500605,0.6143019546393009
ClC(Cl)(Cl)Cl,ClCCCl,328.2,0.5822156198526637,0.5959590034729492
ClC(Cl)(Cl)Cl,ClCCCl,337.2,0.5007752879124892,0.5800526309844414
ClC(Cl)(Cl)Cl,ClCCCl,355.0,0.4382549309311553,0.5509683132807077
CO,ClCCCl,337.2,1.935859813201812,2.2316222505548806
CO,ClCCCl,355.0,1.7047480922384253,2.2096803832109417
CC(C)=O,ClCCCl,354.7,-0.2484613592984996,-0.2358326029993073
CC(C)=O,ClCCCl,356.7,-0.1165338162559515,-0.2345103005943447
CC(C)=O,ClCCCl,337.2,-0.2484613592984996,-0.24807184120756107
c1ccccc1,ClCCCl,337.2,0.0582689081239758,0.12376033574857657
c1ccccc1,ClCCCl,355.0,0.0392207131532813,0.11755488838285076
c1ccccc1,ClCCCl,356.7,0.0676586484738148,0.11699463243755956
CC#N,ClCCCl,343.9,0.371563556432483,0.37338240356139735
CC#N,ClCCCl,355.9,0.3576744442718159,0.36767682117160955
C[N+](=O)[O-],ClCCCl,355.3,0.4885800148186709,0.5444042056185778
CC[N+](=O)[O-],ClCCCl,354.2,0.3293037471426003,0.34373829797299527
C1CCOC1,ClCCCl,343.2,-0.3285040669720361,-0.28689219342608396
CCCCCC,ClCCCl,298.2,1.7047480922384253,1.6315185170130837
CCCCCC,ClCCCl,318.5,1.383791230901772,1.6423047649461566
CCCCCC,ClCCCl,337.2,1.2781522025001877,1.6502514195902327
CCCCCC,ClCCCl,354.2,1.1019400787607845,1.6556564752611356
CCCCCCC,ClCCCl,337.2,1.3506671834767394,1.4870792883682549
CCCCCCC,ClCCCl,354.2,1.1314021114911006,1.4157062937054785
c1ccccc1,CCC#N,333.2,0.3920420877760237,0.4740454652533578
c1ccccc1,CCC#N,373.2,0.3364722366212129,0.4232367486938209
CCc1ccccc1,CCC#N,393.2,0.6931471805599453,0.7282600994580168
CCCCCC,CCC#N,298.2,2.322387720290225,2.3901472417754293
CCCCCC,CCC#N,313.2,2.624668592163159,2.3619868258162313
CCCCCC,CCC#N,333.2,2.0014800002101243,2.327665508978104
CCCCCC,CCC#N,373.2,1.7047480922384253,2.2657866602578203
CCCCCCC,CC(C)OC(C)C,333.2,0.0198026272961797,0.0646793824284844
CCCCCCC,CC(C)OC(C)C,343.2,0.048790164169432,0.06279478511139283
Nc1ccccc1,Cc1cccc(O)c1,453.2,-0.3011050927839216,-0.40804518344728
Nc1ccccc1,Cc1cccc(O)c1,453.2,-0.2484613592984996,-0.40804518344728
Nc1ccccc1,Cc1cccc(O)c1,437.9,-0.3011050927839216,-0.42275369623352255
Nc1ccccc1,Cc1cccc(O)c1,437.9,-0.2876820724517809,-0.42275369623352255
Nc1ccccc1,Cc1cccc(O)c1,438.2,-0.3011050927839216,-0.42245510951501963
Nc1ccccc1,Cc1cccc(O)c1,422.9,-0.4307829160924542,-0.4382408762238127
Nc1ccccc1,Cc1cccc(O)c1,422.9,-0.371063681390832,-0.4382408762238127
Nc1ccccc1,Cc1cccc(O)c1,423.2,-0.371063681390832,-0.4379200208885793
Nc1ccccc1,Cc1cccc(O)c1,408.2,-0.4155154439616658,-0.454560171687973
CCOCC,Cc1ccccc1,293.2,0.1133286853070032,0.05263025532874649
CCOCC,Cc1ccccc1,303.2,0.009950330853168,0.050901055532860465
CCOCC,Cc1ccccc1,303.2,0.1133286853070032,0.050901055532860465
CCOCC,Cc1ccccc1,313.2,0.0198026272961797,0.04928186905794567
CCOCC,Cc1ccccc1,313.2,0.2151113796169455,0.04928186905794567
CCO,Cc1ccccc1,293.2,2.8892600290434745,2.934275435995576
CCO,Cc1ccccc1,293.2,2.91235066461494,2.934275435995576
CCO,Cc1ccccc1,293.2,2.9391619220655967,2.934275435995576
CCO,Cc1ccccc1,298.2,2.7363136663750693,2.893110938168302
CCO,Cc1ccccc1,301.5,2.7013612129514133,2.86658017840782
CCO,Cc1ccccc1,301.8,2.70805020110221,2.864192814834173
CCO,Cc1ccccc1,303.2,2.827905162910489,2.8531050501748627
CCO,Cc1ccccc1,303.2,2.797281334830153,2.8531050501748627
CCO,Cc1ccccc1,303.2,2.719319793360441,2.8531050501748627
CCO,Cc1ccccc1,303.2,2.6878474937846906,2.8531050501748627
CCO,Cc1ccccc1,313.2,2.7013612129514133,2.7763746961891926
CCO,Cc1ccccc1,313.2,2.644755350729896,2.7763746961891926
CCO,Cc1ccccc1,313.2,2.602689685444384,2.7763746961891926
CCO,Cc1ccccc1,313.2,2.379546134130174,2.7763746961891926
CCO,Cc1ccccc1,323.2,2.468099531471619,2.703722654042328
CCO,Cc1ccccc1,323.2,2.4423470353692043,2.703722654042328
CCO,Cc1ccccc1,333.2,2.295560478057081,2.634826334894138
CCO,Cc1ccccc1,334.0,2.2082744135228043,2.6294680149926037
CCO,Cc1ccccc1,334.2,2.2192034840549946,2.628131883239581
CCO,Cc1ccccc1,342.7,1.9387416595767009,2.5725902424010596
CCO,Cc1ccccc1,353.7,1.8082887711792652,2.5041441825997954
CCO,Cc1ccccc1,354.2,1.840549633397487,2.501120413424125
CCO,Cc1ccccc1,381.0,1.47932922708708,2.349179582605781
CO,Cc1ccccc1,293.2,3.094219220268645,3.0423749755819816
CO,Cc1ccccc1,293.2,3.139832617527748,3.0423749755819816
CO,Cc1ccccc1,293.2,3.2347491740244907,3.0423749755819816
CO,Cc1ccccc1,303.2,2.9172300453990334,2.95872241853467
CO,Cc1ccccc1,303.2,2.9444389791664403,2.95872241853467
CO,Cc1ccccc1,303.2,3.054001181677967,2.95872241853467
CO,Cc1ccccc1,313.2,2.8535925063928684,2.8796276596987127
CO,Cc1ccccc1,313.2,2.856470206220483,2.8796276596987127
CO,Cc1ccccc1,313.2,2.8678989020441064,2.8796276596987127
CO,Cc1ccccc1,323.2,2.714694743820879,2.804719912181346
CO,Cc1ccccc1,381.0,1.6094379124341005,2.43890780183919
CO,Cc1ccccc1,382.2,1.763017000362401,2.4323324733119094
CC(C)O,Cc1ccccc1,303.2,2.423031246069913,2.5228983342158617
CC(C)O,Cc1ccccc1,313.2,2.35232718488886,2.4559023640759152
CC(C)=O,Cc1ccccc1,293.2,0.6780335427498971,0.7334991942599182
CC(C)=O,Cc1ccccc1,293.2,0.6678293725756554,0.7334991942599182
CC(C)=O,Cc1ccccc1,303.2,0.6729444732424258,0.7105923498792498
CC(C)=O,Cc1ccccc1,303.2,0.6575200029167941,0.7105923498792498
CC(C)=O,Cc1ccccc1,313.2,0.7323678937132266,0.6890731626593158
CC(C)=O,Cc1ccccc1,313.2,0.5596157879354227,0.6890731626593158
ClC(Cl)Cl,Cc1ccccc1,318.2,-0.2484613592984996,-0.22762539855157365
ClC(Cl)Cl,Cc1ccccc1,313.2,-0.1863295781914934,-0.23132229170715263
ClC(Cl)Cl,Cc1ccccc1,303.2,-0.1392620673335076,-0.23908842095216312
CCCO,Cc1ccccc1,313.2,2.4336133554004498,2.562684876829115
CCCO,Cc1ccccc1,323.2,2.2925347571405443,2.483394136209302
CCCCO,Cc1ccccc1,373.2,1.2864740258376797,1.420179872043224
CCCCO,Cc1ccccc1,383.2,1.1568811967920856,1.38311885752671
CCCCCO,Cc1ccccc1,373.2,1.1631508098056809,1.3043899240768135
CCCCCO,Cc1ccccc1,383.2,1.0647107369924282,1.2703505596634899
CC#N,Cc1ccccc1,343.2,1.2412685890696329,1.1738758990818052
CC#N,Cc1ccccc1,393.2,1.085189268335969,1.0352938923725556
ClCCl,Cc1ccccc1,293.2,-0.1625189294977749,-0.1863295781915045
ClCCl,Cc1ccccc1,298.2,-0.2107210313156525,-0.18316242949773887
ClCCl,Cc1ccccc1,303.2,-0.1743533871447778,-0.1801011486698192
ClCCl,Cc1ccccc1,313.2,0.0,-0.17427564447784727
ClCCl,Cc1ccccc1,347.9,-0.1278333715098848,-0.15668892146990004
C[N+](=O)[O-],Cc1ccccc1,343.2,1.366091653802371,1.2158583015391193
C[N+](=O)[O-],Cc1ccccc1,353.2,1.3056264580524355,1.1814342622796892
CCCCC,Cc1ccccc1,293.2,0.6043159668533296,0.5412414533691059
CCCCC,Cc1ccccc1,293.2,0.6151856390902335,0.5412414533691059
CCCCC,Cc1ccccc1,298.2,0.5187937934151675,0.5325281329618873
CCCCC,Cc1ccccc1,303.2,0.4762341789963717,0.5240909350903167
CCCCC,Cc1ccccc1,303.2,0.5766133643039938,0.5240909350903167
CCCCC,Cc1ccccc1,313.2,0.4574248470388755,0.507994013420284
CCCCC,Cc1ccccc1,313.2,0.6678293725756554,0.507994013420284
CCCCCC,Cc1ccccc1,293.2,0.6259384308664954,0.5708358890642566
CCCCCC,Cc1ccccc1,293.2,0.7419373447293773,0.5708358890642566
CCCCCC,Cc1ccccc1,298.2,0.5538851132264376,0.5616669321677445
CCCCCC,Cc1ccccc1,303.2,0.5709795465857378,0.5527878934735133
CCCCCC,Cc1ccccc1,303.2,0.6151856390902335,0.5527878934735133
CCCCCC,Cc1ccccc1,313.2,0.4824261492442928,0.5358462481689731
CCCCCC,Cc1ccccc1,313.2,0.6575200029167941,0.5358462481689731
c1ccncc1,Cc1ccccc1,298.2,0.4824261492442928,0.5898396546785499
c1ccncc1,Cc1ccccc1,303.2,0.5653138090500605,0.6098608436340696
c1ccncc1,Cc1ccccc1,303.2,0.4637340162321402,0.6098608436340696
c1ccncc1,Cc1ccccc1,308.2,0.4637340162321402,0.6292086291305954
c1ccncc1,Cc1ccccc1,313.2,0.4700036292457356,0.6479009002016272
c1ccncc1,Cc1ccccc1,313.2,0.4382549309311553,0.6479009002016272
c1ccncc1,Cc1ccccc1,323.2,0.3920420877760237,0.6833896074670949
c1ccncc1,Cc1ccccc1,333.2,0.371563556432483,0.7164661962805113
c1ccncc1,Cc1ccccc1,373.2,0.29266961396282,0.827278714019225
CCCCCCCC,Cc1ccccc1,333.2,0.3920420877760237,0.4872993590889824
CCOC(C)=O,Cc1ccccc1,362.7,0.1906203596086497,0.174486334030918
CCOC(C)=O,Cc1ccccc1,380.9,0.1823215567939546,0.16614910393872087
C=CCCCC,Cc1ccccc1,293.2,0.378436435720245,0.33606390665805663
C=CCCCC,Cc1ccccc1,303.2,0.2851789422336624,0.32525020869378185
C=CCCCC,Cc1ccccc1,303.2,0.3576744442718159,0.32525020869378185
C=CCCCC,Cc1ccccc1,313.2,0.262364264467491,0.31511074175496645
C=CCCCC,Cc1ccccc1,313.2,0.4382549309311553,0.31511074175496645
Nc1ccccc1,Clc1ccccc1,393.2,0.6043159668533296,0.7729750463411703
CC(C)=O,Clc1ccccc1,386.7,0.3987761199573678,0.387703048909276
CC#N,Clc1ccccc1,343.2,1.1118575154181305,1.1387370059105593
CC#N,Clc1ccccc1,393.2,0.9895411936137476,1.038007513238464
ClCCl,Clc1ccccc1,398.1,0.0676586484738148,0.04726336625751481
CCOC(C)=O,Clc1ccccc1,393.2,0.131028262406404,0.14197718315411145
ClC(Cl)(Cl)Cl,Oc1ccccc1,343.2,1.4327007339340465,1.391570196887391
ClC(Cl)(Cl)Cl,Oc1ccccc1,358.2,1.4060969884160703,1.4084482009710229
ClC(Cl)(Cl)Cl,Oc1ccccc1,373.2,1.358409157630355,1.4234262262290918
c1ccccc1,Oc1ccccc1,333.2,0.9162907318741552,1.0518308265621967
c1ccccc1,Oc1ccccc1,343.2,0.9631743177730056,1.0463672719782644
c1ccccc1,Oc1ccccc1,353.2,0.7466879474879751,1.0403205132519053
c1ccccc1,Oc1ccccc1,358.2,0.9282193027394288,1.0371071103275051
c1ccccc1,Oc1ccccc1,373.2,0.7884573603642703,1.0268265363625697
c1ccccc1,Oc1ccccc1,373.2,0.9122827104766164,1.0268265363625697
CC1CCCC1,Oc1ccccc1,358.2,2.0412203288596382,2.0372099749857147
CC1CCCC1,Oc1ccccc1,373.2,2.033397603178429,1.955328719969726
Cc1ccc(C)cc1,Oc1ccccc1,373.2,1.169381359556317,1.1421536495424895
ClCCCl,Oc1ccccc1,343.2,0.7608058290337602,0.7655431686198665
ClCCCl,Oc1ccccc1,358.2,0.7080357930536959,0.8086367082010811
ClCCCl,Oc1ccccc1,373.2,0.7080357930536959,0.8477229126541885
CC1CCCCC1,Oc1ccccc1,343.2,2.244955980157409,2.3126126282359754
CC1CCCCC1,Oc1ccccc1,358.2,2.157559320943788,2.2909213933096733
CC1CCCCC1,Oc1ccccc1,373.2,2.134166441369082,2.2704307536424384
Cc1ccccc1,Oc1ccccc1,343.2,1.0986122886681098,1.13564835399178
Cc1ccccc1,Oc1ccccc1,358.2,1.0612565021243408,1.1632432515767948
Cc1ccccc1,Oc1ccccc1,373.2,1.043804052173115,1.1880766352890406
CCCCCl,Oc1ccccc1,358.2,1.1786549963416462,1.1754861112804686
CCCCCl,Oc1ccccc1,373.2,1.1568811967920856,1.128239930130107
CCCCCC,Oc1ccccc1,328.2,2.6651427000909336,2.5662245092190457
CCCCCC,Oc1ccccc1,333.2,2.4849066497880004,2.527715863471761
CCCCCC,Oc1ccccc1,343.2,2.553343811341229,2.4540646978166727
CCCCCC,Oc1ccccc1,358.2,2.4932054526026954,2.351298467547808
CCCCCC,Oc1ccccc1,373.2,2.163323025660538,2.2567931575910776
CCCCCC,Oc1ccccc1,373.2,2.4595888418037104,2.2567931575910776
CCCCCCCC,Oc1ccccc1,358.2,2.714694743820879,2.729330288469408
CCCCCCCC,Oc1ccccc1,373.2,2.649714624089247,2.6196309026919975
C=CCCCCCC,Oc1ccccc1,358.2,2.2793164660546914,2.2809613402166544
C=CCCCCCC,Oc1ccccc1,373.2,2.233235014859253,2.1892830652845268
CCCCCCC,Oc1ccccc1,343.2,2.696652156149841,2.7355112243469013
CCCCCCC,Oc1ccccc1,358.2,2.6004649904222727,2.6961108908705973
CCCCCCC,Oc1ccccc1,373.2,2.550226115908643,2.6593347876440045
C1CCCCCC1,Oc1ccccc1,358.2,2.004179057179289,1.9888680381522577
C1CCCCCC1,Oc1ccccc1,373.2,1.9851308622085944,1.9089297764803672
C=CCCCC,Oc1ccccc1,358.2,2.061786606441115,2.032691829279105
C=CCCCC,Oc1ccccc1,373.2,2.0425181875752383,1.9509921707659676
CCC1CCCCC1,Oc1ccccc1,358.2,2.281361456542419,2.282913953698424
CCC1CCCCC1,Oc1ccccc1,373.2,2.201659174404085,2.1911571980124336
CCO,CCCCC,323.7,3.49650756146648,3.7879938826984247
CCO,CCCCC,338.7,3.044522437723423,3.6997957102551644
CCO,CCCCC,339.2,3.1354942159291497,3.6969813473940403
CC(C)=O,CCCCC,298.2,2.0781907597781832,2.4967284180446425
CC(C)=O,CCCCC,303.2,1.955860479908481,2.46539550856071
ClCCl,CCCCC,398.2,0.4574248470388755,0.6596373731612369
CC(C)=O,CCCCCl,326.7,0.4252677354043441,0.4671410507904981
CC(C)=O,CCCCCl,343.2,0.3506568716131693,0.44468235329747896
CC(C)=O,CCCCCl,350.8,0.3364722366212129,0.435048416928498
CCO,CCCC#N,293.2,1.3217558399823195,1.3627580474035457
CCO,CCCC#N,298.2,1.252762968495368,1.3399083424433504
CCO,CCCC#N,298.2,1.2669476034873244,1.3399083424433504
CCO,CCCC#N,303.2,1.2119409739751128,1.3178122546506095
CCO,CCCC#N,308.2,1.181727195378616,1.296433105768233
CCO,CCCC#N,313.2,1.1378330018213911,1.2757365596966828
CCO,CCCC#N,323.2,1.075002423028976,1.2362645553618032
CO,CCCC#N,298.2,1.229640551074514,1.288101875656034
CO,CCCC#N,308.2,1.1568811967920856,1.2463075710838571
CO,CCCC#N,318.2,1.0715836162801904,1.207140183691542
CC(C)O,CCCC#N,293.2,1.3270750014599193,1.4502431550395942
CC(C)O,CCCC#N,298.2,1.249901736214336,1.4259265681053346
CC(C)O,CCCC#N,303.2,1.1908875647772803,1.4024119781641529
CC(C)O,CCCC#N,308.2,1.1346227261911428,1.3796603523388418
CC(C)O,CCCC#N,313.2,1.0681530811834012,1.3576351502677588
CC(C)O,CCCC#N,323.2,1.0043016091968684,1.3156291617236384
CCCO,CCCC#N,293.2,1.2725655957915476,1.3150269924443942
CCCO,CCCC#N,298.2,1.199964782928397,1.2929776047291799
CCCO,CCCC#N,303.2,1.1631508098056809,1.2716554385871277
CCCO,CCCC#N,308.2,1.1314021114911006,1.2510251004211075
CCCO,CCCC#N,313.2,1.0784095813505905,1.2310534567574902
CCCO,CCCC#N,323.2,1.0331844833456545,1.192963970719079
CCCCO,CCCC#N,293.2,1.6370530794670737,1.6406700282517612
CCCCO,CCCC#N,298.2,1.603419840108537,1.6144975076640766
CCCCO,CCCC#N,303.2,1.5851452198650555,1.5891483892878289
CCCCO,CCCC#N,308.2,1.534714366238164,1.5645843456039348
CCCCO,CCCC#N,313.2,1.4996230464268938,1.5407693960709392
CCCCO,CCCC#N,323.2,1.4398351280479205,1.4952535442928854
CC(C)(C)O,CCCC#N,308.2,0.9707789171582248,1.0131219961116247
CC(C)(C)O,CCCC#N,313.2,0.8878912573524571,0.9969482869361892
CC(C)(C)O,CCCC#N,318.2,0.85015092936961,0.9812828648090864
CC(C)(C)O,CCCC#N,323.2,0.8329091229351039,0.966102139700368
CC(C)CO,CCCC#N,293.2,1.275362800412609,1.54463837800266
CC(C)CO,CCCC#N,298.2,1.2383742310432684,1.5187390462312826
CC(C)CO,CCCC#N,303.2,1.1786549963416462,1.4936939125724822
CC(C)CO,CCCC#N,308.2,1.091923300517313,1.4694614035503188
CC(C)CO,CCCC#N,313.2,1.0543120297715298,1.446002600438246
CC(C)CO,CCCC#N,323.2,0.959350221334602,1.4012624786957046
CCC(C)O,CCCC#N,293.2,1.2267122912954254,1.3528197919391156
CCC(C)O,CCCC#N,298.2,1.1410330045520618,1.3301367239331046
CCC(C)O,CCCC#N,303.2,1.128171090909654,1.3082017771721262
CCC(C)O,CCCC#N,308.2,1.0647107369924282,1.2869785408827927
CCC(C)O,CCCC#N,313.2,1.000631880307906,1.266432929368662
CCC(C)O,CCCC#N,323.2,0.9082585601768908,1.2272487841783186
ClC(Cl)Cl,C1CCOC1,337.3,-0.9942522733438668,-1.0978013188020044
ClC(Cl)Cl,C1CCOC1,327.7,-1.0498221244986778,-1.2327810136954804
ClC(Cl)Cl,C1CCOC1,323.2,-1.3470736479666092,-1.3017365088912616
ClC(Cl)Cl,C1CCOC1,323.3,-0.9942522733438668,-1.3001618694355392
ClC(Cl)Cl,C1CCOC1,313.6,-1.0498221244986778,-1.4625392543550304
ClCCl,C1CCOC1,336.9,-0.6931471805599453,-0.8583738178328739
ClCCl,C1CCOC1,328.4,-0.7339691750802004,-0.8805911760070232
ClCCl,C1CCOC1,311.5,-0.7985076962177716,-0.9283664479186703
ClCCCl,C1CCOC1,343.2,-0.5108256237659907,-0.41062760548775756
Cc1ccccc1,C1CCOC1,298.2,-0.1743533871447778,-0.18640216293431539
CCCCCC,C1CCOC1,333.2,0.598836501088704,0.6664611552307204
CCCC=O,C1CCOC1,328.4,0.0953101798043249,0.14480643033176105
CCCC=O,C1CCOC1,336.9,0.0861776962410524,0.1411529588314072
CCCCCCC,C1CCOC1,313.2,0.7030975114131134,0.7261390521665596
CCCCCCC,C1CCOC1,333.2,0.5822156198526637,0.682553296899576
CCCCCCC,C1CCOC1,343.2,0.5306282510621704,0.6626653900537102
ClC(Cl)(Cl)Cl,CCCCCC,315.0,0.1823215567939546,0.18228129926899905
ClC(Cl)(Cl)Cl,CCCCCC,332.0,0.1739533071234379,0.18147751539109075
ClC(Cl)(Cl)Cl,CCCCCC,340.3,0.1484200051182732,0.18084876939924266
CCO,CCCCCC,297.2,4.136765278106052,4.242426367438343
CCO,CCCCCC,297.4,4.063885354737392,4.2395733830136155
CCO,CCCCCC,297.7,4.084294226368599,4.235301093835667
CCO,CCCCCC,298.2,4.096009841541162,4.228199714157438
CCO,CCCCCC,298.2,4.013676659154646,4.228199714157438
CCO,CCCCCC,303.2,3.9415818076696905,4.158474077881266
CCO,CCCCCC,304.8,3.6375861597263857,4.136645005716965
CCO,CCCCCC,308.2,3.779633817382401,4.0910107604959
CCO,CCCCCC,313.2,3.6454498961866,4.025701415645318
CCO,CCCCCC,313.2,3.481240089335692,4.025701415645318
CCO,CCCCCC,316.6,3.6270040503958487,3.982469337141028
CCO,CCCCCC,316.7,3.5667118201397288,3.981211857534684
CCO,CCCCCC,318.2,3.5234150143864045,3.962444506723679
CCO,CCCCCC,322.6,3.49650756146648,3.908400419181834
CCO,CCCCCC,333.3,3.1354942159291497,3.78292912165863
CCO,CCCCCC,334.0,3.109060958860994,3.7750008829099535
CCO,CCCCCC,334.0,3.086486636822455,3.7750008829099535
CCO,CCCCCC,351.5,2.6878474937846906,3.5870575365738575
CCO,CCCCCC,351.6,2.694627180770069,3.58603733324863
CO,CCCCCC,298.2,4.505349850705881,4.619280288392422
CO,CCCCCC,303.2,4.359269647551265,4.543105642673155
CO,CCCCCC,308.2,4.216562194946349,4.46940255123787
CO,CCCCCC,313.2,4.065602093356446,4.39805264783739
CO,CCCCCC,313.2,4.021773869387265,4.39805264783739
CO,CCCCCC,318.2,3.9259259105971376,4.3289450056650045
CO,CCCCCC,333.3,3.66612246699132,4.132825915632544
CO,CCCCCC,341.3,3.5380565643793527,4.035954146926442
CC(C)O,CCCCCC,328.4,2.700018029404946,2.6809992419040385
CC(C)O,CCCCCC,341.4,2.429217743927412,2.578911159217769
CC(C)=O,CCCCCC,293.2,2.017566137961748,2.1940569699452115
CC(C)=O,CCCCCC,301.5,1.8261608959453877,2.135042948174222
CC(C)=O,CCCCCC,301.9,1.8115620965242347,2.1322790589586287
CC(C)=O,CCCCCC,303.4,1.8196988379172965,2.1219779616939825
CC(C)=O,CCCCCC,313.2,1.754403682684286,2.0570540461120475
CC(C)=O,CCCCCC,318.2,1.6639260977181702,2.025437986459188
CC(C)=O,CCCCCC,323.2,1.6174060820832772,1.9947799042680114
CC(C)=O,CCCCCC,333.2,1.5151272329628591,1.9361684911351311
CC(C)=O,CCCCCC,342.0,1.3635373739972745,1.8873699215181303
ClC(Cl)Cl,CCCCCC,308.2,0.412109650826833,0.4411839450473836
ClC(Cl)Cl,CCCCCC,315.3,0.4252677354043441,0.4312492635186609
ClC(Cl)Cl,CCCCCC,317.7,0.4317824164255378,0.4279914796656515
ClC(Cl)Cl,CCCCCC,318.2,0.3852624007906449,0.42731896025190097
ClC(Cl)Cl,CCCCCC,328.2,0.3435897043900768,0.414298885915033
ClC(Cl)Cl,CCCCCC,331.8,0.3920420877760237,0.40980378171276655
ClC(Cl)Cl,CCCCCC,334.7,0.378436435720245,0.40625304780310634
ClC(Cl)Cl,CCCCCC,340.1,0.3293037471426003,0.399802692424517
ClC(Cl)Cl,CCCCCC,340.6,0.3506568716131693,0.3992157831695755
ClC(Cl)Cl,CCCCCC,342.0,0.3435897043900768,0.39758156695265934
ClC(Cl)Cl,CCCCCC,342.0,0.3646431135879092,0.39758156695265934
CCCO,CCCCCC,331.8,2.8094026953624978,3.216794062616742
CCCO,CCCCCC,340.1,2.617395832834079,3.138289915902345
CCCCO,CCCCCC,331.8,2.714694743820879,3.070257217874831
CCCCO,CCCCCC,333.2,2.66095859356836,3.0573570367933853
CCCCO,CCCCCC,340.3,2.501435951739211,2.993568796045495
CCBr,CCCCCC,332.0,0.3148107398400336,0.423689817746684
CCBr,CCCCCC,340.3,0.2311117209633866,0.4133559226607697
CCI,CCCCCC,329.1,0.6043159668533296,0.6382583625243483
CCI,CCCCCC,340.6,0.5128236264286637,0.616708251278533
CC#N,CCCCCC,330.9,2.517696472610991,2.8647381473615012
CC#N,CCCCCC,332.3,2.617395832834079,2.852668880967082
C[N+](=O)[O-],CCCCCC,332.3,2.990719731730447,3.2029191542737747
C[N+](=O)[O-],CCCCCC,340.9,2.87919845729804,3.1221184166231906
CC(C)(C)O,CCCCCC,313.2,2.206074192613202,2.6357107499878425
CC(C)(C)O,CCCCCC,322.8,2.252343876557299,2.5573255623381606
CC[N+](=O)[O-],CCCCCC,332.0,2.509599262378372,2.5964225233798692
CC[N+](=O)[O-],CCCCCC,339.4,2.302585092994046,2.539812436732451
ClCCCl,CCCCCC,316.0,1.0043016091968684,1.2517615973583491
ClCCCl,CCCCCC,333.2,0.8960880245566357,1.2796152045906655
ClCCCl,CCCCCC,339.4,0.8415671856782185,1.288742435239953
CCC#N,CCCCCC,322.9,2.6100697927420065,2.6542492066664924
CCC#N,CCCCCC,332.3,2.3702437414678603,2.5791668780383703
CCC#N,CCCCCC,340.9,2.302585092994046,2.5141015707816217
CCC[N+](=O)[O-],CCCCCC,332.0,2.26176309847379,2.361139587912171
CCC[N+](=O)[O-],CCCCCC,340.3,2.1400661634962708,2.3035509777566534
Cc1ccccc1,CCCCCC,322.8,0.378436435720245,0.44764506480531113
O=C1CCCCC1,CCCCCC,331.7,1.547562508716013,1.6775246701786999
CCCCCl,CCCCCC,332.0,0.3576744442718159,0.39090659647630344
CCCCCl,CCCCCC,340.3,0.3364722366212129,0.38401509689091845
C1CCOC1,CCCCCC,322.4,0.4637340162321402,0.5777499206879193
C1CCOC1,CCCCCC,333.2,0.4574248470388755,0.6173068150017264
C1CCOC1,CCCCCC,340.2,0.412109650826833,0.6414675706083692
c1ccncc1,CCCCCC,303.2,1.766441661243765,1.8021323944016165
c1ccncc1,CCCCCC,313.2,1.6448050562713916,1.802129965545403
c1ccncc1,CCCCCC,316.9,1.574846467664481,1.8020884928538412
c1ccncc1,CCCCCC,323.2,1.534714366238164,1.8019495160555647
c1ccncc1,CCCCCC,328.2,1.4816045409242156,1.8017679665607922
c1ccncc1,CCCCCC,330.1,1.4398351280479205,1.8016806741859888
c1ccncc1,CCCCCC,340.4,1.396244691973059,1.8010138856032034
CCCC=O,CCCCCC,341.2,1.043804052173115,1.0912210818081494
CCOC(C)=O,CCCCCC,332.0,0.9555114450274363,1.0648582397802324
CCOC(C)=O,CCCCCC,339.4,0.8712933659434193,1.0416409615983881
COC(C)(C)C,CCCCCC,323.2,0.1823215567939546,0.150595099852582
CO,c1ccncc1,313.2,0.2311117209633866,-0.09005472786273594
CO,c1ccncc1,318.2,-0.0725706928348353,-0.07573582826389513
c1ccccc1,c1ccncc1,303.2,0.1823215567939546,0.1793553712951581
c1ccccc1,c1ccncc1,313.2,0.1823215567939546,0.17370341763374367
c1ccccc1,c1ccncc1,323.2,0.1655144384775733,0.16839679786811196
c1ccccc1,c1ccncc1,333.2,0.1823215567939546,0.1634048003430879
c1ccccc1,c1ccncc1,373.2,0.1823215567939546,0.1460827481622371
Cc1ccccc1,c1ccncc1,298.2,0.262364264467491,0.33777829082477406
Cc1ccccc1,c1ccncc1,298.2,0.2851789422336624,0.33777829082477406
Cc1ccccc1,c1ccncc1,303.2,0.3074846997479607,0.3619561483720689
Cc1ccccc1,c1ccncc1,303.2,0.2700271372130602,0.3619561483720689
Cc1ccccc1,c1ccncc1,308.2,0.2851789422336624,0.3853257161538185
Cc1ccccc1,c1ccncc1,313.2,0.29266961396282,0.4079113438706561
Cc1ccccc1,c1ccncc1,313.2,0.2776317365982795,0.4079113438706561
Cc1ccccc1,c1ccncc1,323.2,0.2776317365982795,0.4508253311796677
Cc1ccccc1,c1ccncc1,333.2,0.2776317365982795,0.490881450429719
Cc1ccccc1,c1ccncc1,373.2,0.2700271372130602,0.6258713054067614
CCCCCC,c1ccncc1,298.2,2.063058062429312,1.8497118339948035
CCCCCC,c1ccncc1,303.2,2.012232791986386,1.823057287610378
CCCCCC,c1ccncc1,313.2,1.912501086924184,1.7719975546650608
CCCCCC,c1ccncc1,323.2,1.827769906751088,1.7237306891281694
CCCCCC,c1ccncc1,328.2,1.7850704810772584,1.7005735694808686
CCCCCC,c1ccncc1,333.2,1.5686159179138452,1.6780325127867504
CCCCCC,c1ccncc1,373.2,1.33500106673234,1.517205717688527
CCCCCCCC,c1ccncc1,313.2,2.0255131996542803,2.089884743409316
CCCCCCCC,c1ccncc1,353.2,1.463255402256019,1.884203100861794
CCCCCCCC,c1ccncc1,369.8,1.3506671834767394,1.8103197835122133
CCCCCCC,c1ccncc1,303.1,2.081938421878423,2.0486507714182047
CCCCCCC,c1ccncc1,313.2,1.897619859927532,1.9916968004699098
CCCCCCC,c1ccncc1,313.2,1.9712993830601329,1.9916968004699098
CCCCCCC,c1ccncc1,323.2,1.851599469584072,1.938360221334408
CCCCCCC,c1ccncc1,333.2,1.763017000362401,1.8878202001369795
CCCCCCC,c1ccncc1,341.0,1.5810384379124025,1.8502007212408191
CCCCCCC,c1ccncc1,353.2,1.4327007339340465,1.7942883908438305
CC(C)CC(C)(C)C,c1ccncc1,303.2,2.1838015570040787,2.2710992630065943
CC(C)CC(C)(C)C,c1ccncc1,308.2,2.1162555148025524,2.2342547921112472
CC(C)CC(C)(C)C,c1ccncc1,313.2,2.05668455455722,2.198586705076547
CCO,CCCCCCCC,293.2,3.9219733362813134,4.221194416823437
CCO,CCCCCCCC,298.2,4.014579593753238,4.150417127838554
CCO,CCCCCCCC,303.2,3.8628327612373754,4.08197414992569
CCO,CCCCCCCC,308.2,3.716008121502189,4.015751875220783
CCO,CCCCCCCC,313.2,3.5890591188317256,3.9516439502979424
CCO,CCCCCCCC,313.2,3.580737295494233,3.9516439502979424
CCO,CCCCCCCC,318.2,3.4372078191851885,3.8895507062338956
CCO,CCCCCCCC,323.2,3.310543013394025,3.829378641571917
CCO,CCCCCCCC,333.2,3.3214324131932926,3.7144521055898503
CCO,CCCCCCCC,333.2,2.923161580719156,3.7144521055898503
CCO,CCCCCCCC,343.2,2.8610573702273894,3.60622285134998
CO,CCCCCCCC,293.2,4.382026634673881,4.601197488841912
CO,CCCCCCCC,298.2,4.430816798843313,4.524048790049024
CO,CCCCCCCC,303.2,4.280824129164719,4.449444529086231
CO,CCCCCCCC,308.2,4.0943445622221,4.377260872251609
CO,CCCCCCCC,313.2,3.9889840465642745,4.307381893176598
CO,CCCCCCCC,318.2,3.845883202923601,4.239698951605614
CO,CCCCCCCC,323.2,3.7062280924485496,4.1741101298340295
CC(C)=O,CCCCCCCC,333.2,1.7561322915849038,1.7129720119190934
ClC(Cl)Cl,CCCCCCCC,333.2,0.3576744442718159,0.5053233454177924
CCCO,CCCCCCCC,363.2,2.172476407647025,2.765413481565432
CC#N,CCCCCCCC,333.2,2.9069010598473755,3.098869785263206
C[N+](=O)[O-],CCCCCCCC,333.2,3.0633909220278057,3.1301327372093137
CCCCC,CCCCCCCC,298.2,-0.0202027073175194,-0.010082369198711267
CCCCC,CCCCCCCC,313.2,0.0,-0.009599149040992546
CCCCC,CCCCCCCC,333.2,0.048790164169432,-0.009022579244736767
CCCCC,CCCCCCCC,333.2,-0.0202027073175194,-0.009022579244736767
c1ccncc1,CCCCCCCC,369.8,0.947789398933526,1.163418582914481
CCOC(C)=O,CCCCCCCC,333.2,1.0331844833456545,1.0261931346169062
CCO,CCCCCCCCC,302.4,3.747148362237912,3.871262503844597
CCO,CCCCCCCCC,312.3,3.484312288372662,3.7743659328229784
CCO,CCCCCCCCC,312.4,3.475067230228611,3.7734130573154077
CCO,CCCCCCCCC,315.0,3.414442608412176,3.7488135915175276
CCO,CCCCCCCCC,315.5,3.414442608412176,3.7441212872014766
CCO,CCCCCCCCC,323.7,3.186352633162641,3.6688792116440894
CCO,CCCCCCCCC,323.7,3.169685580677429,3.6688792116440894
CCO,CCCCCCCCC,333.2,2.803360380906535,3.585550181283738
CCO,CCCCCCCCC,333.9,2.923161580719156,3.579565426178873
CCO,CCCCCCCCC,334.0,2.933856869835904,3.5787121542832994
CCO,CCCCCCCCC,355.5,2.4423470353692043,3.4045487555154246
CCO,CCCCCCCCC,355.5,2.4336133554004498,3.4045487555154246
c1ccccc1,CCCCCCCCC,333.2,-0.0408219945202551,-0.03394161435985706
CCCCCC,CCCCCCCCC,323.2,-0.2231435513142097,-0.12163643081090067
CCCCCC,CCCCCCCCC,333.2,-0.1625189294977749,-0.11798587736486743
CCCCCC,CCCCCCCCC,333.2,-0.0202027073175194,-0.11798587736486743
CCCCCCC,CCCCCCCCC,323.2,-0.2231435513142097,-0.10612367589346935
CCCCCCC,CCCCCCCCC,333.2,-0.1743533871447778,-0.1029386913761411
ClC(Cl)(Cl)Cl,CCCCCCCCO,298.2,0.6043159668533296,0.5289794160757294
ClC(Cl)(Cl)Cl,CCCCCCCCO,298.2,0.6043159668533296,0.5289794160757294
ClC(Cl)(Cl)Cl,CCCCCCCCO,303.2,0.5364933705145685,0.520256143933785
ClC(Cl)(Cl)Cl,CCCCCCCCO,313.2,0.5247285289349821,0.5036451617976045
CCO,CCCCCCCCO,298.2,0.131028262406404,0.2111853837915446
CCO,CCCCCCCCO,303.5,0.1823215567939546,0.23899901123938716
CCO,CCCCCCCCO,313.6,0.1823215567939546,0.28931073992138445
CCO,CCCCCCCCO,323.4,0.1222176327242491,0.334929906548451
CO,CCCCCCCCO,303.5,0.2231435513142097,0.2970574189052918
CO,CCCCCCCCO,313.6,0.2231435513142097,0.34549933193925353
CO,CCCCCCCCO,323.4,0.1739533071234379,0.3894158959155103
CC(C)O,CCCCCCCCO,303.5,0.0769610411361284,0.1247394043821094
CC(C)O,CCCCCCCCO,313.6,0.048790164169432,0.1787311020239729
CC(C)O,CCCCCCCCO,323.4,0.0198026272961797,0.22770124891873134
ClC(Cl)Cl,CCCCCCCCO,298.2,0.0198026272961797,0.019802627294925657
ClC(Cl)Cl,CCCCCCCCO,298.2,-0.0304592074847085,0.019802627294925657
ClC(Cl)Cl,CCCCCCCCO,308.2,0.0295588022415444,0.14605729777175203
ClC(Cl)Cl,CCCCCCCCO,323.2,0.0676586484738148,0.3019133599432271
CCCO,CCCCCCCCO,303.5,0.131028262406404,0.1689950528331361
CCCO,CCCCCCCCO,313.6,0.0769610411361284,0.22156137671007237
CCCO,CCCCCCCCO,323.4,0.0582689081239758,0.2692335588920767
c1ccccc1,CCCCCCCCO,298.2,0.7275486072772777,0.6819593835339437
c1ccccc1,CCCCCCCCO,303.5,0.6626879730752367,0.7015519208316835
c1ccccc1,CCCCCCCCO,313.6,0.6043159668533296,0.7369664077267465
c1ccccc1,CCCCCCCCO,323.4,0.5481214085096876,0.7690203040122188
CC(Cl)(Cl)Cl,CCCCCCCCO,298.2,0.6830968447064438,0.6598368368878428
CC(Cl)(Cl)Cl,CCCCCCCCO,308.2,0.5653138090500605,0.6394515483232639
CC(Cl)(Cl)Cl,CCCCCCCCO,323.2,0.4885800148186709,0.6111310112815115
ClCCl,CCCCCCCCO,298.2,0.4510756193602167,0.451075619349929
ClCCl,CCCCCCCCO,298.2,0.3852624007906449,0.451075619349929
ClCCl,CCCCCCCCO,308.2,0.4574248470388755,0.4623775037795682
ClCCl,CCCCCCCCO,323.2,0.371563556432483,0.47609446266274313
CC(Cl)Cl,CCCCCCCCO,308.2,0.6981347220709843,0.6766288579673918
CC(Cl)Cl,CCCCCCCCO,323.2,0.6418538861723947,0.6467449951251233
C[N+](=O)[O-],CCCCCCCCO,298.2,2.262804222982201,2.292129877604372
C[N+](=O)[O-],CCCCCCCCO,298.2,2.149433913499871,2.292129877604372
CCC(C)O,CCCCCCCCO,313.6,-0.083381608939051,-0.004037541147829948
CCC(C)O,CCCCCCCCO,323.4,-0.1053605156578262,0.026959684732637434
CCc1ccccc1,CCCCCCCCO,303.5,0.8064758658669485,0.8917438531206267
CCc1ccccc1,CCCCCCCCO,313.6,0.7654678421395714,0.9210329356779301
CCc1ccccc1,CCCCCCCCO,323.4,0.7030975114131134,0.947509119485513
Cc1ccc(C)cc1,CCCCCCCCO,323.4,0.6729444732424258,0.6869100558924709
ClCCCl,CCCCCCCCO,298.2,0.9858167945227654,0.9327217710126412
ClCCCl,CCCCCCCCO,308.2,0.9360933591703348,0.904500061662195
ClCCCl,CCCCCCCCO,323.2,0.8372475245337022,0.8652317969429765
CC1CCCCC1,CCCCCCCCO,313.6,0.7701082216960737,0.8274217079736516
CC1CCCCC1,CCCCCCCCO,323.4,0.7419373447293773,0.825404064584681
Cc1ccccc1,CCCCCCCCO,298.2,0.712949807856125,0.6931471802247916
Cc1ccccc1,CCCCCCCCO,298.2,0.7466879474879751,0.6931471802247916
Cc1ccccc1,CCCCCCCCO,298.2,0.7793248768009977,0.6931471802247916
Cc1ccccc1,CCCCCCCCO,303.5,0.7030975114131134,0.6824808171563638
Cc1ccccc1,CCCCCCCCO,313.6,0.6418538861723947,0.6630330095171451
Cc1ccccc1,CCCCCCCCO,323.4,0.6043159668533296,0.6451890880619924
CCCCC,CCCCCCCCO,298.2,0.947789398933526,0.842304765868362
CCCCC,CCCCCCCCO,298.2,0.9631743177730056,0.842304765868362
CCCCC,CCCCCCCCO,303.5,0.883767540168595,0.8275956640987846
CCCCC,CCCCCCCCO,313.6,0.8712933659434193,0.8009416110537093
CCCCC,CCCCCCCCO,323.4,0.8415671856782185,0.7766706675971555
C=CCCC,CCCCCCCCO,313.6,0.7701082216960737,0.8183008143903516
C=CCCC,CCCCCCCCO,323.4,0.7514160886839212,0.8199074100742942
CCCC#N,CCCCCCCCO,298.2,1.5686159179138452,1.5689945451851839
CCCC#N,CCCCCCCCO,298.2,1.551808799597464,1.5689945451851839
CCCC#N,CCCCCCCCO,303.2,1.4060969884160703,1.543120662796749
CCCC#N,CCCCCCCCO,308.2,1.3480731482996928,1.5180862948882161
CCCC#N,CCCCCCCCO,313.2,1.3137236682850553,1.4938512349126658
CCCC#N,CCCCCCCCO,323.2,1.184789984909162,1.4476306526868608
CCCCCC,CCCCCCCCO,298.2,1.0331844833456545,0.9820784724078487
CCCCCC,CCCCCCCCO,303.5,0.9631743177730056,0.9700084687216809
CCCCCC,CCCCCCCCO,313.6,0.9783261227936078,0.947754713492015
CCCCCC,CCCCCCCCO,323.4,0.9282193027394288,0.9270560454577061
CCCCCCCC,CCCCCCCCO,298.2,1.2119409739751128,1.14131036578937
CCCCCCCC,CCCCCCCCO,298.2,1.2178757094949273,1.14131036578937
CCCCCCCC,CCCCCCCCO,303.5,1.1537315878891892,1.152881259538547
CCCCCCCC,CCCCCCCCO,313.6,1.144222799920162,1.1737598195498797
CCCCCCCC,CCCCCCCCO,323.4,1.0647107369924282,1.1925773434954943
CCCCCCC,CCCCCCCCO,298.2,1.1151415906193205,1.0874365431990665
CCCCCCC,CCCCCCCCO,298.2,1.1151415906193205,1.0874365431990665
CCCCCCC,CCCCCCCCO,298.2,1.118414915964289,1.0874365431990665
CCCCCCC,CCCCCCCCO,303.5,1.0715836162801904,1.0999482448236582
CCCCCCC,CCCCCCCCO,308.2,1.1216775615991057,1.1106611594060292
CCCCCCC,CCCCCCCCO,313.6,1.0612565021243408,1.122531658279145
CCCCCCC,CCCCCCCCO,323.2,1.0885619528146082,1.142500802370726
CCCCCCC,CCCCCCCCO,323.4,0.9969486348916096,1.1429016470023328
C=CCCCC,CCCCCCCCO,303.5,0.8878912573524571,0.9326498976697484
C=CCCCC,CCCCCCCCO,313.6,0.8285518175661483,0.9606214470267224
C=CCCCC,CCCCCCCCO,323.4,0.8020015854720274,0.9858978377736801
CCOCC,CNC=O,323.2,1.8468787684491343,1.845442753954168
CCOCC,CNC=O,333.2,1.8325814637483104,1.8282490125452404
CCO,CNC=O,313.2,0.29266961396282,0.2868059503643677
CCO,CNC=O,313.2,0.2776317365982795,0.2868059503643677
CCO,CNC=O,323.2,0.2390169004704999,0.2781170172952122
CCO,CNC=O,333.2,0.1988508587451651,0.26993907960447366
CO,CNC=O,313.2,0.0295588022415444,0.04719397162404635
CO,CNC=O,313.2,0.1823215567939546,0.04719397162404635
CO,CNC=O,323.2,-0.0100503358535014,0.04573877116934677
CO,CNC=O,333.2,-0.0304592074847085,0.044370627014037024
CC(C)=O,CNC=O,323.2,0.7323678937132266,0.7329425885959749
CC(C)=O,CNC=O,333.2,0.7178397931503168,0.7195718111097611
ClC(Cl)Cl,CNC=O,323.2,0.2776317365982795,0.25731212218429234
ClC(Cl)Cl,CNC=O,333.2,0.3435897043900768,0.30353194718586585
c1ccccc1,CNC=O,323.2,1.5769147207285403,1.5751353169906963
c1ccccc1,CNC=O,333.2,1.55814461804655,1.556970904987293
ClCCl,CNC=O,323.2,0.4637340162321402,0.4681281422084924
ClCCl,CNC=O,333.2,0.4885800148186709,0.5013647722337575
CCC(C)C,CNC=O,323.2,3.241810796150697,3.2570628473966883
CCC(C)C,CNC=O,333.2,3.171364842197149,3.1827797836116947
CC1CCCC1,CNC=O,323.2,3.0828269804049246,3.0785178536454634
CC1CCCC1,CNC=O,333.2,3.0325462466767075,3.0258855240076423
CCc1ccccc1,CNC=O,323.2,2.239645293220172,2.24140327180581
CCc1ccccc1,CNC=O,333.2,2.222459048514761,2.224471192925417
Cc1ccc(C)cc1,CNC=O,323.2,2.3085671646715933,2.3107082821813627
Cc1ccc(C)cc1,CNC=O,333.2,2.283402273577272,2.286824192625916
CCCC(C)=O,CNC=O,323.2,1.1505720275988207,1.1530246556112058
CCCC(C)=O,CNC=O,333.2,1.144222799920162,1.1454023539586675
CC(C)OC(C)C,CNC=O,323.2,2.4756977107026903,2.468782073700117
CC(C)OC(C)C,CNC=O,333.2,2.4595888418037104,2.4486313888652056
CC1CCCCC1,CNC=O,323.2,3.328985047548231,3.3292067627895805
CC1CCCCC1,CNC=O,333.2,3.284288963416433,3.2780837459075505
Cc1ccccc1,CNC=O,323.2,1.9459101490553128,1.9489322784372285
Cc1ccccc1,CNC=O,333.2,1.928618651945252,1.9320620275503342
CCCCC,CNC=O,313.2,3.353406717825807,3.2286235542045576
CCCCC,CNC=O,323.2,3.2733640101522705,3.1843803299734907
CCCCC,CNC=O,333.2,3.1982648709640764,3.142561612355081
C=CCCC,CNC=O,323.2,2.7239235502585,2.726629494687949
C=CCCC,CNC=O,333.2,2.6864860231863696,2.6931937080762447
CCCCCC,CNC=O,313.2,3.6496187401606335,3.593738430878854
CCCCCC,CNC=O,323.2,3.585184217775171,3.5381983617273898
CCCCCC,CNC=O,333.2,3.52459425980608,3.48576084004282
CCCCCCCC,CNC=O,313.2,4.27513717299578,4.2892437233809115
CCCCCCCC,CNC=O,323.2,4.167749906638376,4.212184757817107
CCCCCCCC,CNC=O,333.2,4.070393341399587,4.139520058807662
C=CCCCCCC,CNC=O,323.2,3.589611452455267,3.5822007672189087
C=CCCCCCC,CNC=O,333.2,3.537765824444175,3.5286343633715656
CCCCCCC,CNC=O,313.2,3.960050974438728,3.9470499858987727
CCCCCCC,CNC=O,323.2,3.861571461932048,3.8805784449704475
CCCCCCC,CNC=O,333.2,3.785098311854479,3.817865631643503
C=CCCCC,CNC=O,323.2,3.004196351966121,3.006319611955339
C=CCCCC,CNC=O,333.2,2.967332799032293,2.9646377153951415
COC(C)(C)C,CNC=O,323.2,1.9050881545350584,1.9047796062341924
COC(C)(C)C,CNC=O,333.2,1.897619859927532,1.8966932923072526
CCCCCC,CCCC=O,347.2,0.9162907318741552,0.9434464003803023
CCOC(C)=O,CCCC=O,347.2,0.0861776962410524,0.10592990589405046
C=CCCCC,CCCC=O,347.2,0.6471032420585384,0.6643661691710538
ClC(Cl)(Cl)Cl,C1COCCO1,308.2,0.2851789422336624,0.24675042251510748
ClC(Cl)(Cl)Cl,C1COCCO1,313.2,0.1484200051182732,0.24654068672033314
ClC(Cl)(Cl)Cl,C1COCCO1,313.2,0.3220834991691132,0.24654068672033314
ClC(Cl)(Cl)Cl,C1COCCO1,337.7,0.1739533071234379,0.2443343751535642
CCO,C1COCCO1,323.2,0.883767540168595,0.8586616190374532
CC(C)O,C1COCCO1,343.2,0.6981347220709843,0.7702771865120251
CC(C)O,C1COCCO1,353.2,0.5247285289349821,0.7484686714813648
CCCCCCCC,C1COCCO1,353.2,1.4422019930581866,1.8086755154678587
CCCCCCC,C1COCCO1,303.2,1.754403682684286,1.8799064161111967
CCCCCCC,C1COCCO1,308.2,1.8082887711792652,1.8533235964953858
CCCCCCC,C1COCCO1,313.2,1.814824742159051,1.8274854670531666
CCCCCCC,C1COCCO1,313.4,1.6992786164338898,1.8264669862007916
CCCCCCC,C1COCCO1,333.2,1.574846467664481,1.7309838095519832
CCCCCCC,C1COCCO1,353.2,1.3787660946990992,1.6441954027557748
CCCCCCC,C1COCCO1,353.2,1.4182774069729414,1.6441954027557748
CCO,CCCCCCCCCC,306.4,3.624340932976365,3.7669043308308217
CCO,CCCCCCCCCC,321.4,3.2386784521643803,3.5911009773654117
CCO,CCCCCCCCCC,333.2,2.740840023925201,3.4639258940902047
CCO,CCCCCCCCCC,338.7,2.766319109226186,3.4076770508037004
CCO,CCCCCCCCCC,343.2,2.747270914255491,3.3629962195302996
CCO,CCCCCCCCCC,357.5,2.388762789235098,3.2284770712001594
CCCCC,CCCCCCCCCC,343.2,-0.0725706928348353,-0.047697454515523985
CCCCCC,CCCCCCCCCC,343.2,-0.0408219945202551,-0.01800049891378741
ClC(Cl)(Cl)Cl,O=S1(=O)CCCC1,333.7,1.5173226235262949,1.5147399842313103
CCOCC,O=S1(=O)CCCC1,333.6,1.8261608959453877,1.827077415589271
CCO,O=S1(=O)CCCC1,332.8,0.85015092936961,1.0535396126833605
CO,O=S1(=O)CCCC1,333.7,0.6259384308664954,0.7375632542886797
CC(C)O,O=S1(=O)CCCC1,332.8,1.0508216248317612,1.285510758559231
CC(C)=O,O=S1(=O)CCCC1,334.2,0.3852624007906449,0.42526362052846484
ClC(Cl)Cl,O=S1(=O)CCCC1,332.6,0.009950330853168,0.0037819611931713126
CCCCO,O=S1(=O)CCCC1,333.6,1.308332819650179,1.4796740626412441
c1ccccc1,O=S1(=O)CCCC1,333.7,0.8415671856782185,0.8396480821110356
CC#N,O=S1(=O)CCCC1,334.2,0.0769610411361284,0.07651736449133784
CC=O,O=S1(=O)CCCC1,333.6,0.2851789422336624,0.3196959186196933
ClCCl,O=S1(=O)CCCC1,334.2,-0.0202027073175194,-0.020804182649805103
CC(C)CO,O=S1(=O)CCCC1,317.9,1.3912819026309295,1.4777376510693707
CC(C)CO,O=S1(=O)CCCC1,317.9,1.3912819026309295,1.4777376510693707
CC(C)CO,O=S1(=O)CCCC1,332.8,1.175573329804238,1.41808240323822
CC(C)CO,O=S1(=O)CCCC1,332.8,1.175573329804238,1.41808240323822
ClC=C(Cl)Cl,O=S1(=O)CCCC1,332.6,1.0784095813505905,1.0795778693879952
COC(C)=O,O=S1(=O)CCCC1,333.7,0.6312717768418578,0.6252210913867386
CCc1ccccc1,O=S1(=O)CCCC1,332.6,1.4906543764441336,1.5262918683735438
ClCCCl,O=S1(=O)CCCC1,333.6,0.1906203596086497,0.18809928258147313
COC=O,O=S1(=O)CCCC1,333.7,0.3435897043900768,0.34276330614190204
CC(C)OC(C)C,O=S1(=O)CCCC1,334.2,2.531313022602156,2.5284096442047233
CC1CCCCC1,O=S1(=O)CCCC1,332.8,3.2164729402518906,3.3287484038436053
Cc1ccccc1,O=S1(=O)CCCC1,333.6,1.2119409739751128,1.2139572163100887
Clc1ccccc1,O=S1(=O)CCCC1,332.8,0.904218150639886,0.9219395374108601
CCCOC(C)=O,O=S1(=O)CCCC1,332.6,1.2149127443642704,1.2112205413965529
CCCCC,O=S1(=O)CCCC1,332.6,3.3054204262683866,3.2945521330745944
C1CCOC1,O=S1(=O)CCCC1,333.6,0.8064758658669485,0.8146958206000415
CCCCCC,O=S1(=O)CCCC1,332.8,3.582963228522387,3.5837318434380796
CCCCOC(C)=O,O=S1(=O)CCCC1,334.2,1.4929040961781488,1.474228073990202
CCOC(C)=O,O=S1(=O)CCCC1,332.6,0.9202827531436923,0.9449964358231824
CCCCCCC,O=S1(=O)CCCC1,332.6,3.85798911693566,3.8584968346871973
COC(C)(C)C,O=S1(=O)CCCC1,333.6,1.9300710850255671,1.9435869574647398
ClC(Cl)(Cl)Cl,CC(=O)N(C)C,333.6,0.4824261492442928,0.19666043931136779
CCOCC,CC(=O)N(C)C,333.6,1.1410330045520618,1.1354703213271446
CCO,CC(=O)N(C)C,333.6,-0.4620354595965587,-0.45845882927767834
CO,CC(=O)N(C)C,333.4,-0.7765287894989963,-0.7740463882285488
CC(C)O,CC(=O)N(C)C,333.2,-0.5978370007556204,-0.49076735242653924
CC(C)=O,CC(=O)N(C)C,333.4,-0.0304592074847085,0.058795327875345735
ClC(Cl)Cl,CC(=O)N(C)C,333.2,-1.3093333199837622,-1.3311499577495933
c1ccccc1,CC(=O)N(C)C,333.6,0.1739533071234379,0.18185333384114533
CC#N,CC(=O)N(C)C,333.4,-0.371063681390832,-0.3450938442349246
CC=O,CC(=O)N(C)C,333.4,-0.1278333715098848,-0.0722776440164705
ClCCl,CC(=O)N(C)C,333.0,-0.916290731874155,-0.9112917973318502
ClC=C(Cl)Cl,CC(=O)N(C)C,333.0,0.009950330853168,-0.012327092626363445
COC(C)=O,CC(=O)N(C)C,333.6,0.0198026272961797,0.27720384961831235
CCc1ccccc1,CC(=O)N(C)C,333.2,0.6259384308664954,0.6549772240720577
ClCCCl,CC(=O)N(C)C,333.4,-0.2876820724517809,-0.319546578199958
COC=O,CC(=O)N(C)C,333.0,0.2390169004704999,0.2401987398464105
CC(C)OC(C)C,CC(=O)N(C)C,333.0,1.2237754316221157,1.2601055687709544
CC1CCCCC1,CC(=O)N(C)C,333.2,1.922787731634459,1.9173112571409463
Cc1ccccc1,CC(=O)N(C)C,333.2,0.371563556432483,0.3711911398996447
CCCOC(C)=O,CC(=O)N(C)C,333.0,0.5596157879354227,0.6173248353310037
CCCCC,CC(=O)N(C)C,317.6,1.925707441737794,1.994148133333047
CCCCC,CC(=O)N(C)C,333.4,1.7732559976634952,1.89964460572957
C1CCOC1,CC(=O)N(C)C,333.6,0.378436435720245,0.3863444287682715
CCCCCC,CC(=O)N(C)C,333.3,1.937301774518713,2.04249316707799
c1ccncc1,CC(=O)N(C)C,333.0,0.048790164169432,0.01762122038897118
CCCCOC(C)=O,CC(=O)N(C)C,333.2,0.5538851132264376,0.7327173357489766
C1COCCO1,CC(=O)N(C)C,333.6,0.2311117209633866,0.2512408528012479
CCOC(C)=O,CC(=O)N(C)C,333.6,0.4054651081081644,0.509539759831321
CCCCCCC,CC(=O)N(C)C,333.4,2.113842968397168,2.202873956702168
COC(C)(C)C,CC(=O)N(C)C,333.0,0.7419373447293773,0.9189951002081654
CCO,CCOC(C)=O,328.2,1.01160091167848,1.0565057508710785
CCO,CCOC(C)=O,328.4,0.9360933591703348,1.0558623252730772
CCO,CCOC(C)=O,333.5,0.883767540168595,1.0397157188013837
CCO,CCOC(C)=O,338.4,0.8919980393051105,1.0246607461281958
CCO,CCOC(C)=O,348.3,0.8458682675776092,0.9955360456355957
CCO,CCOC(C)=O,349.1,0.85015092936961,0.9932546701076232
ClC(Cl)Cl,CCOC(C)=O,349.2,-0.7133498878774648,-0.7746847114337782
ClC(Cl)Cl,CCOC(C)=O,349.5,-0.6733445532637656,-0.774019745769342
ClC(Cl)Cl,CCOC(C)=O,340.0,-0.6931471805599453,-0.7956467763062427
ClC(Cl)Cl,CCOC(C)=O,329.2,-0.6539264674066639,-0.8217494146323344
ClC(Cl)Cl,CCOC(C)=O,327.2,-0.7550225842780328,-0.8267723347774157
ClC(Cl)Cl,CCOC(C)=O,323.2,-0.8209805520698302,-0.8370046696920281
c1ccccc1,CCOC(C)=O,330.5,0.131028262406404,0.04574732966432243
CCI,CCOC(C)=O,331.7,0.371563556432483,0.3817286127065256
CCI,CCOC(C)=O,343.9,0.3435897043900768,0.3681866297942587
CC#N,CCOC(C)=O,330.5,0.4574248470388755,0.4571560825938081
CC#N,CCOC(C)=O,347.8,0.412109650826833,0.4344165833134731
CC#N,CCOC(C)=O,353.2,0.4054651081081644,0.4277748821299548
CC#N,CCOC(C)=O,393.2,0.3920420877760237,0.3842576115664016
ClCCl,CCOC(C)=O,398.2,-0.342490308946776,1.106542732232219
ClCCl,CCOC(C)=O,348.2,-0.4307829160924542,0.5767682622644665
C[N+](=O)[O-],CCOC(C)=O,311.7,0.4824261492442928,0.19789641261519275
C[N+](=O)[O-],CCOC(C)=O,328.4,0.2546422183735807,0.18797470849724207
C[N+](=O)[O-],CCOC(C)=O,330.5,0.3852624007906449,0.18679704531236713
C[N+](=O)[O-],CCOC(C)=O,347.3,0.3506568716131693,0.17788160810761686
C[N+](=O)[O-],CCOC(C)=O,348.2,0.1906203596086497,0.177427950864389
C[N+](=O)[O-],CCOC(C)=O,398.2,0.2070141693843261,0.15540883524098176
ClCCCl,CCOC(C)=O,347.8,-0.1625189294977749,-0.16745772248629598
CCC#N,CCOC(C)=O,348.2,0.2546422183735807,0.2995890566168123
Cc1ccccc1,CCOC(C)=O,328.4,0.2070141693843261,0.2441347417385026
Cc1ccccc1,CCOC(C)=O,333.5,0.1655144384775733,0.24040134746721198
Cc1ccccc1,CCOC(C)=O,338.4,0.1823215567939546,0.23692035922114868
Cc1ccccc1,CCOC(C)=O,348.3,0.131028262406404,0.23018618980292654
Cc1ccccc1,CCOC(C)=O,349.1,0.1484200051182732,0.2296586935994927
Clc1ccccc1,CCOC(C)=O,393.2,0.131028262406404,0.1355835184209614
CCCCC,CCOC(C)=O,303.2,1.085189268335969,1.0890295554781637
CCCCCl,CCOC(C)=O,348.2,0.2070141693843261,0.2070722734231476
C1CCOC1,CCOC(C)=O,333.2,0.0953101798043249,0.0852711987841914
C1CCOC1,CCOC(C)=O,333.5,0.0582689081239758,0.08519449306687411
C1CCOC1,CCOC(C)=O,348.3,0.0295588022415444,0.08157440015820043
CCCCCC,CCOC(C)=O,303.2,1.2029723039923526,1.2786897314150645
CCCCCC,CCOC(C)=O,308.2,1.128171090909654,1.287186935053382
CCCCCC,CCOC(C)=O,324.4,1.0188473201992472,1.3126033116714453
CCCCCC,CCOC(C)=O,348.4,0.8796267475025636,1.3444825355975218
CCCCCCCC,CCOC(C)=O,328.4,1.2781522025001877,1.429874773168894
CCCCCCCC,CCOC(C)=O,338.4,1.205970806988609,1.3916962155693704
CCCCCCCC,CCOC(C)=O,349.1,1.118414915964289,1.3530441664853905
CCCC=O,CCOC(C)=O,349.2,0.0861776962410524,0.08870244130855162
CCCCCCC,CCOC(C)=O,343.2,1.0473189942805592,1.1354189737564981
CCO,CCCCCCC,293.2,3.9318256327243257,4.284243236324597
CCO,CCCCCCC,293.5,3.873282177111716,4.279864152694558
CCO,CCCCCCC,298.2,4.074141854904581,4.2124088214288475
CCO,CCCCCCC,298.2,3.89630004496291,4.2124088214288475
CCO,CCCCCCC,303.2,3.906004933102583,4.142943581447915
CCO,CCCCCCC,303.2,3.831896960948861,4.142943581447915
CCO,CCCCCCC,303.3,3.758871825933971,4.141577637527471
CCO,CCCCCCC,303.3,3.53222564406856,4.141577637527471
CCO,CCCCCCC,308.2,3.742420221041966,4.075732211846457
CCO,CCCCCCC,313.1,3.459466289786131,4.011947714520622
CCO,CCCCCCC,313.2,3.763522997109702,4.010666770857732
CCO,CCCCCCC,313.2,3.687378327987669,4.010666770857732
CCO,CCCCCCC,313.2,3.6270040503958487,4.010666770857732
CCO,CCCCCCC,313.2,3.3228754148866853,4.010666770857732
CCO,CCCCCCC,314.5,3.591817741270805,3.994088630035787
CCO,CCCCCCC,314.6,3.543853682063679,3.9928190633086347
CCO,CCCCCCC,318.2,3.4657359027997265,3.947646101038454
CCO,CCCCCCC,322.8,3.086486636822455,3.8913913468462407
CCO,CCCCCCC,323.2,3.484312288372662,3.886575304512796
CCO,CCCCCCC,323.2,3.3357695763397,3.886575304512796
CCO,CCCCCCC,323.2,3.20761263258949,3.886575304512796
CCO,CCCCCCC,332.2,3.1441522786722644,3.781280521089191
CCO,CCCCCCC,333.2,3.169685580677429,3.7699322198509186
CCO,CCCCCCC,333.2,2.7893229212309465,3.7699322198509186
CCO,CCCCCCC,343.1,2.7936160894318567,3.6611532078146976
CCO,CCCCCCC,349.6,2.714694743820879,3.593083003177555
CCO,CCCCCCC,349.6,2.681021528714291,3.593083003177555
CCO,CCCCCCC,366.8,2.2823823856765264,3.424597005983548
CO,CCCCCCC,293.2,4.382026634673881,4.626123984638881
CO,CCCCCCC,298.2,4.404277243608702,4.5485573516810485
CO,CCCCCCC,303.2,4.268297869345539,4.4735489397498185
CO,CCCCCCC,308.2,4.1059436980654525,4.400974244393364
CO,CCCCCCC,313.2,3.9852734671677386,4.330716711317836
CO,CCCCCCC,313.2,3.949318790171843,4.330716711317836
CO,CCCCCCC,318.2,3.8394523125933104,4.262667111803276
CO,CCCCCCC,323.2,3.708682081410116,4.196722976089971
CO,CCCCCCC,323.2,3.6506582412937383,4.196722976089971
CO,CCCCCCC,333.2,3.332204510175204,4.0707719692312585
CC(C)=O,CCCCCCC,323.2,1.6193882432872684,1.7600653040290475
CC(C)=O,CCCCCCC,333.2,1.5238800240724537,1.7072423066978597
CC(C)=O,CCCCCCC,343.2,1.451613827240533,1.6574975661937899
ClC(Cl)Cl,CCCCCCC,323.2,0.3220834991691132,0.35044080534678423
CCCO,CCCCCCC,323.2,3.0204248861443626,3.1813330507422752
CCCO,CCCCCCC,333.2,2.802754136571508,3.0858553211765374
CCCO,CCCCCCC,333.2,2.7700855920216627,3.0858553211765374
CCCO,CCCCCCC,353.2,2.191653532286764,2.9111190783024914
CCCCO,CCCCCCC,363.2,2.163323025660538,2.30633768942786
CCCCO,CCCCCCC,373.2,1.7263316639055997,2.2445388808908104
c1ccccc1,CCCCCCC,331.2,0.3148107398400336,0.3974378897657941
c1ccccc1,CCCCCCC,333.2,0.3220834991691132,0.3952067744270513
c1ccccc1,CCCCCCC,333.2,0.3364722366212129,0.3952067744270513
c1ccccc1,CCCCCCC,350.6,0.2851789422336624,0.37680255238058974
c1ccccc1,CCCCCCC,366.2,0.2390169004704999,0.36169948854789824
c1ccccc1,CCCCCCC,373.2,0.1988508587451651,0.3553086146128932
CC(C)OC(C)C,CCCCCCC,333.2,0.1570037488096647,0.12071634500086646
CC(C)OC(C)C,CCCCCCC,343.2,0.0769610411361284,0.11719896925351542
C1CCOC1,CCCCCCC,333.2,0.3576744442718159,0.6066171146028182
C1CCOC1,CCCCCCC,343.2,0.3364722366212129,0.6410776097967321
CCCCCC,CCCCCCC,298.2,0.0,0.03466222011890474
CCCCCC,CCCCCCC,333.2,0.0,0.2196052426872257
CCCCCC,CCCCCCC,373.2,0.0,0.38367060256248886
c1ccncc1,CCCCCCC,313.2,1.5303947050936475,1.6156870073477094
c1ccncc1,CCCCCCC,313.2,1.5686159179138452,1.6156870073477094
c1ccncc1,CCCCCCC,323.2,1.4350845252893227,1.5656967672868354
c1ccncc1,CCCCCCC,333.2,1.3402504226184837,1.518707136468087
c1ccncc1,CCCCCCC,341.0,1.3376291891386096,1.4839684294340239
c1ccncc1,CCCCCCC,353.2,1.2119409739751128,1.4327102450954514
C1COCCO1,CCCCCCC,303.2,1.42791603581071,1.3897153172186938
C1COCCO1,CCCCCCC,308.2,1.355835153635182,1.3692979793353524
C1COCCO1,CCCCCCC,313.2,1.3056264580524355,1.34947291179399
C1COCCO1,CCCCCCC,313.4,1.2781522025001877,1.3486918631630118
C1COCCO1,CCCCCCC,333.2,1.1662709371419244,1.2756071778347156
C1COCCO1,CCCCCCC,353.2,0.9669838461896731,1.2094180216740886
C1COCCO1,CCCCCCC,353.2,1.0152306797290584,1.2094180216740886
CCOC(C)=O,CCCCCCC,343.2,0.9282193027394288,1.0003545710674777
COC(=O)OC,CCCCCCC,313.2,1.8809906029559973,2.083537728700923
COC(=O)OC,CCCCCCC,323.2,1.754403682684286,2.019071978143329
COC(=O)OC,CCCCCCC,333.2,1.6370530794670737,1.958475709553551
COC(=O)OC,CCCCCCC,343.2,1.5282278570085572,1.9014106826624981
COC(=O)OC,CCCCCCC,363.2,1.332366019094335,1.7967076478126194
COC(=O)OC,CCCCCCC,373.2,1.244154593958768,1.7485644420384323
CCOCC,O=C1CCCCCO1,333.2,1.1019400787607845,1.1071748059818218
CCO,O=C1CCCCCO1,333.2,0.5068176023684519,0.6076952696428474
CO,O=C1CCCCCO1,333.2,0.3646431135879092,0.4409255938617483
CC(C)O,O=C1CCCCCO1,333.2,0.6043159668533296,0.6844114634226752
CC(C)=O,O=C1CCCCCO1,333.2,0.2070141693843261,0.20760201805014086
ClC(Cl)Cl,O=C1CCCCCO1,333.2,-0.6931471805599453,-0.6993047602330749
CCCO,O=C1CCCCCO1,333.2,0.5128236264286637,0.6431494483239204
c1ccccc1,O=C1CCCCCO1,333.2,0.3435897043900768,0.3282075345322868
CC=O,O=C1CCCCCO1,333.2,0.1397619423751586,0.15431507604447095
ClCCl,O=C1CCCCCO1,333.2,-0.527632742082372,-0.5322145482190301
CCCC(C)=O,O=C1CCCCCO1,333.2,0.4382549309311553,0.4378150011672221
CC(C)OC(C)C,O=C1CCCCCO1,333.2,1.623340817603092,1.6306781666125256
Cc1ccccc1,O=C1CCCCCO1,333.2,0.598836501088704,0.5923276153182871
CCCCC,O=C1CCCCCO1,333.2,2.199444334074532,2.222798125892327
C=CCCC,O=C1CCCCCO1,333.2,1.6789639750827108,1.6874782023767008
C1CCOC1,O=C1CCCCCO1,333.2,0.3364722366212129,0.3364530824332426
CCCCCC,O=C1CCCCCO1,333.2,2.379546134130174,2.4008613805579264
CCCCCCCC,O=C1CCCCCO1,333.2,2.7536607123542622,2.7653919107472205
C=CCCCCCC,O=C1CCCCCO1,333.2,2.2321626286975,2.2436276641574193
CCCCCCC,O=C1CCCCCO1,333.2,2.5649493574615367,2.582606672924606
COC(C)(C)C,O=C1CCCCCO1,333.2,1.1568811967920856,1.1643612839597433
CCO,CC(C)CC(C)(C)C,301.8,3.8088822465086327,3.7722112409622857
CCO,CC(C)CC(C)(C)C,319.5,3.342861804649192,3.6629370805697046
CCO,CC(C)CC(C)(C)C,319.7,3.332204510175204,3.661767819152363
CCO,CC(C)CC(C)(C)C,319.7,3.3141860046725258,3.661767819152363
CCO,CC(C)CC(C)(C)C,332.2,3.0349529867072724,3.591253806680177
CCO,CC(C)CC(C)(C)C,332.2,3.030133700271324,3.591253806680177
CCO,CC(C)CC(C)(C)C,333.2,2.896464271895322,3.585819352796153
CCO,CC(C)CC(C)(C)C,350.7,2.5494451709255714,3.495120949352023
CCO,CC(C)CC(C)(C)C,351.0,2.580216829592325,3.4936338745023963
CC#N,CC(C)CC(C)(C)C,313.2,3.504956615953008,3.5338416451081622
c1ccncc1,CC(C)CC(C)(C)C,303.2,1.691939133945844,1.7081269637709484
c1ccncc1,CC(C)CC(C)(C)C,308.2,1.6467336971777973,1.680415670805378
c1ccncc1,CC(C)CC(C)(C)C,313.2,1.599387576580599,1.6535891554877382
CCOCC,N#CCCCC#N,323.2,1.8213182714695997,1.817874451522857
CCOCC,N#CCCCC#N,333.2,1.8066480817218056,1.8044507871725566
CCO,N#CCCCC#N,323.2,1.2237754316221157,1.3015521255657396
CCO,N#CCCCC#N,333.2,1.1378330018213911,1.2624899804805696
CO,N#CCCCC#N,323.2,0.8960880245566357,0.9605243116594296
CO,N#CCCCC#N,333.2,0.8197798314933114,0.9316970728188854
CC(C)O,N#CCCCC#N,323.2,1.449269160281279,1.527477167890272
CC(C)O,N#CCCCC#N,333.2,1.3480731482996928,1.4816345798108754
CC(C)=O,N#CCCCC#N,323.2,0.2311117209633866,0.2227778487610808
CC(C)=O,N#CCCCC#N,333.2,0.2311117209633866,0.22210658101515818
ClC(Cl)Cl,N#CCCCC#N,323.2,0.5247285289349821,0.5106772215601114
ClC(Cl)Cl,N#CCCCC#N,333.2,0.5481214085096876,0.5303114238283386
CCCO,N#CCCCC#N,323.2,1.4609379041156565,1.5574185005604002
CCCO,N#CCCCC#N,333.2,1.3609765531356006,1.510677316198308
c1ccccc1,N#CCCCC#N,323.2,1.2149127443642704,1.2046121373538878
c1ccccc1,N#CCCCC#N,333.2,1.1939224684724346,1.1804896716240452
CC=O,N#CCCCC#N,323.2,0.1397619423751586,0.13080397105624875
CC=O,N#CCCCC#N,333.2,0.1397619423751586,0.13039307341466477
ClCCl,N#CCCCC#N,323.2,0.2231435513142097,0.21342159912884717
ClCCl,N#CCCCC#N,333.2,0.2390169004704999,0.22626425265797445
CCCC(C)=O,N#CCCCC#N,323.2,0.8960880245566357,0.8921205045883336
CCCC(C)=O,N#CCCCC#N,333.2,0.8796267475025636,0.880049148895273
CC(C)OC(C)C,N#CCCCC#N,323.2,2.70805020110221,2.7030981821496454
CC(C)OC(C)C,N#CCCCC#N,333.2,2.681021528714291,2.6759151509795287
Cc1ccccc1,N#CCCCC#N,323.2,1.599387576580599,1.5892155620774782
Cc1ccccc1,N#CCCCC#N,333.2,1.5706970841176695,1.5600236690889955
C1CCOC1,N#CCCCC#N,323.2,0.7371640659767196,0.7361953721481179
C1CCOC1,N#CCCCC#N,333.2,0.7323678937132266,0.7343999022025691
C=CCCCCCC,N#CCCCC#N,323.2,3.9852734671677386,3.974208670675824
C=CCCCCCC,N#CCCCC#N,333.2,3.8897773964808255,3.87617050611937
COC(C)(C)C,N#CCCCC#N,323.2,1.885553348514416,1.8791898337420163
COC(C)(C)C,N#CCCCC#N,333.2,1.873339456220478,1.8679264821854682
CCO,CCCCCCCCCCCCCCCC,298.2,3.548179572010801,3.7778608279921784
c1ccccc1,CCCCCCCCCCCCCCCC,298.2,0.0582689081239758,0.07172454345545988
c1ccccc1,CCCCCCCCCCCCCCCC,303.2,0.0392207131532813,0.07054175090345399
c1ccccc1,CCCCCCCCCCCCCCCC,313.2,0.0,0.06828946010039821
c1ccccc1,CCCCCCCCCCCCCCCC,323.2,-0.0202027073175194,0.06617654372251702
c1ccccc1,CCCCCCCCCCCCCCCC,333.2,-0.1165338162559515,0.0641904530525608
c1ccccc1,CCCCCCCCCCCCCCCC,333.2,-0.0408219945202551,0.0641904530525608
c1ccccc1,CCCCCCCCCCCCCCCC,393.2,-0.2231435513142097,0.05439536898548811
c1ccccc1,CCCCCCCCCCCCCCCC,453.2,-0.3011050927839216,0.04719386403121761
CC(C)CO,CCCCCCCCCCCCCCCC,303.2,2.900871992530031,3.251430994397049
CC(C)CO,CCCCCCCCCCCCCCCC,308.2,2.8780742300857587,3.208236211154571
CC(C)CO,CCCCCCCCCCCCCCCC,313.2,2.7298116928837226,3.166202009814956
CC(C)CO,CCCCCCCCCCCCCCCC,318.2,2.5922651681085,3.125280759220608
CC(C)CO,CCCCCCCCCCCCCCCC,323.2,2.4595888418037104,3.085427494000772
CC(C)CO,CCCCCCCCCCCCCCCC,328.2,2.341805806147327,3.0465997237385904
Cc1ccccc1,CCCCCCCCCCCCCCCC,333.2,-0.1053605156578262,-0.018264048113282215
Cc1ccccc1,CCCCCCCCCCCCCCCC,393.2,-0.2107210313156525,-0.015473827732792534
Cc1ccccc1,CCCCCCCCCCCCCCCC,453.2,-0.2744368457017603,-0.01342315617725309
CCCCCC,CCCCCCCCCCCCCCCC,298.2,-0.1053605156578262,-0.0981493053341498
CCCCCC,CCCCCCCCCCCCCCCC,298.2,-0.1053605156578262,-0.0981493053341498
CCCCCC,CCCCCCCCCCCCCCCC,298.2,-0.1053605156578262,-0.0981493053341498
CCCCCC,CCCCCCCCCCCCCCCC,298.2,-0.1053605156578262,-0.0981493053341498
CCCCCC,CCCCCCCCCCCCCCCC,303.2,-0.1053605156578262,-0.09651903216380382
CCCCCC,CCCCCCCCCCCCCCCC,308.2,-0.1053605156578262,-0.09494203221230424
CCCCCC,CCCCCCCCCCCCCCCC,313.2,-0.1053605156578262,-0.09341573620769109
CCCCCC,CCCCCCCCCCCCCCCC,323.2,-0.1053605156578262,-0.09050577929402956
CCCCCC,CCCCCCCCCCCCCCCC,333.2,-0.0943106794712412,-0.08777163937241766
CCCCCC,CCCCCCCCCCCCCCCC,333.2,-0.1053605156578262,-0.08777163937241766
CCCCCC,CCCCCCCCCCCCCCCC,393.2,-0.1278333715098848,-0.07430356917403562
CCCCCC,CCCCCCCCCCCCCCCC,453.2,-0.1508228897345836,-0.06441885361324198
CCCCCCCC,CCCCCCCCCCCCCCCC,298.2,-0.083381608939051,-0.030512350918889136
CCCCCCCC,CCCCCCCCCCCCCCCC,453.2,-0.1165338162559515,-0.02006104857959501
CCCCCCC,CCCCCCCCCCCCCCCC,298.2,-0.083381608939051,-0.08267074868966814
CCCCCCC,CCCCCCCCCCCCCCCC,298.2,-0.083381608939051,-0.08267074868966814
CCCCCCC,CCCCCCCCCCCCCCCC,303.2,-0.083381608939051,-0.0813074447206371
CCCCCCC,CCCCCCCCCCCCCCCC,313.2,-0.083381608939051,-0.07871142145997201
CCCCCCC,CCCCCCCCCCCCCCCC,323.2,-0.083381608939051,-0.07627604321026096
CCCCCCC,CCCCCCCCCCCCCCCC,333.2,-0.083381608939051,-0.0739868461343616
CCCCCCC,CCCCCCCCCCCCCCCC,393.2,-0.1278333715098848,-0.0626968895371069
CCCCCCC,CCCCCCCCCCCCCCCC,453.2,-0.1392620673335076,-0.05439633019330606
C1CCCC1,CCCCCCCCCCCCCCCC,303.1,-0.2876820724517809,-0.26758370826477895
CCCC=O,C=CCCCC,336.2,0.7929925155296614,0.8594308852067375
c1ccccc1,COC(=O)OC,313.2,0.4317824164255378,0.44377807003835756
c1ccccc1,COC(=O)OC,323.2,0.4054651081081644,0.43004731696144544
c1ccccc1,COC(=O)OC,333.2,0.3852624007906449,0.4171407384891508
c1ccccc1,COC(=O)OC,343.2,0.3646431135879092,0.40498629140927433
c1ccccc1,COC(=O)OC,363.2,0.3293037471426003,0.3826852899380007
c1ccccc1,COC(=O)OC,373.2,0.3074846997479607,0.37243113146716356
CCCCCCC,COC(=O)OC,313.2,2.209372711271867,2.433586869785858
CCCCCCC,COC(=O)OC,323.2,2.0681277817795625,2.358290464973012
CCCCCCC,COC(=O)OC,333.2,1.9401794743463283,2.2875136352356504
CCCCCCC,COC(=O)OC,343.2,1.8213182714695997,2.2208613147036322
CCCCCCC,COC(=O)OC,363.2,1.6094379124341005,2.098567483826003
CCCCCCC,COC(=O)OC,373.2,1.5129270120532563,2.0423359002859685
CCOCC,O=C1CCCN1,323.2,1.94876321803772,1.9464617454013609
CCOCC,O=C1CCCN1,333.2,1.9242486522741336,1.915536514678034
CCO,O=C1CCCN1,323.2,0.0392207131532813,0.05109160140504866
CCO,O=C1CCCN1,333.2,0.0198026272961797,0.049558240064722515
CO,O=C1CCCN1,323.2,-0.2744368457017603,-0.2753369480407205
CO,O=C1CCCN1,333.2,-0.2613647641344075,-0.2639493941292702
CC(C)=O,O=C1CCCN1,323.2,0.8020015854720274,0.8068277336858964
CC(C)=O,O=C1CCCN1,333.2,0.7884573603642703,0.7940797830210243
ClC(Cl)Cl,O=C1CCCN1,323.2,-0.4307829160924542,-0.4338449677149101
ClC(Cl)Cl,O=C1CCCN1,333.2,-0.342490308946776,-0.35154442468860125
c1ccccc1,O=C1CCCN1,323.2,1.043804052173115,1.0457188749015793
c1ccccc1,O=C1CCCN1,333.2,1.0473189942805592,1.0496966935435719
ClCCl,O=C1CCCN1,323.2,-0.0943106794712412,-0.10918995390726538
ClCCl,O=C1CCCN1,333.2,-0.0512932943875505,-0.07269051227034984
CC1CCCC1,O=C1CCCN1,323.2,3.069447311376272,3.06892683647669
CC1CCCC1,O=C1CCCN1,333.2,2.997231149677727,3.0004889112002573
CCc1ccccc1,O=C1CCCN1,323.2,1.715598108262491,1.7149816410142606
CCc1ccccc1,O=C1CCCN1,333.2,1.7083778602890038,1.7065954165915986
Cc1ccc(C)cc1,O=C1CCCN1,323.2,1.780024213009634,1.7829848947251916
Cc1ccc(C)cc1,O=C1CCCN1,333.2,1.7698546338400052,1.7720931474743384
CCCC(C)=O,O=C1CCCN1,323.2,1.244154593958768,1.2441853529332123
CCCC(C)=O,O=C1CCCN1,333.2,1.229640551074514,1.2298092153887186
CC(C)OC(C)C,O=C1CCCN1,323.2,2.589266665112243,2.5984292214590723
CC(C)OC(C)C,O=C1CCCN1,333.2,2.558776498354456,2.5652800150547392
CC1CCCCC1,O=C1CCCN1,323.2,3.306520334720247,3.3029732936933756
CC1CCCCC1,O=C1CCCN1,333.2,3.2339614622862416,3.2289470895152235
Cc1ccccc1,O=C1CCCN1,323.2,1.4011829736136412,1.4047840286333433
Cc1ccccc1,O=C1CCCN1,333.2,1.4085449700547104,1.4120023524971623
CCCCC,O=C1CCCN1,323.2,3.3120018028576843,3.29845559227042
CCCCC,O=C1CCCN1,333.2,3.2359295794340284,3.2234128480079587
C=CCCC,O=C1CCCN1,323.2,2.681021528714291,2.679312314263746
C=CCCC,O=C1CCCN1,333.2,2.637627736805664,2.63316601388451
CCCCCC,O=C1CCCN1,323.2,3.572345637857985,3.571082504425883
CCCCCC,O=C1CCCN1,333.2,3.4998353515591547,3.48776557590181
CCCCCCCC,O=C1CCCN1,323.2,4.098834467494953,4.084756621331099
CCCCCCCC,O=C1CCCN1,333.2,4.0069694827371,3.9875649756384544
C=CCCCCCC,O=C1CCCN1,323.2,3.4638591427868666,3.4562254198532516
C=CCCCCCC,O=C1CCCN1,333.2,3.40552135314221,3.389438649306043
CCCCCCC,O=C1CCCN1,323.2,3.8185910606355935,3.8092131638923057
CCCCCCC,O=C1CCCN1,333.2,3.735763040012787,3.7150826078174077
C1CCCC1,O=C1CCCN1,323.2,2.714694743820879,2.703789414049998
C1CCCC1,O=C1CCCN1,333.2,2.646883765864722,2.6389500607610716
C=CCCCC,O=C1CCCN1,323.2,2.9161477942111484,2.9210745236587865
C=CCCCC,O=C1CCCN1,333.2,2.8752581200861167,2.880026454137934
COC(C)(C)C,O=C1CCCN1,323.2,2.061786606441115,2.0601784367615057
COC(C)(C)C,O=C1CCCN1,333.2,2.0360119837525,2.0362484774983103
CCO,CN1CCCC1=O,343.4,-0.4462871026284195,-0.41155070956182527
CO,CN1CCCC1=O,343.4,-0.6539264674066639,-0.6156564116871891
CC(C)O,CN1CCCC1=O,343.4,-0.3011050927839216,-0.26176208802192735
CC(C)=O,CN1CCCC1=O,343.4,0.2546422183735807,0.2544850059543439
c1ccccc1,CN1CCCC1=O,333.3,-0.3011050927839216,0.21980725476685756
c1ccccc1,CN1CCCC1=O,343.4,0.2468600779315258,0.2133423363923142
c1ccccc1,CN1CCCC1=O,354.2,-0.1863295781914934,0.2068372631895505
CC(C)(C)O,CN1CCCC1=O,343.4,-0.1863295781914934,-0.21323645038715017
COC(C)=O,CN1CCCC1=O,343.4,0.4637340162321402,0.4522096312039071
CC1CCCC1,CN1CCCC1=O,343.4,2.0149030205422647,2.0104097850927447
CCCC(C)=O,CN1CCCC1=O,343.4,0.4824261492442928,0.48152333525984464
CC1CCCCC1,CN1CCCC1=O,343.4,2.1564025828159643,2.15691507513795
Cc1ccccc1,CN1CCCC1=O,343.4,0.5068176023684519,0.5178570527494508
Cc1ccccc1,CN1CCCC1=O,363.3,0.0769610411361284,0.524667055368942
Cc1ccccc1,CN1CCCC1=O,383.4,0.0676586484738148,0.5282840352562966
CCCOC(C)=O,CN1CCCC1=O,343.4,0.7514160886839212,0.7510785243574242
CCCCC,CN1CCCC1=O,333.2,2.322387720290225,2.309959989884428
CCCCC,CN1CCCC1=O,343.4,2.2353763433005955,2.294563826414387
CCCCCC,CN1CCCC1=O,333.2,2.5416019934645457,2.532939400272963
CCCCCC,CN1CCCC1=O,343.4,2.451005098112319,2.510920394955592
CCCCCCCC,CN1CCCC1=O,333.2,2.8213788864092133,2.896449637865657
CCCCCCCC,CN1CCCC1=O,343.4,2.778819271990417,2.853568995148766
C=CCCCCCC,CN1CCCC1=O,343.4,2.2082744135228043,2.2270064944916195
CCCC=O,CN1CCCC1=O,343.4,0.412109650826833,0.384367661547296
CCCCCCC,CN1CCCC1=O,333.2,2.6878474937846906,2.7353593120590043
CCCCCCC,CN1CCCC1=O,343.4,2.5952547069568657,2.7073278281777835
C1CCCC1,CN1CCCC1=O,343.4,1.7647307968401356,1.7499289473199697
CC(C)CC(C)(C)C,CN1CCCC1=O,343.4,2.667228206581955,2.7039073059937433
CCCCCC,COC(C)(C)C,323.2,0.1397619423751586,0.20278438243696084
CCCCCC,COC(C)(C)C,308.2,0.0676586484738148,0.1251262499489636
CCCCCCC,COC(C)(C)C,323.2,-0.0618754037180875,0.014067697646064747
C1CCCC1,COC(C)(C)C,323.2,0.0953101798043249,0.31931504332682403
CCOCC,CCN1CCCC1=O,318.2,0.9783261227936078,0.9823735351855999
CC(C)=O,CCN1CCCC1=O,318.2,0.1823215567939546,0.18551947653128667
c1ccccc1,CCN1CCCC1=O,318.2,0.0861776962410524,0.09187452270729057
CC=O,CCN1CCCC1=O,318.2,0.1397619423751586,0.1634561531392067
ClCCl,CCN1CCCC1=O,318.2,-1.0788096613719298,-1.1100971727064213
CCC(C)=O,CCN1CCCC1=O,318.2,0.1484200051182732,0.1737302333443774
CCCC(C)=O,CCN1CCCC1=O,318.2,0.1906203596086497,0.2307222973832636
CC(C)OC(C)C,CCN1CCCC1=O,318.2,1.4327007339340465,1.440785541892966
Cc1ccccc1,CCN1CCCC1=O,318.2,0.2776317365982795,0.2377336299109153
CCCCC,CCN1CCCC1=O,318.2,1.81319474994812,1.836586916885518
C=CCCC,CCN1CCCC1=O,318.2,1.3190856114264409,1.3256618188881613
C1CCOC1,CCN1CCCC1=O,318.2,0.3220834991691132,0.31254904881878787
CCCCCC,CCN1CCCC1=O,318.2,1.9851308622085944,1.99329722717555
C1CCCCC1,CCN1CCCC1=O,318.2,1.5173226235262949,1.5752270249943492
CCCCCCCC,CCN1CCCC1=O,318.2,2.2438960966453663,2.29581036168051
C=CCCCCCC,CCN1CCCC1=O,318.2,1.7191887763932197,1.7101730908300974
CCCCCCC,CCN1CCCC1=O,318.2,2.0831845279586703,2.1343066788794145
C=CCCCC,CCN1CCCC1=O,318.2,1.451613827240533,1.460571068552152
COC(C)(C)C,CCN1CCCC1=O,318.2,1.007957920399979,0.9924228251621713
