Solute_SMILES,Solvent_SMILES,T,log-gamma,source_file,solute_rdkit_valid,solute_canonical_isomeric,solute_canonical_nonisomeric,solute_rdkit_isomeric_flag,solute_heuristic_isomer_flag,solute_isomer_detection_method,solute_isomer_collision_group,solute_collision_group_id,solvent_rdkit_valid,solvent_canonical_isomeric,solvent_canonical_nonisomeric,solvent_rdkit_isomeric_flag,solvent_heuristic_isomer_flag,solvent_isomer_detection_method,solvent_isomer_collision_group,solvent_collision_group_id,isomer_subset_flag,isomer_detection_reason
C/C=C\C,CC(C)CO,36.84,1.137833002,molecule_train.csv,True,C/C=C\C,CC=CC,True,True,rdkit+heuristic,True,solute_iso_collision_0001,True,CC(C)CO,CC(C)CO,False,False,none,False,,True,solute:rdkit;solute:heuristic;solute:collision
C1=CC=C(C=C1)CCl,CCCCCCCC/C=C\CCCCCCCC(=O)O,85.13,0.32570014,molecule_train.csv,True,ClCc1ccccc1,ClCc1ccccc1,False,False,none,False,,True,CCCCCCCC/C=C\CCCCCCCC(=O)O,CCCCCCCCC=CCCCCCCCC(=O)O,True,True,rdkit+heuristic,True,solvent_iso_collision_0002,True,solvent:rdkit;solvent:heuristic;solvent:collision
CCO,CC/C=C\C/C=C\C/C=C\CCCCCCCC(=O)O,29.98,0.067658648,molecule_train.csv,True,CCO,CCO,False,False,none,False,,True,CC/C=C\C/C=C\C/C=C\CCCCCCCC(=O)O,CCC=CCC=CCC=CCCCCCCCC(=O)O,True,True,rdkit+heuristic,True,solvent_iso_collision_0003,True,solvent:rdkit;solvent:heuristic;solvent:collision
CCCCC=C,CCCCCCCC/C=C\CCCCCCCC(=O)O,75.21,0.177309015,molecule_train.csv,True,C=CCCCC,C=CCCCC,False,False,none,False,,True,CCCCCCCC/C=C\CCCCCCCC(=O)O,CCCCCCCCC=CCCCCCCCC(=O)O,True,True,rdkit+heuristic,True,solvent_iso_collision_0002,True,solvent:rdkit;solvent:heuristic;solvent:collision
CCC1=CC=CC=C1,CCCCC/C=C\C/C=C\CCCCCCCC(=O)O,75.13,0.302324349,molecule_train.csv,True,CCc1ccccc1,CCc1ccccc1,False,False,none,False,,True,CCCCC/C=C\C/C=C\CCCCCCCC(=O)O,CCCCCC=CCC=CCCCCCCCC(=O)O,True,True,rdkit+heuristic,True,solvent_iso_collision_0001,True,solvent:rdkit;solvent:heuristic;solvent:collision
C/C=C/C,CC1=CC(=CC=C1)C,16.84,0.322083499,molecule_train.csv,True,C/C=C/C,CC=CC,True,True,rdkit+heuristic,True,solute_iso_collision_0001,True,Cc1cccc(C)c1,Cc1cccc(C)c1,False,False,none,False,,True,solute:rdkit;solute:heuristic;solute:collision
C/C=C\C,CCC(CC)O,16.85,1.040276712,molecule_train.csv,True,C/C=C\C,CC=CC,True,True,rdkit+heuristic,True,solute_iso_collision_0001,True,CCC(O)CC,CCC(O)CC,False,False,none,False,,True,solute:rdkit;solute:heuristic;solute:collision
C/C=C/C,CCC(C)O,16.85,1.252762968,molecule_train.csv,True,C/C=C/C,CC=CC,True,True,rdkit+heuristic,True,solute_iso_collision_0001,True,CCC(C)O,CCC(C)O,False,False,none,False,,True,solute:rdkit;solute:heuristic;solute:collision
CC1=CC=CC=C1,CCCCC/C=C\C/C=C\CCCCCCCC(=O)O,75.13,0.175632569,molecule_train.csv,True,Cc1ccccc1,Cc1ccccc1,False,False,none,False,,True,CCCCC/C=C\C/C=C\CCCCCCCC(=O)O,CCCCCC=CCC=CCCCCCCCC(=O)O,True,True,rdkit+heuristic,True,solvent_iso_collision_0001,True,solvent:rdkit;solvent:heuristic;solvent:collision
C/C=C\C=C,CC(=O)NC,40.0,1.401182974,molecule_train.csv,True,C=C/C=C\C,C=CC=CC,True,True,rdkit+heuristic,True,solute_iso_collision_0002,True,CNC(C)=O,CNC(C)=O,False,False,none,False,,True,solute:rdkit;solute:heuristic;solute:collision
C/C=C/C,CC1=CC=CC=C1C,36.69,0.371563556,molecule_train.csv,True,C/C=C/C,CC=CC,True,True,rdkit+heuristic,True,solute_iso_collision_0001,True,Cc1ccccc1C,Cc1ccccc1C,False,False,none,False,,True,solute:rdkit;solute:heuristic;solute:collision
C/C=C\C=C,CN1CCCC1=O,40.0,0.765467842,molecule_train.csv,True,C=C/C=C\C,C=CC=CC,True,True,rdkit+heuristic,True,solute_iso_collision_0002,True,CN1CCCC1=O,CN1CCCC1=O,False,False,none,False,,True,solute:rdkit;solute:heuristic;solute:collision
C(Cl)(Cl)Cl,CCCCCCCC/C=C\CCCCCCCC(=O)O,65.21,-0.42617815,molecule_train.csv,True,ClC(Cl)Cl,ClC(Cl)Cl,False,False,none,False,,True,CCCCCCCC/C=C\CCCCCCCC(=O)O,CCCCCCCCC=CCCCCCCCC(=O)O,True,True,rdkit+heuristic,True,solvent_iso_collision_0002,True,solvent:rdkit;solvent:heuristic;solvent:collision
C/C=C\C,C1=CC=CC=C1,16.84,0.463734016,molecule_train.csv,True,C/C=C\C,CC=CC,True,True,rdkit+heuristic,True,solute_iso_collision_0001,True,c1ccccc1,c1ccccc1,False,False,none,False,,True,solute:rdkit;solute:heuristic;solute:collision
CCCCC=C,CCCCC/C=C\C/C=C\CCCCCCCC(=O)O,75.13,0.694646057,molecule_train.csv,True,C=CCCCC,C=CCCCC,False,False,none,False,,True,CCCCC/C=C\C/C=C\CCCCCCCC(=O)O,CCCCCC=CCC=CCCCCCCCC(=O)O,True,True,rdkit+heuristic,True,solvent_iso_collision_0001,True,solvent:rdkit;solvent:heuristic;solvent:collision
C/C=C/C=C,CNC=O,24.0,2.284421122,molecule_train.csv,True,C=C/C=C/C,C=CC=CC,True,True,rdkit+heuristic,True,solute_iso_collision_0002,True,CNC=O,CNC=O,False,False,none,False,,True,solute:rdkit;solute:heuristic;solute:collision
C1=CC=C(C=C1)Cl,CCCCCCCC/C=C\CCCCCCCC(=O)O,85.13,-0.131248287,molecule_train.csv,True,Clc1ccccc1,Clc1ccccc1,False,False,none,False,,True,CCCCCCCC/C=C\CCCCCCCC(=O)O,CCCCCCCCC=CCCCCCCCC(=O)O,True,True,rdkit+heuristic,True,solvent_iso_collision_0002,True,solvent:rdkit;solvent:heuristic;solvent:collision
C/C=C\C,CCC(CC)O,-3.13,1.118414916,molecule_train.csv,True,C/C=C\C,CC=CC,True,True,rdkit+heuristic,True,solute_iso_collision_0001,True,CCC(O)CC,CCC(O)CC,False,False,none,False,,True,solute:rdkit;solute:heuristic;solute:collision
C(=C/Cl)\Cl,CCCCCCCCCCCCCCCCO,93.9,-0.133531393,molecule_train.csv,True,Cl/C=C/Cl,ClC=CCl,True,True,rdkit+heuristic,True,solute_iso_collision_0003,True,CCCCCCCCCCCCCCCCO,CCCCCCCCCCCCCCCCO,False,False,none,False,,True,solute:rdkit;solute:heuristic;solute:collision
C/C=C\C,CC1=CC(=CC=C1)C,-23.17,0.285178942,molecule_train.csv,True,C/C=C\C,CC=CC,True,True,rdkit+heuristic,True,solute_iso_collision_0001,True,Cc1cccc(C)c1,Cc1cccc(C)c1,False,False,none,False,,True,solute:rdkit;solute:heuristic;solute:collision
CCO,CCCCCCCC/C=C\CCCCCCCC(=O)O,85.13,0.323531725,molecule_train.csv,True,CCO,CCO,False,False,none,False,,True,CCCCCCCC/C=C\CCCCCCCC(=O)O,CCCCCCCCC=CCCCCCCCC(=O)O,True,True,rdkit+heuristic,True,solvent_iso_collision_0002,True,solvent:rdkit;solvent:heuristic;solvent:collision
C/C=C/C=C,CCC(=O)N(C)C,24.0,0.722705983,molecule_train.csv,True,C=C/C=C/C,C=CC=CC,True,True,rdkit+heuristic,True,solute_iso_collision_0002,True,CCC(=O)N(C)C,CCC(=O)N(C)C,False,False,none,False,,True,solute:rdkit;solute:heuristic;solute:collision
C/C=C/C,CC1=CC(=CC=C1)O,16.83,1.54329811,molecule_train.csv,True,C/C=C/C,CC=CC,True,True,rdkit+heuristic,True,solute_iso_collision_0001,True,Cc1cccc(O)c1,Cc1cccc(O)c1,False,False,none,False,,True,solute:rdkit;solute:heuristic;solute:collision
C/C=C\C=C,CCC(=O)NC,24.0,1.208960346,molecule_train.csv,True,C=C/C=C\C,C=CC=CC,True,True,rdkit+heuristic,True,solute_iso_collision_0002,True,CCC(=O)NC,CCC(=O)NC,False,False,none,False,,True,solute:rdkit;solute:heuristic;solute:collision
CCC1=CC=CC=C1,CCCCCCCC/C=C\CCCCCCCC(=O)O,65.21,0.050693114,molecule_train.csv,True,CCc1ccccc1,CCc1ccccc1,False,False,none,False,,True,CCCCCCCC/C=C\CCCCCCCC(=O)O,CCCCCCCCC=CCCCCCCCC(=O)O,True,True,rdkit+heuristic,True,solvent_iso_collision_0002,True,solvent:rdkit;solvent:heuristic;solvent:collision
C(CCl)Cl,CCCCC/C=C\C/C=C\CCCCCCCC(=O)O,85.15,0.106160196,molecule_train.csv,True,ClCCCl,ClCCCl,False,False,none,False,,True,CCCCC/C=C\C/C=C\CCCCCCCC(=O)O,CCCCCC=CCC=CCCCCCCCC(=O)O,True,True,rdkit+heuristic,True,solvent_iso_collision_0001,True,solvent:rdkit;solvent:heuristic;solvent:collision
CO,CCCCCCCC/C=C\CCCCCCCC(=O)O,85.13,0.399447036,molecule_train.csv,True,CO,CO,False,False,none,False,,True,CCCCCCCC/C=C\CCCCCCCC(=O)O,CCCCCCCCC=CCCCCCCCC(=O)O,True,True,rdkit+heuristic,True,solvent_iso_collision_0002,True,solvent:rdkit;solvent:heuristic;solvent:collision
C(=C\Cl)\Cl,CCCCOC(=O)C1=CC=CC=C1C(=O)OCCCC,93.9,-0.699165253,molecule_train.csv,True,Cl/C=C\Cl,ClC=CCl,True,True,rdkit+heuristic,True,solute_iso_collision_0003,True,CCCCOC(=O)c1ccccc1C(=O)OCCCC,CCCCOC(=O)c1ccccc1C(=O)OCCCC,False,False,none,False,,True,solute:rdkit;solute:heuristic;solute:collision
C/C=C/C,CC1=CC=CC=C1C,56.84,0.350656872,molecule_train.csv,True,C/C=C/C,CC=CC,True,True,rdkit+heuristic,True,solute_iso_collision_0001,True,Cc1ccccc1C,Cc1ccccc1C,False,False,none,False,,True,solute:rdkit;solute:heuristic;solute:collision
C/C=C\C,CC1=CC(=CC=C1)O,16.83,1.456286733,molecule_train.csv,True,C/C=C\C,CC=CC,True,True,rdkit+heuristic,True,solute_iso_collision_0001,True,Cc1cccc(O)c1,Cc1cccc(O)c1,False,False,none,False,,True,solute:rdkit;solute:heuristic;solute:collision
CCCO,CCCCCCCC/C=C\CCCCCCCC(=O)O,75.21,0.236651901,molecule_train.csv,True,CCCO,CCCO,False,False,none,False,,True,CCCCCCCC/C=C\CCCCCCCC(=O)O,CCCCCCCCC=CCCCCCCCC(=O)O,True,True,rdkit+heuristic,True,solvent_iso_collision_0002,True,solvent:rdkit;solvent:heuristic;solvent:collision
CCCCC=C,CC(=CCC/C(=C/CC/C(=C/CC/C=C(/CC/C=C(/CCC=C(C)C)\C)\C)/C)/C)C,80.0,-0.46203546,molecule_train.csv,True,C=CCCCC,C=CCCCC,False,False,none,False,,True,CC(C)=CCC/C(C)=C/CC/C(C)=C/CC/C=C(\C)CC/C=C(\C)CCC=C(C)C,CC(C)=CCCC(C)=CCCC(C)=CCCC=C(C)CCC=C(C)CCC=C(C)C,True,True,rdkit+heuristic,True,solvent_iso_collision_0004,True,solvent:rdkit;solvent:heuristic;solvent:collision
C/C=C\C,CCCCCO,56.85,0.955511445,molecule_train.csv,True,C/C=C\C,CC=CC,True,True,rdkit+heuristic,True,solute_iso_collision_0001,True,CCCCCO,CCCCCO,False,False,none,False,,True,solute:rdkit;solute:heuristic;solute:collision
C/C=C/C,C1=CC=CC=C1,56.84,0.444685821,molecule_train.csv,True,C/C=C/C,CC=CC,True,True,rdkit+heuristic,True,solute_iso_collision_0001,True,c1ccccc1,c1ccccc1,False,False,none,False,,True,solute:rdkit;solute:heuristic;solute:collision
C/C=C/C,CCC(C)CO,36.85,1.043804052,molecule_train.csv,True,C/C=C/C,CC=CC,True,True,rdkit+heuristic,True,solute_iso_collision_0001,True,CCC(C)CO,CCC(C)CO,False,False,none,False,,True,solute:rdkit;solute:heuristic;solute:collision
CCCCC=C,CCCCC/C=C\C/C=C\CCCCCCCC(=O)O,85.15,0.858661619,molecule_train.csv,True,C=CCCCC,C=CCCCC,False,False,none,False,,True,CCCCC/C=C\C/C=C\CCCCCCCC(=O)O,CCCCCC=CCC=CCCCCCCCC(=O)O,True,True,rdkit+heuristic,True,solvent_iso_collision_0001,True,solvent:rdkit;solvent:heuristic;solvent:collision
C(=C\Cl)\Cl,CCCCCCCCCCCCCC(=O)N(C)C,74.1,-1.030019497,molecule_train.csv,True,Cl/C=C\Cl,ClC=CCl,True,True,rdkit+heuristic,True,solute_iso_collision_0003,True,CCCCCCCCCCCCCC(=O)N(C)C,CCCCCCCCCCCCCC(=O)N(C)C,False,False,none,False,,True,solute:rdkit;solute:heuristic;solute:collision
C/C=C/C,CCC(C)(C)O,6.85,0.904218151,molecule_train.csv,True,C/C=C/C,CC=CC,True,True,rdkit+heuristic,True,solute_iso_collision_0001,True,CCC(C)(C)O,CCC(C)(C)O,False,False,none,False,,True,solute:rdkit;solute:heuristic;solute:collision
C/C=C/C,C1CCOCC1,-3.03,0.343589704,molecule_train.csv,True,C/C=C/C,CC=CC,True,True,rdkit+heuristic,True,solute_iso_collision_0001,True,C1CCOCC1,C1CCOCC1,False,False,none,False,,True,solute:rdkit;solute:heuristic;solute:collision
C1=CC=C(C=C1)CCl,CCCCC/C=C\C/C=C\CCCCCCCC(=O)O,75.16,0.425921117,molecule_train.csv,True,ClCc1ccccc1,ClCc1ccccc1,False,False,none,False,,True,CCCCC/C=C\C/C=C\CCCCCCCC(=O)O,CCCCCC=CCC=CCCCCCCCC(=O)O,True,True,rdkit+heuristic,True,solvent_iso_collision_0001,True,solvent:rdkit;solvent:heuristic;solvent:collision
C/C=C/C,CCC(C)(C)O,26.85,0.854415328,molecule_train.csv,True,C/C=C/C,CC=CC,True,True,rdkit+heuristic,True,solute_iso_collision_0001,True,CCC(C)(C)O,CCC(C)(C)O,False,False,none,False,,True,solute:rdkit;solute:heuristic;solute:collision
C/C=C\C,CC1=CC=CC=C1C,-3.02,0.364643114,molecule_train.csv,True,C/C=C\C,CC=CC,True,True,rdkit+heuristic,True,solute_iso_collision_0001,True,Cc1ccccc1C,Cc1ccccc1C,False,False,none,False,,True,solute:rdkit;solute:heuristic;solute:collision
C/C=C\C,C1=CC=CC=C1,6.84,0.476234179,molecule_train.csv,True,C/C=C\C,CC=CC,True,True,rdkit+heuristic,True,solute_iso_collision_0001,True,c1ccccc1,c1ccccc1,False,False,none,False,,True,solute:rdkit;solute:heuristic;solute:collision
CCOC(=O)C,CCCCC/C=C\C/C=C\CCCCCCCC(=O)O,85.18,0.108854405,molecule_train.csv,True,CCOC(C)=O,CCOC(C)=O,False,False,none,False,,True,CCCCC/C=C\C/C=C\CCCCCCCC(=O)O,CCCCCC=CCC=CCCCCCCCC(=O)O,True,True,rdkit+heuristic,True,solvent_iso_collision_0001,True,solvent:rdkit;solvent:heuristic;solvent:collision
CC1=CC=CC=C1,CC/C=C\C/C=C\C/C=C\CCCCCCCC(=O)O,50.01,0.185649347,molecule_train.csv,True,Cc1ccccc1,Cc1ccccc1,False,False,none,False,,True,CC/C=C\C/C=C\C/C=C\CCCCCCCC(=O)O,CCC=CCC=CCC=CCCCCCCCC(=O)O,True,True,rdkit+heuristic,True,solvent_iso_collision_0003,True,solvent:rdkit;solvent:heuristic;solvent:collision
C/C=C/C,CC(C)CCO,-3.14,1.026041596,molecule_train.csv,True,C/C=C/C,CC=CC,True,True,rdkit+heuristic,True,solute_iso_collision_0001,True,CC(C)CCO,CC(C)CCO,False,False,none,False,,True,solute:rdkit;solute:heuristic;solute:collision
CC(=O)C,CCCCC/C=C\C/C=C\CCCCCCCC(=O)O,75.16,0.149281703,molecule_train.csv,True,CC(C)=O,CC(C)=O,False,False,none,False,,True,CCCCC/C=C\C/C=C\CCCCCCCC(=O)O,CCCCCC=CCC=CCCCCCCCC(=O)O,True,True,rdkit+heuristic,True,solvent_iso_collision_0001,True,solvent:rdkit;solvent:heuristic;solvent:collision
CCOC(=O)C,CC1(COC(=O)[C@@H]1O)C,100.25,0.512823626,molecule_train.csv,True,CCOC(C)=O,CCOC(C)=O,False,False,none,False,,True,CC1(C)COC(=O)[C@@H]1O,CC1(C)COC(=O)C1O,True,True,rdkit+heuristic,False,,True,solvent:rdkit;solvent:heuristic
C/C=C\C,CO,-23.17,2.312535424,molecule_train.csv,True,C/C=C\C,CC=CC,True,True,rdkit+heuristic,True,solute_iso_collision_0001,True,CO,CO,False,False,none,False,,True,solute:rdkit;solute:heuristic;solute:collision
CC1=CC=CC=C1,CC1(COC(=O)[C@@H]1O)C,95.27,1.294727168,molecule_train.csv,True,Cc1ccccc1,Cc1ccccc1,False,False,none,False,,True,CC1(C)COC(=O)[C@@H]1O,CC1(C)COC(=O)C1O,True,True,rdkit+heuristic,False,,True,solvent:rdkit;solvent:heuristic
CC1=CC[C@@H](CC1)C(=C)C,CC#N,25.0,2.324346585,molecule_train.csv,True,C=C(C)[C@H]1CC=C(C)CC1,C=C(C)C1CC=C(C)CC1,True,True,rdkit+heuristic,True,solute_iso_collision_0006,True,CC#N,CC#N,False,False,none,False,,True,solute:rdkit;solute:heuristic;solute:collision
CC/C=C/C=C,CCCCCCCCCCCCCCCC,80.0,-0.444725822,molecule_train.csv,True,C=C/C=C/CC,C=CC=CCC,True,True,rdkit+heuristic,True,solute_iso_collision_0005,True,CCCCCCCCCCCCCCCC,CCCCCCCCCCCCCCCC,False,False,none,False,,True,solute:rdkit;solute:heuristic;solute:collision
C/C=C\C=C,CCC(=O)N(C)C,40.0,0.512823626,molecule_train.csv,True,C=C/C=C\C,C=CC=CC,True,True,rdkit+heuristic,True,solute_iso_collision_0002,True,CCC(=O)N(C)C,CCC(=O)N(C)C,False,False,none,False,,True,solute:rdkit;solute:heuristic;solute:collision
C/C=C\C,CCCO,16.84,1.368639426,molecule_train.csv,True,C/C=C\C,CC=CC,True,True,rdkit+heuristic,True,solute_iso_collision_0001,True,CCCO,CCCO,False,False,none,False,,True,solute:rdkit;solute:heuristic;solute:collision
CCC1=CC=CC=C1,CCCCC/C=C\C/C=C\CCCCCCCC(=O)O,85.15,0.396760667,molecule_train.csv,True,CCc1ccccc1,CCc1ccccc1,False,False,none,False,,True,CCCCC/C=C\C/C=C\CCCCCCCC(=O)O,CCCCCC=CCC=CCCCCCCCC(=O)O,True,True,rdkit+heuristic,True,solvent_iso_collision_0001,True,solvent:rdkit;solvent:heuristic;solvent:collision
C1=CC=C(C=C1)Cl,CCCCC/C=C\C/C=C\CCCCCCCC(=O)O,75.13,0.066723632,molecule_train.csv,True,Clc1ccccc1,Clc1ccccc1,False,False,none,False,,True,CCCCC/C=C\C/C=C\CCCCCCCC(=O)O,CCCCCC=CCC=CCCCCCCCC(=O)O,True,True,rdkit+heuristic,True,solvent_iso_collision_0001,True,solvent:rdkit;solvent:heuristic;solvent:collision
CC1=CC=CC=C1,CC1(COC(=O)[C@@H]1O)C,100.25,1.01523068,molecule_train.csv,True,Cc1ccccc1,Cc1ccccc1,False,False,none,False,,True,CC1(C)COC(=O)[C@@H]1O,CC1(C)COC(=O)C1O,True,True,rdkit+heuristic,False,,True,solvent:rdkit;solvent:heuristic
CCCCCC,CCCCC/C=C\C/C=C\CCCCCCCC(=O)O,75.13,0.925844945,molecule_train.csv,True,CCCCCC,CCCCCC,False,False,none,False,,True,CCCCC/C=C\C/C=C\CCCCCCCC(=O)O,CCCCCC=CCC=CCCCCCCCC(=O)O,True,True,rdkit+heuristic,True,solvent_iso_collision_0001,True,solvent:rdkit;solvent:heuristic;solvent:collision
CCCCCC,CC/C=C\C/C=C\C/C=C\CCCCCCCC(=O)O,29.98,1.308062513,molecule_train.csv,True,CCCCCC,CCCCCC,False,False,none,False,,True,CC/C=C\C/C=C\C/C=C\CCCCCCCC(=O)O,CCC=CCC=CCC=CCCCCCCCC(=O)O,True,True,rdkit+heuristic,True,solvent_iso_collision_0003,True,solvent:rdkit;solvent:heuristic;solvent:collision
CCCCC=C,CC/C=C\C/C=C\C/C=C\CCCCCCCC(=O)O,40.09,0.752830183,molecule_train.csv,True,C=CCCCC,C=CCCCC,False,False,none,False,,True,CC/C=C\C/C=C\C/C=C\CCCCCCCC(=O)O,CCC=CCC=CCC=CCCCCCCCC(=O)O,True,True,rdkit+heuristic,True,solvent_iso_collision_0003,True,solvent:rdkit;solvent:heuristic;solvent:collision
C1=CC=C(C=C1)Cl,CCCCC/C=C\C/C=C\CCCCCCCC(=O)O,75.16,0.069526063,molecule_train.csv,True,Clc1ccccc1,Clc1ccccc1,False,False,none,False,,True,CCCCC/C=C\C/C=C\CCCCCCCC(=O)O,CCCCCC=CCC=CCCCCCCCC(=O)O,True,True,rdkit+heuristic,True,solvent_iso_collision_0001,True,solvent:rdkit;solvent:heuristic;solvent:collision
CC(C)O,CCCCCCCC/C=C\CCCCCCCC(=O)O,75.21,0.115112807,molecule_train.csv,True,CC(C)O,CC(C)O,False,False,none,False,,True,CCCCCCCC/C=C\CCCCCCCC(=O)O,CCCCCCCCC=CCCCCCCCC(=O)O,True,True,rdkit+heuristic,True,solvent_iso_collision_0002,True,solvent:rdkit;solvent:heuristic;solvent:collision
COC1=CC=CC=C1,CCCCCCCC/C=C\CCCCCCCC(=O)O,65.21,0.185649347,molecule_train.csv,True,COc1ccccc1,COc1ccccc1,False,False,none,False,,True,CCCCCCCC/C=C\CCCCCCCC(=O)O,CCCCCCCCC=CCCCCCCCC(=O)O,True,True,rdkit+heuristic,True,solvent_iso_collision_0002,True,solvent:rdkit;solvent:heuristic;solvent:collision
C/C=C/C,CC1=CC(=CC=C1)O,36.84,1.501852702,molecule_train.csv,True,C/C=C/C,CC=CC,True,True,rdkit+heuristic,True,solute_iso_collision_0001,True,Cc1cccc(O)c1,Cc1cccc(O)c1,False,False,none,False,,True,solute:rdkit;solute:heuristic;solute:collision
CC(C)OC(C)C,CC(=CCC/C(=C/CC/C(=C/CC/C=C(/CC/C=C(/CCC=C(C)C)\C)\C)/C)/C)C,80.0,-0.328504067,molecule_train.csv,True,CC(C)OC(C)C,CC(C)OC(C)C,False,False,none,False,,True,CC(C)=CCC/C(C)=C/CC/C(C)=C/CC/C=C(\C)CC/C=C(\C)CCC=C(C)C,CC(C)=CCCC(C)=CCCC(C)=CCCC=C(C)CCC=C(C)CCC=C(C)C,True,True,rdkit+heuristic,True,solvent_iso_collision_0004,True,solvent:rdkit;solvent:heuristic;solvent:collision
C/C=C/C,CC(C)(C=C)O,-23.17,1.004301609,molecule_train.csv,True,C/C=C/C,CC=CC,True,True,rdkit+heuristic,True,solute_iso_collision_0001,True,C=CC(C)(C)O,C=CC(C)(C)O,False,False,none,False,,True,solute:rdkit;solute:heuristic;solute:collision
C/C=C\C,CC1=CC=CC=C1,-23.22,0.357674444,molecule_train.csv,True,C/C=C\C,CC=CC,True,True,rdkit+heuristic,True,solute_iso_collision_0001,True,Cc1ccccc1,Cc1ccccc1,False,False,none,False,,True,solute:rdkit;solute:heuristic;solute:collision
C/C=C\C,C1=CC=CC=C1,56.84,0.405465108,molecule_train.csv,True,C/C=C\C,CC=CC,True,True,rdkit+heuristic,True,solute_iso_collision_0001,True,c1ccccc1,c1ccccc1,False,False,none,False,,True,solute:rdkit;solute:heuristic;solute:collision
C(=C(Cl)Cl)Cl,CCCCCCCC/C=C\CCCCCCCC(=O)O,85.13,-0.298406036,molecule_train.csv,True,ClC=C(Cl)Cl,ClC=C(Cl)Cl,False,False,none,False,,True,CCCCCCCC/C=C\CCCCCCCC(=O)O,CCCCCCCCC=CCCCCCCCC(=O)O,True,True,rdkit+heuristic,True,solvent_iso_collision_0002,True,solvent:rdkit;solvent:heuristic;solvent:collision
CC(=O)C,CC/C=C\C/C=C\C/C=C\CCCCCCCC(=O)O,29.98,0.094400675,molecule_train.csv,True,CC(C)=O,CC(C)=O,False,False,none,False,,True,CC/C=C\C/C=C\C/C=C\CCCCCCCC(=O)O,CCC=CCC=CCC=CCCCCCCCC(=O)O,True,True,rdkit+heuristic,True,solvent_iso_collision_0003,True,solvent:rdkit;solvent:heuristic;solvent:collision
CCC(C)O,CCCCCCCC/C=C\CCCCCCCC(=O)O,65.21,0.018821754,molecule_train.csv,True,CCC(C)O,CCC(C)O,False,False,none,False,,True,CCCCCCCC/C=C\CCCCCCCC(=O)O,CCCCCCCCC=CCCCCCCCC(=O)O,True,True,rdkit+heuristic,True,solvent_iso_collision_0002,True,solvent:rdkit;solvent:heuristic;solvent:collision
CC1=CC=CC=C1,CC/C=C\C/C=C\C/C=C\CCCCCCCC(=O)O,50.11,0.185649347,molecule_train.csv,True,Cc1ccccc1,Cc1ccccc1,False,False,none,False,,True,CC/C=C\C/C=C\C/C=C\CCCCCCCC(=O)O,CCC=CCC=CCC=CCCCCCCCC(=O)O,True,True,rdkit+heuristic,True,solvent_iso_collision_0003,True,solvent:rdkit;solvent:heuristic;solvent:collision
C1CCCCC1,CC/C=C\C/C=C\C/C=C\CCCCCCCC(=O)O,40.09,0.64867269,molecule_train.csv,True,C1CCCCC1,C1CCCCC1,False,False,none,False,,True,CC/C=C\C/C=C\C/C=C\CCCCCCCC(=O)O,CCC=CCC=CCC=CCCCCCCCC(=O)O,True,True,rdkit+heuristic,True,solvent_iso_collision_0003,True,solvent:rdkit;solvent:heuristic;solvent:collision
CCCCO,CCCCC/C=C\C/C=C\CCCCCCCC(=O)O,75.13,0.166361537,molecule_train.csv,True,CCCCO,CCCCO,False,False,none,False,,True,CCCCC/C=C\C/C=C\CCCCCCCC(=O)O,CCCCCC=CCC=CCCCCCCCC(=O)O,True,True,rdkit+heuristic,True,solvent_iso_collision_0001,True,solvent:rdkit;solvent:heuristic;solvent:collision
C/C=C/C=C,CN1CCCC1=O,40.0,1.181727195,molecule_train.csv,True,C=C/C=C/C,C=CC=CC,True,True,rdkit+heuristic,True,solute_iso_collision_0002,True,CN1CCCC1=O,CN1CCCC1=O,False,False,none,False,,True,solute:rdkit;solute:heuristic;solute:collision
C/C=C\C,CCC(C)CO,-3.14,1.043804052,molecule_train.csv,True,C/C=C\C,CC=CC,True,True,rdkit+heuristic,True,solute_iso_collision_0001,True,CCC(C)CO,CCC(C)CO,False,False,none,False,,True,solute:rdkit;solute:heuristic;solute:collision
C/C=C/C=C,CNS(=O)(=O)C,40.0,3.068052935,molecule_train.csv,True,C=C/C=C/C,C=CC=CC,True,True,rdkit+heuristic,True,solute_iso_collision_0002,True,CNS(C)(=O)=O,CNS(C)(=O)=O,False,False,none,False,,True,solute:rdkit;solute:heuristic;solute:collision
C/C=C\C,CCCCCO,-3.09,0.989541194,molecule_train.csv,True,C/C=C\C,CC=CC,True,True,rdkit+heuristic,True,solute_iso_collision_0001,True,CCCCCO,CCCCCO,False,False,none,False,,True,solute:rdkit;solute:heuristic;solute:collision
C/C=C\C,CCCC(C)O,36.84,0.951657876,molecule_train.csv,True,C/C=C\C,CC=CC,True,True,rdkit+heuristic,True,solute_iso_collision_0001,True,CCCC(C)O,CCCC(C)O,False,False,none,False,,True,solute:rdkit;solute:heuristic;solute:collision
C/C=C\C,C1CCOCC1,36.83,0.270027137,molecule_train.csv,True,C/C=C\C,CC=CC,True,True,rdkit+heuristic,True,solute_iso_collision_0001,True,C1CCOCC1,C1CCOCC1,False,False,none,False,,True,solute:rdkit;solute:heuristic;solute:collision
C/C=C\C,CCCC(C)O,-23.23,1.098612289,molecule_train.csv,True,C/C=C\C,CC=CC,True,True,rdkit+heuristic,True,solute_iso_collision_0001,True,CCCC(C)O,CCCC(C)O,False,False,none,False,,True,solute:rdkit;solute:heuristic;solute:collision
C/C=C/C,CC(C)CCO,36.85,1.022450928,molecule_train.csv,True,C/C=C/C,CC=CC,True,True,rdkit+heuristic,True,solute_iso_collision_0001,True,CC(C)CCO,CC(C)CCO,False,False,none,False,,True,solute:rdkit;solute:heuristic;solute:collision
C/C=C/C,CC(C)CCO,-23.23,1.01523068,molecule_train.csv,True,C/C=C/C,CC=CC,True,True,rdkit+heuristic,True,solute_iso_collision_0001,True,CC(C)CCO,CC(C)CCO,False,False,none,False,,True,solute:rdkit;solute:heuristic;solute:collision
C/C=C\C,CC(C)O,36.84,1.348073148,molecule_train.csv,True,C/C=C\C,CC=CC,True,True,rdkit+heuristic,True,solute_iso_collision_0001,True,CC(C)O,CC(C)O,False,False,none,False,,True,solute:rdkit;solute:heuristic;solute:collision
C/C=C\C,CC1=CC=C(C=C1)O,56.84,1.363537374,molecule_train.csv,True,C/C=C\C,CC=CC,True,True,rdkit+heuristic,True,solute_iso_collision_0001,True,Cc1ccc(O)cc1,Cc1ccc(O)cc1,False,False,none,False,,True,solute:rdkit;solute:heuristic;solute:collision
C/C=C/C,CC1=CC(=CC=C1)O,26.83,1.519513205,molecule_train.csv,True,C/C=C/C,CC=CC,True,True,rdkit+heuristic,True,solute_iso_collision_0001,True,Cc1cccc(O)c1,Cc1cccc(O)c1,False,False,none,False,,True,solute:rdkit;solute:heuristic;solute:collision
C/C=C\C,CCC(C)(C)O,-3.16,0.904218151,molecule_train.csv,True,C/C=C\C,CC=CC,True,True,rdkit+heuristic,True,solute_iso_collision_0001,True,CCC(C)(C)O,CCC(C)(C)O,False,False,none,False,,True,solute:rdkit;solute:heuristic;solute:collision
C(=C\Cl)\Cl,CC(C)CCCC(C)CCCC(C)CCCCC(C)CCCC(C)CCCC(C)C,74.1,-0.343899752,molecule_train.csv,True,Cl/C=C\Cl,ClC=CCl,True,True,rdkit+heuristic,True,solute_iso_collision_0003,True,CC(C)CCCC(C)CCCC(C)CCCCC(C)CCCC(C)CCCC(C)C,CC(C)CCCC(C)CCCC(C)CCCCC(C)CCCC(C)CCCC(C)C,False,False,none,False,,True,solute:rdkit;solute:heuristic;solute:collision
COC1=CC=CC=C1,CCCCC/C=C\C/C=C\CCCCCCCC(=O)O,65.13,0.216722984,molecule_train.csv,True,COc1ccccc1,COc1ccccc1,False,False,none,False,,True,CCCCC/C=C\C/C=C\CCCCCCCC(=O)O,CCCCCC=CCC=CCCCCCCCC(=O)O,True,True,rdkit+heuristic,True,solvent_iso_collision_0001,True,solvent:rdkit;solvent:heuristic;solvent:collision
C/C=C\C,C=CCO,16.84,1.621366483,molecule_train.csv,True,C/C=C\C,CC=CC,True,True,rdkit+heuristic,True,solute_iso_collision_0001,True,C=CCO,C=CCO,False,False,none,False,,True,solute:rdkit;solute:heuristic;solute:collision
CCCOC(=O)C,CC(=CCC/C(=C/CC/C(=C/CC/C=C(/CC/C=C(/CCC=C(C)C)\C)\C)/C)/C)C,80.0,-0.116533816,molecule_train.csv,True,CCCOC(C)=O,CCCOC(C)=O,False,False,none,False,,True,CC(C)=CCC/C(C)=C/CC/C(C)=C/CC/C=C(\C)CC/C=C(\C)CCC=C(C)C,CC(C)=CCCC(C)=CCCC(C)=CCCC=C(C)CCC=C(C)CCC=C(C)C,True,True,rdkit+heuristic,True,solvent_iso_collision_0004,True,solvent:rdkit;solvent:heuristic;solvent:collision
C/C=C\C=C,CNS(=O)(=O)C,40.0,2.985681938,molecule_train.csv,True,C=C/C=C\C,C=CC=CC,True,True,rdkit+heuristic,True,solute_iso_collision_0002,True,CNS(C)(=O)=O,CNS(C)(=O)=O,False,False,none,False,,True,solute:rdkit;solute:heuristic;solute:collision
C/C=C/C,CC1=CC=C(C=C1)O,56.84,1.446918983,molecule_train.csv,True,C/C=C/C,CC=CC,True,True,rdkit+heuristic,True,solute_iso_collision_0001,True,Cc1ccc(O)cc1,Cc1ccc(O)cc1,False,False,none,False,,True,solute:rdkit;solute:heuristic;solute:collision
C/C=C/C,CCC(CC)O,36.86,0.982078472,molecule_train.csv,True,C/C=C/C,CC=CC,True,True,rdkit+heuristic,True,solute_iso_collision_0001,True,CCC(O)CC,CCC(O)CC,False,False,none,False,,True,solute:rdkit;solute:heuristic;solute:collision
CCCCCCC,CC/C=C\C/C=C\C/C=C\CCCCCCCC(=O)O,29.98,1.343908645,molecule_train.csv,True,CCCCCCC,CCCCCCC,False,False,none,False,,True,CC/C=C\C/C=C\C/C=C\CCCCCCCC(=O)O,CCC=CCC=CCC=CCCCCCCCC(=O)O,True,True,rdkit+heuristic,True,solvent_iso_collision_0003,True,solvent:rdkit;solvent:heuristic;solvent:collision
CC(C)CC(C)(C)C,CCCCCCCC/C=C\CCCCCCCC(=O)O,85.13,0.390013004,molecule_train.csv,True,CC(C)CC(C)(C)C,CC(C)CC(C)(C)C,False,False,none,False,,True,CCCCCCCC/C=C\CCCCCCCC(=O)O,CCCCCCCCC=CCCCCCCCC(=O)O,True,True,rdkit+heuristic,True,solvent_iso_collision_0002,True,solvent:rdkit;solvent:heuristic;solvent:collision
CCOC(=O)C,CCCCCCCC/C=C\CCCCCCCC(=O)O,85.13,0.087094707,molecule_train.csv,True,CCOC(C)=O,CCOC(C)=O,False,False,none,False,,True,CCCCCCCC/C=C\CCCCCCCC(=O)O,CCCCCCCCC=CCCCCCCCC(=O)O,True,True,rdkit+heuristic,True,solvent_iso_collision_0002,True,solvent:rdkit;solvent:heuristic;solvent:collision
CCCCO,CCCCC/C=C\C/C=C\CCCCCCCC(=O)O,65.13,0.171429116,molecule_train.csv,True,CCCCO,CCCCO,False,False,none,False,,True,CCCCC/C=C\C/C=C\CCCCCCCC(=O)O,CCCCCC=CCC=CCCCCCCCC(=O)O,True,True,rdkit+heuristic,True,solvent_iso_collision_0001,True,solvent:rdkit;solvent:heuristic;solvent:collision
C/C=C\C,CCCCO,-23.31,1.156881197,molecule_train.csv,True,C/C=C\C,CC=CC,True,True,rdkit+heuristic,True,solute_iso_collision_0001,True,CCCCO,CCCCO,False,False,none,False,,True,solute:rdkit;solute:heuristic;solute:collision
C/C=C\C,CCCCCO,36.84,0.963174318,molecule_train.csv,True,C/C=C\C,CC=CC,True,True,rdkit+heuristic,True,solute_iso_collision_0001,True,CCCCCO,CCCCCO,False,False,none,False,,True,solute:rdkit;solute:heuristic;solute:collision
C/C=C/C,CCCC(C)O,16.85,1.033184483,molecule_train.csv,True,C/C=C/C,CC=CC,True,True,rdkit+heuristic,True,solute_iso_collision_0001,True,CCCC(C)O,CCCC(C)O,False,False,none,False,,True,solute:rdkit;solute:heuristic;solute:collision
CCO,CCCCCCCC/C=C\CCCCCCCC(=O)O,75.21,0.316998127,molecule_train.csv,True,CCO,CCO,False,False,none,False,,True,CCCCCCCC/C=C\CCCCCCCC(=O)O,CCCCCCCCC=CCCCCCCCC(=O)O,True,True,rdkit+heuristic,True,solvent_iso_collision_0002,True,solvent:rdkit;solvent:heuristic;solvent:collision
C(Cl)(Cl)Cl,CCCCCCCC/C=C\CCCCCCCC(=O)O,75.14,-0.391562203,molecule_train.csv,True,ClC(Cl)Cl,ClC(Cl)Cl,False,False,none,False,,True,CCCCCCCC/C=C\CCCCCCCC(=O)O,CCCCCCCCC=CCCCCCCCC(=O)O,True,True,rdkit+heuristic,True,solvent_iso_collision_0002,True,solvent:rdkit;solvent:heuristic;solvent:collision
CC1=CC=CC=C1,CCCCC/C=C\C/C=C\CCCCCCCC(=O)O,85.15,0.233489843,molecule_train.csv,True,Cc1ccccc1,Cc1ccccc1,False,False,none,False,,True,CCCCC/C=C\C/C=C\CCCCCCCC(=O)O,CCCCCC=CCC=CCCCCCCCC(=O)O,True,True,rdkit+heuristic,True,solvent_iso_collision_0001,True,solvent:rdkit;solvent:heuristic;solvent:collision
C/C=C/C,CC(C)(C=C)O,36.84,0.854415328,molecule_train.csv,True,C/C=C/C,CC=CC,True,True,rdkit+heuristic,True,solute_iso_collision_0001,True,C=CC(C)(C)O,C=CC(C)(C)O,False,False,none,False,,True,solute:rdkit;solute:heuristic;solute:collision
CCOC(=O)C,CCCCCCCC/C=C\CCCCCCCC(=O)O,65.21,0.183154543,molecule_train.csv,True,CCOC(C)=O,CCOC(C)=O,False,False,none,False,,True,CCCCCCCC/C=C\CCCCCCCC(=O)O,CCCCCCCCC=CCCCCCCCC(=O)O,True,True,rdkit+heuristic,True,solvent_iso_collision_0002,True,solvent:rdkit;solvent:heuristic;solvent:collision
CCOCC,CC1(COC(=O)[C@@H]1O)C,100.25,1.040276712,molecule_train.csv,True,CCOCC,CCOCC,False,False,none,False,,True,CC1(C)COC(=O)[C@@H]1O,CC1(C)COC(=O)C1O,True,True,rdkit+heuristic,False,,True,solvent:rdkit;solvent:heuristic
C/C=C/C=C,CCCCCCCCCCCCCCCC,70.0,-0.171975265,molecule_train.csv,True,C=C/C=C/C,C=CC=CC,True,True,rdkit+heuristic,True,solute_iso_collision_0002,True,CCCCCCCCCCCCCCCC,CCCCCCCCCCCCCCCC,False,False,none,False,,True,solute:rdkit;solute:heuristic;solute:collision
CCCO,CC/C=C\C/C=C\C/C=C\CCCCCCCC(=O)O,50.11,0.239803992,molecule_train.csv,True,CCCO,CCCO,False,False,none,False,,True,CC/C=C\C/C=C\C/C=C\CCCCCCCC(=O)O,CCC=CCC=CCC=CCCCCCCCC(=O)O,True,True,rdkit+heuristic,True,solvent_iso_collision_0003,True,solvent:rdkit;solvent:heuristic;solvent:collision
CC(C)CC(C)(C)C,CC/C=C\C/C=C\C/C=C\CCCCCCCC(=O)O,40.1,1.262713299,molecule_train.csv,True,CC(C)CC(C)(C)C,CC(C)CC(C)(C)C,False,False,none,False,,True,CC/C=C\C/C=C\C/C=C\CCCCCCCC(=O)O,CCC=CCC=CCC=CCCCCCCCC(=O)O,True,True,rdkit+heuristic,True,solvent_iso_collision_0003,True,solvent:rdkit;solvent:heuristic;solvent:collision
C/C=C\C,CC1=CC=C(C=C1)C,56.84,0.2390169,molecule_train.csv,True,C/C=C\C,CC=CC,True,True,rdkit+heuristic,True,solute_iso_collision_0001,True,Cc1ccc(C)cc1,Cc1ccc(C)cc1,False,False,none,False,,True,solute:rdkit;solute:heuristic;solute:collision
CCCCCC,CCCCCCCC/C=C\CCCCCCCC(=O)O,85.13,0.263901544,molecule_train.csv,True,CCCCCC,CCCCCC,False,False,none,False,,True,CCCCCCCC/C=C\CCCCCCCC(=O)O,CCCCCCCCC=CCCCCCCCC(=O)O,True,True,rdkit+heuristic,True,solvent_iso_collision_0002,True,solvent:rdkit;solvent:heuristic;solvent:collision
C/C=C\C,CCCC(C)O,-3.12,1.057790294,molecule_train.csv,True,C/C=C\C,CC=CC,True,True,rdkit+heuristic,True,solute_iso_collision_0001,True,CCCC(C)O,CCCC(C)O,False,False,none,False,,True,solute:rdkit;solute:heuristic;solute:collision
C/C=C/C,CC1=CC=C(C=C1)C,16.84,0.277631737,molecule_train.csv,True,C/C=C/C,CC=CC,True,True,rdkit+heuristic,True,solute_iso_collision_0001,True,Cc1ccc(C)cc1,Cc1ccc(C)cc1,False,False,none,False,,True,solute:rdkit;solute:heuristic;solute:collision
C/C=C\C,CCC(C)CO,36.84,0.996948635,molecule_train.csv,True,C/C=C\C,CC=CC,True,True,rdkit+heuristic,True,solute_iso_collision_0001,True,CCC(C)CO,CCC(C)CO,False,False,none,False,,True,solute:rdkit;solute:heuristic;solute:collision
C1CCCCC1,CC/C=C\C/C=C\C/C=C\CCCCCCCC(=O)O,29.98,0.856965266,molecule_train.csv,True,C1CCCCC1,C1CCCCC1,False,False,none,False,,True,CC/C=C\C/C=C\C/C=C\CCCCCCCC(=O)O,CCC=CCC=CCC=CCCCCCCCC(=O)O,True,True,rdkit+heuristic,True,solvent_iso_collision_0003,True,solvent:rdkit;solvent:heuristic;solvent:collision
C/C=C/C,CCCC(C)O,56.85,0.91228271,molecule_train.csv,True,C/C=C/C,CC=CC,True,True,rdkit+heuristic,True,solute_iso_collision_0001,True,CCCC(C)O,CCCC(C)O,False,False,none,False,,True,solute:rdkit;solute:heuristic;solute:collision
C/C=C\C,CCC(C)CO,56.85,0.947789399,molecule_train.csv,True,C/C=C\C,CC=CC,True,True,rdkit+heuristic,True,solute_iso_collision_0001,True,CCC(C)CO,CCC(C)CO,False,False,none,False,,True,solute:rdkit;solute:heuristic;solute:collision
C/C=C/C,CCCCO,16.86,1.223775432,molecule_train.csv,True,C/C=C/C,CC=CC,True,True,rdkit+heuristic,True,solute_iso_collision_0001,True,CCCCO,CCCCO,False,False,none,False,,True,solute:rdkit;solute:heuristic;solute:collision
CCCCC=C,CCCCC/C=C\C/C=C\CCCCCCCC(=O)O,75.16,0.684106436,molecule_train.csv,True,C=CCCCC,C=CCCCC,False,False,none,False,,True,CCCCC/C=C\C/C=C\CCCCCCCC(=O)O,CCCCCC=CCC=CCCCCCCCC(=O)O,True,True,rdkit+heuristic,True,solvent_iso_collision_0001,True,solvent:rdkit;solvent:heuristic;solvent:collision
C/C=C\C,C=CCO,36.83,1.578978705,molecule_train.csv,True,C/C=C\C,CC=CC,True,True,rdkit+heuristic,True,solute_iso_collision_0001,True,C=CCO,C=CCO,False,False,none,False,,True,solute:rdkit;solute:heuristic;solute:collision
C/C=C\C,CCC(C)CO,-23.23,1.040276712,molecule_train.csv,True,C/C=C\C,CC=CC,True,True,rdkit+heuristic,True,solute_iso_collision_0001,True,CCC(C)CO,CCC(C)CO,False,False,none,False,,True,solute:rdkit;solute:heuristic;solute:collision
C/C=C/C=C,CC(=O)NC,40.0,1.439835128,molecule_train.csv,True,C=C/C=C/C,C=CC=CC,True,True,rdkit+heuristic,True,solute_iso_collision_0002,True,CNC(C)=O,CNC(C)=O,False,False,none,False,,True,solute:rdkit;solute:heuristic;solute:collision
CC(=O)C,CCCCC/C=C\C/C=C\CCCCCCCC(=O)O,75.13,0.149281703,molecule_train.csv,True,CC(C)=O,CC(C)=O,False,False,none,False,,True,CCCCC/C=C\C/C=C\CCCCCCCC(=O)O,CCCCCC=CCC=CCCCCCCCC(=O)O,True,True,rdkit+heuristic,True,solvent_iso_collision_0001,True,solvent:rdkit;solvent:heuristic;solvent:collision
C(CCl)Cl,CCCCCCCC/C=C\CCCCCCCC(=O)O,65.21,0.086177696,molecule_train.csv,True,ClCCCl,ClCCCl,False,False,none,False,,True,CCCCCCCC/C=C\CCCCCCCC(=O)O,CCCCCCCCC=CCCCCCCCC(=O)O,True,True,rdkit+heuristic,True,solvent_iso_collision_0002,True,solvent:rdkit;solvent:heuristic;solvent:collision
C/C=C\C,CC1=CC=C(C=C1)O,36.84,1.415853163,molecule_train.csv,True,C/C=C\C,CC=CC,True,True,rdkit+heuristic,True,solute_iso_collision_0001,True,Cc1ccc(O)cc1,Cc1ccc(O)cc1,False,False,none,False,,True,solute:rdkit;solute:heuristic;solute:collision
C/C=C/C,C1CCOCC1,-23.09,0.357674444,molecule_train.csv,True,C/C=C/C,CC=CC,True,True,rdkit+heuristic,True,solute_iso_collision_0001,True,C1CCOCC1,C1CCOCC1,False,False,none,False,,True,solute:rdkit;solute:heuristic;solute:collision
CCC(C)O,CCCCCCCC/C=C\CCCCCCCC(=O)O,75.21,-0.01308524,molecule_train.csv,True,CCC(C)O,CCC(C)O,False,False,none,False,,True,CCCCCCCC/C=C\CCCCCCCC(=O)O,CCCCCCCCC=CCCCCCCCC(=O)O,True,True,rdkit+heuristic,True,solvent_iso_collision_0002,True,solvent:rdkit;solvent:heuristic;solvent:collision
C(Cl)(Cl)Cl,CCCCC/C=C\C/C=C\CCCCCCCC(=O)O,65.13,-0.440056553,molecule_train.csv,True,ClC(Cl)Cl,ClC(Cl)Cl,False,False,none,False,,True,CCCCC/C=C\C/C=C\CCCCCCCC(=O)O,CCCCCC=CCC=CCCCCCCCC(=O)O,True,True,rdkit+heuristic,True,solvent_iso_collision_0001,True,solvent:rdkit;solvent:heuristic;solvent:collision
C(=C/Cl)\Cl,CC(C)CCCC(C)CCCC(C)CCCCC(C)CCCC(C)CCCC(C)C,53.2,-0.544727175,molecule_train.csv,True,Cl/C=C/Cl,ClC=CCl,True,True,rdkit+heuristic,True,solute_iso_collision_0003,True,CC(C)CCCC(C)CCCC(C)CCCCC(C)CCCC(C)CCCC(C)C,CC(C)CCCC(C)CCCC(C)CCCCC(C)CCCC(C)CCCC(C)C,False,False,none,False,,True,solute:rdkit;solute:heuristic;solute:collision
C(Cl)(Cl)Cl,CCCCCCCC/C=C\CCCCCCCC(=O)O,85.13,-0.465215113,molecule_train.csv,True,ClC(Cl)Cl,ClC(Cl)Cl,False,False,none,False,,True,CCCCCCCC/C=C\CCCCCCCC(=O)O,CCCCCCCCC=CCCCCCCCC(=O)O,True,True,rdkit+heuristic,True,solvent_iso_collision_0002,True,solvent:rdkit;solvent:heuristic;solvent:collision
CC/C=C/C=C,CCCCCCCCCCCCCCCC,90.0,-0.418550348,molecule_train.csv,True,C=C/C=C/CC,C=CC=CCC,True,True,rdkit+heuristic,True,solute_iso_collision_0005,True,CCCCCCCCCCCCCCCC,CCCCCCCCCCCCCCCC,False,False,none,False,,True,solute:rdkit;solute:heuristic;solute:collision
C(=C/Cl)\Cl,CCCCOC(=O)C1=CC=CC=C1C(=O)OCCCC,53.2,-0.458865885,molecule_train.csv,True,Cl/C=C/Cl,ClC=CCl,True,True,rdkit+heuristic,True,solute_iso_collision_0003,True,CCCCOC(=O)c1ccccc1C(=O)OCCCC,CCCCOC(=O)c1ccccc1C(=O)OCCCC,False,False,none,False,,True,solute:rdkit;solute:heuristic;solute:collision
CC(=O)C,CCCCCCCC/C=C\CCCCCCCC(=O)O,75.14,0.256191405,molecule_train.csv,True,CC(C)=O,CC(C)=O,False,False,none,False,,True,CCCCCCCC/C=C\CCCCCCCC(=O)O,CCCCCCCCC=CCCCCCCCC(=O)O,True,True,rdkit+heuristic,True,solvent_iso_collision_0002,True,solvent:rdkit;solvent:heuristic;solvent:collision
CC1=CC=CC=C1,CCCCCCCC/C=C\CCCCCCCC(=O)O,75.14,-0.113168698,molecule_train.csv,True,Cc1ccccc1,Cc1ccccc1,False,False,none,False,,True,CCCCCCCC/C=C\CCCCCCCC(=O)O,CCCCCCCCC=CCCCCCCCC(=O)O,True,True,rdkit+heuristic,True,solvent_iso_collision_0002,True,solvent:rdkit;solvent:heuristic;solvent:collision
C/C=C/C,CC1=CC=C(C=C1)C,56.84,0.262364264,molecule_train.csv,True,C/C=C/C,CC=CC,True,True,rdkit+heuristic,True,solute_iso_collision_0001,True,Cc1ccc(C)cc1,Cc1ccc(C)cc1,False,False,none,False,,True,solute:rdkit;solute:heuristic;solute:collision
C/C=C\C=C,CCC(=O)NC,40.0,1.101940079,molecule_train.csv,True,C=C/C=C\C,C=CC=CC,True,True,rdkit+heuristic,True,solute_iso_collision_0002,True,CCC(=O)NC,CCC(=O)NC,False,False,none,False,,True,solute:rdkit;solute:heuristic;solute:collision
C/C=C\C,CCC(C)(C)O,56.85,0.727548607,molecule_train.csv,True,C/C=C\C,CC=CC,True,True,rdkit+heuristic,True,solute_iso_collision_0001,True,CCC(C)(C)O,CCC(C)(C)O,False,False,none,False,,True,solute:rdkit;solute:heuristic;solute:collision
C1CCCCC1,CC/C=C\C/C=C\C/C=C\CCCCCCCC(=O)O,50.11,0.713439884,molecule_train.csv,True,C1CCCCC1,C1CCCCC1,False,False,none,False,,True,CC/C=C\C/C=C\C/C=C\CCCCCCCC(=O)O,CCC=CCC=CCC=CCCCCCCCC(=O)O,True,True,rdkit+heuristic,True,solvent_iso_collision_0003,True,solvent:rdkit;solvent:heuristic;solvent:collision
CC1=CC=CC=C1,CCCCCCCC/C=C\CCCCCCCC(=O)O,75.21,-0.145025772,molecule_train.csv,True,Cc1ccccc1,Cc1ccccc1,False,False,none,False,,True,CCCCCCCC/C=C\CCCCCCCC(=O)O,CCCCCCCCC=CCCCCCCCC(=O)O,True,True,rdkit+heuristic,True,solvent_iso_collision_0002,True,solvent:rdkit;solvent:heuristic;solvent:collision
C[C@@H]1CCCC[C@@H]1C,C1COCCN1C=O,100.2,2.646174797,molecule_train.csv,True,C[C@@H]1CCCC[C@@H]1C,CC1CCCCC1C,True,True,rdkit+heuristic,True,solute_iso_collision_0004,True,O=CN1CCOCC1,O=CN1CCOCC1,False,False,none,False,,True,solute:rdkit;solute:heuristic;solute:collision
C/C=C/C,CCC(CC)O,56.86,0.916290732,molecule_train.csv,True,C/C=C/C,CC=CC,True,True,rdkit+heuristic,True,solute_iso_collision_0001,True,CCC(O)CC,CCC(O)CC,False,False,none,False,,True,solute:rdkit;solute:heuristic;solute:collision
C(=C\Cl)\Cl,CCCCCCCCCCCCCCCCO,74.1,-0.023268627,molecule_train.csv,True,Cl/C=C\Cl,ClC=CCl,True,True,rdkit+heuristic,True,solute_iso_collision_0003,True,CCCCCCCCCCCCCCCCO,CCCCCCCCCCCCCCCCO,False,False,none,False,,True,solute:rdkit;solute:heuristic;solute:collision
C/C=C/C,C=CCO,-23.15,1.829376333,molecule_train.csv,True,C/C=C/C,CC=CC,True,True,rdkit+heuristic,True,solute_iso_collision_0001,True,C=CCO,C=CCO,False,False,none,False,,True,solute:rdkit;solute:heuristic;solute:collision
C/C=C\C=C,CNC=O,40.0,2.069391206,molecule_train.csv,True,C=C/C=C\C,C=CC=CC,True,True,rdkit+heuristic,True,solute_iso_collision_0002,True,CNC=O,CNC=O,False,False,none,False,,True,solute:rdkit;solute:heuristic;solute:collision
C(=C/Cl)\Cl,CCCCCCCCCCCCCCCCCCCC,74.1,-0.274436846,molecule_train.csv,True,Cl/C=C/Cl,ClC=CCl,True,True,rdkit+heuristic,True,solute_iso_collision_0003,True,CCCCCCCCCCCCCCCCCCCC,CCCCCCCCCCCCCCCCCCCC,False,False,none,False,,True,solute:rdkit;solute:heuristic;solute:collision
C/C=C\C,CCC(C)O,-23.28,1.202972304,molecule_train.csv,True,C/C=C\C,CC=CC,True,True,rdkit+heuristic,True,solute_iso_collision_0001,True,CCC(C)O,CCC(C)O,False,False,none,False,,True,solute:rdkit;solute:heuristic;solute:collision
C/C=C/C,CC(C)(C=C)O,16.84,0.920282753,molecule_train.csv,True,C/C=C/C,CC=CC,True,True,rdkit+heuristic,True,solute_iso_collision_0001,True,C=CC(C)(C)O,C=CC(C)(C)O,False,False,none,False,,True,solute:rdkit;solute:heuristic;solute:collision
C(=C\Cl)\Cl,CCCCCCCCCCCCCCCCO,93.9,-0.072570693,molecule_train.csv,True,Cl/C=C\Cl,ClC=CCl,True,True,rdkit+heuristic,True,solute_iso_collision_0003,True,CCCCCCCCCCCCCCCCO,CCCCCCCCCCCCCCCCO,False,False,none,False,,True,solute:rdkit;solute:heuristic;solute:collision
C[C@@H]1CCCC[C@@H]1C,C=CCOC(=O)C1=CC=CC=C1C(=O)OCC=C,120.0,1.029619417,molecule_train.csv,True,C[C@@H]1CCCC[C@@H]1C,CC1CCCCC1C,True,True,rdkit+heuristic,True,solute_iso_collision_0004,True,C=CCOC(=O)c1ccccc1C(=O)OCC=C,C=CCOC(=O)c1ccccc1C(=O)OCC=C,False,False,none,False,,True,solute:rdkit;solute:heuristic;solute:collision
C/C=C\C,C1=CC=CC=C1,36.84,0.425267735,molecule_train.csv,True,C/C=C\C,CC=CC,True,True,rdkit+heuristic,True,solute_iso_collision_0001,True,c1ccccc1,c1ccccc1,False,False,none,False,,True,solute:rdkit;solute:heuristic;solute:collision
C/C=C/C,CC(C)CCO,16.83,1.029619417,molecule_train.csv,True,C/C=C/C,CC=CC,True,True,rdkit+heuristic,True,solute_iso_collision_0001,True,CC(C)CCO,CC(C)CCO,False,False,none,False,,True,solute:rdkit;solute:heuristic;solute:collision
C/C=C/C=C,CCNC(=O)C,24.0,1.205970807,molecule_train.csv,True,C=C/C=C/C,C=CC=CC,True,True,rdkit+heuristic,True,solute_iso_collision_0002,True,CCNC(C)=O,CCNC(C)=O,False,False,none,False,,True,solute:rdkit;solute:heuristic;solute:collision
C(=C/Cl)\Cl,CCCCOC(=O)C1=C(C(=C(C(=C1Cl)Cl)Cl)Cl)C(=O)OCCCC,93.9,-0.499226488,molecule_train.csv,True,Cl/C=C/Cl,ClC=CCl,True,True,rdkit+heuristic,True,solute_iso_collision_0003,True,CCCCOC(=O)c1c(Cl)c(Cl)c(Cl)c(Cl)c1C(=O)OCCCC,CCCCOC(=O)c1c(Cl)c(Cl)c(Cl)c(Cl)c1C(=O)OCCCC,False,False,none,False,,True,solute:rdkit;solute:heuristic;solute:collision
CC(=O)C,CC/C=C\C/C=C\C/C=C\CCCCCCCC(=O)O,40.09,0.055434707,molecule_train.csv,True,CC(C)=O,CC(C)=O,False,False,none,False,,True,CC/C=C\C/C=C\C/C=C\CCCCCCCC(=O)O,CCC=CCC=CCC=CCCCCCCCC(=O)O,True,True,rdkit+heuristic,True,solvent_iso_collision_0003,True,solvent:rdkit;solvent:heuristic;solvent:collision
C/C=C/C=C,CCNC(=O)C,40.0,1.095273387,molecule_train.csv,True,C=C/C=C/C,C=CC=CC,True,True,rdkit+heuristic,True,solute_iso_collision_0002,True,CCNC(C)=O,CCNC(C)=O,False,False,none,False,,True,solute:rdkit;solute:heuristic;solute:collision
C/C=C\C=C,CC(=O)N(C)C,24.0,1.011600912,molecule_train.csv,True,C=C/C=C\C,C=CC=CC,True,True,rdkit+heuristic,True,solute_iso_collision_0002,True,CC(=O)N(C)C,CC(=O)N(C)C,False,False,none,False,,True,solute:rdkit;solute:heuristic;solute:collision
CC(C)O,CC/C=C\C/C=C\C/C=C\CCCCCCCC(=O)O,40.1,0.077886539,molecule_train.csv,True,CC(C)O,CC(C)O,False,False,none,False,,True,CC/C=C\C/C=C\C/C=C\CCCCCCCC(=O)O,CCC=CCC=CCC=CCCCCCCCC(=O)O,True,True,rdkit+heuristic,True,solvent_iso_collision_0003,True,solvent:rdkit;solvent:heuristic;solvent:collision
C(CCl)Cl,CCCCCCCC/C=C\CCCCCCCC(=O)O,85.13,0.01093994,molecule_train.csv,True,ClCCCl,ClCCCl,False,False,none,False,,True,CCCCCCCC/C=C\CCCCCCCC(=O)O,CCCCCCCCC=CCCCCCCCC(=O)O,True,True,rdkit+heuristic,True,solvent_iso_collision_0002,True,solvent:rdkit;solvent:heuristic;solvent:collision
C/C=C\C,CC(C)(C=C)O,-3.19,0.90825856,molecule_train.csv,True,C/C=C\C,CC=CC,True,True,rdkit+heuristic,True,solute_iso_collision_0001,True,C=CC(C)(C)O,C=CC(C)(C)O,False,False,none,False,,True,solute:rdkit;solute:heuristic;solute:collision
C/C=C/C,C=CC1=CC=CC=C1,-3.08,0.985816795,molecule_train.csv,True,C/C=C/C,CC=CC,True,True,rdkit+heuristic,True,solute_iso_collision_0001,True,C=Cc1ccccc1,C=Cc1ccccc1,False,False,none,False,,True,solute:rdkit;solute:heuristic;solute:collision
C/C=C/C,CC(C)(C)O,36.85,1.101940079,molecule_train.csv,True,C/C=C/C,CC=CC,True,True,rdkit+heuristic,True,solute_iso_collision_0001,True,CC(C)(C)O,CC(C)(C)O,False,False,none,False,,True,solute:rdkit;solute:heuristic;solute:collision
C/C=C\C,CC(=C)CCO,16.75,1.124929597,molecule_train.csv,True,C/C=C\C,CC=CC,True,True,rdkit+heuristic,True,solute_iso_collision_0001,True,C=C(C)CCO,C=C(C)CCO,False,False,none,False,,True,solute:rdkit;solute:heuristic;solute:collision
C1CCCCC1,CCCCC/C=C\C/C=C\CCCCCCCC(=O)O,75.16,0.535908404,molecule_train.csv,True,C1CCCCC1,C1CCCCC1,False,False,none,False,,True,CCCCC/C=C\C/C=C\CCCCCCCC(=O)O,CCCCCC=CCC=CCCCCCCCC(=O)O,True,True,rdkit+heuristic,True,solvent_iso_collision_0001,True,solvent:rdkit;solvent:heuristic;solvent:collision
C/C=C\C,CC1=CC(=CC=C1)O,46.84,1.383791231,molecule_train.csv,True,C/C=C\C,CC=CC,True,True,rdkit+heuristic,True,solute_iso_collision_0001,True,Cc1cccc(O)c1,Cc1cccc(O)c1,False,False,none,False,,True,solute:rdkit;solute:heuristic;solute:collision
C/C=C\C,CC(=C)CCO,56.85,1.01884732,molecule_train.csv,True,C/C=C\C,CC=CC,True,True,rdkit+heuristic,True,solute_iso_collision_0001,True,C=C(C)CCO,C=C(C)CCO,False,False,none,False,,True,solute:rdkit;solute:heuristic;solute:collision
CCCCCC,CCCCC/C=C\C/C=C\CCCCCCCC(=O)O,85.15,1.075684784,molecule_train.csv,True,CCCCCC,CCCCCC,False,False,none,False,,True,CCCCC/C=C\C/C=C\CCCCCCCC(=O)O,CCCCCC=CCC=CCCCCCCCC(=O)O,True,True,rdkit+heuristic,True,solvent_iso_collision_0001,True,solvent:rdkit;solvent:heuristic;solvent:collision
CCCO,CCCCCCCC/C=C\CCCCCCCC(=O)O,85.13,0.218331994,molecule_train.csv,True,CCCO,CCCO,False,False,none,False,,True,CCCCCCCC/C=C\CCCCCCCC(=O)O,CCCCCCCCC=CCCCCCCCC(=O)O,True,True,rdkit+heuristic,True,solvent_iso_collision_0002,True,solvent:rdkit;solvent:heuristic;solvent:collision
C/C=C\C,CC1=CC=CC=C1C,36.69,0.336472237,molecule_train.csv,True,C/C=C\C,CC=CC,True,True,rdkit+heuristic,True,solute_iso_collision_0001,True,Cc1ccccc1C,Cc1ccccc1C,False,False,none,False,,True,solute:rdkit;solute:heuristic;solute:collision
CCOC(=O)C,CC/C=C\C/C=C\C/C=C\CCCCCCCC(=O)O,50.09,0.163818085,molecule_train.csv,True,CCOC(C)=O,CCOC(C)=O,False,False,none,False,,True,CC/C=C\C/C=C\C/C=C\CCCCCCCC(=O)O,CCC=CCC=CCC=CCCCCCCCC(=O)O,True,True,rdkit+heuristic,True,solvent_iso_collision_0003,True,solvent:rdkit;solvent:heuristic;solvent:collision
CCOC(=O)C,CCCCC/C=C\C/C=C\CCCCCCCC(=O)O,75.13,0.236651901,molecule_train.csv,True,CCOC(C)=O,CCOC(C)=O,False,False,none,False,,True,CCCCC/C=C\C/C=C\CCCCCCCC(=O)O,CCCCCC=CCC=CCCCCCCCC(=O)O,True,True,rdkit+heuristic,True,solvent_iso_collision_0001,True,solvent:rdkit;solvent:heuristic;solvent:collision
CC/C=C/CC,CCCCCCCCCCCCCCCC,35.0,-0.052038423,molecule_train.csv,True,CC/C=C/CC,CCC=CCC,True,True,rdkit+heuristic,True,solute_iso_collision_0009,True,CCCCCCCCCCCCCCCC,CCCCCCCCCCCCCCCC,False,False,none,False,,True,solute:rdkit;solute:heuristic;solute:collision
C/C=C\C,CC(C)(C=C)O,56.85,0.717839793,molecule_train.csv,True,C/C=C\C,CC=CC,True,True,rdkit+heuristic,True,solute_iso_collision_0001,True,C=CC(C)(C)O,C=CC(C)(C)O,False,False,none,False,,True,solute:rdkit;solute:heuristic;solute:collision
C/C=C\C,CC1=CC(=CC=C1)O,56.84,1.355835154,molecule_train.csv,True,C/C=C\C,CC=CC,True,True,rdkit+heuristic,True,solute_iso_collision_0001,True,Cc1cccc(O)c1,Cc1cccc(O)c1,False,False,none,False,,True,solute:rdkit;solute:heuristic;solute:collision
C/C=C\C,C1CCOCC1,16.83,0.277631737,molecule_train.csv,True,C/C=C\C,CC=CC,True,True,rdkit+heuristic,True,solute_iso_collision_0001,True,C1CCOCC1,C1CCOCC1,False,False,none,False,,True,solute:rdkit;solute:heuristic;solute:collision
C/C=C\C,CC(C)CCO,56.84,0.947789399,molecule_train.csv,True,C/C=C\C,CC=CC,True,True,rdkit+heuristic,True,solute_iso_collision_0001,True,CC(C)CCO,CC(C)CCO,False,False,none,False,,True,solute:rdkit;solute:heuristic;solute:collision
CCCO,CCCCCCCC/C=C\CCCCCCCC(=O)O,65.21,0.303801454,molecule_train.csv,True,CCCO,CCCO,False,False,none,False,,True,CCCCCCCC/C=C\CCCCCCCC(=O)O,CCCCCCCCC=CCCCCCCCC(=O)O,True,True,rdkit+heuristic,True,solvent_iso_collision_0002,True,solvent:rdkit;solvent:heuristic;solvent:collision
C/C=C\C,CCC(C)O,-3.18,1.223775432,molecule_train.csv,True,C/C=C\C,CC=CC,True,True,rdkit+heuristic,True,solute_iso_collision_0001,True,CCC(C)O,CCC(C)O,False,False,none,False,,True,solute:rdkit;solute:heuristic;solute:collision
C/C=C/C,CCCCO,56.85,1.193922468,molecule_train.csv,True,C/C=C/C,CC=CC,True,True,rdkit+heuristic,True,solute_iso_collision_0001,True,CCCCO,CCCCO,False,False,none,False,,True,solute:rdkit;solute:heuristic;solute:collision
C/C=C\C,CC(C)CO,-3.19,1.166270937,molecule_train.csv,True,C/C=C\C,CC=CC,True,True,rdkit+heuristic,True,solute_iso_collision_0001,True,CC(C)CO,CC(C)CO,False,False,none,False,,True,solute:rdkit;solute:heuristic;solute:collision
CC(=O)C,CC/C=C\C/C=C\C/C=C\CCCCCCCC(=O)O,50.11,0.105260511,molecule_train.csv,True,CC(C)=O,CC(C)=O,False,False,none,False,,True,CC/C=C\C/C=C\C/C=C\CCCCCCCC(=O)O,CCC=CCC=CCC=CCCCCCCCC(=O)O,True,True,rdkit+heuristic,True,solvent_iso_collision_0003,True,solvent:rdkit;solvent:heuristic;solvent:collision
CCCCC=C,CC/C=C\C/C=C\C/C=C\CCCCCCCC(=O)O,50.11,0.897719346,molecule_train.csv,True,C=CCCCC,C=CCCCC,False,False,none,False,,True,CC/C=C\C/C=C\C/C=C\CCCCCCCC(=O)O,CCC=CCC=CCC=CCCCCCCCC(=O)O,True,True,rdkit+heuristic,True,solvent_iso_collision_0003,True,solvent:rdkit;solvent:heuristic;solvent:collision
C1CCC(=O)C1,CC(=CCC/C(=C/CC/C(=C/CC/C=C(/CC/C=C(/CCC=C(C)C)\C)\C)/C)/C)C,80.0,0.122217633,molecule_train.csv,True,O=C1CCCC1,O=C1CCCC1,False,False,none,False,,True,CC(C)=CCC/C(C)=C/CC/C(C)=C/CC/C=C(\C)CC/C=C(\C)CCC=C(C)C,CC(C)=CCCC(C)=CCCC(C)=CCCC=C(C)CCC=C(C)CCC=C(C)C,True,True,rdkit+heuristic,True,solvent_iso_collision_0004,True,solvent:rdkit;solvent:heuristic;solvent:collision
C/C=C/C,CCCO,26.84,1.410986974,molecule_train.csv,True,C/C=C/C,CC=CC,True,True,rdkit+heuristic,True,solute_iso_collision_0001,True,CCCO,CCCO,False,False,none,False,,True,solute:rdkit;solute:heuristic;solute:collision
C[C@@H]1CCCC[C@@H]1C,C1COCCN1C=O,61.71,2.978586115,molecule_train.csv,True,C[C@@H]1CCCC[C@@H]1C,CC1CCCCC1C,True,True,rdkit+heuristic,True,solute_iso_collision_0004,True,O=CN1CCOCC1,O=CN1CCOCC1,False,False,none,False,,True,solute:rdkit;solute:heuristic;solute:collision
CO,CCCCC/C=C\C/C=C\CCCCCCCC(=O)O,65.13,0.374318379,molecule_train.csv,True,CO,CO,False,False,none,False,,True,CCCCC/C=C\C/C=C\CCCCCCCC(=O)O,CCCCCC=CCC=CCCCCCCCC(=O)O,True,True,rdkit+heuristic,True,solvent_iso_collision_0001,True,solvent:rdkit;solvent:heuristic;solvent:collision
C/C=C/C,CCC(C)(C)O,46.85,0.806475866,molecule_train.csv,True,C/C=C/C,CC=CC,True,True,rdkit+heuristic,True,solute_iso_collision_0001,True,CCC(C)(C)O,CCC(C)(C)O,False,False,none,False,,True,solute:rdkit;solute:heuristic;solute:collision
C/C=C\C,C=CC1=CC=CC=C1,-23.2,0.955511445,molecule_train.csv,True,C/C=C\C,CC=CC,True,True,rdkit+heuristic,True,solute_iso_collision_0001,True,C=Cc1ccccc1,C=Cc1ccccc1,False,False,none,False,,True,solute:rdkit;solute:heuristic;solute:collision
C/C=C\C=C,CC(=O)NC,170.0,1.302912752,molecule_train.csv,True,C=C/C=C\C,C=CC=CC,True,True,rdkit+heuristic,True,solute_iso_collision_0002,True,CNC(C)=O,CNC(C)=O,False,False,none,False,,True,solute:rdkit;solute:heuristic;solute:collision
CCCCC=C,CCCCCCCC/C=C\CCCCCCCC(=O)O,75.14,0.186479567,molecule_train.csv,True,C=CCCCC,C=CCCCC,False,False,none,False,,True,CCCCCCCC/C=C\CCCCCCCC(=O)O,CCCCCCCCC=CCCCCCCCC(=O)O,True,True,rdkit+heuristic,True,solvent_iso_collision_0002,True,solvent:rdkit;solvent:heuristic;solvent:collision
C/C=C/C,C=CCO,-3.15,1.766441661,molecule_train.csv,True,C/C=C/C,CC=CC,True,True,rdkit+heuristic,True,solute_iso_collision_0001,True,C=CCO,C=CCO,False,False,none,False,,True,solute:rdkit;solute:heuristic;solute:collision
C/C=C/C,CC(C)O,36.85,1.410986974,molecule_train.csv,True,C/C=C/C,CC=CC,True,True,rdkit+heuristic,True,solute_iso_collision_0001,True,CC(C)O,CC(C)O,False,False,none,False,,True,solute:rdkit;solute:heuristic;solute:collision
C/C=C\C,C=CCO,-3.09,1.663926098,molecule_train.csv,True,C/C=C\C,CC=CC,True,True,rdkit+heuristic,True,solute_iso_collision_0001,True,C=CCO,C=CCO,False,False,none,False,,True,solute:rdkit;solute:heuristic;solute:collision
CCOC(=O)C,CC/C=C\C/C=C\C/C=C\CCCCCCCC(=O)O,29.98,0.271552691,molecule_train.csv,True,CCOC(C)=O,CCOC(C)=O,False,False,none,False,,True,CC/C=C\C/C=C\C/C=C\CCCCCCCC(=O)O,CCC=CCC=CCC=CCCCCCCCC(=O)O,True,True,rdkit+heuristic,True,solvent_iso_collision_0003,True,solvent:rdkit;solvent:heuristic;solvent:collision
C(=C/Cl)\Cl,CCCCOC(=O)C1=C(C(=C(C(=C1Cl)Cl)Cl)Cl)C(=O)OCCCC,53.2,-0.541284831,molecule_train.csv,True,Cl/C=C/Cl,ClC=CCl,True,True,rdkit+heuristic,True,solute_iso_collision_0003,True,CCCCOC(=O)c1c(Cl)c(Cl)c(Cl)c(Cl)c1C(=O)OCCCC,CCCCOC(=O)c1c(Cl)c(Cl)c(Cl)c(Cl)c1C(=O)OCCCC,False,False,none,False,,True,solute:rdkit;solute:heuristic;solute:collision
C1=CC=CC=C1,CC(=CCC/C(=C/CC/C(=C/CC/C=C(/CC/C=C(/CCC=C(C)C)\C)\C)/C)/C)C,80.0,-0.695149183,molecule_train.csv,True,c1ccccc1,c1ccccc1,False,False,none,False,,True,CC(C)=CCC/C(C)=C/CC/C(C)=C/CC/C=C(\C)CC/C=C(\C)CCC=C(C)C,CC(C)=CCCC(C)=CCCC(C)=CCCC=C(C)CCC=C(C)CCC=C(C)C,True,True,rdkit+heuristic,True,solvent_iso_collision_0004,True,solvent:rdkit;solvent:heuristic;solvent:collision
C[C@@H]1CCCC[C@@H]1C,CCCCCCCCCOC(=O)C1=CC=CC=C1C(=O)OCCCCCCCCC,120.0,-0.010050336,molecule_train.csv,True,C[C@@H]1CCCC[C@@H]1C,CC1CCCCC1C,True,True,rdkit+heuristic,True,solute_iso_collision_0004,True,CCCCCCCCCOC(=O)c1ccccc1C(=O)OCCCCCCCCC,CCCCCCCCCOC(=O)c1ccccc1C(=O)OCCCCCCCCC,False,False,none,False,,True,solute:rdkit;solute:heuristic;solute:collision
CC/C=C/CC,CCCCCCCCCCCCCCCCCC,35.0,-0.078057635,molecule_train.csv,True,CC/C=C/CC,CCC=CCC,True,True,rdkit+heuristic,True,solute_iso_collision_0009,True,CCCCCCCCCCCCCCCCCC,CCCCCCCCCCCCCCCCCC,False,False,none,False,,True,solute:rdkit;solute:heuristic;solute:collision
C/C=C\C,C=CC1=CC=CC=C1,56.84,0.837247525,molecule_train.csv,True,C/C=C\C,CC=CC,True,True,rdkit+heuristic,True,solute_iso_collision_0001,True,C=Cc1ccccc1,C=Cc1ccccc1,False,False,none,False,,True,solute:rdkit;solute:heuristic;solute:collision
C/C=C\C,C1CCOCC1,-23.15,0.3074847,molecule_train.csv,True,C/C=C\C,CC=CC,True,True,rdkit+heuristic,True,solute_iso_collision_0001,True,C1CCOCC1,C1CCOCC1,False,False,none,False,,True,solute:rdkit;solute:heuristic;solute:collision
C/C=C/C,CO,6.76,2.332143895,molecule_train.csv,True,C/C=C/C,CC=CC,True,True,rdkit+heuristic,True,solute_iso_collision_0001,True,CO,CO,False,False,none,False,,True,solute:rdkit;solute:heuristic;solute:collision
C/C=C\C,CC(C)CCO,16.85,1.00063188,molecule_train.csv,True,C/C=C\C,CC=CC,True,True,rdkit+heuristic,True,solute_iso_collision_0001,True,CC(C)CCO,CC(C)CCO,False,False,none,False,,True,solute:rdkit;solute:heuristic;solute:collision
C/C=C/C,CC(C)(C)O,26.88,1.137833002,molecule_train.csv,True,C/C=C/C,CC=CC,True,True,rdkit+heuristic,True,solute_iso_collision_0001,True,CC(C)(C)O,CC(C)(C)O,False,False,none,False,,True,solute:rdkit;solute:heuristic;solute:collision
C/C=C\C=C,CNS(=O)(=O)C,24.0,3.135494216,molecule_train.csv,True,C=C/C=C\C,C=CC=CC,True,True,rdkit+heuristic,True,solute_iso_collision_0002,True,CNS(C)(=O)=O,CNS(C)(=O)=O,False,False,none,False,,True,solute:rdkit;solute:heuristic;solute:collision
C/C=C\C,CCCCO,-3.14,1.160020917,molecule_train.csv,True,C/C=C\C,CC=CC,True,True,rdkit+heuristic,True,solute_iso_collision_0001,True,CCCCO,CCCCO,False,False,none,False,,True,solute:rdkit;solute:heuristic;solute:collision
CCCC=O,CC(=CCC/C(=C/CC/C(=C/CC/C=C(/CC/C=C(/CCC=C(C)C)\C)\C)/C)/C)C,80.0,-0.010050336,molecule_train.csv,True,CCCC=O,CCCC=O,False,False,none,False,,True,CC(C)=CCC/C(C)=C/CC/C(C)=C/CC/C=C(\C)CC/C=C(\C)CCC=C(C)C,CC(C)=CCCC(C)=CCCC(C)=CCCC=C(C)CCC=C(C)CCC=C(C)C,True,True,rdkit+heuristic,True,solvent_iso_collision_0004,True,solvent:rdkit;solvent:heuristic;solvent:collision
C(=C/Cl)\Cl,CCCCCCCCCCCCCCCCCCCC,53.2,-0.221894332,molecule_train.csv,True,Cl/C=C/Cl,ClC=CCl,True,True,rdkit+heuristic,True,solute_iso_collision_0003,True,CCCCCCCCCCCCCCCCCCCC,CCCCCCCCCCCCCCCCCCCC,False,False,none,False,,True,solute:rdkit;solute:heuristic;solute:collision
C/C=C/C,CC(=C)CCO,36.84,1.184789985,molecule_train.csv,True,C/C=C/C,CC=CC,True,True,rdkit+heuristic,True,solute_iso_collision_0001,True,C=C(C)CCO,C=C(C)CCO,False,False,none,False,,True,solute:rdkit;solute:heuristic;solute:collision
C/C=C/C,CO,-3.17,2.360854001,molecule_train.csv,True,C/C=C/C,CC=CC,True,True,rdkit+heuristic,True,solute_iso_collision_0001,True,CO,CO,False,False,none,False,,True,solute:rdkit;solute:heuristic;solute:collision
CC(C)O,CCCCC/C=C\C/C=C\CCCCCCCC(=O)O,65.13,0.125751205,molecule_train.csv,True,CC(C)O,CC(C)O,False,False,none,False,,True,CCCCC/C=C\C/C=C\CCCCCCCC(=O)O,CCCCCC=CCC=CCCCCCCCC(=O)O,True,True,rdkit+heuristic,True,solvent_iso_collision_0001,True,solvent:rdkit;solvent:heuristic;solvent:collision
CCCCCC,CCCCCCCC/C=C\CCCCCCCC(=O)O,65.21,0.337186267,molecule_train.csv,True,CCCCCC,CCCCCC,False,False,none,False,,True,CCCCCCCC/C=C\CCCCCCCC(=O)O,CCCCCCCCC=CCCCCCCCC(=O)O,True,True,rdkit+heuristic,True,solvent_iso_collision_0002,True,solvent:rdkit;solvent:heuristic;solvent:collision
CCCCOC=O,CC(=CCC/C(=C/CC/C(=C/CC/C=C(/CC/C=C(/CCC=C(C)C)\C)\C)/C)/C)C,80.0,-0.094310679,molecule_train.csv,True,CCCCOC=O,CCCCOC=O,False,False,none,False,,True,CC(C)=CCC/C(C)=C/CC/C(C)=C/CC/C=C(\C)CC/C=C(\C)CCC=C(C)C,CC(C)=CCCC(C)=CCCC(C)=CCCC=C(C)CCC=C(C)CCC=C(C)C,True,True,rdkit+heuristic,True,solvent_iso_collision_0004,True,solvent:rdkit;solvent:heuristic;solvent:collision
CCCCCC,CCCCC/C=C\C/C=C\CCCCCCCC(=O)O,65.13,0.786637524,molecule_train.csv,True,CCCCCC,CCCCCC,False,False,none,False,,True,CCCCC/C=C\C/C=C\CCCCCCCC(=O)O,CCCCCC=CCC=CCCCCCCCC(=O)O,True,True,rdkit+heuristic,True,solvent_iso_collision_0001,True,solvent:rdkit;solvent:heuristic;solvent:collision
C(Cl)(Cl)Cl,CCCCC/C=C\C/C=C\CCCCCCCC(=O)O,75.13,-0.372514008,molecule_train.csv,True,ClC(Cl)Cl,ClC(Cl)Cl,False,False,none,False,,True,CCCCC/C=C\C/C=C\CCCCCCCC(=O)O,CCCCCC=CCC=CCCCCCCCC(=O)O,True,True,rdkit+heuristic,True,solvent_iso_collision_0001,True,solvent:rdkit;solvent:heuristic;solvent:collision
C[C@@H]1CCCC[C@@H]1C,CCCCOC(=O)COC(=O)C1=CC=CC=C1C(=O)OCCCC,120.0,0.779324877,molecule_train.csv,True,C[C@@H]1CCCC[C@@H]1C,CC1CCCCC1C,True,True,rdkit+heuristic,True,solute_iso_collision_0004,True,CCCCOC(=O)COC(=O)c1ccccc1C(=O)OCCCC,CCCCOC(=O)COC(=O)c1ccccc1C(=O)OCCCC,False,False,none,False,,True,solute:rdkit;solute:heuristic;solute:collision
C/C=C/C,CCC(C)O,56.85,1.131402111,molecule_train.csv,True,C/C=C/C,CC=CC,True,True,rdkit+heuristic,True,solute_iso_collision_0001,True,CCC(C)O,CCC(C)O,False,False,none,False,,True,solute:rdkit;solute:heuristic;solute:collision
CC(C)CC(C)(C)C,CCCCCCCC/C=C\CCCCCCCC(=O)O,65.21,0.486737828,molecule_train.csv,True,CC(C)CC(C)(C)C,CC(C)CC(C)(C)C,False,False,none,False,,True,CCCCCCCC/C=C\CCCCCCCC(=O)O,CCCCCCCCC=CCCCCCCCC(=O)O,True,True,rdkit+heuristic,True,solvent_iso_collision_0002,True,solvent:rdkit;solvent:heuristic;solvent:collision
C/C=C/C,CCCCCO,56.85,0.989541194,molecule_train.csv,True,C/C=C/C,CC=CC,True,True,rdkit+heuristic,True,solute_iso_collision_0001,True,CCCCCO,CCCCCO,False,False,none,False,,True,solute:rdkit;solute:heuristic;solute:collision
CCCCCCC,CCCCC/C=C\C/C=C\CCCCCCCC(=O)O,65.13,0.842428883,molecule_train.csv,True,CCCCCCC,CCCCCCC,False,False,none,False,,True,CCCCC/C=C\C/C=C\CCCCCCCC(=O)O,CCCCCC=CCC=CCCCCCCCC(=O)O,True,True,rdkit+heuristic,True,solvent_iso_collision_0001,True,solvent:rdkit;solvent:heuristic;solvent:collision
C/C=C\C,CC(C)O,16.84,1.391281903,molecule_train.csv,True,C/C=C\C,CC=CC,True,True,rdkit+heuristic,True,solute_iso_collision_0001,True,CC(C)O,CC(C)O,False,False,none,False,,True,solute:rdkit;solute:heuristic;solute:collision
C/C=C/C,CCC(C)(C)O,56.85,0.779324877,molecule_train.csv,True,C/C=C/C,CC=CC,True,True,rdkit+heuristic,True,solute_iso_collision_0001,True,CCC(C)(C)O,CCC(C)(C)O,False,False,none,False,,True,solute:rdkit;solute:heuristic;solute:collision
CCC(=O)C,CC(=CCC/C(=C/CC/C(=C/CC/C=C(/CC/C=C(/CCC=C(C)C)\C)\C)/C)/C)C,80.0,0.131028262,molecule_train.csv,True,CCC(C)=O,CCC(C)=O,False,False,none,False,,True,CC(C)=CCC/C(C)=C/CC/C(C)=C/CC/C=C(\C)CC/C=C(\C)CCC=C(C)C,CC(C)=CCCC(C)=CCCC(C)=CCCC=C(C)CCC=C(C)CCC=C(C)C,True,True,rdkit+heuristic,True,solvent_iso_collision_0004,True,solvent:rdkit;solvent:heuristic;solvent:collision
C[C@@H]1CCCC[C@@H]1C,CC(C)COC(=O)C1=CC=CC=C1C(=O)OCC(C)C,120.0,0.565313809,molecule_train.csv,True,C[C@@H]1CCCC[C@@H]1C,CC1CCCCC1C,True,True,rdkit+heuristic,True,solute_iso_collision_0004,True,CC(C)COC(=O)c1ccccc1C(=O)OCC(C)C,CC(C)COC(=O)c1ccccc1C(=O)OCC(C)C,False,False,none,False,,True,solute:rdkit;solute:heuristic;solute:collision
C/C=C\C,CCC(C)O,16.84,1.178654996,molecule_train.csv,True,C/C=C\C,CC=CC,True,True,rdkit+heuristic,True,solute_iso_collision_0001,True,CCC(C)O,CCC(C)O,False,False,none,False,,True,solute:rdkit;solute:heuristic;solute:collision
COC1=CC=CC=C1,CCCCCCCC/C=C\CCCCCCCC(=O)O,75.14,0.157003749,molecule_train.csv,True,COc1ccccc1,COc1ccccc1,False,False,none,False,,True,CCCCCCCC/C=C\CCCCCCCC(=O)O,CCCCCCCCC=CCCCCCCCC(=O)O,True,True,rdkit+heuristic,True,solvent_iso_collision_0002,True,solvent:rdkit;solvent:heuristic;solvent:collision
C/C=C/C=C,CCC(=O)N(C)C,40.0,0.494696242,molecule_train.csv,True,C=C/C=C/C,C=CC=CC,True,True,rdkit+heuristic,True,solute_iso_collision_0002,True,CCC(=O)N(C)C,CCC(=O)N(C)C,False,False,none,False,,True,solute:rdkit;solute:heuristic;solute:collision
CO,CCCCCCCC/C=C\CCCCCCCC(=O)O,65.21,0.452984624,molecule_train.csv,True,CO,CO,False,False,none,False,,True,CCCCCCCC/C=C\CCCCCCCC(=O)O,CCCCCCCCC=CCCCCCCCC(=O)O,True,True,rdkit+heuristic,True,solvent_iso_collision_0002,True,solvent:rdkit;solvent:heuristic;solvent:collision
C1CCCCC1,CCCCCCCC/C=C\CCCCCCCC(=O)O,75.21,0.01093994,molecule_train.csv,True,C1CCCCC1,C1CCCCC1,False,False,none,False,,True,CCCCCCCC/C=C\CCCCCCCC(=O)O,CCCCCCCCC=CCCCCCCCC(=O)O,True,True,rdkit+heuristic,True,solvent_iso_collision_0002,True,solvent:rdkit;solvent:heuristic;solvent:collision
C/C=C\C,CCC(C)CO,16.84,1.029619417,molecule_train.csv,True,C/C=C\C,CC=CC,True,True,rdkit+heuristic,True,solute_iso_collision_0001,True,CCC(C)CO,CCC(C)CO,False,False,none,False,,True,solute:rdkit;solute:heuristic;solute:collision
CC(=O)C,CC(=CCC/C(=C/CC/C(=C/CC/C=C(/CC/C=C(/CCC=C(C)C)\C)\C)/C)/C)C,80.0,0.350656872,molecule_train.csv,True,CC(C)=O,CC(C)=O,False,False,none,False,,True,CC(C)=CCC/C(C)=C/CC/C(C)=C/CC/C=C(\C)CC/C=C(\C)CCC=C(C)C,CC(C)=CCCC(C)=CCCC(C)=CCCC=C(C)CCC=C(C)CCC=C(C)C,True,True,rdkit+heuristic,True,solvent_iso_collision_0004,True,solvent:rdkit;solvent:heuristic;solvent:collision
CCCCCCC,CC/C=C\C/C=C\C/C=C\CCCCCCCC(=O)O,50.11,1.183259763,molecule_train.csv,True,CCCCCCC,CCCCCCC,False,False,none,False,,True,CC/C=C\C/C=C\C/C=C\CCCCCCCC(=O)O,CCC=CCC=CCC=CCCCCCCCC(=O)O,True,True,rdkit+heuristic,True,solvent_iso_collision_0003,True,solvent:rdkit;solvent:heuristic;solvent:collision
C/C=C/C,CC1=CC=CC=C1,56.84,0.336472237,molecule_train.csv,True,C/C=C/C,CC=CC,True,True,rdkit+heuristic,True,solute_iso_collision_0001,True,Cc1ccccc1,Cc1ccccc1,False,False,none,False,,True,solute:rdkit;solute:heuristic;solute:collision
C/C=C/C,CC(C)(C)O,56.85,1.011600912,molecule_train.csv,True,C/C=C/C,CC=CC,True,True,rdkit+heuristic,True,solute_iso_collision_0001,True,CC(C)(C)O,CC(C)(C)O,False,False,none,False,,True,solute:rdkit;solute:heuristic;solute:collision
C[C@@H]1CCCC[C@@H]1C,CC1(C2CCC1(C(C2)OC(=O)C3=CC=CC=C3C(=O)OC4CC5CCC4(C5(C)C)C)C)C,120.0,0.542324291,molecule_train.csv,True,C[C@@H]1CCCC[C@@H]1C,CC1CCCCC1C,True,True,rdkit+heuristic,True,solute_iso_collision_0004,True,CC1(C)C2CCC1(C)C(OC(=O)c1ccccc1C(=O)OC1CC3CCC1(C)C3(C)C)C2,CC1(C)C2CCC1(C)C(OC(=O)c1ccccc1C(=O)OC1CC3CCC1(C)C3(C)C)C2,False,False,none,False,,True,solute:rdkit;solute:heuristic;solute:collision
CCCCC=C,CCCCCCCC/C=C\CCCCCCCC(=O)O,85.13,0.141499562,molecule_train.csv,True,C=CCCCC,C=CCCCC,False,False,none,False,,True,CCCCCCCC/C=C\CCCCCCCC(=O)O,CCCCCCCCC=CCCCCCCCC(=O)O,True,True,rdkit+heuristic,True,solvent_iso_collision_0002,True,solvent:rdkit;solvent:heuristic;solvent:collision
C/C=C\C,CC1=CC=C(C=C1)C,46.84,0.246860078,molecule_train.csv,True,C/C=C\C,CC=CC,True,True,rdkit+heuristic,True,solute_iso_collision_0001,True,Cc1ccc(C)cc1,Cc1ccc(C)cc1,False,False,none,False,,True,solute:rdkit;solute:heuristic;solute:collision
C1CCC/C=C\CC1,CN1CCCC1=O,40.0,1.458615023,molecule_train.csv,True,C1=C\CCCCCC/1,C1=CCCCCCC1,True,True,rdkit+heuristic,True,solute_iso_collision_0007,True,CN1CCCC1=O,CN1CCCC1=O,False,False,none,False,,True,solute:rdkit;solute:heuristic;solute:collision
C[C@@H]1CCCC[C@@H]1C,CCCCOC(=O)C1=CC=CC=C1C(=O)OCCCC,120.0,0.587786665,molecule_train.csv,True,C[C@@H]1CCCC[C@@H]1C,CC1CCCCC1C,True,True,rdkit+heuristic,True,solute_iso_collision_0004,True,CCCCOC(=O)c1ccccc1C(=O)OCCCC,CCCCOC(=O)c1ccccc1C(=O)OCCCC,False,False,none,False,,True,solute:rdkit;solute:heuristic;solute:collision
C[C@@H]1CCCC[C@@H]1C,CCCCCCOC(=O)C1=CC=CC=C1C(=O)OCCCCCC,120.0,0.285178942,molecule_train.csv,True,C[C@@H]1CCCC[C@@H]1C,CC1CCCCC1C,True,True,rdkit+heuristic,True,solute_iso_collision_0004,True,CCCCCCOC(=O)c1ccccc1C(=O)OCCCCCC,CCCCCCOC(=O)c1ccccc1C(=O)OCCCCCC,False,False,none,False,,True,solute:rdkit;solute:heuristic;solute:collision
C/C=C/C=C,CC(=O)N(C)C,24.0,1.033184483,molecule_train.csv,True,C=C/C=C/C,C=CC=CC,True,True,rdkit+heuristic,True,solute_iso_collision_0002,True,CC(=O)N(C)C,CC(=O)N(C)C,False,False,none,False,,True,solute:rdkit;solute:heuristic;solute:collision
C[C@@H]1CCCC[C@@H]1C,C1COCCN1C=O,40.1,3.265759411,molecule_train.csv,True,C[C@@H]1CCCC[C@@H]1C,CC1CCCCC1C,True,True,rdkit+heuristic,True,solute_iso_collision_0004,True,O=CN1CCOCC1,O=CN1CCOCC1,False,False,none,False,,True,solute:rdkit;solute:heuristic;solute:collision
CC/C=C/C=C,CCCCCCCCCCCCCCCC,70.0,-0.427710717,molecule_train.csv,True,C=C/C=C/CC,C=CC=CCC,True,True,rdkit+heuristic,True,solute_iso_collision_0005,True,CCCCCCCCCCCCCCCC,CCCCCCCCCCCCCCCC,False,False,none,False,,True,solute:rdkit;solute:heuristic;solute:collision
CCCCCCC,CCCCCCCC/C=C\CCCCCCCC(=O)O,65.21,0.416075287,molecule_train.csv,True,CCCCCCC,CCCCCCC,False,False,none,False,,True,CCCCCCCC/C=C\CCCCCCCC(=O)O,CCCCCCCCC=CCCCCCCCC(=O)O,True,True,rdkit+heuristic,True,solvent_iso_collision_0002,True,solvent:rdkit;solvent:heuristic;solvent:collision
C/C=C/C,CC1=CC(=CC=C1)C,36.69,0.31481074,molecule_train.csv,True,C/C=C/C,CC=CC,True,True,rdkit+heuristic,True,solute_iso_collision_0001,True,Cc1cccc(C)c1,Cc1cccc(C)c1,False,False,none,False,,True,solute:rdkit;solute:heuristic;solute:collision
C/C=C/C,CC(C)CCO,56.85,1.004301609,molecule_train.csv,True,C/C=C/C,CC=CC,True,True,rdkit+heuristic,True,solute_iso_collision_0001,True,CC(C)CCO,CC(C)CCO,False,False,none,False,,True,solute:rdkit;solute:heuristic;solute:collision
C/C=C/C=C,CN1CCCC1=O,35.0,1.211940974,molecule_train.csv,True,C=C/C=C/C,C=CC=CC,True,True,rdkit+heuristic,True,solute_iso_collision_0002,True,CN1CCCC1=O,CN1CCCC1=O,False,False,none,False,,True,solute:rdkit;solute:heuristic;solute:collision
C/C=C/C=C,CNS(=O)(=O)C,70.0,2.867898902,molecule_train.csv,True,C=C/C=C/C,C=CC=CC,True,True,rdkit+heuristic,True,solute_iso_collision_0002,True,CNS(C)(=O)=O,CNS(C)(=O)=O,False,False,none,False,,True,solute:rdkit;solute:heuristic;solute:collision
CCCCC=C,CCCCCCCC/C=C\CCCCCCCC(=O)O,65.21,0.19309663,molecule_train.csv,True,C=CCCCC,C=CCCCC,False,False,none,False,,True,CCCCCCCC/C=C\CCCCCCCC(=O)O,CCCCCCCCC=CCCCCCCCC(=O)O,True,True,rdkit+heuristic,True,solvent_iso_collision_0002,True,solvent:rdkit;solvent:heuristic;solvent:collision
CCCCCC,CCCCCCCC/C=C\CCCCCCCC(=O)O,75.21,0.293415604,molecule_train.csv,True,CCCCCC,CCCCCC,False,False,none,False,,True,CCCCCCCC/C=C\CCCCCCCC(=O)O,CCCCCCCCC=CCCCCCCCC(=O)O,True,True,rdkit+heuristic,True,solvent_iso_collision_0002,True,solvent:rdkit;solvent:heuristic;solvent:collision
C/C=C/C,CCC(C)O,-23.18,1.30833282,molecule_train.csv,True,C/C=C/C,CC=CC,True,True,rdkit+heuristic,True,solute_iso_collision_0001,True,CCC(C)O,CCC(C)O,False,False,none,False,,True,solute:rdkit;solute:heuristic;solute:collision
C/C=C/C,CC1=CC=C(C=C1)O,36.84,1.499623046,molecule_train.csv,True,C/C=C/C,CC=CC,True,True,rdkit+heuristic,True,solute_iso_collision_0001,True,Cc1ccc(O)cc1,Cc1ccc(O)cc1,False,False,none,False,,True,solute:rdkit;solute:heuristic;solute:collision
CCC(C)O,CCCCC/C=C\C/C=C\CCCCCCCC(=O)O,85.15,0.09531018,molecule_train.csv,True,CCC(C)O,CCC(C)O,False,False,none,False,,True,CCCCC/C=C\C/C=C\CCCCCCCC(=O)O,CCCCCC=CCC=CCCCCCCCC(=O)O,True,True,rdkit+heuristic,True,solvent_iso_collision_0001,True,solvent:rdkit;solvent:heuristic;solvent:collision
C(=C/Cl)\Cl,CCCCCCCCCCCCCC(=O)N(C)C,93.9,-0.675307262,molecule_train.csv,True,Cl/C=C/Cl,ClC=CCl,True,True,rdkit+heuristic,True,solute_iso_collision_0003,True,CCCCCCCCCCCCCC(=O)N(C)C,CCCCCCCCCCCCCC(=O)N(C)C,False,False,none,False,,True,solute:rdkit;solute:heuristic;solute:collision
C/C=C/C,CC1=CC=CC=C1,36.79,0.350656872,molecule_train.csv,True,C/C=C/C,CC=CC,True,True,rdkit+heuristic,True,solute_iso_collision_0001,True,Cc1ccccc1,Cc1ccccc1,False,False,none,False,,True,solute:rdkit;solute:heuristic;solute:collision
C1CCCCC1,CCCCC/C=C\C/C=C\CCCCCCCC(=O)O,85.15,0.706063406,molecule_train.csv,True,C1CCCCC1,C1CCCCC1,False,False,none,False,,True,CCCCC/C=C\C/C=C\CCCCCCCC(=O)O,CCCCCC=CCC=CCCCCCCCC(=O)O,True,True,rdkit+heuristic,True,solvent_iso_collision_0001,True,solvent:rdkit;solvent:heuristic;solvent:collision
C(=C/Cl)\Cl,CCCCCCCCCCCCCCCCO,53.2,0.034401427,molecule_train.csv,True,Cl/C=C/Cl,ClC=CCl,True,True,rdkit+heuristic,True,solute_iso_collision_0003,True,CCCCCCCCCCCCCCCCO,CCCCCCCCCCCCCCCCO,False,False,none,False,,True,solute:rdkit;solute:heuristic;solute:collision
CC(C)OC(=O)C,CC(=CCC/C(=C/CC/C(=C/CC/C=C(/CC/C=C(/CCC=C(C)C)\C)\C)/C)/C)C,80.0,-0.072570693,molecule_train.csv,True,CC(=O)OC(C)C,CC(=O)OC(C)C,False,False,none,False,,True,CC(C)=CCC/C(C)=C/CC/C(C)=C/CC/C=C(\C)CC/C=C(\C)CCC=C(C)C,CC(C)=CCCC(C)=CCCC(C)=CCCC=C(C)CCC=C(C)CCC=C(C)C,True,True,rdkit+heuristic,True,solvent_iso_collision_0004,True,solvent:rdkit;solvent:heuristic;solvent:collision
C/C=C\C,CCC(CC)O,56.86,0.841567186,molecule_train.csv,True,C/C=C\C,CC=CC,True,True,rdkit+heuristic,True,solute_iso_collision_0001,True,CCC(O)CC,CCC(O)CC,False,False,none,False,,True,solute:rdkit;solute:heuristic;solute:collision
C1=CC=C(C=C1)CCl,CCCCC/C=C\C/C=C\CCCCCCCC(=O)O,85.15,0.474991171,molecule_train.csv,True,ClCc1ccccc1,ClCc1ccccc1,False,False,none,False,,True,CCCCC/C=C\C/C=C\CCCCCCCC(=O)O,CCCCCC=CCC=CCCCCCCCC(=O)O,True,True,rdkit+heuristic,True,solvent_iso_collision_0001,True,solvent:rdkit;solvent:heuristic;solvent:collision
CCCCCC,CC/C=C\C/C=C\C/C=C\CCCCCCCC(=O)O,50.11,1.195738999,molecule_train.csv,True,CCCCCC,CCCCCC,False,False,none,False,,True,CC/C=C\C/C=C\C/C=C\CCCCCCCC(=O)O,CCC=CCC=CCC=CCCCCCCCC(=O)O,True,True,rdkit+heuristic,True,solvent_iso_collision_0003,True,solvent:rdkit;solvent:heuristic;solvent:collision
C/C=C/C,C=CCO,56.84,1.591273942,molecule_train.csv,True,C/C=C/C,CC=CC,True,True,rdkit+heuristic,True,solute_iso_collision_0001,True,C=CCO,C=CCO,False,False,none,False,,True,solute:rdkit;solute:heuristic;solute:collision
C(Cl)(Cl)Cl,CCCCC/C=C\C/C=C\CCCCCCCC(=O)O,85.15,-0.30924625,molecule_train.csv,True,ClC(Cl)Cl,ClC(Cl)Cl,False,False,none,False,,True,CCCCC/C=C\C/C=C\CCCCCCCC(=O)O,CCCCCC=CCC=CCCCCCCCC(=O)O,True,True,rdkit+heuristic,True,solvent_iso_collision_0001,True,solvent:rdkit;solvent:heuristic;solvent:collision
C/C=C/C,CCCC(C)O,36.85,0.97455964,molecule_train.csv,True,C/C=C/C,CC=CC,True,True,rdkit+heuristic,True,solute_iso_collision_0001,True,CCCC(C)O,CCCC(C)O,False,False,none,False,,True,solute:rdkit;solute:heuristic;solute:collision
C[C@@H]1CCCC[C@@H]1C,CC(C)OC(=O)C1=CC=CC=C1C(=O)OC(C)C,120.0,0.693147181,molecule_train.csv,True,C[C@@H]1CCCC[C@@H]1C,CC1CCCCC1C,True,True,rdkit+heuristic,True,solute_iso_collision_0004,True,CC(C)OC(=O)c1ccccc1C(=O)OC(C)C,CC(C)OC(=O)c1ccccc1C(=O)OC(C)C,False,False,none,False,,True,solute:rdkit;solute:heuristic;solute:collision
C/C=C\C,CC(C)(C=C)O,36.84,0.802001585,molecule_train.csv,True,C/C=C\C,CC=CC,True,True,rdkit+heuristic,True,solute_iso_collision_0001,True,C=CC(C)(C)O,C=CC(C)(C)O,False,False,none,False,,True,solute:rdkit;solute:heuristic;solute:collision
C1=CC=C(C=C1)Cl,CCCCC/C=C\C/C=C\CCCCCCCC(=O)O,65.13,-0.004008021,molecule_train.csv,True,Clc1ccccc1,Clc1ccccc1,False,False,none,False,,True,CCCCC/C=C\C/C=C\CCCCCCCC(=O)O,CCCCCC=CCC=CCCCCCCCC(=O)O,True,True,rdkit+heuristic,True,solvent_iso_collision_0001,True,solvent:rdkit;solvent:heuristic;solvent:collision
C1CCC/C=C\CC1,CN1CCCC1=O,20.0,1.568615918,molecule_train.csv,True,C1=C\CCCCCC/1,C1=CCCCCCC1,True,True,rdkit+heuristic,True,solute_iso_collision_0007,True,CN1CCCC1=O,CN1CCCC1=O,False,False,none,False,,True,solute:rdkit;solute:heuristic;solute:collision
CC(=O)C,CCCCCCCC/C=C\CCCCCCCC(=O)O,65.21,0.270790205,molecule_train.csv,True,CC(C)=O,CC(C)=O,False,False,none,False,,True,CCCCCCCC/C=C\CCCCCCCC(=O)O,CCCCCCCCC=CCCCCCCCC(=O)O,True,True,rdkit+heuristic,True,solvent_iso_collision_0002,True,solvent:rdkit;solvent:heuristic;solvent:collision
C(CCl)Cl,CC/C=C\C/C=C\C/C=C\CCCCCCCC(=O)O,29.98,0.051643233,molecule_train.csv,True,ClCCCl,ClCCCl,False,False,none,False,,True,CC/C=C\C/C=C\C/C=C\CCCCCCCC(=O)O,CCC=CCC=CCC=CCCCCCCCC(=O)O,True,True,rdkit+heuristic,True,solvent_iso_collision_0003,True,solvent:rdkit;solvent:heuristic;solvent:collision
C/C=C/C,CC1=CC=CC=C1O,26.84,1.446918983,molecule_train.csv,True,C/C=C/C,CC=CC,True,True,rdkit+heuristic,True,solute_iso_collision_0001,True,Cc1ccccc1O,Cc1ccccc1O,False,False,none,False,,True,solute:rdkit;solute:heuristic;solute:collision
C/C=C/C=C,CCCCCCCCCCCCCCCC,50.0,-0.133531393,molecule_train.csv,True,C=C/C=C/C,C=CC=CC,True,True,rdkit+heuristic,True,solute_iso_collision_0002,True,CCCCCCCCCCCCCCCC,CCCCCCCCCCCCCCCC,False,False,none,False,,True,solute:rdkit;solute:heuristic;solute:collision
CCC#N,CC(=CCC/C(=C/CC/C(=C/CC/C=C(/CC/C=C(/CCC=C(C)C)\C)\C)/C)/C)C,80.0,1.022450928,molecule_train.csv,True,CCC#N,CCC#N,False,False,none,False,,True,CC(C)=CCC/C(C)=C/CC/C(C)=C/CC/C=C(\C)CC/C=C(\C)CCC=C(C)C,CC(C)=CCCC(C)=CCCC(C)=CCCC=C(C)CCC=C(C)CCC=C(C)C,True,True,rdkit+heuristic,True,solvent_iso_collision_0004,True,solvent:rdkit;solvent:heuristic;solvent:collision
C/C=C/C,CCCCCO,-23.19,1.029619417,molecule_train.csv,True,C/C=C/C,CC=CC,True,True,rdkit+heuristic,True,solute_iso_collision_0001,True,CCCCCO,CCCCCO,False,False,none,False,,True,solute:rdkit;solute:heuristic;solute:collision
CC(C)CC(C)(C)C,CCCCCCCC/C=C\CCCCCCCC(=O)O,75.14,0.418052224,molecule_train.csv,True,CC(C)CC(C)(C)C,CC(C)CC(C)(C)C,False,False,none,False,,True,CCCCCCCC/C=C\CCCCCCCC(=O)O,CCCCCCCCC=CCCCCCCCC(=O)O,True,True,rdkit+heuristic,True,solvent_iso_collision_0002,True,solvent:rdkit;solvent:heuristic;solvent:collision
C(=C\Cl)\Cl,CCCCOC(=O)C1=C(C(=C(C(=C1Cl)Cl)Cl)Cl)C(=O)OCCCC,93.9,-0.648173815,molecule_train.csv,True,Cl/C=C\Cl,ClC=CCl,True,True,rdkit+heuristic,True,solute_iso_collision_0003,True,CCCCOC(=O)c1c(Cl)c(Cl)c(Cl)c(Cl)c1C(=O)OCCCC,CCCCOC(=O)c1c(Cl)c(Cl)c(Cl)c(Cl)c1C(=O)OCCCC,False,False,none,False,,True,solute:rdkit;solute:heuristic;solute:collision
C/C=C/C,CC(C)CO,-3.14,1.255616037,molecule_train.csv,True,C/C=C/C,CC=CC,True,True,rdkit+heuristic,True,solute_iso_collision_0001,True,CC(C)CO,CC(C)CO,False,False,none,False,,True,solute:rdkit;solute:heuristic;solute:collision
CCCCCC,CC/C=C\C/C=C\C/C=C\CCCCCCCC(=O)O,40.1,1.068496665,molecule_train.csv,True,CCCCCC,CCCCCC,False,False,none,False,,True,CC/C=C\C/C=C\C/C=C\CCCCCCCC(=O)O,CCC=CCC=CCC=CCCCCCCCC(=O)O,True,True,rdkit+heuristic,True,solvent_iso_collision_0003,True,solvent:rdkit;solvent:heuristic;solvent:collision
C/C=C/C=C,CC(=O)N(C)C,40.0,0.783901544,molecule_train.csv,True,C=C/C=C/C,C=CC=CC,True,True,rdkit+heuristic,True,solute_iso_collision_0002,True,CC(=O)N(C)C,CC(=O)N(C)C,False,False,none,False,,True,solute:rdkit;solute:heuristic;solute:collision
COC1=CC=CC=C1,CCCCC/C=C\C/C=C\CCCCCCCC(=O)O,75.16,0.256191405,molecule_train.csv,True,COc1ccccc1,COc1ccccc1,False,False,none,False,,True,CCCCC/C=C\C/C=C\CCCCCCCC(=O)O,CCCCCC=CCC=CCCCCCCCC(=O)O,True,True,rdkit+heuristic,True,solvent_iso_collision_0001,True,solvent:rdkit;solvent:heuristic;solvent:collision
C1=COC(=C1)C=O,CC(=CCC/C(=C/CC/C(=C/CC/C=C(/CC/C=C(/CCC=C(C)C)\C)\C)/C)/C)C,80.0,1.166270937,molecule_train.csv,True,O=Cc1ccco1,O=Cc1ccco1,False,False,none,False,,True,CC(C)=CCC/C(C)=C/CC/C(C)=C/CC/C=C(\C)CC/C=C(\C)CCC=C(C)C,CC(C)=CCCC(C)=CCCC(C)=CCCC=C(C)CCC=C(C)CCC=C(C)C,True,True,rdkit+heuristic,True,solvent_iso_collision_0004,True,solvent:rdkit;solvent:heuristic;solvent:collision
C1CCC/C=C\CC1,CN(C)C=O,40.0,2.140066163,molecule_train.csv,True,C1=C\CCCCCC/1,C1=CCCCCCC1,True,True,rdkit+heuristic,True,solute_iso_collision_0007,True,CN(C)C=O,CN(C)C=O,False,False,none,False,,True,solute:rdkit;solute:heuristic;solute:collision
CCCCCC,CCCCCCCC/C=C\CCCCCCCC(=O)O,75.14,0.28442678,molecule_train.csv,True,CCCCCC,CCCCCC,False,False,none,False,,True,CCCCCCCC/C=C\CCCCCCCC(=O)O,CCCCCCCCC=CCCCCCCCC(=O)O,True,True,rdkit+heuristic,True,solvent_iso_collision_0002,True,solvent:rdkit;solvent:heuristic;solvent:collision
CC(C)CC(C)(C)C,CCCCC/C=C\C/C=C\CCCCCCCC(=O)O,75.13,1.085864716,molecule_train.csv,True,CC(C)CC(C)(C)C,CC(C)CC(C)(C)C,False,False,none,False,,True,CCCCC/C=C\C/C=C\CCCCCCCC(=O)O,CCCCCC=CCC=CCCCCCCCC(=O)O,True,True,rdkit+heuristic,True,solvent_iso_collision_0001,True,solvent:rdkit;solvent:heuristic;solvent:collision
C/C=C\C,CCCCO,56.78,1.115141591,molecule_train.csv,True,C/C=C\C,CC=CC,True,True,rdkit+heuristic,True,solute_iso_collision_0001,True,CCCCO,CCCCO,False,False,none,False,,True,solute:rdkit;solute:heuristic;solute:collision
C[C@@H]1CCCC[C@@H]1C,C1CCC(CC1)OC(=O)C2=CC=CC=C2C(=O)OC3CCCCC3,120.0,0.604315967,molecule_train.csv,True,C[C@@H]1CCCC[C@@H]1C,CC1CCCCC1C,True,True,rdkit+heuristic,True,solute_iso_collision_0004,True,O=C(OC1CCCCC1)c1ccccc1C(=O)OC1CCCCC1,O=C(OC1CCCCC1)c1ccccc1C(=O)OC1CCCCC1,False,False,none,False,,True,solute:rdkit;solute:heuristic;solute:collision
C/C=C/C,CC1=CC=C(C=C1)O,46.84,1.470175845,molecule_train.csv,True,C/C=C/C,CC=CC,True,True,rdkit+heuristic,True,solute_iso_collision_0001,True,Cc1ccc(O)cc1,Cc1ccc(O)cc1,False,False,none,False,,True,solute:rdkit;solute:heuristic;solute:collision
C/C=C\C,CCC(CC)O,-13.22,1.124929597,molecule_train.csv,True,C/C=C\C,CC=CC,True,True,rdkit+heuristic,True,solute_iso_collision_0001,True,CCC(O)CC,CCC(O)CC,False,False,none,False,,True,solute:rdkit;solute:heuristic;solute:collision
CCCCC=C,CC/C=C\C/C=C\C/C=C\CCCCCCCC(=O)O,40.1,0.782530742,molecule_train.csv,True,C=CCCCC,C=CCCCC,False,False,none,False,,True,CC/C=C\C/C=C\C/C=C\CCCCCCCC(=O)O,CCC=CCC=CCC=CCCCCCCCC(=O)O,True,True,rdkit+heuristic,True,solvent_iso_collision_0003,True,solvent:rdkit;solvent:heuristic;solvent:collision
CCC/C=C\C,C(COCCOCCO)O,25.0,3.42751469,molecule_train.csv,True,C/C=C\CCC,CC=CCCC,True,True,rdkit+heuristic,True,solute_iso_collision_0008,True,OCCOCCOCCO,OCCOCCOCCO,False,False,none,False,,True,solute:rdkit;solute:heuristic;solute:collision
C/C=C\C,CCCO,-3.15,1.381281819,molecule_train.csv,True,C/C=C\C,CC=CC,True,True,rdkit+heuristic,True,solute_iso_collision_0001,True,CCCO,CCCO,False,False,none,False,,True,solute:rdkit;solute:heuristic;solute:collision
C/C=C\C,CC1=CC=C(C=C1)O,66.87,1.335001067,molecule_train.csv,True,C/C=C\C,CC=CC,True,True,rdkit+heuristic,True,solute_iso_collision_0001,True,Cc1ccc(O)cc1,Cc1ccc(O)cc1,False,False,none,False,,True,solute:rdkit;solute:heuristic;solute:collision
C/C=C\C,C1CCOCC1,-3.08,0.285178942,molecule_train.csv,True,C/C=C\C,CC=CC,True,True,rdkit+heuristic,True,solute_iso_collision_0001,True,C1CCOCC1,C1CCOCC1,False,False,none,False,,True,solute:rdkit;solute:heuristic;solute:collision
COC1=CC=CC=C1,CCCCC/C=C\C/C=C\CCCCCCCC(=O)O,75.13,0.275356423,molecule_train.csv,True,COc1ccccc1,COc1ccccc1,False,False,none,False,,True,CCCCC/C=C\C/C=C\CCCCCCCC(=O)O,CCCCCC=CCC=CCCCCCCCC(=O)O,True,True,rdkit+heuristic,True,solvent_iso_collision_0001,True,solvent:rdkit;solvent:heuristic;solvent:collision
C/C=C\C,CO,56.85,2.16676537,molecule_train.csv,True,C/C=C\C,CC=CC,True,True,rdkit+heuristic,True,solute_iso_collision_0001,True,CO,CO,False,False,none,False,,True,solute:rdkit;solute:heuristic;solute:collision
C/C=C/C,CC(C)CO,56.85,1.184789985,molecule_train.csv,True,C/C=C/C,CC=CC,True,True,rdkit+heuristic,True,solute_iso_collision_0001,True,CC(C)CO,CC(C)CO,False,False,none,False,,True,solute:rdkit;solute:heuristic;solute:collision
C/C=C\C,CC(C)CO,56.79,1.101940079,molecule_train.csv,True,C/C=C\C,CC=CC,True,True,rdkit+heuristic,True,solute_iso_collision_0001,True,CC(C)CO,CC(C)CO,False,False,none,False,,True,solute:rdkit;solute:heuristic;solute:collision
C/C=C\C,CC(C)(C)O,46.85,0.982078472,molecule_train.csv,True,C/C=C\C,CC=CC,True,True,rdkit+heuristic,True,solute_iso_collision_0001,True,CC(C)(C)O,CC(C)(C)O,False,False,none,False,,True,solute:rdkit;solute:heuristic;solute:collision
CCCCCCC,CC/C=C\C/C=C\C/C=C\CCCCCCCC(=O)O,50.01,1.182953437,molecule_train.csv,True,CCCCCCC,CCCCCCC,False,False,none,False,,True,CC/C=C\C/C=C\C/C=C\CCCCCCCC(=O)O,CCC=CCC=CCC=CCCCCCCCC(=O)O,True,True,rdkit+heuristic,True,solvent_iso_collision_0003,True,solvent:rdkit;solvent:heuristic;solvent:collision
CC(C)O,CC/C=C\C/C=C\C/C=C\CCCCCCCC(=O)O,50.11,0.114221144,molecule_train.csv,True,CC(C)O,CC(C)O,False,False,none,False,,True,CC/C=C\C/C=C\C/C=C\CCCCCCCC(=O)O,CCC=CCC=CCC=CCCCCCCCC(=O)O,True,True,rdkit+heuristic,True,solvent_iso_collision_0003,True,solvent:rdkit;solvent:heuristic;solvent:collision
CC/C=C/C=C,CCCCCCCCCCCCCCCC,60.0,-0.356674944,molecule_train.csv,True,C=C/C=C/CC,C=CC=CCC,True,True,rdkit+heuristic,True,solute_iso_collision_0005,True,CCCCCCCCCCCCCCCC,CCCCCCCCCCCCCCCC,False,False,none,False,,True,solute:rdkit;solute:heuristic;solute:collision
C/C=C/C,CCCO,46.94,1.401182974,molecule_train.csv,True,C/C=C/C,CC=CC,True,True,rdkit+heuristic,True,solute_iso_collision_0001,True,CCCO,CCCO,False,False,none,False,,True,solute:rdkit;solute:heuristic;solute:collision
C/C=C\C=C,CN(C)C=O,40.0,1.085189268,molecule_train.csv,True,C=C/C=C\C,C=CC=CC,True,True,rdkit+heuristic,True,solute_iso_collision_0002,True,CN(C)C=O,CN(C)C=O,False,False,none,False,,True,solute:rdkit;solute:heuristic;solute:collision
C/C=C\C,CC1=CC=CC=C1O,46.84,1.272565596,molecule_train.csv,True,C/C=C\C,CC=CC,True,True,rdkit+heuristic,True,solute_iso_collision_0001,True,Cc1ccccc1O,Cc1ccccc1O,False,False,none,False,,True,solute:rdkit;solute:heuristic;solute:collision
COP(OC)OC,CC(=CCC/C(=C/CC/C(=C/CC/C=C(/CC/C=C(/CCC=C(C)C)\C)\C)/C)/C)C,80.0,-1.514127733,molecule_train.csv,True,COP(OC)OC,COP(OC)OC,False,False,none,False,,True,CC(C)=CCC/C(C)=C/CC/C(C)=C/CC/C=C(\C)CC/C=C(\C)CCC=C(C)C,CC(C)=CCCC(C)=CCCC(C)=CCCC=C(C)CCC=C(C)CCC=C(C)C,True,True,rdkit+heuristic,True,solvent_iso_collision_0004,True,solvent:rdkit;solvent:heuristic;solvent:collision
C/C=C/C,C1=CC=CC=C1,36.84,0.512823626,molecule_train.csv,True,C/C=C/C,CC=CC,True,True,rdkit+heuristic,True,solute_iso_collision_0001,True,c1ccccc1,c1ccccc1,False,False,none,False,,True,solute:rdkit;solute:heuristic;solute:collision
CCO,CCCCC/C=C\C/C=C\CCCCCCCC(=O)O,65.13,0.308954208,molecule_train.csv,True,CCO,CCO,False,False,none,False,,True,CCCCC/C=C\C/C=C\CCCCCCCC(=O)O,CCCCCC=CCC=CCCCCCCCC(=O)O,True,True,rdkit+heuristic,True,solvent_iso_collision_0001,True,solvent:rdkit;solvent:heuristic;solvent:collision
CCC1=CC=CC=C1,CCCCCCCC/C=C\CCCCCCCC(=O)O,75.14,-0.009040745,molecule_train.csv,True,CCc1ccccc1,CCc1ccccc1,False,False,none,False,,True,CCCCCCCC/C=C\CCCCCCCC(=O)O,CCCCCCCCC=CCCCCCCCC(=O)O,True,True,rdkit+heuristic,True,solvent_iso_collision_0002,True,solvent:rdkit;solvent:heuristic;solvent:collision
CC(C)O,CCCCCCCC/C=C\CCCCCCCC(=O)O,65.21,0.181487876,molecule_train.csv,True,CC(C)O,CC(C)O,False,False,none,False,,True,CCCCCCCC/C=C\CCCCCCCC(=O)O,CCCCCCCCC=CCCCCCCCC(=O)O,True,True,rdkit+heuristic,True,solvent_iso_collision_0002,True,solvent:rdkit;solvent:heuristic;solvent:collision
C/C=C\C,CCCO,36.84,1.353254507,molecule_train.csv,True,C/C=C\C,CC=CC,True,True,rdkit+heuristic,True,solute_iso_collision_0001,True,CCCO,CCCO,False,False,none,False,,True,solute:rdkit;solute:heuristic;solute:collision
C/C=C\C,CC1=CC=CC=C1O,36.84,1.305626458,molecule_train.csv,True,C/C=C\C,CC=CC,True,True,rdkit+heuristic,True,solute_iso_collision_0001,True,Cc1ccccc1O,Cc1ccccc1O,False,False,none,False,,True,solute:rdkit;solute:heuristic;solute:collision
C/C=C\C,CC1=CC=C(C=C1)O,46.84,1.393766376,molecule_train.csv,True,C/C=C\C,CC=CC,True,True,rdkit+heuristic,True,solute_iso_collision_0001,True,Cc1ccc(O)cc1,Cc1ccc(O)cc1,False,False,none,False,,True,solute:rdkit;solute:heuristic;solute:collision
C/C=C\C,CCCC(C)O,56.85,0.875468737,molecule_train.csv,True,C/C=C\C,CC=CC,True,True,rdkit+heuristic,True,solute_iso_collision_0001,True,CCCC(C)O,CCCC(C)O,False,False,none,False,,True,solute:rdkit;solute:heuristic;solute:collision
CC/C=C/C=C,CCCCCCCCCCCCCCCCCC,35.0,-0.125490888,molecule_train.csv,True,C=C/C=C/CC,C=CC=CCC,True,True,rdkit+heuristic,True,solute_iso_collision_0005,True,CCCCCCCCCCCCCCCCCC,CCCCCCCCCCCCCCCCCC,False,False,none,False,,True,solute:rdkit;solute:heuristic;solute:collision
C/C=C/C,CCC(C)(C)O,16.85,0.88376754,molecule_train.csv,True,C/C=C/C,CC=CC,True,True,rdkit+heuristic,True,solute_iso_collision_0001,True,CCC(C)(C)O,CCC(C)(C)O,False,False,none,False,,True,solute:rdkit;solute:heuristic;solute:collision
C/C=C/C,CCCO,66.91,1.381281819,molecule_train.csv,True,C/C=C/C,CC=CC,True,True,rdkit+heuristic,True,solute_iso_collision_0001,True,CCCO,CCCO,False,False,none,False,,True,solute:rdkit;solute:heuristic;solute:collision
C(CCl)Cl,CC/C=C\C/C=C\C/C=C\CCCCCCCC(=O)O,40.1,0.019802627,molecule_train.csv,True,ClCCCl,ClCCCl,False,False,none,False,,True,CC/C=C\C/C=C\C/C=C\CCCCCCCC(=O)O,CCC=CCC=CCC=CCCCCCCCC(=O)O,True,True,rdkit+heuristic,True,solvent_iso_collision_0003,True,solvent:rdkit;solvent:heuristic;solvent:collision
C/C=C/C,CC1=CC=C(C=C1)C,46.84,0.270027137,molecule_train.csv,True,C/C=C/C,CC=CC,True,True,rdkit+heuristic,True,solute_iso_collision_0001,True,Cc1ccc(C)cc1,Cc1ccc(C)cc1,False,False,none,False,,True,solute:rdkit;solute:heuristic;solute:collision
C[C@@H]1CCCC[C@@H]1C,C1COCCN1C=O,79.94,2.85474458,molecule_train.csv,True,C[C@@H]1CCCC[C@@H]1C,CC1CCCCC1C,True,True,rdkit+heuristic,True,solute_iso_collision_0004,True,O=CN1CCOCC1,O=CN1CCOCC1,False,False,none,False,,True,solute:rdkit;solute:heuristic;solute:collision
C/C=C/C,CC1=CC(=CC=C1)O,56.84,1.442201993,molecule_train.csv,True,C/C=C/C,CC=CC,True,True,rdkit+heuristic,True,solute_iso_collision_0001,True,Cc1cccc(O)c1,Cc1cccc(O)c1,False,False,none,False,,True,solute:rdkit;solute:heuristic;solute:collision
CCCCCCC,CCCCC/C=C\C/C=C\CCCCCCCC(=O)O,75.16,1.006497,molecule_train.csv,True,CCCCCCC,CCCCCCC,False,False,none,False,,True,CCCCC/C=C\C/C=C\CCCCCCCC(=O)O,CCCCCC=CCC=CCCCCCCCC(=O)O,True,True,rdkit+heuristic,True,solvent_iso_collision_0001,True,solvent:rdkit;solvent:heuristic;solvent:collision
C/C=C/C=C,CCCCCCCCCCCCCCCC,60.0,0.00796817,molecule_train.csv,True,C=C/C=C/C,C=CC=CC,True,True,rdkit+heuristic,True,solute_iso_collision_0002,True,CCCCCCCCCCCCCCCC,CCCCCCCCCCCCCCCC,False,False,none,False,,True,solute:rdkit;solute:heuristic;solute:collision
C/C=C\C,CC1=CC(=CC=C1)O,36.84,1.40854497,molecule_train.csv,True,C/C=C\C,CC=CC,True,True,rdkit+heuristic,True,solute_iso_collision_0001,True,Cc1cccc(O)c1,Cc1cccc(O)c1,False,False,none,False,,True,solute:rdkit;solute:heuristic;solute:collision
CCO,CCCCCCCC/C=C\CCCCCCCC(=O)O,65.21,0.372252974,molecule_train.csv,True,CCO,CCO,False,False,none,False,,True,CCCCCCCC/C=C\CCCCCCCC(=O)O,CCCCCCCCC=CCCCCCCCC(=O)O,True,True,rdkit+heuristic,True,solvent_iso_collision_0002,True,solvent:rdkit;solvent:heuristic;solvent:collision
C/C=C\C=C,CC(=O)NC,70.0,1.342864803,molecule_train.csv,True,C=C/C=C\C,C=CC=CC,True,True,rdkit+heuristic,True,solute_iso_collision_0002,True,CNC(C)=O,CNC(C)=O,False,False,none,False,,True,solute:rdkit;solute:heuristic;solute:collision
C/C=C/C=C,CN1CCCC1=O,24.0,1.01523068,molecule_train.csv,True,C=C/C=C/C,C=CC=CC,True,True,rdkit+heuristic,True,solute_iso_collision_0002,True,CN1CCCC1=O,CN1CCCC1=O,False,False,none,False,,True,solute:rdkit;solute:heuristic;solute:collision
CC(C)O,CCCCC/C=C\C/C=C\CCCCCCCC(=O)O,85.18,0.119559235,molecule_train.csv,True,CC(C)O,CC(C)O,False,False,none,False,,True,CCCCC/C=C\C/C=C\CCCCCCCC(=O)O,CCCCCC=CCC=CCCCCCCCC(=O)O,True,True,rdkit+heuristic,True,solvent_iso_collision_0001,True,solvent:rdkit;solvent:heuristic;solvent:collision
CCCCO,CCCCCCCC/C=C\CCCCCCCC(=O)O,65.21,0.231111721,molecule_train.csv,True,CCCCO,CCCCO,False,False,none,False,,True,CCCCCCCC/C=C\CCCCCCCC(=O)O,CCCCCCCCC=CCCCCCCCC(=O)O,True,True,rdkit+heuristic,True,solvent_iso_collision_0002,True,solvent:rdkit;solvent:heuristic;solvent:collision
COC(=O)OC,CC(=CCC/C(=C/CC/C(=C/CC/C=C(/CC/C=C(/CCC=C(C)C)\C)\C)/C)/C)C,80.0,0.3074847,molecule_train.csv,True,COC(=O)OC,COC(=O)OC,False,False,none,False,,True,CC(C)=CCC/C(C)=C/CC/C(C)=C/CC/C=C(\C)CC/C=C(\C)CCC=C(C)C,CC(C)=CCCC(C)=CCCC(C)=CCCC=C(C)CCC=C(C)CCC=C(C)C,True,True,rdkit+heuristic,True,solvent_iso_collision_0004,True,solvent:rdkit;solvent:heuristic;solvent:collision
CCCCCC,CC(=CCC/C(=C/CC/C(=C/CC/C=C(/CC/C=C(/CCC=C(C)C)\C)\C)/C)/C)C,80.0,-0.371063681,molecule_train.csv,True,CCCCCC,CCCCCC,False,False,none,False,,True,CC(C)=CCC/C(C)=C/CC/C(C)=C/CC/C=C(\C)CC/C=C(\C)CCC=C(C)C,CC(C)=CCCC(C)=CCCC(C)=CCCC=C(C)CCC=C(C)CCC=C(C)C,True,True,rdkit+heuristic,True,solvent_iso_collision_0004,True,solvent:rdkit;solvent:heuristic;solvent:collision
C/C=C/C,CCC(CC)O,26.85,1.01884732,molecule_train.csv,True,C/C=C/C,CC=CC,True,True,rdkit+heuristic,True,solute_iso_collision_0001,True,CCC(O)CC,CCC(O)CC,False,False,none,False,,True,solute:rdkit;solute:heuristic;solute:collision
C/C=C/C,CC1=CC=CC=C1,16.83,0.364643114,molecule_train.csv,True,C/C=C/C,CC=CC,True,True,rdkit+heuristic,True,solute_iso_collision_0001,True,Cc1ccccc1,Cc1ccccc1,False,False,none,False,,True,solute:rdkit;solute:heuristic;solute:collision
CC(C)CC(C)C,CC(=CCC/C(=C/CC/C(=C/CC/C=C(/CC/C=C(/CCC=C(C)C)\C)\C)/C)/C)C,30.0,-0.185125484,molecule_train.csv,True,CC(C)CC(C)C,CC(C)CC(C)C,False,False,none,False,,True,CC(C)=CCC/C(C)=C/CC/C(C)=C/CC/C=C(\C)CC/C=C(\C)CCC=C(C)C,CC(C)=CCCC(C)=CCCC(C)=CCCC=C(C)CCC=C(C)CCC=C(C)C,True,True,rdkit+heuristic,True,solvent_iso_collision_0004,True,solvent:rdkit;solvent:heuristic;solvent:collision
CCC(C)O,CCCCCCCC/C=C\CCCCCCCC(=O)O,85.13,-0.025317808,molecule_train.csv,True,CCC(C)O,CCC(C)O,False,False,none,False,,True,CCCCCCCC/C=C\CCCCCCCC(=O)O,CCCCCCCCC=CCCCCCCCC(=O)O,True,True,rdkit+heuristic,True,solvent_iso_collision_0002,True,solvent:rdkit;solvent:heuristic;solvent:collision
C/C=C/C=C,CCC(=O)NC,24.0,1.241268589,molecule_train.csv,True,C=C/C=C/C,C=CC=CC,True,True,rdkit+heuristic,True,solute_iso_collision_0002,True,CCC(=O)NC,CCC(=O)NC,False,False,none,False,,True,solute:rdkit;solute:heuristic;solute:collision
CO,CC/C=C\C/C=C\C/C=C\CCCCCCCC(=O)O,29.98,0.151862349,molecule_train.csv,True,CO,CO,False,False,none,False,,True,CC/C=C\C/C=C\C/C=C\CCCCCCCC(=O)O,CCC=CCC=CCC=CCCCCCCCC(=O)O,True,True,rdkit+heuristic,True,solvent_iso_collision_0003,True,solvent:rdkit;solvent:heuristic;solvent:collision
C/C=C\C,CCC(CC)O,36.84,0.963174318,molecule_train.csv,True,C/C=C\C,CC=CC,True,True,rdkit+heuristic,True,solute_iso_collision_0001,True,CCC(O)CC,CCC(O)CC,False,False,none,False,,True,solute:rdkit;solute:heuristic;solute:collision
CCC1=CC=CC=C1,CCCCC/C=C\C/C=C\CCCCCCCC(=O)O,75.16,0.309688153,molecule_train.csv,True,CCc1ccccc1,CCc1ccccc1,False,False,none,False,,True,CCCCC/C=C\C/C=C\CCCCCCCC(=O)O,CCCCCC=CCC=CCCCCCCCC(=O)O,True,True,rdkit+heuristic,True,solvent_iso_collision_0001,True,solvent:rdkit;solvent:heuristic;solvent:collision
CC(C)CC(C)(C)C,CCCCCCCC/C=C\CCCCCCCC(=O)O,75.21,0.434376452,molecule_train.csv,True,CC(C)CC(C)(C)C,CC(C)CC(C)(C)C,False,False,none,False,,True,CCCCCCCC/C=C\CCCCCCCC(=O)O,CCCCCCCCC=CCCCCCCCC(=O)O,True,True,rdkit+heuristic,True,solvent_iso_collision_0002,True,solvent:rdkit;solvent:heuristic;solvent:collision
C/C=C\C,CC(=C)CCO,-3.2,1.16315081,molecule_train.csv,True,C/C=C\C,CC=CC,True,True,rdkit+heuristic,True,solute_iso_collision_0001,True,C=C(C)CCO,C=C(C)CCO,False,False,none,False,,True,solute:rdkit;solute:heuristic;solute:collision
C/C=C\C=C,CCC(=O)N(C)C,24.0,0.722705983,molecule_train.csv,True,C=C/C=C\C,C=CC=CC,True,True,rdkit+heuristic,True,solute_iso_collision_0002,True,CCC(=O)N(C)C,CCC(=O)N(C)C,False,False,none,False,,True,solute:rdkit;solute:heuristic;solute:collision
CO,CCCCCCCC/C=C\CCCCCCCC(=O)O,75.21,0.389335726,molecule_train.csv,True,CO,CO,False,False,none,False,,True,CCCCCCCC/C=C\CCCCCCCC(=O)O,CCCCCCCCC=CCCCCCCCC(=O)O,True,True,rdkit+heuristic,True,solvent_iso_collision_0002,True,solvent:rdkit;solvent:heuristic;solvent:collision
C/C=C\C,CC(C)(C)O,36.84,1.01884732,molecule_train.csv,True,C/C=C\C,CC=CC,True,True,rdkit+heuristic,True,solute_iso_collision_0001,True,CC(C)(C)O,CC(C)(C)O,False,False,none,False,,True,solute:rdkit;solute:heuristic;solute:collision
C/C=C/C,CC1=CC=CC=C1,-3.15,0.378436436,molecule_train.csv,True,C/C=C/C,CC=CC,True,True,rdkit+heuristic,True,solute_iso_collision_0001,True,Cc1ccccc1,Cc1ccccc1,False,False,none,False,,True,solute:rdkit;solute:heuristic;solute:collision
CCCCCCC,CCCCCCCC/C=C\CCCCCCCC(=O)O,85.13,0.314080546,molecule_train.csv,True,CCCCCCC,CCCCCCC,False,False,none,False,,True,CCCCCCCC/C=C\CCCCCCCC(=O)O,CCCCCCCCC=CCCCCCCCC(=O)O,True,True,rdkit+heuristic,True,solvent_iso_collision_0002,True,solvent:rdkit;solvent:heuristic;solvent:collision
C/C=C/C,CCC(C)CO,56.82,1.004301609,molecule_train.csv,True,C/C=C/C,CC=CC,True,True,rdkit+heuristic,True,solute_iso_collision_0001,True,CCC(C)CO,CCC(C)CO,False,False,none,False,,True,solute:rdkit;solute:heuristic;solute:collision
C(CCl)Cl,CCCCC/C=C\C/C=C\CCCCCCCC(=O)O,75.16,0.053540767,molecule_train.csv,True,ClCCCl,ClCCCl,False,False,none,False,,True,CCCCC/C=C\C/C=C\CCCCCCCC(=O)O,CCCCCC=CCC=CCCCCCCCC(=O)O,True,True,rdkit+heuristic,True,solvent_iso_collision_0001,True,solvent:rdkit;solvent:heuristic;solvent:collision
C(=C/Cl)\Cl,CCCCCCCCCCCCCCCCCCCC,93.9,-0.334075112,molecule_train.csv,True,Cl/C=C/Cl,ClC=CCl,True,True,rdkit+heuristic,True,solute_iso_collision_0003,True,CCCCCCCCCCCCCCCCCCCC,CCCCCCCCCCCCCCCCCCCC,False,False,none,False,,True,solute:rdkit;solute:heuristic;solute:collision
CC(=O)C,CCCCC/C=C\C/C=C\CCCCCCCC(=O)O,85.18,0.124868982,molecule_train.csv,True,CC(C)=O,CC(C)=O,False,False,none,False,,True,CCCCC/C=C\C/C=C\CCCCCCCC(=O)O,CCCCCC=CCC=CCCCCCCCC(=O)O,True,True,rdkit+heuristic,True,solvent_iso_collision_0001,True,solvent:rdkit;solvent:heuristic;solvent:collision
C/C=C/C,CCCC(C)O,-23.21,1.064710737,molecule_train.csv,True,C/C=C/C,CC=CC,True,True,rdkit+heuristic,True,solute_iso_collision_0001,True,CCCC(C)O,CCCC(C)O,False,False,none,False,,True,solute:rdkit;solute:heuristic;solute:collision
C/C=C\C,CCCCO,16.84,1.153731588,molecule_train.csv,True,C/C=C\C,CC=CC,True,True,rdkit+heuristic,True,solute_iso_collision_0001,True,CCCCO,CCCCO,False,False,none,False,,True,solute:rdkit;solute:heuristic;solute:collision
CC(C)CC(C)(C)C,CC/C=C\C/C=C\C/C=C\CCCCCCCC(=O)O,50.11,1.38928987,molecule_train.csv,True,CC(C)CC(C)(C)C,CC(C)CC(C)(C)C,False,False,none,False,,True,CC/C=C\C/C=C\C/C=C\CCCCCCCC(=O)O,CCC=CCC=CCC=CCCCCCCCC(=O)O,True,True,rdkit+heuristic,True,solvent_iso_collision_0003,True,solvent:rdkit;solvent:heuristic;solvent:collision
CCCCCC,CC/C=C\C/C=C\C/C=C\CCCCCCCC(=O)O,50.01,1.195738999,molecule_train.csv,True,CCCCCC,CCCCCC,False,False,none,False,,True,CC/C=C\C/C=C\C/C=C\CCCCCCCC(=O)O,CCC=CCC=CCC=CCCCCCCCC(=O)O,True,True,rdkit+heuristic,True,solvent_iso_collision_0003,True,solvent:rdkit;solvent:heuristic;solvent:collision
C/C=C\C=C,CCCCCCCCCCCCCCCCCC,35.0,-0.144141827,molecule_train.csv,True,C=C/C=C\C,C=CC=CC,True,True,rdkit+heuristic,True,solute_iso_collision_0002,True,CCCCCCCCCCCCCCCCCC,CCCCCCCCCCCCCCCCCC,False,False,none,False,,True,solute:rdkit;solute:heuristic;solute:collision
C/C=C/C,CO,139.45,1.791759469,molecule_train.csv,True,C/C=C/C,CC=CC,True,True,rdkit+heuristic,True,solute_iso_collision_0001,True,CO,CO,False,False,none,False,,True,solute:rdkit;solute:heuristic;solute:collision
C/C=C/C,C=CC1=CC=CC=C1,36.69,0.924258902,molecule_train.csv,True,C/C=C/C,CC=CC,True,True,rdkit+heuristic,True,solute_iso_collision_0001,True,C=Cc1ccccc1,C=Cc1ccccc1,False,False,none,False,,True,solute:rdkit;solute:heuristic;solute:collision
C/C=C/C=C,CCC(=O)NC,70.0,1.088561953,molecule_train.csv,True,C=C/C=C/C,C=CC=CC,True,True,rdkit+heuristic,True,solute_iso_collision_0002,True,CCC(=O)NC,CCC(=O)NC,False,False,none,False,,True,solute:rdkit;solute:heuristic;solute:collision
CC1=CC=CC=C1,CCCCCCCC/C=C\CCCCCCCC(=O)O,85.13,-0.160168752,molecule_train.csv,True,Cc1ccccc1,Cc1ccccc1,False,False,none,False,,True,CCCCCCCC/C=C\CCCCCCCC(=O)O,CCCCCCCCC=CCCCCCCCC(=O)O,True,True,rdkit+heuristic,True,solvent_iso_collision_0002,True,solvent:rdkit;solvent:heuristic;solvent:collision
C(=C\Cl)\Cl,CCCCCCCCCCCCCCCCO,53.2,0.076961041,molecule_train.csv,True,Cl/C=C\Cl,ClC=CCl,True,True,rdkit+heuristic,True,solute_iso_collision_0003,True,CCCCCCCCCCCCCCCCO,CCCCCCCCCCCCCCCCO,False,False,none,False,,True,solute:rdkit;solute:heuristic;solute:collision
C1CCCCC1,CC/C=C\C/C=C\C/C=C\CCCCCCCC(=O)O,50.01,0.713439884,molecule_train.csv,True,C1CCCCC1,C1CCCCC1,False,False,none,False,,True,CC/C=C\C/C=C\C/C=C\CCCCCCCC(=O)O,CCC=CCC=CCC=CCCCCCCCC(=O)O,True,True,rdkit+heuristic,True,solvent_iso_collision_0003,True,solvent:rdkit;solvent:heuristic;solvent:collision
C/C=C/C=C,CNC=O,40.0,2.118662255,molecule_train.csv,True,C=C/C=C/C,C=CC=CC,True,True,rdkit+heuristic,True,solute_iso_collision_0002,True,CNC=O,CNC=O,False,False,none,False,,True,solute:rdkit;solute:heuristic;solute:collision
C/C=C/C,CCC(CC)O,46.85,0.932164081,molecule_train.csv,True,C/C=C/C,CC=CC,True,True,rdkit+heuristic,True,solute_iso_collision_0001,True,CCC(O)CC,CCC(O)CC,False,False,none,False,,True,solute:rdkit;solute:heuristic;solute:collision
C(CCl)Cl,CC/C=C\C/C=C\C/C=C\CCCCCCCC(=O)O,40.09,0.034401427,molecule_train.csv,True,ClCCCl,ClCCCl,False,False,none,False,,True,CC/C=C\C/C=C\C/C=C\CCCCCCCC(=O)O,CCC=CCC=CCC=CCCCCCCCC(=O)O,True,True,rdkit+heuristic,True,solvent_iso_collision_0003,True,solvent:rdkit;solvent:heuristic;solvent:collision
C/C=C/C,C=CCO,16.84,1.735189118,molecule_train.csv,True,C/C=C/C,CC=CC,True,True,rdkit+heuristic,True,solute_iso_collision_0001,True,C=CCO,C=CCO,False,False,none,False,,True,solute:rdkit;solute:heuristic;solute:collision
C/C=C/C=C,CC(=O)NC,170.0,1.255616037,molecule_train.csv,True,C=C/C=C/C,C=CC=CC,True,True,rdkit+heuristic,True,solute_iso_collision_0002,True,CNC(C)=O,CNC(C)=O,False,False,none,False,,True,solute:rdkit;solute:heuristic;solute:collision
CCOC(=O)C,CCCCC/C=C\C/C=C\CCCCCCCC(=O)O,65.13,0.20538683,molecule_train.csv,True,CCOC(C)=O,CCOC(C)=O,False,False,none,False,,True,CCCCC/C=C\C/C=C\CCCCCCCC(=O)O,CCCCCC=CCC=CCCCCCCCC(=O)O,True,True,rdkit+heuristic,True,solvent_iso_collision_0001,True,solvent:rdkit;solvent:heuristic;solvent:collision
C(CCl)Cl,CCCCC/C=C\C/C=C\CCCCCCCC(=O)O,65.13,0.055434707,molecule_train.csv,True,ClCCCl,ClCCCl,False,False,none,False,,True,CCCCC/C=C\C/C=C\CCCCCCCC(=O)O,CCCCCC=CCC=CCCCCCCCC(=O)O,True,True,rdkit+heuristic,True,solvent_iso_collision_0001,True,solvent:rdkit;solvent:heuristic;solvent:collision
CCC1=CC=CC=C1,CCCCCCCC/C=C\CCCCCCCC(=O)O,75.21,-0.036663984,molecule_train.csv,True,CCc1ccccc1,CCc1ccccc1,False,False,none,False,,True,CCCCCCCC/C=C\CCCCCCCC(=O)O,CCCCCCCCC=CCCCCCCCC(=O)O,True,True,rdkit+heuristic,True,solvent_iso_collision_0002,True,solvent:rdkit;solvent:heuristic;solvent:collision
C/C=C/C=C,CCNC(=O)C,70.0,1.050821625,molecule_train.csv,True,C=C/C=C/C,C=CC=CC,True,True,rdkit+heuristic,True,solute_iso_collision_0002,True,CCNC(C)=O,CCNC(C)=O,False,False,none,False,,True,solute:rdkit;solute:heuristic;solute:collision
CC(C)CC(C)(C)C,CCCCC/C=C\C/C=C\CCCCCCCC(=O)O,85.15,1.289783461,molecule_train.csv,True,CC(C)CC(C)(C)C,CC(C)CC(C)(C)C,False,False,none,False,,True,CCCCC/C=C\C/C=C\CCCCCCCC(=O)O,CCCCCC=CCC=CCCCCCCCC(=O)O,True,True,rdkit+heuristic,True,solvent_iso_collision_0001,True,solvent:rdkit;solvent:heuristic;solvent:collision
CO,CC/C=C\C/C=C\C/C=C\CCCCCCCC(=O)O,50.11,0.305276381,molecule_train.csv,True,CO,CO,False,False,none,False,,True,CC/C=C\C/C=C\C/C=C\CCCCCCCC(=O)O,CCC=CCC=CCC=CCCCCCCCC(=O)O,True,True,rdkit+heuristic,True,solvent_iso_collision_0003,True,solvent:rdkit;solvent:heuristic;solvent:collision
C[C@@H]1CCCC[C@@H]1C,C1COCCN1C=O,79.3,2.867898902,molecule_train.csv,True,C[C@@H]1CCCC[C@@H]1C,CC1CCCCC1C,True,True,rdkit+heuristic,True,solute_iso_collision_0004,True,O=CN1CCOCC1,O=CN1CCOCC1,False,False,none,False,,True,solute:rdkit;solute:heuristic;solute:collision
C(=C(Cl)Cl)Cl,CCCCCCCC/C=C\CCCCCCCC(=O)O,75.14,-0.244622583,molecule_train.csv,True,ClC=C(Cl)Cl,ClC=C(Cl)Cl,False,False,none,False,,True,CCCCCCCC/C=C\CCCCCCCC(=O)O,CCCCCCCCC=CCCCCCCCC(=O)O,True,True,rdkit+heuristic,True,solvent_iso_collision_0002,True,solvent:rdkit;solvent:heuristic;solvent:collision
C/C=C/C=C,CC(=O)NC,70.0,1.373715579,molecule_train.csv,True,C=C/C=C/C,C=CC=CC,True,True,rdkit+heuristic,True,solute_iso_collision_0002,True,CNC(C)=O,CNC(C)=O,False,False,none,False,,True,solute:rdkit;solute:heuristic;solute:collision
CCCCO,CCCCCCCC/C=C\CCCCCCCC(=O)O,85.13,0.202124184,molecule_train.csv,True,CCCCO,CCCCO,False,False,none,False,,True,CCCCCCCC/C=C\CCCCCCCC(=O)O,CCCCCCCCC=CCCCCCCCC(=O)O,True,True,rdkit+heuristic,True,solvent_iso_collision_0002,True,solvent:rdkit;solvent:heuristic;solvent:collision
CC(C)O,CC(=CCC/C(=C/CC/C(=C/CC/C=C(/CC/C=C(/CCC=C(C)C)\C)\C)/C)/C)C,80.0,1.064710737,molecule_train.csv,True,CC(C)O,CC(C)O,False,False,none,False,,True,CC(C)=CCC/C(C)=C/CC/C(C)=C/CC/C=C(\C)CC/C=C(\C)CCC=C(C)C,CC(C)=CCCC(C)=CCCC(C)=CCCC=C(C)CCC=C(C)CCC=C(C)C,True,True,rdkit+heuristic,True,solvent_iso_collision_0004,True,solvent:rdkit;solvent:heuristic;solvent:collision
CC1=CCC(CC1)C(=C)C,CCCCCCCCCCCCCCCC(=O)O,101.0,-0.776528789,molecule_train.csv,True,C=C(C)C1CC=C(C)CC1,C=C(C)C1CC=C(C)CC1,False,False,none,True,solute_iso_collision_0006,True,CCCCCCCCCCCCCCCC(=O)O,CCCCCCCCCCCCCCCC(=O)O,False,False,none,False,,True,solute:collision
C/C=C/C,C1=CC=CC=C1,16.84,0.553885113,molecule_train.csv,True,C/C=C/C,CC=CC,True,True,rdkit+heuristic,True,solute_iso_collision_0001,True,c1ccccc1,c1ccccc1,False,False,none,False,,True,solute:rdkit;solute:heuristic;solute:collision
C/C=C\C,C=CCO,56.84,1.519513205,molecule_train.csv,True,C/C=C\C,CC=CC,True,True,rdkit+heuristic,True,solute_iso_collision_0001,True,C=CCO,C=CCO,False,False,none,False,,True,solute:rdkit;solute:heuristic;solute:collision
C/C=C/C=C,CCCCCCCCCCCCCCCC,80.0,-0.205794913,molecule_train.csv,True,C=C/C=C/C,C=CC=CC,True,True,rdkit+heuristic,True,solute_iso_collision_0002,True,CCCCCCCCCCCCCCCC,CCCCCCCCCCCCCCCC,False,False,none,False,,True,solute:rdkit;solute:heuristic;solute:collision
C/C=C/C=C,CN1CCCC1=O,45.0,1.17557333,molecule_train.csv,True,C=C/C=C/C,C=CC=CC,True,True,rdkit+heuristic,True,solute_iso_collision_0002,True,CN1CCCC1=O,CN1CCCC1=O,False,False,none,False,,True,solute:rdkit;solute:heuristic;solute:collision
C/C=C/C,C1=CC=CC=C1,6.84,0.58221562,molecule_train.csv,True,C/C=C/C,CC=CC,True,True,rdkit+heuristic,True,solute_iso_collision_0001,True,c1ccccc1,c1ccccc1,False,False,none,False,,True,solute:rdkit;solute:heuristic;solute:collision
C/C=C\C,CC1=CC(=CC=C1)C,56.84,0.270027137,molecule_train.csv,True,C/C=C\C,CC=CC,True,True,rdkit+heuristic,True,solute_iso_collision_0001,True,Cc1cccc(C)c1,Cc1cccc(C)c1,False,False,none,False,,True,solute:rdkit;solute:heuristic;solute:collision
C1=CC=C(C=C1)CCl,CCCCCCCC/C=C\CCCCCCCC(=O)O,75.14,0.363948428,molecule_train.csv,True,ClCc1ccccc1,ClCc1ccccc1,False,False,none,False,,True,CCCCCCCC/C=C\CCCCCCCC(=O)O,CCCCCCCCC=CCCCCCCCC(=O)O,True,True,rdkit+heuristic,True,solvent_iso_collision_0002,True,solvent:rdkit;solvent:heuristic;solvent:collision
C/C=C/C,CCC(CC)O,-3.13,1.118414916,molecule_train.csv,True,C/C=C/C,CC=CC,True,True,rdkit+heuristic,True,solute_iso_collision_0001,True,CCC(O)CC,CCC(O)CC,False,False,none,False,,True,solute:rdkit;solute:heuristic;solute:collision
CC1=CC=CC=C1,CCCCC/C=C\C/C=C\CCCCCCCC(=O)O,75.16,0.152721087,molecule_train.csv,True,Cc1ccccc1,Cc1ccccc1,False,False,none,False,,True,CCCCC/C=C\C/C=C\CCCCCCCC(=O)O,CCCCCC=CCC=CCCCCCCCC(=O)O,True,True,rdkit+heuristic,True,solvent_iso_collision_0001,True,solvent:rdkit;solvent:heuristic;solvent:collision
CC(C)CC(C)(C)C,CC/C=C\C/C=C\C/C=C\CCCCCCCC(=O)O,50.01,1.38928987,molecule_train.csv,True,CC(C)CC(C)(C)C,CC(C)CC(C)(C)C,False,False,none,False,,True,CC/C=C\C/C=C\C/C=C\CCCCCCCC(=O)O,CCC=CCC=CCC=CCCCCCCCC(=O)O,True,True,rdkit+heuristic,True,solvent_iso_collision_0003,True,solvent:rdkit;solvent:heuristic;solvent:collision
C1CCCCC1,CC/C=C\C/C=C\C/C=C\CCCCCCCC(=O)O,40.1,0.631271777,molecule_train.csv,True,C1CCCCC1,C1CCCCC1,False,False,none,False,,True,CC/C=C\C/C=C\C/C=C\CCCCCCCC(=O)O,CCC=CCC=CCC=CCCCCCCCC(=O)O,True,True,rdkit+heuristic,True,solvent_iso_collision_0003,True,solvent:rdkit;solvent:heuristic;solvent:collision
C/C=C\C=C,CCNC(=O)C,40.0,1.061256502,molecule_train.csv,True,C=C/C=C\C,C=CC=CC,True,True,rdkit+heuristic,True,solute_iso_collision_0002,True,CCNC(C)=O,CCNC(C)=O,False,False,none,False,,True,solute:rdkit;solute:heuristic;solute:collision
C/C=C\C,CC1=CC=CC=C1C,56.84,0.31481074,molecule_train.csv,True,C/C=C\C,CC=CC,True,True,rdkit+heuristic,True,solute_iso_collision_0001,True,Cc1ccccc1C,Cc1ccccc1C,False,False,none,False,,True,solute:rdkit;solute:heuristic;solute:collision
C/C=C\C,CCC(C)O,56.85,1.050821625,molecule_train.csv,True,C/C=C\C,CC=CC,True,True,rdkit+heuristic,True,solute_iso_collision_0001,True,CCC(C)O,CCC(C)O,False,False,none,False,,True,solute:rdkit;solute:heuristic;solute:collision
C[C@@H]1CCCC[C@@H]1C,C1COCCN1C=O,59.5,3.025291076,molecule_train.csv,True,C[C@@H]1CCCC[C@@H]1C,CC1CCCCC1C,True,True,rdkit+heuristic,True,solute_iso_collision_0004,True,O=CN1CCOCC1,O=CN1CCOCC1,False,False,none,False,,True,solute:rdkit;solute:heuristic;solute:collision
CCOCC,CC1(COC(=O)[C@@H]1O)C,95.27,1.029619417,molecule_train.csv,True,CCOCC,CCOCC,False,False,none,False,,True,CC1(C)COC(=O)[C@@H]1O,CC1(C)COC(=O)C1O,True,True,rdkit+heuristic,False,,True,solvent:rdkit;solvent:heuristic
C(=C\Cl)\Cl,CCCCCCCCCCCCCCCCCCCC,93.9,-0.075801713,molecule_train.csv,True,Cl/C=C\Cl,ClC=CCl,True,True,rdkit+heuristic,True,solute_iso_collision_0003,True,CCCCCCCCCCCCCCCCCCCC,CCCCCCCCCCCCCCCCCCCC,False,False,none,False,,True,solute:rdkit;solute:heuristic;solute:collision
C/C=C\C=C,CCC(=O)NC,70.0,1.061256502,molecule_train.csv,True,C=C/C=C\C,C=CC=CC,True,True,rdkit+heuristic,True,solute_iso_collision_0002,True,CCC(=O)NC,CCC(=O)NC,False,False,none,False,,True,solute:rdkit;solute:heuristic;solute:collision
CCCO,CCCCC/C=C\C/C=C\CCCCCCCC(=O)O,85.18,0.198850859,molecule_train.csv,True,CCCO,CCCO,False,False,none,False,,True,CCCCC/C=C\C/C=C\CCCCCCCC(=O)O,CCCCCC=CCC=CCCCCCCCC(=O)O,True,True,rdkit+heuristic,True,solvent_iso_collision_0001,True,solvent:rdkit;solvent:heuristic;solvent:collision
CC(=O)C,CCCCC/C=C\C/C=C\CCCCCCCC(=O)O,65.13,0.19309663,molecule_train.csv,True,CC(C)=O,CC(C)=O,False,False,none,False,,True,CCCCC/C=C\C/C=C\CCCCCCCC(=O)O,CCCCCC=CCC=CCCCCCCCC(=O)O,True,True,rdkit+heuristic,True,solvent_iso_collision_0001,True,solvent:rdkit;solvent:heuristic;solvent:collision
C(=C\Cl)\Cl,CC(C)CCCC(C)CCCC(C)CCCCC(C)CCCC(C)CCCC(C)C,53.2,-0.28103753,molecule_train.csv,True,Cl/C=C\Cl,ClC=CCl,True,True,rdkit+heuristic,True,solute_iso_collision_0003,True,CC(C)CCCC(C)CCCC(C)CCCCC(C)CCCC(C)CCCC(C)C,CC(C)CCCC(C)CCCC(C)CCCCC(C)CCCC(C)CCCC(C)C,False,False,none,False,,True,solute:rdkit;solute:heuristic;solute:collision
C/C=C/C,CCCO,-13.13,1.435084525,molecule_train.csv,True,C/C=C/C,CC=CC,True,True,rdkit+heuristic,True,solute_iso_collision_0001,True,CCCO,CCCO,False,False,none,False,,True,solute:rdkit;solute:heuristic;solute:collision
C(=C/Cl)\Cl,CCCCCCCCCCCCCC(=O)N(C)C,74.1,-0.713349888,molecule_train.csv,True,Cl/C=C/Cl,ClC=CCl,True,True,rdkit+heuristic,True,solute_iso_collision_0003,True,CCCCCCCCCCCCCC(=O)N(C)C,CCCCCCCCCCCCCC(=O)N(C)C,False,False,none,False,,True,solute:rdkit;solute:heuristic;solute:collision
CCOC(=O)C,CC(=CCC/C(=C/CC/C(=C/CC/C=C(/CC/C=C(/CCC=C(C)C)\C)\C)/C)/C)C,80.0,-0.061875404,molecule_train.csv,True,CCOC(C)=O,CCOC(C)=O,False,False,none,False,,True,CC(C)=CCC/C(C)=C/CC/C(C)=C/CC/C=C(\C)CC/C=C(\C)CCC=C(C)C,CC(C)=CCCC(C)=CCCC(C)=CCCC=C(C)CCC=C(C)CCC=C(C)C,True,True,rdkit+heuristic,True,solvent_iso_collision_0004,True,solvent:rdkit;solvent:heuristic;solvent:collision
C1=CC=C(C=C1)Cl,CCCCCCCC/C=C\CCCCCCCC(=O)O,75.14,-0.099820335,molecule_train.csv,True,Clc1ccccc1,Clc1ccccc1,False,False,none,False,,True,CCCCCCCC/C=C\CCCCCCCC(=O)O,CCCCCCCCC=CCCCCCCCC(=O)O,True,True,rdkit+heuristic,True,solvent_iso_collision_0002,True,solvent:rdkit;solvent:heuristic;solvent:collision
C(=C\Cl)\Cl,CCCCCCCCCCCCCCCCCCCC,74.1,-0.028399475,molecule_train.csv,True,Cl/C=C\Cl,ClC=CCl,True,True,rdkit+heuristic,True,solute_iso_collision_0003,True,CCCCCCCCCCCCCCCCCCCC,CCCCCCCCCCCCCCCCCCCC,False,False,none,False,,True,solute:rdkit;solute:heuristic;solute:collision
C/C=C/C,CC(C)(C=C)O,-3.2,0.963174318,molecule_train.csv,True,C/C=C/C,CC=CC,True,True,rdkit+heuristic,True,solute_iso_collision_0001,True,C=CC(C)(C)O,C=CC(C)(C)O,False,False,none,False,,True,solute:rdkit;solute:heuristic;solute:collision
C/C=C\C,CC(C)O,-23.19,1.410986974,molecule_train.csv,True,C/C=C\C,CC=CC,True,True,rdkit+heuristic,True,solute_iso_collision_0001,True,CC(C)O,CC(C)O,False,False,none,False,,True,solute:rdkit;solute:heuristic;solute:collision
C/C=C\C,CC(C)CCO,-23.2,0.996948635,molecule_train.csv,True,C/C=C\C,CC=CC,True,True,rdkit+heuristic,True,solute_iso_collision_0001,True,CC(C)CCO,CC(C)CCO,False,False,none,False,,True,solute:rdkit;solute:heuristic;solute:collision
C/C=C\C,CCCCCO,-23.29,1.00063188,molecule_train.csv,True,C/C=C\C,CC=CC,True,True,rdkit+heuristic,True,solute_iso_collision_0001,True,CCCCCO,CCCCCO,False,False,none,False,,True,solute:rdkit;solute:heuristic;solute:collision
CC/C=C/C=C,CN1CCCC1=O,35.0,1.08180517,molecule_train.csv,True,C=C/C=C/CC,C=CC=CCC,True,True,rdkit+heuristic,True,solute_iso_collision_0005,True,CN1CCCC1=O,CN1CCCC1=O,False,False,none,False,,True,solute:rdkit;solute:heuristic;solute:collision
CCCCCCC,CCCCCCCC/C=C\CCCCCCCC(=O)O,75.21,0.384581897,molecule_train.csv,True,CCCCCCC,CCCCCCC,False,False,none,False,,True,CCCCCCCC/C=C\CCCCCCCC(=O)O,CCCCCCCCC=CCCCCCCCC(=O)O,True,True,rdkit+heuristic,True,solvent_iso_collision_0002,True,solvent:rdkit;solvent:heuristic;solvent:collision
C(=S)=S,CC(=CCC/C(=C/CC/C(=C/CC/C=C(/CC/C=C(/CCC=C(C)C)\C)\C)/C)/C)C,80.0,-0.916290732,molecule_train.csv,True,S=C=S,S=C=S,False,False,none,False,,True,CC(C)=CCC/C(C)=C/CC/C(C)=C/CC/C=C(\C)CC/C=C(\C)CCC=C(C)C,CC(C)=CCCC(C)=CCCC(C)=CCCC=C(C)CCC=C(C)CCC=C(C)C,True,True,rdkit+heuristic,True,solvent_iso_collision_0004,True,solvent:rdkit;solvent:heuristic;solvent:collision
C[C@@H]1CCCC[C@@H]1C,C1=CC=C(C=C1)OC(=O)C2=CC=CC=C2C(=O)OC3=CC=CC=C3,120.0,1.238374231,molecule_train.csv,True,C[C@@H]1CCCC[C@@H]1C,CC1CCCCC1C,True,True,rdkit+heuristic,True,solute_iso_collision_0004,True,O=C(Oc1ccccc1)c1ccccc1C(=O)Oc1ccccc1,O=C(Oc1ccccc1)c1ccccc1C(=O)Oc1ccccc1,False,False,none,False,,True,solute:rdkit;solute:heuristic;solute:collision
COP(=O)(OC)OC,CC(=CCC/C(=C/CC/C(=C/CC/C=C(/CC/C=C(/CCC=C(C)C)\C)\C)/C)/C)C,80.0,1.193922468,molecule_train.csv,True,COP(=O)(OC)OC,COP(=O)(OC)OC,False,False,none,False,,True,CC(C)=CCC/C(C)=C/CC/C(C)=C/CC/C=C(\C)CC/C=C(\C)CCC=C(C)C,CC(C)=CCCC(C)=CCCC(C)=CCCC=C(C)CCC=C(C)CCC=C(C)C,True,True,rdkit+heuristic,True,solvent_iso_collision_0004,True,solvent:rdkit;solvent:heuristic;solvent:collision
C[C@@H]1CCCC[C@@H]1C,CCCCCCOC(=O)CCCCCCC(=O)OCCCCCC,120.0,-0.061875404,molecule_train.csv,True,C[C@@H]1CCCC[C@@H]1C,CC1CCCCC1C,True,True,rdkit+heuristic,True,solute_iso_collision_0004,True,CCCCCCOC(=O)CCCCCCC(=O)OCCCCCC,CCCCCCOC(=O)CCCCCCC(=O)OCCCCCC,False,False,none,False,,True,solute:rdkit;solute:heuristic;solute:collision
CCCCCC,CCCCC/C=C\C/C=C\CCCCCCCC(=O)O,75.16,0.938443537,molecule_train.csv,True,CCCCCC,CCCCCC,False,False,none,False,,True,CCCCC/C=C\C/C=C\CCCCCCCC(=O)O,CCCCCC=CCC=CCCCCCCCC(=O)O,True,True,rdkit+heuristic,True,solvent_iso_collision_0001,True,solvent:rdkit;solvent:heuristic;solvent:collision
CCC(C)O,CCCCC/C=C\C/C=C\CCCCCCCC(=O)O,75.16,0.096218858,molecule_train.csv,True,CCC(C)O,CCC(C)O,False,False,none,False,,True,CCCCC/C=C\C/C=C\CCCCCCCC(=O)O,CCCCCC=CCC=CCCCCCCCC(=O)O,True,True,rdkit+heuristic,True,solvent_iso_collision_0001,True,solvent:rdkit;solvent:heuristic;solvent:collision
C1=CC=C(C=C1)CCl,CCCCC/C=C\C/C=C\CCCCCCCC(=O)O,75.13,0.431782416,molecule_train.csv,True,ClCc1ccccc1,ClCc1ccccc1,False,False,none,False,,True,CCCCC/C=C\C/C=C\CCCCCCCC(=O)O,CCCCCC=CCC=CCCCCCCCC(=O)O,True,True,rdkit+heuristic,True,solvent_iso_collision_0001,True,solvent:rdkit;solvent:heuristic;solvent:collision
C/C=C/C=C,CNC=O,70.0,1.981001469,molecule_train.csv,True,C=C/C=C/C,C=CC=CC,True,True,rdkit+heuristic,True,solute_iso_collision_0002,True,CNC=O,CNC=O,False,False,none,False,,True,solute:rdkit;solute:heuristic;solute:collision
COC1=CC=CC=C1,CCCCCCCC/C=C\CCCCCCCC(=O)O,85.13,0.142367241,molecule_train.csv,True,COc1ccccc1,COc1ccccc1,False,False,none,False,,True,CCCCCCCC/C=C\CCCCCCCC(=O)O,CCCCCCCCC=CCCCCCCCC(=O)O,True,True,rdkit+heuristic,True,solvent_iso_collision_0002,True,solvent:rdkit;solvent:heuristic;solvent:collision
CCO,CCCCC/C=C\C/C=C\CCCCCCCC(=O)O,75.13,0.200488861,molecule_train.csv,True,CCO,CCO,False,False,none,False,,True,CCCCC/C=C\C/C=C\CCCCCCCC(=O)O,CCCCCC=CCC=CCCCCCCCC(=O)O,True,True,rdkit+heuristic,True,solvent_iso_collision_0001,True,solvent:rdkit;solvent:heuristic;solvent:collision
C1=CC=C(C=C1)Cl,CCCCCCCC/C=C\CCCCCCCC(=O)O,65.21,-0.072570693,molecule_train.csv,True,Clc1ccccc1,Clc1ccccc1,False,False,none,False,,True,CCCCCCCC/C=C\CCCCCCCC(=O)O,CCCCCCCCC=CCCCCCCCC(=O)O,True,True,rdkit+heuristic,True,solvent_iso_collision_0002,True,solvent:rdkit;solvent:heuristic;solvent:collision
C/C=C\C,CC(C)CCO,36.84,0.989541194,molecule_train.csv,True,C/C=C\C,CC=CC,True,True,rdkit+heuristic,True,solute_iso_collision_0001,True,CC(C)CCO,CC(C)CCO,False,False,none,False,,True,solute:rdkit;solute:heuristic;solute:collision
C/C=C/C,CCCC(C)O,-3.16,1.068153081,molecule_train.csv,True,C/C=C/C,CC=CC,True,True,rdkit+heuristic,True,solute_iso_collision_0001,True,CCCC(C)O,CCCC(C)O,False,False,none,False,,True,solute:rdkit;solute:heuristic;solute:collision
C/C=C/C,C=CC1=CC=CC=C1,56.84,0.887891257,molecule_train.csv,True,C/C=C/C,CC=CC,True,True,rdkit+heuristic,True,solute_iso_collision_0001,True,C=Cc1ccccc1,C=Cc1ccccc1,False,False,none,False,,True,solute:rdkit;solute:heuristic;solute:collision
C/C=C\C,CCC(C)(C)O,16.84,0.841567186,molecule_train.csv,True,C/C=C\C,CC=CC,True,True,rdkit+heuristic,True,solute_iso_collision_0001,True,CCC(C)(C)O,CCC(C)(C)O,False,False,none,False,,True,solute:rdkit;solute:heuristic;solute:collision
CCCCO,CCCCCCCC/C=C\CCCCCCCC(=O)O,75.21,0.203756838,molecule_train.csv,True,CCCCO,CCCCO,False,False,none,False,,True,CCCCCCCC/C=C\CCCCCCCC(=O)O,CCCCCCCCC=CCCCCCCCC(=O)O,True,True,rdkit+heuristic,True,solvent_iso_collision_0002,True,solvent:rdkit;solvent:heuristic;solvent:collision
C/C=C\C=C,CC(=O)N(C)C,40.0,0.75612198,molecule_train.csv,True,C=C/C=C\C,C=CC=CC,True,True,rdkit+heuristic,True,solute_iso_collision_0002,True,CC(=O)N(C)C,CC(=O)N(C)C,False,False,none,False,,True,solute:rdkit;solute:heuristic;solute:collision
C1CCCCC1,CCCCCCCC/C=C\CCCCCCCC(=O)O,65.21,0.060153923,molecule_train.csv,True,C1CCCCC1,C1CCCCC1,False,False,none,False,,True,CCCCCCCC/C=C\CCCCCCCC(=O)O,CCCCCCCCC=CCCCCCCCC(=O)O,True,True,rdkit+heuristic,True,solvent_iso_collision_0002,True,solvent:rdkit;solvent:heuristic;solvent:collision
C[C@@H]1CCCC[C@@H]1C,CCCCCCCCOC(=O)C1=CC=CC=C1C(=O)OCCCCCCCC,120.0,0.019802627,molecule_train.csv,True,C[C@@H]1CCCC[C@@H]1C,CC1CCCCC1C,True,True,rdkit+heuristic,True,solute_iso_collision_0004,True,CCCCCCCCOC(=O)c1ccccc1C(=O)OCCCCCCCC,CCCCCCCCOC(=O)c1ccccc1C(=O)OCCCCCCCC,False,False,none,False,,True,solute:rdkit;solute:heuristic;solute:collision
C/C=C/C,CC1=CC=CC=C1O,36.84,1.418277407,molecule_train.csv,True,C/C=C/C,CC=CC,True,True,rdkit+heuristic,True,solute_iso_collision_0001,True,Cc1ccccc1O,Cc1ccccc1O,False,False,none,False,,True,solute:rdkit;solute:heuristic;solute:collision
C(=C/Cl)\Cl,CCCCOC(=O)C1=C(C(=C(C(=C1Cl)Cl)Cl)Cl)C(=O)OCCCC,74.1,-0.525939262,molecule_train.csv,True,Cl/C=C/Cl,ClC=CCl,True,True,rdkit+heuristic,True,solute_iso_collision_0003,True,CCCCOC(=O)c1c(Cl)c(Cl)c(Cl)c(Cl)c1C(=O)OCCCC,CCCCOC(=O)c1c(Cl)c(Cl)c(Cl)c(Cl)c1C(=O)OCCCC,False,False,none,False,,True,solute:rdkit;solute:heuristic;solute:collision
C/C=C\C,CCCC(C)O,16.85,1.004301609,molecule_train.csv,True,C/C=C\C,CC=CC,True,True,rdkit+heuristic,True,solute_iso_collision_0001,True,CCCC(C)O,CCCC(C)O,False,False,none,False,,True,solute:rdkit;solute:heuristic;solute:collision
C/C=C/C,CCC(C)CO,-3.09,1.068153081,molecule_train.csv,True,C/C=C/C,CC=CC,True,True,rdkit+heuristic,True,solute_iso_collision_0001,True,CCC(C)CO,CCC(C)CO,False,False,none,False,,True,solute:rdkit;solute:heuristic;solute:collision
C(=C/Cl)\Cl,CCCCCCCCCCCCCCCCO,74.1,-0.057629113,molecule_train.csv,True,Cl/C=C/Cl,ClC=CCl,True,True,rdkit+heuristic,True,solute_iso_collision_0003,True,CCCCCCCCCCCCCCCCO,CCCCCCCCCCCCCCCCO,False,False,none,False,,True,solute:rdkit;solute:heuristic;solute:collision
C(=C/Cl)\Cl,CC(C)CCCC(C)CCCC(C)CCCCC(C)CCCC(C)CCCC(C)C,93.9,-0.610645959,molecule_train.csv,True,Cl/C=C/Cl,ClC=CCl,True,True,rdkit+heuristic,True,solute_iso_collision_0003,True,CC(C)CCCC(C)CCCC(C)CCCCC(C)CCCC(C)CCCC(C)C,CC(C)CCCC(C)CCCC(C)CCCCC(C)CCCC(C)CCCC(C)C,False,False,none,False,,True,solute:rdkit;solute:heuristic;solute:collision
C/C=C\C=C,CCNC(=O)C,70.0,1.022450928,molecule_train.csv,True,C=C/C=C\C,C=CC=CC,True,True,rdkit+heuristic,True,solute_iso_collision_0002,True,CCNC(C)=O,CCNC(C)=O,False,False,none,False,,True,solute:rdkit;solute:heuristic;solute:collision
C/C=C\C,CC1=CC=CC=C1C,16.84,0.343589704,molecule_train.csv,True,C/C=C\C,CC=CC,True,True,rdkit+heuristic,True,solute_iso_collision_0001,True,Cc1ccccc1C,Cc1ccccc1C,False,False,none,False,,True,solute:rdkit;solute:heuristic;solute:collision
C/C=C/C,CCC(CC)O,6.85,1.085189268,molecule_train.csv,True,C/C=C/C,CC=CC,True,True,rdkit+heuristic,True,solute_iso_collision_0001,True,CCC(O)CC,CCC(O)CC,False,False,none,False,,True,solute:rdkit;solute:heuristic;solute:collision
C/C=C/C=C,CN(C)C=O,40.0,1.118414916,molecule_train.csv,True,C=C/C=C/C,C=CC=CC,True,True,rdkit+heuristic,True,solute_iso_collision_0002,True,CN(C)C=O,CN(C)C=O,False,False,none,False,,True,solute:rdkit;solute:heuristic;solute:collision
C(=C/Cl)\Cl,CC(C)CCCC(C)CCCC(C)CCCCC(C)CCCC(C)CCCC(C)C,74.1,-0.581605806,molecule_train.csv,True,Cl/C=C/Cl,ClC=CCl,True,True,rdkit+heuristic,True,solute_iso_collision_0003,True,CC(C)CCCC(C)CCCC(C)CCCCC(C)CCCC(C)CCCC(C)C,CC(C)CCCC(C)CCCC(C)CCCCC(C)CCCC(C)CCCC(C)C,False,False,none,False,,True,solute:rdkit;solute:heuristic;solute:collision
C/C=C\C,CC(C)(C)O,26.85,1.068153081,molecule_train.csv,True,C/C=C\C,CC=CC,True,True,rdkit+heuristic,True,solute_iso_collision_0001,True,CC(C)(C)O,CC(C)(C)O,False,False,none,False,,True,solute:rdkit;solute:heuristic;solute:collision
C1CCCCC1,CCCCC/C=C\C/C=C\CCCCCCCC(=O)O,75.13,0.532978428,molecule_train.csv,True,C1CCCCC1,C1CCCCC1,False,False,none,False,,True,CCCCC/C=C\C/C=C\CCCCCCCC(=O)O,CCCCCC=CCC=CCCCCCCCC(=O)O,True,True,rdkit+heuristic,True,solvent_iso_collision_0001,True,solvent:rdkit;solvent:heuristic;solvent:collision
C[C@@H]1CCCC[C@@H]1C,CCCCCCOC(=O)CCCCC(=O)OCCCCCC,120.0,0.09531018,molecule_train.csv,True,C[C@@H]1CCCC[C@@H]1C,CC1CCCCC1C,True,True,rdkit+heuristic,True,solute_iso_collision_0004,True,CCCCCCOC(=O)CCCCC(=O)OCCCCCC,CCCCCCOC(=O)CCCCC(=O)OCCCCCC,False,False,none,False,,True,solute:rdkit;solute:heuristic;solute:collision
CC1=CC=CC=C1,CCCCC/C=C\C/C=C\CCCCCCCC(=O)O,65.13,0.092579181,molecule_train.csv,True,Cc1ccccc1,Cc1ccccc1,False,False,none,False,,True,CCCCC/C=C\C/C=C\CCCCCCCC(=O)O,CCCCCC=CCC=CCCCCCCCC(=O)O,True,True,rdkit+heuristic,True,solvent_iso_collision_0001,True,solvent:rdkit;solvent:heuristic;solvent:collision
C/C=C/C,CC1=CC(=CC=C1)C,-3.05,0.329303747,molecule_train.csv,True,C/C=C/C,CC=CC,True,True,rdkit+heuristic,True,solute_iso_collision_0001,True,Cc1cccc(C)c1,Cc1cccc(C)c1,False,False,none,False,,True,solute:rdkit;solute:heuristic;solute:collision
CC(C)O,CCCCCCCC/C=C\CCCCCCCC(=O)O,85.13,0.107059072,molecule_train.csv,True,CC(C)O,CC(C)O,False,False,none,False,,True,CCCCCCCC/C=C\CCCCCCCC(=O)O,CCCCCCCCC=CCCCCCCCC(=O)O,True,True,rdkit+heuristic,True,solvent_iso_collision_0002,True,solvent:rdkit;solvent:heuristic;solvent:collision
C/C=C\C,CC(=C)CCO,-23.2,1.181727195,molecule_train.csv,True,C/C=C\C,CC=CC,True,True,rdkit+heuristic,True,solute_iso_collision_0001,True,C=C(C)CCO,C=C(C)CCO,False,False,none,False,,True,solute:rdkit;solute:heuristic;solute:collision
CC(C)CC(C)(C)C,CCCCC/C=C\C/C=C\CCCCCCCC(=O)O,75.16,1.090244039,molecule_train.csv,True,CC(C)CC(C)(C)C,CC(C)CC(C)(C)C,False,False,none,False,,True,CCCCC/C=C\C/C=C\CCCCCCCC(=O)O,CCCCCC=CCC=CCCCCCCCC(=O)O,True,True,rdkit+heuristic,True,solvent_iso_collision_0001,True,solvent:rdkit;solvent:heuristic;solvent:collision
C/C=C\C,CC(C)(C)O,56.85,0.951657876,molecule_train.csv,True,C/C=C\C,CC=CC,True,True,rdkit+heuristic,True,solute_iso_collision_0001,True,CC(C)(C)O,CC(C)(C)O,False,False,none,False,,True,solute:rdkit;solute:heuristic;solute:collision
CC#N,CC1=CC[C@@H](CC1)C(=C)C,25.0,3.099190982,molecule_train.csv,True,CC#N,CC#N,False,False,none,False,,True,C=C(C)[C@H]1CC=C(C)CC1,C=C(C)C1CC=C(C)CC1,True,True,rdkit+heuristic,False,,True,solvent:rdkit;solvent:heuristic
C/C=C/C,CO,46.89,2.261763098,molecule_train.csv,True,C/C=C/C,CC=CC,True,True,rdkit+heuristic,True,solute_iso_collision_0001,True,CO,CO,False,False,none,False,,True,solute:rdkit;solute:heuristic;solute:collision
C/C=C/C,CC(C)(C=C)O,56.85,0.78845736,molecule_train.csv,True,C/C=C/C,CC=CC,True,True,rdkit+heuristic,True,solute_iso_collision_0001,True,C=CC(C)(C)O,C=CC(C)(C)O,False,False,none,False,,True,solute:rdkit;solute:heuristic;solute:collision
C/C=C/C=C,CN(C)C=O,24.0,1.249901736,molecule_train.csv,True,C=C/C=C/C,C=CC=CC,True,True,rdkit+heuristic,True,solute_iso_collision_0002,True,CN(C)C=O,CN(C)C=O,False,False,none,False,,True,solute:rdkit;solute:heuristic;solute:collision
C/C=C/C=C,CCCCCCCCCCCCCCCC,90.0,-0.216913002,molecule_train.csv,True,C=C/C=C/C,C=CC=CC,True,True,rdkit+heuristic,True,solute_iso_collision_0002,True,CCCCCCCCCCCCCCCC,CCCCCCCCCCCCCCCC,False,False,none,False,,True,solute:rdkit;solute:heuristic;solute:collision
C/C=C/C,CC(=C)CCO,-23.23,1.266947603,molecule_train.csv,True,C/C=C/C,CC=CC,True,True,rdkit+heuristic,True,solute_iso_collision_0001,True,C=C(C)CCO,C=C(C)CCO,False,False,none,False,,True,solute:rdkit;solute:heuristic;solute:collision
C/C=C/C,CCCCCO,16.85,1.01523068,molecule_train.csv,True,C/C=C/C,CC=CC,True,True,rdkit+heuristic,True,solute_iso_collision_0001,True,CCCCCO,CCCCCO,False,False,none,False,,True,solute:rdkit;solute:heuristic;solute:collision
C/C=C\C,CC1=CC=CC=C1,-3.15,0.336472237,molecule_train.csv,True,C/C=C\C,CC=CC,True,True,rdkit+heuristic,True,solute_iso_collision_0001,True,Cc1ccccc1,Cc1ccccc1,False,False,none,False,,True,solute:rdkit;solute:heuristic;solute:collision
C/C=C\C,CC(C)(C=C)O,16.84,0.858661619,molecule_train.csv,True,C/C=C\C,CC=CC,True,True,rdkit+heuristic,True,solute_iso_collision_0001,True,C=CC(C)(C)O,C=CC(C)(C)O,False,False,none,False,,True,solute:rdkit;solute:heuristic;solute:collision
C/C=C\C,CC1=CC=CC=C1,16.83,0.329303747,molecule_train.csv,True,C/C=C\C,CC=CC,True,True,rdkit+heuristic,True,solute_iso_collision_0001,True,Cc1ccccc1,Cc1ccccc1,False,False,none,False,,True,solute:rdkit;solute:heuristic;solute:collision
CCCCCCC,CCCCC/C=C\C/C=C\CCCCCCCC(=O)O,75.13,0.985070247,molecule_train.csv,True,CCCCCCC,CCCCCCC,False,False,none,False,,True,CCCCC/C=C\C/C=C\CCCCCCCC(=O)O,CCCCCC=CCC=CCCCCCCCC(=O)O,True,True,rdkit+heuristic,True,solvent_iso_collision_0001,True,solvent:rdkit;solvent:heuristic;solvent:collision
CCC/C=C\C,C(COCCO)O,25.0,3.923951576,molecule_train.csv,True,C/C=C\CCC,CC=CCCC,True,True,rdkit+heuristic,True,solute_iso_collision_0008,True,OCCOCCO,OCCOCCO,False,False,none,False,,True,solute:rdkit;solute:heuristic;solute:collision
C/C=C/C,CO,121.65,1.887069649,molecule_train.csv,True,C/C=C/C,CC=CC,True,True,rdkit+heuristic,True,solute_iso_collision_0001,True,CO,CO,False,False,none,False,,True,solute:rdkit;solute:heuristic;solute:collision
C/C=C/C,CC1=CC=CC=C1,-23.22,0.39877612,molecule_train.csv,True,C/C=C/C,CC=CC,True,True,rdkit+heuristic,True,solute_iso_collision_0001,True,Cc1ccccc1,Cc1ccccc1,False,False,none,False,,True,solute:rdkit;solute:heuristic;solute:collision
C(=C/Cl)\Cl,CCCCOC(=O)C1=CC=CC=C1C(=O)OCCCC,74.1,-0.424647928,molecule_train.csv,True,Cl/C=C/Cl,ClC=CCl,True,True,rdkit+heuristic,True,solute_iso_collision_0003,True,CCCCOC(=O)c1ccccc1C(=O)OCCCC,CCCCOC(=O)c1ccccc1C(=O)OCCCC,False,False,none,False,,True,solute:rdkit;solute:heuristic;solute:collision
C/C=C/C,CC(C)O,16.85,1.435084525,molecule_train.csv,True,C/C=C/C,CC=CC,True,True,rdkit+heuristic,True,solute_iso_collision_0001,True,CC(C)O,CC(C)O,False,False,none,False,,True,solute:rdkit;solute:heuristic;solute:collision
C/C=C/C,CC1=CC=CC=C1C,-3.02,0.392042088,molecule_train.csv,True,C/C=C/C,CC=CC,True,True,rdkit+heuristic,True,solute_iso_collision_0001,True,Cc1ccccc1C,Cc1ccccc1C,False,False,none,False,,True,solute:rdkit;solute:heuristic;solute:collision
C/C=C\C,CCCO,56.85,1.337629189,molecule_train.csv,True,C/C=C\C,CC=CC,True,True,rdkit+heuristic,True,solute_iso_collision_0001,True,CCCO,CCCO,False,False,none,False,,True,solute:rdkit;solute:heuristic;solute:collision
C/C=C/C,CC(C)(C)O,46.85,1.05431203,molecule_train.csv,True,C/C=C/C,CC=CC,True,True,rdkit+heuristic,True,solute_iso_collision_0001,True,CC(C)(C)O,CC(C)(C)O,False,False,none,False,,True,solute:rdkit;solute:heuristic;solute:collision
C1=CC=C(C=C1)Cl,CCCCC/C=C\C/C=C\CCCCCCCC(=O)O,85.15,0.150142658,molecule_train.csv,True,Clc1ccccc1,Clc1ccccc1,False,False,none,False,,True,CCCCC/C=C\C/C=C\CCCCCCCC(=O)O,CCCCCC=CCC=CCCCCCCCC(=O)O,True,True,rdkit+heuristic,True,solvent_iso_collision_0001,True,solvent:rdkit;solvent:heuristic;solvent:collision
CC(C)O,CCCCC/C=C\C/C=C\CCCCCCCC(=O)O,75.13,0.12751332,molecule_train.csv,True,CC(C)O,CC(C)O,False,False,none,False,,True,CCCCC/C=C\C/C=C\CCCCCCCC(=O)O,CCCCCC=CCC=CCCCCCCCC(=O)O,True,True,rdkit+heuristic,True,solvent_iso_collision_0001,True,solvent:rdkit;solvent:heuristic;solvent:collision
C/C=C/C,CO,-13.26,2.388762789,molecule_train.csv,True,C/C=C/C,CC=CC,True,True,rdkit+heuristic,True,solute_iso_collision_0001,True,CO,CO,False,False,none,False,,True,solute:rdkit;solute:heuristic;solute:collision
C(=C(Cl)Cl)Cl,CCCCCCCC/C=C\CCCCCCCC(=O)O,65.21,-0.219400565,molecule_train.csv,True,ClC=C(Cl)Cl,ClC=C(Cl)Cl,False,False,none,False,,True,CCCCCCCC/C=C\CCCCCCCC(=O)O,CCCCCCCCC=CCCCCCCCC(=O)O,True,True,rdkit+heuristic,True,solvent_iso_collision_0002,True,solvent:rdkit;solvent:heuristic;solvent:collision
C/C=C\C,CO,16.84,2.24495598,molecule_train.csv,True,C/C=C\C,CC=CC,True,True,rdkit+heuristic,True,solute_iso_collision_0001,True,CO,CO,False,False,none,False,,True,solute:rdkit;solute:heuristic;solute:collision
CC(=O)C,CC/C=C\C/C=C\C/C=C\CCCCCCCC(=O)O,40.1,0.096218858,molecule_train.csv,True,CC(C)=O,CC(C)=O,False,False,none,False,,True,CC/C=C\C/C=C\C/C=C\CCCCCCCC(=O)O,CCC=CCC=CCC=CCCCCCCCC(=O)O,True,True,rdkit+heuristic,True,solvent_iso_collision_0003,True,solvent:rdkit;solvent:heuristic;solvent:collision
CC#N,CC(=CCC/C(=C/CC/C(=C/CC/C=C(/CC/C=C(/CCC=C(C)C)\C)\C)/C)/C)C,80.0,1.340250423,molecule_train.csv,True,CC#N,CC#N,False,False,none,False,,True,CC(C)=CCC/C(C)=C/CC/C(C)=C/CC/C=C(\C)CC/C=C(\C)CCC=C(C)C,CC(C)=CCCC(C)=CCCC(C)=CCCC=C(C)CCC=C(C)CCC=C(C)C,True,True,rdkit+heuristic,True,solvent_iso_collision_0004,True,solvent:rdkit;solvent:heuristic;solvent:collision
C/C=C/C,CC(=C)CCO,16.84,1.208960346,molecule_train.csv,True,C/C=C/C,CC=CC,True,True,rdkit+heuristic,True,solute_iso_collision_0001,True,C=C(C)CCO,C=C(C)CCO,False,False,none,False,,True,solute:rdkit;solute:heuristic;solute:collision
C(=C\Cl)\Cl,CCCCOC(=O)C1=CC=CC=C1C(=O)OCCCC,53.2,-0.8603831,molecule_train.csv,True,Cl/C=C\Cl,ClC=CCl,True,True,rdkit+heuristic,True,solute_iso_collision_0003,True,CCCCOC(=O)c1ccccc1C(=O)OCCCC,CCCCOC(=O)c1ccccc1C(=O)OCCCC,False,False,none,False,,True,solute:rdkit;solute:heuristic;solute:collision
C(=C\Cl)\Cl,CCCCCCCCCCCCCC(=O)N(C)C,93.9,-0.913793852,molecule_train.csv,True,Cl/C=C\Cl,ClC=CCl,True,True,rdkit+heuristic,True,solute_iso_collision_0003,True,CCCCCCCCCCCCCC(=O)N(C)C,CCCCCCCCCCCCCC(=O)N(C)C,False,False,none,False,,True,solute:rdkit;solute:heuristic;solute:collision
C(=C/Cl)\Cl,CCCCOC(=O)C1=CC=CC=C1C(=O)OCCCC,93.9,-0.397496938,molecule_valid.csv,True,Cl/C=C/Cl,ClC=CCl,True,True,rdkit+heuristic,True,solute_iso_collision_0003,True,CCCCOC(=O)c1ccccc1C(=O)OCCCC,CCCCOC(=O)c1ccccc1C(=O)OCCCC,False,False,none,False,,True,solute:rdkit;solute:heuristic;solute:collision
C/C=C/C,CC(=C)CCO,56.85,1.137833002,molecule_valid.csv,True,C/C=C/C,CC=CC,True,True,rdkit+heuristic,True,solute_iso_collision_0001,True,C=C(C)CCO,C=C(C)CCO,False,False,none,False,,True,solute:rdkit;solute:heuristic;solute:collision
CCCCCCC,CCCCCCCC/C=C\CCCCCCCC(=O)O,75.14,0.356274864,molecule_valid.csv,True,CCCCCCC,CCCCCCC,False,False,none,False,,True,CCCCCCCC/C=C\CCCCCCCC(=O)O,CCCCCCCCC=CCCCCCCCC(=O)O,True,True,rdkit+heuristic,True,solvent_iso_collision_0002,True,solvent:rdkit;solvent:heuristic;solvent:collision
C/C=C\C,CO,46.85,2.192770227,molecule_valid.csv,True,C/C=C\C,CC=CC,True,True,rdkit+heuristic,True,solute_iso_collision_0001,True,CO,CO,False,False,none,False,,True,solute:rdkit;solute:heuristic;solute:collision
C(Cl)(Cl)Cl,CC/C=C\C/C=C\C/C=C\CCCCCCCC(=O)O,40.09,-0.476424197,molecule_valid.csv,True,ClC(Cl)Cl,ClC(Cl)Cl,False,False,none,False,,True,CC/C=C\C/C=C\C/C=C\CCCCCCCC(=O)O,CCC=CCC=CCC=CCCCCCCCC(=O)O,True,True,rdkit+heuristic,True,solvent_iso_collision_0003,True,solvent:rdkit;solvent:heuristic;solvent:collision
CO,CCCCC/C=C\C/C=C\CCCCCCCC(=O)O,75.16,0.283674051,molecule_valid.csv,True,CO,CO,False,False,none,False,,True,CCCCC/C=C\C/C=C\CCCCCCCC(=O)O,CCCCCC=CCC=CCCCCCCCC(=O)O,True,True,rdkit+heuristic,True,solvent_iso_collision_0001,True,solvent:rdkit;solvent:heuristic;solvent:collision
C/C=C\C,C=CCO,-23.21,1.710187816,molecule_valid.csv,True,C/C=C\C,CC=CC,True,True,rdkit+heuristic,True,solute_iso_collision_0001,True,C=CCO,C=CCO,False,False,none,False,,True,solute:rdkit;solute:heuristic;solute:collision
C(=C\Cl)\Cl,CCCCOC(=O)C1=CC=CC=C1C(=O)OCCCC,74.1,-0.791863153,molecule_valid.csv,True,Cl/C=C\Cl,ClC=CCl,True,True,rdkit+heuristic,True,solute_iso_collision_0003,True,CCCCOC(=O)c1ccccc1C(=O)OCCCC,CCCCOC(=O)c1ccccc1C(=O)OCCCC,False,False,none,False,,True,solute:rdkit;solute:heuristic;solute:collision
CC[N+](=O)[O-],CC(=CCC/C(=C/CC/C(=C/CC/C=C(/CC/C=C(/CCC=C(C)C)\C)\C)/C)/C)C,80.0,0.90825856,molecule_valid.csv,True,CC[N+](=O)[O-],CC[N+](=O)[O-],False,False,none,False,,True,CC(C)=CCC/C(C)=C/CC/C(C)=C/CC/C=C(\C)CC/C=C(\C)CCC=C(C)C,CC(C)=CCCC(C)=CCCC(C)=CCCC=C(C)CCC=C(C)CCC=C(C)C,True,True,rdkit+heuristic,True,solvent_iso_collision_0004,True,solvent:rdkit;solvent:heuristic;solvent:collision
CCO,CCCCC/C=C\C/C=C\CCCCCCCC(=O)O,85.15,0.207826847,molecule_valid.csv,True,CCO,CCO,False,False,none,False,,True,CCCCC/C=C\C/C=C\CCCCCCCC(=O)O,CCCCCC=CCC=CCCCCCCCC(=O)O,True,True,rdkit+heuristic,True,solvent_iso_collision_0001,True,solvent:rdkit;solvent:heuristic;solvent:collision
C/C=C\C,CCC(C)(C)O,36.84,0.797507196,molecule_valid.csv,True,C/C=C\C,CC=CC,True,True,rdkit+heuristic,True,solute_iso_collision_0001,True,CCC(C)(C)O,CCC(C)(C)O,False,False,none,False,,True,solute:rdkit;solute:heuristic;solute:collision
C/C=C/C,C1CCOCC1,36.83,0.336472237,molecule_valid.csv,True,C/C=C/C,CC=CC,True,True,rdkit+heuristic,True,solute_iso_collision_0001,True,C1CCOCC1,C1CCOCC1,False,False,none,False,,True,solute:rdkit;solute:heuristic;solute:collision
C/C=C/C,CCC(C)O,36.85,1.193922468,molecule_valid.csv,True,C/C=C/C,CC=CC,True,True,rdkit+heuristic,True,solute_iso_collision_0001,True,CCC(C)O,CCC(C)O,False,False,none,False,,True,solute:rdkit;solute:heuristic;solute:collision
C[C@@H]1CCCC[C@@H]1C,CCCCCCCCCCOC(=O)C1=CC=CC=C1C(=O)OCCCCCCCCCC,120.0,-0.094310679,molecule_valid.csv,True,C[C@@H]1CCCC[C@@H]1C,CC1CCCCC1C,True,True,rdkit+heuristic,True,solute_iso_collision_0004,True,CCCCCCCCCCOC(=O)c1ccccc1C(=O)OCCCCCCCCCC,CCCCCCCCCCOC(=O)c1ccccc1C(=O)OCCCCCCCCCC,False,False,none,False,,True,solute:rdkit;solute:heuristic;solute:collision
CCCO,CCCCC/C=C\C/C=C\CCCCCCCC(=O)O,65.13,0.253090628,molecule_valid.csv,True,CCCO,CCCO,False,False,none,False,,True,CCCCC/C=C\C/C=C\CCCCCCCC(=O)O,CCCCCC=CCC=CCCCCCCCC(=O)O,True,True,rdkit+heuristic,True,solvent_iso_collision_0001,True,solvent:rdkit;solvent:heuristic;solvent:collision
C/C=C\C,CO,-3.17,2.272125886,molecule_valid.csv,True,C/C=C\C,CC=CC,True,True,rdkit+heuristic,True,solute_iso_collision_0001,True,CO,CO,False,False,none,False,,True,solute:rdkit;solute:heuristic;solute:collision
C/C=C\C=C,CN1CCCC1=O,24.0,0.97455964,molecule_valid.csv,True,C=C/C=C\C,C=CC=CC,True,True,rdkit+heuristic,True,solute_iso_collision_0002,True,CN1CCCC1=O,CN1CCCC1=O,False,False,none,False,,True,solute:rdkit;solute:heuristic;solute:collision
C/C=C\C=C,CN(C)C=O,24.0,1.223775432,molecule_valid.csv,True,C=C/C=C\C,C=CC=CC,True,True,rdkit+heuristic,True,solute_iso_collision_0002,True,CN(C)C=O,CN(C)C=O,False,False,none,False,,True,solute:rdkit;solute:heuristic;solute:collision
C/C=C/C,C=CCO,36.85,1.682688374,molecule_valid.csv,True,C/C=C/C,CC=CC,True,True,rdkit+heuristic,True,solute_iso_collision_0001,True,C=CCO,C=CCO,False,False,none,False,,True,solute:rdkit;solute:heuristic;solute:collision
C(=C\Cl)\Cl,CCCCCCCCCCCCCC(=O)N(C)C,53.2,-1.142564176,molecule_valid.csv,True,Cl/C=C\Cl,ClC=CCl,True,True,rdkit+heuristic,True,solute_iso_collision_0003,True,CCCCCCCCCCCCCC(=O)N(C)C,CCCCCCCCCCCCCC(=O)N(C)C,False,False,none,False,,True,solute:rdkit;solute:heuristic;solute:collision
C/C=C/C,C=CC1=CC=CC=C1,-23.2,0.996948635,molecule_valid.csv,True,C/C=C/C,CC=CC,True,True,rdkit+heuristic,True,solute_iso_collision_0001,True,C=Cc1ccccc1,C=Cc1ccccc1,False,False,none,False,,True,solute:rdkit;solute:heuristic;solute:collision
C/C=C/C,CCC(C)CO,16.86,1.064710737,molecule_valid.csv,True,C/C=C/C,CC=CC,True,True,rdkit+heuristic,True,solute_iso_collision_0001,True,CCC(C)CO,CCC(C)CO,False,False,none,False,,True,solute:rdkit;solute:heuristic;solute:collision
CC1=CC=CC=C1,CC/C=C\C/C=C\C/C=C\CCCCCCCC(=O)O,40.1,0.157858085,molecule_valid.csv,True,Cc1ccccc1,Cc1ccccc1,False,False,none,False,,True,CC/C=C\C/C=C\C/C=C\CCCCCCCC(=O)O,CCC=CCC=CCC=CCCCCCCCC(=O)O,True,True,rdkit+heuristic,True,solvent_iso_collision_0003,True,solvent:rdkit;solvent:heuristic;solvent:collision
CC1=CCC(CC1)C(=C)C,CCCCCCCCCCCCCCCC(=O)O,92.1,-0.798507696,molecule_valid.csv,True,C=C(C)C1CC=C(C)CC1,C=C(C)C1CC=C(C)CC1,False,False,none,True,solute_iso_collision_0006,True,CCCCCCCCCCCCCCCC(=O)O,CCCCCCCCCCCCCCCC(=O)O,False,False,none,False,,True,solute:collision
C/C=C\C,CC1=CC=CC=C1,36.79,0.300104592,molecule_valid.csv,True,C/C=C\C,CC=CC,True,True,rdkit+heuristic,True,solute_iso_collision_0001,True,Cc1ccccc1,Cc1ccccc1,False,False,none,False,,True,solute:rdkit;solute:heuristic;solute:collision
CCO,CC/C=C\C/C=C\C/C=C\CCCCCCCC(=O)O,50.11,0.274596833,molecule_valid.csv,True,CCO,CCO,False,False,none,False,,True,CC/C=C\C/C=C\C/C=C\CCCCCCCC(=O)O,CCC=CCC=CCC=CCCCCCCCC(=O)O,True,True,rdkit+heuristic,True,solvent_iso_collision_0003,True,solvent:rdkit;solvent:heuristic;solvent:collision
C/C=C/C,CC1=CC=CC=C1O,56.84,1.340250423,molecule_valid.csv,True,C/C=C/C,CC=CC,True,True,rdkit+heuristic,True,solute_iso_collision_0001,True,Cc1ccccc1O,Cc1ccccc1O,False,False,none,False,,True,solute:rdkit;solute:heuristic;solute:collision
C1CCCCC1,CCCCCCCC/C=C\CCCCCCCC(=O)O,85.13,0.301584978,molecule_valid.csv,True,C1CCCCC1,C1CCCCC1,False,False,none,False,,True,CCCCCCCC/C=C\CCCCCCCC(=O)O,CCCCCCCCC=CCCCCCCCC(=O)O,True,True,rdkit+heuristic,True,solvent_iso_collision_0002,True,solvent:rdkit;solvent:heuristic;solvent:collision
CCCCC=C,CCCCC/C=C\C/C=C\CCCCCCCC(=O)O,65.13,0.545806593,molecule_valid.csv,True,C=CCCCC,C=CCCCC,False,False,none,False,,True,CCCCC/C=C\C/C=C\CCCCCCCC(=O)O,CCCCCC=CCC=CCCCCCCCC(=O)O,True,True,rdkit+heuristic,True,solvent_iso_collision_0001,True,solvent:rdkit;solvent:heuristic;solvent:collision
C1CCC/C=C\CC1,CN(C)C=O,20.0,2.360854001,molecule_valid.csv,True,C1=C\CCCCCC/1,C1=CCCCCCC1,True,True,rdkit+heuristic,True,solute_iso_collision_0007,True,CN(C)C=O,CN(C)C=O,False,False,none,False,,True,solute:rdkit;solute:heuristic;solute:collision
CCOC(=O)C,CC1(COC(=O)[C@@H]1O)C,95.27,0.500775288,molecule_valid.csv,True,CCOC(C)=O,CCOC(C)=O,False,False,none,False,,True,CC1(C)COC(=O)[C@@H]1O,CC1(C)COC(=O)C1O,True,True,rdkit+heuristic,False,,True,solvent:rdkit;solvent:heuristic
CC(C)C(=O)C,CC(=CCC/C(=C/CC/C(=C/CC/C=C(/CC/C=C(/CCC=C(C)C)\C)\C)/C)/C)C,80.0,0.039220713,molecule_valid.csv,True,CC(=O)C(C)C,CC(=O)C(C)C,False,False,none,False,,True,CC(C)=CCC/C(C)=C/CC/C(C)=C/CC/C=C(\C)CC/C=C(\C)CCC=C(C)C,CC(C)=CCCC(C)=CCCC(C)=CCCC=C(C)CCC=C(C)CCC=C(C)C,True,True,rdkit+heuristic,True,solvent_iso_collision_0004,True,solvent:rdkit;solvent:heuristic;solvent:collision
CC1=CC=CC=C1,CCCCCCCC/C=C\CCCCCCCC(=O)O,65.21,-0.077961541,molecule_valid.csv,True,Cc1ccccc1,Cc1ccccc1,False,False,none,False,,True,CCCCCCCC/C=C\CCCCCCCC(=O)O,CCCCCCCCC=CCCCCCCCC(=O)O,True,True,rdkit+heuristic,True,solvent_iso_collision_0002,True,solvent:rdkit;solvent:heuristic;solvent:collision
C(=C/Cl)\Cl,CCCCCCCCCCCCCC(=O)N(C)C,53.2,-0.78745786,molecule_valid.csv,True,Cl/C=C/Cl,ClC=CCl,True,True,rdkit+heuristic,True,solute_iso_collision_0003,True,CCCCCCCCCCCCCC(=O)N(C)C,CCCCCCCCCCCCCC(=O)N(C)C,False,False,none,False,,True,solute:rdkit;solute:heuristic;solute:collision
C[C@@H]1CCCC[C@@H]1C,C1=CC=C(C=C1)COC(=O)C2=CC=CC=C2C(=O)OCC3=CC=CC=C3,120.0,1.115141591,molecule_valid.csv,True,C[C@@H]1CCCC[C@@H]1C,CC1CCCCC1C,True,True,rdkit+heuristic,True,solute_iso_collision_0004,True,O=C(OCc1ccccc1)c1ccccc1C(=O)OCc1ccccc1,O=C(OCc1ccccc1)c1ccccc1C(=O)OCc1ccccc1,False,False,none,False,,True,solute:rdkit;solute:heuristic;solute:collision
CC(C)CC(C)(C)C,CC/C=C\C/C=C\C/C=C\CCCCCCCC(=O)O,29.98,1.519513205,molecule_valid.csv,True,CC(C)CC(C)(C)C,CC(C)CC(C)(C)C,False,False,none,False,,True,CC/C=C\C/C=C\C/C=C\CCCCCCCC(=O)O,CCC=CCC=CCC=CCCCCCCCC(=O)O,True,True,rdkit+heuristic,True,solvent_iso_collision_0003,True,solvent:rdkit;solvent:heuristic;solvent:collision
C/C=C\C,CCCO,-23.23,1.373715579,molecule_valid.csv,True,C/C=C\C,CC=CC,True,True,rdkit+heuristic,True,solute_iso_collision_0001,True,CCCO,CCCO,False,False,none,False,,True,solute:rdkit;solute:heuristic;solute:collision
C/C=C\C,C=CC1=CC=CC=C1,36.69,0.858661619,molecule_valid.csv,True,C/C=C\C,CC=CC,True,True,rdkit+heuristic,True,solute_iso_collision_0001,True,C=Cc1ccccc1,C=Cc1ccccc1,False,False,none,False,,True,solute:rdkit;solute:heuristic;solute:collision
C/C=C\C,CC(C)O,-3.21,1.40854497,molecule_valid.csv,True,C/C=C\C,CC=CC,True,True,rdkit+heuristic,True,solute_iso_collision_0001,True,CC(C)O,CC(C)O,False,False,none,False,,True,solute:rdkit;solute:heuristic;solute:collision
CCCCCCC,CC/C=C\C/C=C\C/C=C\CCCCCCCC(=O)O,40.1,1.12037378,molecule_valid.csv,True,CCCCCCC,CCCCCCC,False,False,none,False,,True,CC/C=C\C/C=C\C/C=C\CCCCCCCC(=O)O,CCC=CCC=CCC=CCCCCCCCC(=O)O,True,True,rdkit+heuristic,True,solvent_iso_collision_0003,True,solvent:rdkit;solvent:heuristic;solvent:collision
CC(C)CC(C)(C)C,CCCCC/C=C\C/C=C\CCCCCCCC(=O)O,65.13,0.889535995,molecule_valid.csv,True,CC(C)CC(C)(C)C,CC(C)CC(C)(C)C,False,False,none,False,,True,CCCCC/C=C\C/C=C\CCCCCCCC(=O)O,CCCCCC=CCC=CCCCCCCCC(=O)O,True,True,rdkit+heuristic,True,solvent_iso_collision_0001,True,solvent:rdkit;solvent:heuristic;solvent:collision
CCOC(=O)C,CC/C=C\C/C=C\C/C=C\CCCCCCCC(=O)O,40.09,0.148420005,molecule_valid.csv,True,CCOC(C)=O,CCOC(C)=O,False,False,none,False,,True,CC/C=C\C/C=C\C/C=C\CCCCCCCC(=O)O,CCC=CCC=CCC=CCCCCCCCC(=O)O,True,True,rdkit+heuristic,True,solvent_iso_collision_0003,True,solvent:rdkit;solvent:heuristic;solvent:collision
C(=C\Cl)\Cl,CCCCOC(=O)C1=C(C(=C(C(=C1Cl)Cl)Cl)Cl)C(=O)OCCCC,53.2,-0.759286983,molecule_valid.csv,True,Cl/C=C\Cl,ClC=CCl,True,True,rdkit+heuristic,True,solute_iso_collision_0003,True,CCCCOC(=O)c1c(Cl)c(Cl)c(Cl)c(Cl)c1C(=O)OCCCC,CCCCOC(=O)c1c(Cl)c(Cl)c(Cl)c(Cl)c1C(=O)OCCCC,False,False,none,False,,True,solute:rdkit;solute:heuristic;solute:collision
C/C=C\C,CC1=CC=CC=C1O,56.84,1.235471471,molecule_valid.csv,True,C/C=C\C,CC=CC,True,True,rdkit+heuristic,True,solute_iso_collision_0001,True,Cc1ccccc1O,Cc1ccccc1O,False,False,none,False,,True,solute:rdkit;solute:heuristic;solute:collision
C1CCC/C=C\CC1,CN(C)C=O,60.0,1.916922612,molecule_valid.csv,True,C1=C\CCCCCC/1,C1=CCCCCCC1,True,True,rdkit+heuristic,True,solute_iso_collision_0007,True,CN(C)C=O,CN(C)C=O,False,False,none,False,,True,solute:rdkit;solute:heuristic;solute:collision
C/C=C\C,CC(C)CO,-23.17,1.150572028,molecule_valid.csv,True,C/C=C\C,CC=CC,True,True,rdkit+heuristic,True,solute_iso_collision_0001,True,CC(C)CO,CC(C)CO,False,False,none,False,,True,solute:rdkit;solute:heuristic;solute:collision
CCC1=CC=CC=C1,CCCCC/C=C\C/C=C\CCCCCCCC(=O)O,65.13,0.239803992,molecule_valid.csv,True,CCc1ccccc1,CCc1ccccc1,False,False,none,False,,True,CCCCC/C=C\C/C=C\CCCCCCCC(=O)O,CCCCCC=CCC=CCCCCCCCC(=O)O,True,True,rdkit+heuristic,True,solvent_iso_collision_0001,True,solvent:rdkit;solvent:heuristic;solvent:collision
C/C=C/C,CC(C)O,56.85,1.360976553,molecule_valid.csv,True,C/C=C/C,CC=CC,True,True,rdkit+heuristic,True,solute_iso_collision_0001,True,CC(C)O,CC(C)O,False,False,none,False,,True,solute:rdkit;solute:heuristic;solute:collision
C(Cl)(Cl)Cl,CCCCC/C=C\C/C=C\CCCCCCCC(=O)O,75.16,-0.394525168,molecule_valid.csv,True,ClC(Cl)Cl,ClC(Cl)Cl,False,False,none,False,,True,CCCCC/C=C\C/C=C\CCCCCCCC(=O)O,CCCCCC=CCC=CCCCCCCCC(=O)O,True,True,rdkit+heuristic,True,solvent_iso_collision_0001,True,solvent:rdkit;solvent:heuristic;solvent:collision
CCCCC=C,CC/C=C\C/C=C\C/C=C\CCCCCCCC(=O)O,29.98,0.924258902,molecule_valid.csv,True,C=CCCCC,C=CCCCC,False,False,none,False,,True,CC/C=C\C/C=C\C/C=C\CCCCCCCC(=O)O,CCC=CCC=CCC=CCCCCCCCC(=O)O,True,True,rdkit+heuristic,True,solvent_iso_collision_0003,True,solvent:rdkit;solvent:heuristic;solvent:collision
C[C@@H]1CCCC[C@@H]1C,CCCCCCOC(=O)C1=CC(=CC=C1)C(=O)OCCCCCC,120.0,0.113328685,molecule_valid.csv,True,C[C@@H]1CCCC[C@@H]1C,CC1CCCCC1C,True,True,rdkit+heuristic,True,solute_iso_collision_0004,True,CCCCCCOC(=O)c1cccc(C(=O)OCCCCCC)c1,CCCCCCOC(=O)c1cccc(C(=O)OCCCCCC)c1,False,False,none,False,,True,solute:rdkit;solute:heuristic;solute:collision
C/C=C\C,CCCCCO,16.85,0.982078472,molecule_valid.csv,True,C/C=C\C,CC=CC,True,True,rdkit+heuristic,True,solute_iso_collision_0001,True,CCCCCO,CCCCCO,False,False,none,False,,True,solute:rdkit;solute:heuristic;solute:collision
C/C=C\C,CC(=C)CCO,36.84,1.064710737,molecule_valid.csv,True,C/C=C\C,CC=CC,True,True,rdkit+heuristic,True,solute_iso_collision_0001,True,C=C(C)CCO,C=C(C)CCO,False,False,none,False,,True,solute:rdkit;solute:heuristic;solute:collision
C/C=C\C,CC(C)CO,16.84,1.172482137,molecule_valid.csv,True,C/C=C\C,CC=CC,True,True,rdkit+heuristic,True,solute_iso_collision_0001,True,CC(C)CO,CC(C)CO,False,False,none,False,,True,solute:rdkit;solute:heuristic;solute:collision
C[C@@H]1CCCC[C@@H]1C,CCC(C)OC(=O)C1=CC=CC=C1C(=O)OC(C)CC,120.0,0.570979547,molecule_valid.csv,True,C[C@@H]1CCCC[C@@H]1C,CC1CCCCC1C,True,True,rdkit+heuristic,True,solute_iso_collision_0004,True,CCC(C)OC(=O)c1ccccc1C(=O)OC(C)CC,CCC(C)OC(=O)c1ccccc1C(=O)OC(C)CC,False,False,none,False,,True,solute:rdkit;solute:heuristic;solute:collision
C/C=C/C,CCC(C)(C)O,36.85,0.828551818,molecule_valid.csv,True,C/C=C/C,CC=CC,True,True,rdkit+heuristic,True,solute_iso_collision_0001,True,CCC(C)(C)O,CCC(C)(C)O,False,False,none,False,,True,solute:rdkit;solute:heuristic;solute:collision
C/C=C\C,CC1=CC=CC=C1,56.84,0.292669614,molecule_valid.csv,True,C/C=C\C,CC=CC,True,True,rdkit+heuristic,True,solute_iso_collision_0001,True,Cc1ccccc1,Cc1ccccc1,False,False,none,False,,True,solute:rdkit;solute:heuristic;solute:collision
C/C=C\C,CCC(C)O,36.85,1.128171091,molecule_valid.csv,True,C/C=C\C,CC=CC,True,True,rdkit+heuristic,True,solute_iso_collision_0001,True,CCC(C)O,CCC(C)O,False,False,none,False,,True,solute:rdkit;solute:heuristic;solute:collision
C/C=C\C=C,CNS(=O)(=O)C,70.0,2.785011242,molecule_valid.csv,True,C=C/C=C\C,C=CC=CC,True,True,rdkit+heuristic,True,solute_iso_collision_0002,True,CNS(C)(=O)=O,CNS(C)(=O)=O,False,False,none,False,,True,solute:rdkit;solute:heuristic;solute:collision
C/C=C\C=C,CNC=O,70.0,1.95160817,molecule_valid.csv,True,C=C/C=C\C,C=CC=CC,True,True,rdkit+heuristic,True,solute_iso_collision_0002,True,CNC=O,CNC=O,False,False,none,False,,True,solute:rdkit;solute:heuristic;solute:collision
C/C=C\C,CC1=CC=CC=C1C,-23.17,0.371563556,molecule_valid.csv,True,C/C=C\C,CC=CC,True,True,rdkit+heuristic,True,solute_iso_collision_0001,True,Cc1ccccc1C,Cc1ccccc1C,False,False,none,False,,True,solute:rdkit;solute:heuristic;solute:collision
COC(OC)OC,CC(=CCC/C(=C/CC/C(=C/CC/C=C(/CC/C=C(/CCC=C(C)C)\C)\C)/C)/C)C,80.0,-0.030459207,molecule_valid.csv,True,COC(OC)OC,COC(OC)OC,False,False,none,False,,True,CC(C)=CCC/C(C)=C/CC/C(C)=C/CC/C=C(\C)CC/C=C(\C)CCC=C(C)C,CC(C)=CCCC(C)=CCCC(C)=CCCC=C(C)CCC=C(C)CCC=C(C)C,True,True,rdkit+heuristic,True,solvent_iso_collision_0004,True,solvent:rdkit;solvent:heuristic;solvent:collision
CC/C=C/C=C,CCCCCCCCCCCCCCCCCC,50.0,-0.122267268,molecule_valid.csv,True,C=C/C=C/CC,C=CC=CCC,True,True,rdkit+heuristic,True,solute_iso_collision_0005,True,CCCCCCCCCCCCCCCCCC,CCCCCCCCCCCCCCCCCC,False,False,none,False,,True,solute:rdkit;solute:heuristic;solute:collision
C(CCl)Cl,CCCCCCCC/C=C\CCCCCCCC(=O)O,75.14,0.074179398,molecule_test.csv,True,ClCCCl,ClCCCl,False,False,none,False,,True,CCCCCCCC/C=C\CCCCCCCC(=O)O,CCCCCCCCC=CCCCCCCCC(=O)O,True,True,rdkit+heuristic,True,solvent_iso_collision_0002,True,solvent:rdkit;solvent:heuristic;solvent:collision
C/C=C/C,CC1=CC(=CC=C1)C,56.84,0.300104592,molecule_test.csv,True,C/C=C/C,CC=CC,True,True,rdkit+heuristic,True,solute_iso_collision_0001,True,Cc1cccc(C)c1,Cc1cccc(C)c1,False,False,none,False,,True,solute:rdkit;solute:heuristic;solute:collision
CCC/C=C\C,C(CO)O,25.0,5.590986981,molecule_test.csv,True,C/C=C\CCC,CC=CCCC,True,True,rdkit+heuristic,True,solute_iso_collision_0008,True,OCCO,OCCO,False,False,none,False,,True,solute:rdkit;solute:heuristic;solute:collision
C/C=C/C=C,CCC(=O)NC,40.0,1.128171091,molecule_test.csv,True,C=C/C=C/C,C=CC=CC,True,True,rdkit+heuristic,True,solute_iso_collision_0002,True,CCC(=O)NC,CCC(=O)NC,False,False,none,False,,True,solute:rdkit;solute:heuristic;solute:collision
CS(=O)C,CC(=CCC/C(=C/CC/C(=C/CC/C=C(/CC/C=C(/CCC=C(C)C)\C)\C)/C)/C)C,80.0,1.945910149,molecule_test.csv,True,CS(C)=O,CS(C)=O,False,False,none,False,,True,CC(C)=CCC/C(C)=C/CC/C(C)=C/CC/C=C(\C)CC/C=C(\C)CCC=C(C)C,CC(C)=CCCC(C)=CCCC(C)=CCCC=C(C)CCC=C(C)CCC=C(C)C,True,True,rdkit+heuristic,True,solvent_iso_collision_0004,True,solvent:rdkit;solvent:heuristic;solvent:collision
CCCCC=C,CC/C=C\C/C=C\C/C=C\CCCCCCCC(=O)O,50.01,0.897719346,molecule_test.csv,True,C=CCCCC,C=CCCCC,False,False,none,False,,True,CC/C=C\C/C=C\C/C=C\CCCCCCCC(=O)O,CCC=CCC=CCC=CCCCCCCCC(=O)O,True,True,rdkit+heuristic,True,solvent_iso_collision_0003,True,solvent:rdkit;solvent:heuristic;solvent:collision
C/C=C/C,CCC(CC)O,16.85,1.057790294,molecule_test.csv,True,C/C=C/C,CC=CC,True,True,rdkit+heuristic,True,solute_iso_collision_0001,True,CCC(O)CC,CCC(O)CC,False,False,none,False,,True,solute:rdkit;solute:heuristic;solute:collision
CCC(C)CC,CC(=CCC/C(=C/CC/C(=C/CC/C=C(/CC/C=C(/CCC=C(C)C)\C)\C)/C)/C)C,30.0,-0.30788478,molecule_test.csv,True,CCC(C)CC,CCC(C)CC,False,False,none,False,,True,CC(C)=CCC/C(C)=C/CC/C(C)=C/CC/C=C(\C)CC/C=C(\C)CCC=C(C)C,CC(C)=CCCC(C)=CCCC(C)=CCCC=C(C)CCC=C(C)CCC=C(C)C,True,True,rdkit+heuristic,True,solvent_iso_collision_0004,True,solvent:rdkit;solvent:heuristic;solvent:collision
C(CCl)Cl,CC/C=C\C/C=C\C/C=C\CCCCCCCC(=O)O,50.11,-0.004008021,molecule_test.csv,True,ClCCCl,ClCCCl,False,False,none,False,,True,CC/C=C\C/C=C\C/C=C\CCCCCCCC(=O)O,CCC=CCC=CCC=CCCCCCCCC(=O)O,True,True,rdkit+heuristic,True,solvent_iso_collision_0003,True,solvent:rdkit;solvent:heuristic;solvent:collision
C/C=C\C,CO,36.85,2.213753879,molecule_test.csv,True,C/C=C\C,CC=CC,True,True,rdkit+heuristic,True,solute_iso_collision_0001,True,CO,CO,False,False,none,False,,True,solute:rdkit;solute:heuristic;solute:collision
CC1=CCC(CC1)C(=C)C,CCCCCCCCCCCCCCCC(=O)O,81.6,-0.891598119,molecule_test.csv,True,C=C(C)C1CC=C(C)CC1,C=C(C)C1CC=C(C)CC1,False,False,none,True,solute_iso_collision_0006,True,CCCCCCCCCCCCCCCC(=O)O,CCCCCCCCCCCCCCCC(=O)O,False,False,none,False,,True,solute:collision
C/C=C/C=C,CNS(=O)(=O)C,24.0,3.234749174,molecule_test.csv,True,C=C/C=C/C,C=CC=CC,True,True,rdkit+heuristic,True,solute_iso_collision_0002,True,CNS(C)(=O)=O,CNS(C)(=O)=O,False,False,none,False,,True,solute:rdkit;solute:heuristic;solute:collision
C/C=C/C,CO,102.05,1.987874348,molecule_test.csv,True,C/C=C/C,CC=CC,True,True,rdkit+heuristic,True,solute_iso_collision_0001,True,CO,CO,False,False,none,False,,True,solute:rdkit;solute:heuristic;solute:collision
C/C=C/C,CC(C)CO,-23.21,1.283707772,molecule_test.csv,True,C/C=C/C,CC=CC,True,True,rdkit+heuristic,True,solute_iso_collision_0001,True,CC(C)CO,CC(C)CO,False,False,none,False,,True,solute:rdkit;solute:heuristic;solute:collision
C/C=C/C,CC(C)O,-3.11,1.458615023,molecule_test.csv,True,C/C=C/C,CC=CC,True,True,rdkit+heuristic,True,solute_iso_collision_0001,True,CC(C)O,CC(C)O,False,False,none,False,,True,solute:rdkit;solute:heuristic;solute:collision
C/C=C/C,CC1=CC=C(C=C1)O,66.87,1.420695788,molecule_test.csv,True,C/C=C/C,CC=CC,True,True,rdkit+heuristic,True,solute_iso_collision_0001,True,Cc1ccc(O)cc1,Cc1ccc(O)cc1,False,False,none,False,,True,solute:rdkit;solute:heuristic;solute:collision
C[C@@H]1CCCC[C@@H]1C,CCCOC(=O)C1=CC=CC=C1C(=O)OCCC,120.0,0.708035793,molecule_test.csv,True,C[C@@H]1CCCC[C@@H]1C,CC1CCCCC1C,True,True,rdkit+heuristic,True,solute_iso_collision_0004,True,CCCOC(=O)c1ccccc1C(=O)OCCC,CCCOC(=O)c1ccccc1C(=O)OCCC,False,False,none,False,,True,solute:rdkit;solute:heuristic;solute:collision
C/C=C\C=C,CCNC(=O)C,24.0,1.17557333,molecule_test.csv,True,C=C/C=C\C,C=CC=CC,True,True,rdkit+heuristic,True,solute_iso_collision_0002,True,CCNC(C)=O,CCNC(C)=O,False,False,none,False,,True,solute:rdkit;solute:heuristic;solute:collision
C/C=C/C,CC(C)CO,16.85,1.247032294,molecule_test.csv,True,C/C=C/C,CC=CC,True,True,rdkit+heuristic,True,solute_iso_collision_0001,True,CC(C)CO,CC(C)CO,False,False,none,False,,True,solute:rdkit;solute:heuristic;solute:collision
C(=C\Cl)\Cl,CC(C)CCCC(C)CCCC(C)CCCCC(C)CCCC(C)CCCC(C)C,93.9,-0.36672528,molecule_test.csv,True,Cl/C=C\Cl,ClC=CCl,True,True,rdkit+heuristic,True,solute_iso_collision_0003,True,CC(C)CCCC(C)CCCC(C)CCCCC(C)CCCC(C)CCCC(C)C,CC(C)CCCC(C)CCCC(C)CCCCC(C)CCCC(C)CCCC(C)C,False,False,none,False,,True,solute:rdkit;solute:heuristic;solute:collision
C(CCl)Cl,CCCCC/C=C\C/C=C\CCCCCCCC(=O)O,75.13,0.07881118,molecule_test.csv,True,ClCCCl,ClCCCl,False,False,none,False,,True,CCCCC/C=C\C/C=C\CCCCCCCC(=O)O,CCCCCC=CCC=CCCCCCCCC(=O)O,True,True,rdkit+heuristic,True,solvent_iso_collision_0001,True,solvent:rdkit;solvent:heuristic;solvent:collision
C/C=C\C=C,CNC=O,24.0,2.231089091,molecule_test.csv,True,C=C/C=C\C,C=CC=CC,True,True,rdkit+heuristic,True,solute_iso_collision_0002,True,CNC=O,CNC=O,False,False,none,False,,True,solute:rdkit;solute:heuristic;solute:collision
C/C=C/C,CO,26.83,2.302585093,molecule_test.csv,True,C/C=C/C,CC=CC,True,True,rdkit+heuristic,True,solute_iso_collision_0001,True,CO,CO,False,False,none,False,,True,solute:rdkit;solute:heuristic;solute:collision
CCCCCC,CC(=CCC/C(=C/CC/C(=C/CC/C=C(/CC/C=C(/CCC=C(C)C)\C)\C)/C)/C)C,30.0,-0.289016295,molecule_test.csv,True,CCCCCC,CCCCCC,False,False,none,False,,True,CC(C)=CCC/C(C)=C/CC/C(C)=C/CC/C=C(\C)CC/C=C(\C)CCC=C(C)C,CC(C)=CCCC(C)=CCCC(C)=CCCC=C(C)CCC=C(C)CCC=C(C)C,True,True,rdkit+heuristic,True,solvent_iso_collision_0004,True,solvent:rdkit;solvent:heuristic;solvent:collision
C(=C\Cl)\Cl,CCCCOC(=O)C1=C(C(=C(C(=C1Cl)Cl)Cl)Cl)C(=O)OCCCC,74.1,-0.731888009,molecule_test.csv,True,Cl/C=C\Cl,ClC=CCl,True,True,rdkit+heuristic,True,solute_iso_collision_0003,True,CCCCOC(=O)c1c(Cl)c(Cl)c(Cl)c(Cl)c1C(=O)OCCCC,CCCCOC(=O)c1c(Cl)c(Cl)c(Cl)c(Cl)c1C(=O)OCCCC,False,False,none,False,,True,solute:rdkit;solute:heuristic;solute:collision
C/C=C\C,CC(C)(C=C)O,-23.15,0.936093359,molecule_test.csv,True,C/C=C\C,CC=CC,True,True,rdkit+heuristic,True,solute_iso_collision_0001,True,C=CC(C)(C)O,C=CC(C)(C)O,False,False,none,False,,True,solute:rdkit;solute:heuristic;solute:collision
C(=C\Cl)\Cl,CCCCCCCCCCCCCCCCCCCC,53.2,0.061095099,molecule_test.csv,True,Cl/C=C\Cl,ClC=CCl,True,True,rdkit+heuristic,True,solute_iso_collision_0003,True,CCCCCCCCCCCCCCCCCCCC,CCCCCCCCCCCCCCCCCCCC,False,False,none,False,,True,solute:rdkit;solute:heuristic;solute:collision
C[C@@H]1CCCC[C@@H]1C,CCCCOC(=O)C1=C(C(=C(C(=C1Cl)Cl)Cl)Cl)C(=O)OCCCC,120.0,0.157003749,molecule_test.csv,True,C[C@@H]1CCCC[C@@H]1C,CC1CCCCC1C,True,True,rdkit+heuristic,True,solute_iso_collision_0004,True,CCCCOC(=O)c1c(Cl)c(Cl)c(Cl)c(Cl)c1C(=O)OCCCC,CCCCOC(=O)c1c(Cl)c(Cl)c(Cl)c(Cl)c1C(=O)OCCCC,False,False,none,False,,True,solute:rdkit;solute:heuristic;solute:collision
C/C=C\C,CO,26.85,2.233235015,molecule_test.csv,True,C/C=C\C,CC=CC,True,True,rdkit+heuristic,True,solute_iso_collision_0001,True,CO,CO,False,False,none,False,,True,solute:rdkit;solute:heuristic;solute:collision
C/C=C\C,CC1=CC(=CC=C1)O,26.83,1.435084525,molecule_test.csv,True,C/C=C\C,CC=CC,True,True,rdkit+heuristic,True,solute_iso_collision_0001,True,Cc1cccc(O)c1,Cc1cccc(O)c1,False,False,none,False,,True,solute:rdkit;solute:heuristic;solute:collision
CC(=O)C,CCCCCCCC/C=C\CCCCCCCC(=O)O,85.13,0.179818427,molecule_test.csv,True,CC(C)=O,CC(C)=O,False,False,none,False,,True,CCCCCCCC/C=C\CCCCCCCC(=O)O,CCCCCCCCC=CCCCCCCCC(=O)O,True,True,rdkit+heuristic,True,solvent_iso_collision_0002,True,solvent:rdkit;solvent:heuristic;solvent:collision
C/C=C/C,CC(C)CO,36.85,1.220829921,molecule_test.csv,True,C/C=C/C,CC=CC,True,True,rdkit+heuristic,True,solute_iso_collision_0001,True,CC(C)CO,CC(C)CO,False,False,none,False,,True,solute:rdkit;solute:heuristic;solute:collision
CO,CC/C=C\C/C=C\C/C=C\CCCCCCCC(=O)O,40.09,0.255417112,molecule_test.csv,True,CO,CO,False,False,none,False,,True,CC/C=C\C/C=C\C/C=C\CCCCCCCC(=O)O,CCC=CCC=CCC=CCCCCCCCC(=O)O,True,True,rdkit+heuristic,True,solvent_iso_collision_0003,True,solvent:rdkit;solvent:heuristic;solvent:collision
C/C=C\C,CC1=CC=CC=C1O,26.84,1.332366019,molecule_test.csv,True,C/C=C\C,CC=CC,True,True,rdkit+heuristic,True,solute_iso_collision_0001,True,Cc1ccccc1O,Cc1ccccc1O,False,False,none,False,,True,solute:rdkit;solute:heuristic;solute:collision
C/C=C\C,CC(C)O,56.86,1.289232648,molecule_test.csv,True,C/C=C\C,CC=CC,True,True,rdkit+heuristic,True,solute_iso_collision_0001,True,CC(C)O,CC(C)O,False,False,none,False,,True,solute:rdkit;solute:heuristic;solute:collision
CCCCCCC,CCCCC/C=C\C/C=C\CCCCCCCC(=O)O,85.15,1.173101141,molecule_test.csv,True,CCCCCCC,CCCCCCC,False,False,none,False,,True,CCCCC/C=C\C/C=C\CCCCCCCC(=O)O,CCCCCC=CCC=CCCCCCCCC(=O)O,True,True,rdkit+heuristic,True,solvent_iso_collision_0001,True,solvent:rdkit;solvent:heuristic;solvent:collision
CCCCCCC,CC(=CCC/C(=C/CC/C(=C/CC/C=C(/CC/C=C(/CCC=C(C)C)\C)\C)/C)/C)C,30.0,0.172271221,molecule_test.csv,True,CCCCCCC,CCCCCCC,False,False,none,False,,True,CC(C)=CCC/C(C)=C/CC/C(C)=C/CC/C=C(\C)CC/C=C(\C)CCC=C(C)C,CC(C)=CCCC(C)=CCCC(C)=CCCC=C(C)CCC=C(C)CCC=C(C)C,True,True,rdkit+heuristic,True,solvent_iso_collision_0004,True,solvent:rdkit;solvent:heuristic;solvent:collision
C/C=C/C,CO,36.94,2.292534757,molecule_test.csv,True,C/C=C/C,CC=CC,True,True,rdkit+heuristic,True,solute_iso_collision_0001,True,CO,CO,False,False,none,False,,True,solute:rdkit;solute:heuristic;solute:collision
C/C=C/C,CC1=CC=CC=C1C,16.84,0.378436436,molecule_test.csv,True,C/C=C/C,CC=CC,True,True,rdkit+heuristic,True,solute_iso_collision_0001,True,Cc1ccccc1C,Cc1ccccc1C,False,False,none,False,,True,solute:rdkit;solute:heuristic;solute:collision
C/C=C/C,CCC(C)O,-3.16,1.280933845,molecule_test.csv,True,C/C=C/C,CC=CC,True,True,rdkit+heuristic,True,solute_iso_collision_0001,True,CCC(C)O,CCC(C)O,False,False,none,False,,True,solute:rdkit;solute:heuristic;solute:collision
CCC1=CC=CC=C1,CCCCCCCC/C=C\CCCCCCCC(=O)O,85.13,-0.038740828,molecule_test.csv,True,CCc1ccccc1,CCc1ccccc1,False,False,none,False,,True,CCCCCCCC/C=C\CCCCCCCC(=O)O,CCCCCCCCC=CCCCCCCCC(=O)O,True,True,rdkit+heuristic,True,solvent_iso_collision_0002,True,solvent:rdkit;solvent:heuristic;solvent:collision
C1CCCCC1,CCCCC/C=C\C/C=C\CCCCCCCC(=O)O,65.13,0.396087946,molecule_test.csv,True,C1CCCCC1,C1CCCCC1,False,False,none,False,,True,CCCCC/C=C\C/C=C\CCCCCCCC(=O)O,CCCCCC=CCC=CCCCCCCCC(=O)O,True,True,rdkit+heuristic,True,solvent_iso_collision_0001,True,solvent:rdkit;solvent:heuristic;solvent:collision
COC1=CC=CC=C1,CCCCC/C=C\C/C=C\CCCCCCCC(=O)O,85.15,0.314080546,molecule_test.csv,True,COc1ccccc1,COc1ccccc1,False,False,none,False,,True,CCCCC/C=C\C/C=C\CCCCCCCC(=O)O,CCCCCC=CCC=CCCCCCCCC(=O)O,True,True,rdkit+heuristic,True,solvent_iso_collision_0001,True,solvent:rdkit;solvent:heuristic;solvent:collision
C/C=C/C,CCC(CC)O,-13.19,1.137833002,molecule_test.csv,True,C/C=C/C,CC=CC,True,True,rdkit+heuristic,True,solute_iso_collision_0001,True,CCC(O)CC,CCC(O)CC,False,False,none,False,,True,solute:rdkit;solute:heuristic;solute:collision
C/C=C\C,CCCCO,36.84,1.137833002,molecule_test.csv,True,C/C=C\C,CC=CC,True,True,rdkit+heuristic,True,solute_iso_collision_0001,True,CCCCO,CCCCO,False,False,none,False,,True,solute:rdkit;solute:heuristic;solute:collision
CCCO,CCCCC/C=C\C/C=C\CCCCCCCC(=O)O,75.16,0.216722984,molecule_test.csv,True,CCCO,CCCO,False,False,none,False,,True,CCCCC/C=C\C/C=C\CCCCCCCC(=O)O,CCCCCC=CCC=CCCCCCCCC(=O)O,True,True,rdkit+heuristic,True,solvent_iso_collision_0001,True,solvent:rdkit;solvent:heuristic;solvent:collision
C/C=C/C,CC1=CC=CC=C1O,46.84,1.381281819,molecule_test.csv,True,C/C=C/C,CC=CC,True,True,rdkit+heuristic,True,solute_iso_collision_0001,True,Cc1ccccc1O,Cc1ccccc1O,False,False,none,False,,True,solute:rdkit;solute:heuristic;solute:collision
C/C=C/C,CC1=CC(=CC=C1)O,46.84,1.470175845,molecule_test.csv,True,C/C=C/C,CC=CC,True,True,rdkit+heuristic,True,solute_iso_collision_0001,True,Cc1cccc(O)c1,Cc1cccc(O)c1,False,False,none,False,,True,solute:rdkit;solute:heuristic;solute:collision
CC/C=C/C=C,CCCCCCCCCCCCCCCC,35.0,-0.07575505,molecule_test.csv,True,C=C/C=C/CC,C=CC=CCC,True,True,rdkit+heuristic,True,solute_iso_collision_0005,True,CCCCCCCCCCCCCCCC,CCCCCCCCCCCCCCCC,False,False,none,False,,True,solute:rdkit;solute:heuristic;solute:collision
C1CCC/C=C\CC1,CN1CCCC1=O,60.0,1.386294361,molecule_test.csv,True,C1=C\CCCCCC/1,C1=CCCCCCC1,True,True,rdkit+heuristic,True,solute_iso_collision_0007,True,CN1CCCC1=O,CN1CCCC1=O,False,False,none,False,,True,solute:rdkit;solute:heuristic;solute:collision
CN(C)C=O,CC(=CCC/C(=C/CC/C(=C/CC/C=C(/CC/C=C(/CCC=C(C)C)\C)\C)/C)/C)C,80.0,1.10856262,molecule_test.csv,True,CN(C)C=O,CN(C)C=O,False,False,none,False,,True,CC(C)=CCC/C(C)=C/CC/C(C)=C/CC/C=C(\C)CC/C=C(\C)CCC=C(C)C,CC(C)=CCCC(C)=CCCC(C)=CCCC=C(C)CCC=C(C)CCC=C(C)C,True,True,rdkit+heuristic,True,solvent_iso_collision_0004,True,solvent:rdkit;solvent:heuristic;solvent:collision
CCC(C)O,CCCCC/C=C\C/C=C\CCCCCCCC(=O)O,65.13,0.085259844,molecule_test.csv,True,CCC(C)O,CCC(C)O,False,False,none,False,,True,CCCCC/C=C\C/C=C\CCCCCCCC(=O)O,CCCCCC=CCC=CCCCCCCCC(=O)O,True,True,rdkit+heuristic,True,solvent_iso_collision_0001,True,solvent:rdkit;solvent:heuristic;solvent:collision
C1CCCCC1,CCCCCCCC/C=C\CCCCCCCC(=O)O,75.14,0.0009995,molecule_test.csv,True,C1CCCCC1,C1CCCCC1,False,False,none,False,,True,CCCCCCCC/C=C\CCCCCCCC(=O)O,CCCCCCCCC=CCCCCCCCC(=O)O,True,True,rdkit+heuristic,True,solvent_iso_collision_0002,True,solvent:rdkit;solvent:heuristic;solvent:collision
C/C=C/C,CCC(C)CO,-23.1,1.085189268,molecule_test.csv,True,C/C=C/C,CC=CC,True,True,rdkit+heuristic,True,solute_iso_collision_0001,True,CCC(C)CO,CCC(C)CO,False,False,none,False,,True,solute:rdkit;solute:heuristic;solute:collision
C/C=C\C,C=CC1=CC=CC=C1,-3.08,0.924258902,molecule_test.csv,True,C/C=C\C,CC=CC,True,True,rdkit+heuristic,True,solute_iso_collision_0001,True,C=Cc1ccccc1,C=Cc1ccccc1,False,False,none,False,,True,solute:rdkit;solute:heuristic;solute:collision
C(Cl)(Cl)Cl,CC/C=C\C/C=C\C/C=C\CCCCCCCC(=O)O,50.09,-0.47320876,molecule_test.csv,True,ClC(Cl)Cl,ClC(Cl)Cl,False,False,none,False,,True,CC/C=C\C/C=C\C/C=C\CCCCCCCC(=O)O,CCC=CCC=CCC=CCCCCCCCC(=O)O,True,True,rdkit+heuristic,True,solvent_iso_collision_0003,True,solvent:rdkit;solvent:heuristic;solvent:collision
CCOC(=O)C,CCCCCCCC/C=C\CCCCCCCC(=O)O,75.14,0.122217633,molecule_test.csv,True,CCOC(C)=O,CCOC(C)=O,False,False,none,False,,True,CCCCCCCC/C=C\CCCCCCCC(=O)O,CCCCCCCCC=CCCCCCCCC(=O)O,True,True,rdkit+heuristic,True,solvent_iso_collision_0002,True,solvent:rdkit;solvent:heuristic;solvent:collision
C(Cl)(Cl)Cl,CC/C=C\C/C=C\C/C=C\CCCCCCCC(=O)O,29.98,-0.489390343,molecule_test.csv,True,ClC(Cl)Cl,ClC(Cl)Cl,False,False,none,False,,True,CC/C=C\C/C=C\C/C=C\CCCCCCCC(=O)O,CCC=CCC=CCC=CCCCCCCCC(=O)O,True,True,rdkit+heuristic,True,solvent_iso_collision_0003,True,solvent:rdkit;solvent:heuristic;solvent:collision
CCO,CC/C=C\C/C=C\C/C=C\CCCCCCCC(=O)O,40.1,0.195566784,molecule_test.csv,True,CCO,CCO,False,False,none,False,,True,CC/C=C\C/C=C\C/C=C\CCCCCCCC(=O)O,CCC=CCC=CCC=CCCCCCCCC(=O)O,True,True,rdkit+heuristic,True,solvent_iso_collision_0003,True,solvent:rdkit;solvent:heuristic;solvent:collision
C/C=C/C,CC(=C)CCO,-3.11,1.229640551,molecule_test.csv,True,C/C=C/C,CC=CC,True,True,rdkit+heuristic,True,solute_iso_collision_0001,True,C=C(C)CCO,C=C(C)CCO,False,False,none,False,,True,solute:rdkit;solute:heuristic;solute:collision
C/C=C/C,CCCO,6.88,1.423108334,molecule_test.csv,True,C/C=C/C,CC=CC,True,True,rdkit+heuristic,True,solute_iso_collision_0001,True,CCCO,CCCO,False,False,none,False,,True,solute:rdkit;solute:heuristic;solute:collision
C(CCl)Cl,CC(=CCC/C(=C/CC/C(=C/CC/C=C(/CC/C=C(/CCC=C(C)C)\C)\C)/C)/C)C,80.0,-0.415515444,molecule_test.csv,True,ClCCCl,ClCCCl,False,False,none,False,,True,CC(C)=CCC/C(C)=C/CC/C(C)=C/CC/C=C(\C)CC/C=C(\C)CCC=C(C)C,CC(C)=CCCC(C)=CCCC(C)=CCCC=C(C)CCC=C(C)CCC=C(C)C,True,True,rdkit+heuristic,True,solvent_iso_collision_0004,True,solvent:rdkit;solvent:heuristic;solvent:collision
C/C=C/C,CCC(C)(C)O,-3.13,0.936093359,molecule_test.csv,True,C/C=C/C,CC=CC,True,True,rdkit+heuristic,True,solute_iso_collision_0001,True,CCC(C)(C)O,CCC(C)(C)O,False,False,none,False,,True,solute:rdkit;solute:heuristic;solute:collision
CC/C=C/C=C,CN1CCCC1=O,45.0,1.043804052,molecule_test.csv,True,C=C/C=C/CC,C=CC=CCC,True,True,rdkit+heuristic,True,solute_iso_collision_0005,True,CN1CCCC1=O,CN1CCCC1=O,False,False,none,False,,True,solute:rdkit;solute:heuristic;solute:collision
CCCCCC,CCCCCCCCC=CCCCCCCCC(O)=O,65.21,0.337186267,IDAC_2026_dataset.csv,True,CCCCCC,CCCCCC,False,False,none,False,,True,CCCCCCCCC=CCCCCCCCC(=O)O,CCCCCCCCC=CCCCCCCCC(=O)O,False,False,none,True,solvent_iso_collision_0002,True,solvent:collision
CCCCCC,CCCCCCCCC=CCCCCCCCC(O)=O,75.14,0.28442678,IDAC_2026_dataset.csv,True,CCCCCC,CCCCCC,False,False,none,False,,True,CCCCCCCCC=CCCCCCCCC(=O)O,CCCCCCCCC=CCCCCCCCC(=O)O,False,False,none,True,solvent_iso_collision_0002,True,solvent:collision
CCCCCC,CCCCCCCCC=CCCCCCCCC(O)=O,75.21,0.293415604,IDAC_2026_dataset.csv,True,CCCCCC,CCCCCC,False,False,none,False,,True,CCCCCCCCC=CCCCCCCCC(=O)O,CCCCCCCCC=CCCCCCCCC(=O)O,False,False,none,True,solvent_iso_collision_0002,True,solvent:collision
CCCCCC,CCCCCCCCC=CCCCCCCCC(O)=O,85.13,0.263901544,IDAC_2026_dataset.csv,True,CCCCCC,CCCCCC,False,False,none,False,,True,CCCCCCCCC=CCCCCCCCC(=O)O,CCCCCCCCC=CCCCCCCCC(=O)O,False,False,none,True,solvent_iso_collision_0002,True,solvent:collision
CCCCCC,CCCCCC=CCC=CCCCCCCCC(O)=O,65.13,0.786637524,IDAC_2026_dataset.csv,True,CCCCCC,CCCCCC,False,False,none,False,,True,CCCCCC=CCC=CCCCCCCCC(=O)O,CCCCCC=CCC=CCCCCCCCC(=O)O,False,False,none,True,solvent_iso_collision_0001,True,solvent:collision
CCCCCC,CCCCCC=CCC=CCCCCCCCC(O)=O,75.16,0.938443537,IDAC_2026_dataset.csv,True,CCCCCC,CCCCCC,False,False,none,False,,True,CCCCCC=CCC=CCCCCCCCC(=O)O,CCCCCC=CCC=CCCCCCCCC(=O)O,False,False,none,True,solvent_iso_collision_0001,True,solvent:collision
CCCCCC,CCCCCC=CCC=CCCCCCCCC(O)=O,75.13,0.925844945,IDAC_2026_dataset.csv,True,CCCCCC,CCCCCC,False,False,none,False,,True,CCCCCC=CCC=CCCCCCCCC(=O)O,CCCCCC=CCC=CCCCCCCCC(=O)O,False,False,none,True,solvent_iso_collision_0001,True,solvent:collision
CCCCCC,CCCCCC=CCC=CCCCCCCCC(O)=O,85.15,1.075684784,IDAC_2026_dataset.csv,True,CCCCCC,CCCCCC,False,False,none,False,,True,CCCCCC=CCC=CCCCCCCCC(=O)O,CCCCCC=CCC=CCCCCCCCC(=O)O,False,False,none,True,solvent_iso_collision_0001,True,solvent:collision
CCCCCC,CCC=CCC=CCC=CCCCCCCCC(O)=O,29.98,1.308062513,IDAC_2026_dataset.csv,True,CCCCCC,CCCCCC,False,False,none,False,,True,CCC=CCC=CCC=CCCCCCCCC(=O)O,CCC=CCC=CCC=CCCCCCCCC(=O)O,False,False,none,True,solvent_iso_collision_0003,True,solvent:collision
CCCCCC,CCC=CCC=CCC=CCCCCCCCC(O)=O,40.1,1.068496665,IDAC_2026_dataset.csv,True,CCCCCC,CCCCCC,False,False,none,False,,True,CCC=CCC=CCC=CCCCCCCCC(=O)O,CCC=CCC=CCC=CCCCCCCCC(=O)O,False,False,none,True,solvent_iso_collision_0003,True,solvent:collision
CCCCCC,CCC=CCC=CCC=CCCCCCCCC(O)=O,50.01,1.195738999,IDAC_2026_dataset.csv,True,CCCCCC,CCCCCC,False,False,none,False,,True,CCC=CCC=CCC=CCCCCCCCC(=O)O,CCC=CCC=CCC=CCCCCCCCC(=O)O,False,False,none,True,solvent_iso_collision_0003,True,solvent:collision
CCCCCC,CC(=CCCC(=CCCC(=CCCC=C(C)CCC=C(C)CCC=C(C)C)C)C)C,30.0,-0.289016295,IDAC_2026_dataset.csv,True,CCCCCC,CCCCCC,False,False,none,False,,True,CC(C)=CCCC(C)=CCCC(C)=CCCC=C(C)CCC=C(C)CCC=C(C)C,CC(C)=CCCC(C)=CCCC(C)=CCCC=C(C)CCC=C(C)CCC=C(C)C,False,False,none,True,solvent_iso_collision_0004,True,solvent:collision
CCCCCC,CC(=CCCC(=CCCC(=CCCC=C(C)CCC=C(C)CCC=C(C)C)C)C)C,80.0,-0.371063681,IDAC_2026_dataset.csv,True,CCCCCC,CCCCCC,False,False,none,False,,True,CC(C)=CCCC(C)=CCCC(C)=CCCC=C(C)CCC=C(C)CCC=C(C)C,CC(C)=CCCC(C)=CCCC(C)=CCCC=C(C)CCC=C(C)CCC=C(C)C,False,False,none,True,solvent_iso_collision_0004,True,solvent:collision
C1CCCCC1,CCCCCCCCC=CCCCCCCCC(O)=O,65.21,0.060153923,IDAC_2026_dataset.csv,True,C1CCCCC1,C1CCCCC1,False,False,none,False,,True,CCCCCCCCC=CCCCCCCCC(=O)O,CCCCCCCCC=CCCCCCCCC(=O)O,False,False,none,True,solvent_iso_collision_0002,True,solvent:collision
C1CCCCC1,CCCCCCCCC=CCCCCCCCC(O)=O,75.14,0.0009995,IDAC_2026_dataset.csv,True,C1CCCCC1,C1CCCCC1,False,False,none,False,,True,CCCCCCCCC=CCCCCCCCC(=O)O,CCCCCCCCC=CCCCCCCCC(=O)O,False,False,none,True,solvent_iso_collision_0002,True,solvent:collision
C1CCCCC1,CCCCCCCCC=CCCCCCCCC(O)=O,75.21,0.01093994,IDAC_2026_dataset.csv,True,C1CCCCC1,C1CCCCC1,False,False,none,False,,True,CCCCCCCCC=CCCCCCCCC(=O)O,CCCCCCCCC=CCCCCCCCC(=O)O,False,False,none,True,solvent_iso_collision_0002,True,solvent:collision
C1CCCCC1,CCCCCCCCC=CCCCCCCCC(O)=O,85.13,0.301584978,IDAC_2026_dataset.csv,True,C1CCCCC1,C1CCCCC1,False,False,none,False,,True,CCCCCCCCC=CCCCCCCCC(=O)O,CCCCCCCCC=CCCCCCCCC(=O)O,False,False,none,True,solvent_iso_collision_0002,True,solvent:collision
C1CCCCC1,CCCCCC=CCC=CCCCCCCCC(O)=O,65.13,0.400787519,IDAC_2026_dataset.csv,True,C1CCCCC1,C1CCCCC1,False,False,none,False,,True,CCCCCC=CCC=CCCCCCCCC(=O)O,CCCCCC=CCC=CCCCCCCCC(=O)O,False,False,none,True,solvent_iso_collision_0001,True,solvent:collision
C1CCCCC1,CCCCCC=CCC=CCCCCCCCC(O)=O,65.13,0.396087946,IDAC_2026_dataset.csv,True,C1CCCCC1,C1CCCCC1,False,False,none,False,,True,CCCCCC=CCC=CCCCCCCCC(=O)O,CCCCCC=CCC=CCCCCCCCC(=O)O,False,False,none,True,solvent_iso_collision_0001,True,solvent:collision
C1CCCCC1,CCCCCC=CCC=CCCCCCCCC(O)=O,75.16,0.535908404,IDAC_2026_dataset.csv,True,C1CCCCC1,C1CCCCC1,False,False,none,False,,True,CCCCCC=CCC=CCCCCCCCC(=O)O,CCCCCC=CCC=CCCCCCCCC(=O)O,False,False,none,True,solvent_iso_collision_0001,True,solvent:collision
C1CCCCC1,CCCCCC=CCC=CCCCCCCCC(O)=O,75.13,0.532978428,IDAC_2026_dataset.csv,True,C1CCCCC1,C1CCCCC1,False,False,none,False,,True,CCCCCC=CCC=CCCCCCCCC(=O)O,CCCCCC=CCC=CCCCCCCCC(=O)O,False,False,none,True,solvent_iso_collision_0001,True,solvent:collision
C1CCCCC1,CCCCCC=CCC=CCCCCCCCC(O)=O,85.15,0.706063406,IDAC_2026_dataset.csv,True,C1CCCCC1,C1CCCCC1,False,False,none,False,,True,CCCCCC=CCC=CCCCCCCCC(=O)O,CCCCCC=CCC=CCCCCCCCC(=O)O,False,False,none,True,solvent_iso_collision_0001,True,solvent:collision
C1CCCCC1,CCC=CCC=CCC=CCCCCCCCC(O)=O,29.98,0.856965266,IDAC_2026_dataset.csv,True,C1CCCCC1,C1CCCCC1,False,False,none,False,,True,CCC=CCC=CCC=CCCCCCCCC(=O)O,CCC=CCC=CCC=CCCCCCCCC(=O)O,False,False,none,True,solvent_iso_collision_0003,True,solvent:collision
C1CCCCC1,CCC=CCC=CCC=CCCCCCCCC(O)=O,40.09,0.64867269,IDAC_2026_dataset.csv,True,C1CCCCC1,C1CCCCC1,False,False,none,False,,True,CCC=CCC=CCC=CCCCCCCCC(=O)O,CCC=CCC=CCC=CCCCCCCCC(=O)O,False,False,none,True,solvent_iso_collision_0003,True,solvent:collision
C1CCCCC1,CCC=CCC=CCC=CCCCCCCCC(O)=O,40.1,0.631271777,IDAC_2026_dataset.csv,True,C1CCCCC1,C1CCCCC1,False,False,none,False,,True,CCC=CCC=CCC=CCCCCCCCC(=O)O,CCC=CCC=CCC=CCCCCCCCC(=O)O,False,False,none,True,solvent_iso_collision_0003,True,solvent:collision
C1CCCCC1,CCC=CCC=CCC=CCCCCCCCC(O)=O,50.01,0.713439884,IDAC_2026_dataset.csv,True,C1CCCCC1,C1CCCCC1,False,False,none,False,,True,CCC=CCC=CCC=CCCCCCCCC(=O)O,CCC=CCC=CCC=CCCCCCCCC(=O)O,False,False,none,True,solvent_iso_collision_0003,True,solvent:collision
CCC(C)CC,CC(=CCCC(=CCCC(=CCCC=C(C)CCC=C(C)CCC=C(C)C)C)C)C,30.0,-0.30788478,IDAC_2026_dataset.csv,True,CCC(C)CC,CCC(C)CC,False,False,none,False,,True,CC(C)=CCCC(C)=CCCC(C)=CCCC=C(C)CCC=C(C)CCC=C(C)C,CC(C)=CCCC(C)=CCCC(C)=CCCC=C(C)CCC=C(C)CCC=C(C)C,False,False,none,True,solvent_iso_collision_0004,True,solvent:collision
CCCCCCC,CCCCCCCCC=CCCCCCCCC(O)=O,65.21,0.416075287,IDAC_2026_dataset.csv,True,CCCCCCC,CCCCCCC,False,False,none,False,,True,CCCCCCCCC=CCCCCCCCC(=O)O,CCCCCCCCC=CCCCCCCCC(=O)O,False,False,none,True,solvent_iso_collision_0002,True,solvent:collision
CCCCCCC,CCCCCCCCC=CCCCCCCCC(O)=O,75.14,0.356274864,IDAC_2026_dataset.csv,True,CCCCCCC,CCCCCCC,False,False,none,False,,True,CCCCCCCCC=CCCCCCCCC(=O)O,CCCCCCCCC=CCCCCCCCC(=O)O,False,False,none,True,solvent_iso_collision_0002,True,solvent:collision
CCCCCCC,CCCCCCCCC=CCCCCCCCC(O)=O,75.21,0.384581897,IDAC_2026_dataset.csv,True,CCCCCCC,CCCCCCC,False,False,none,False,,True,CCCCCCCCC=CCCCCCCCC(=O)O,CCCCCCCCC=CCCCCCCCC(=O)O,False,False,none,True,solvent_iso_collision_0002,True,solvent:collision
CCCCCCC,CCCCCCCCC=CCCCCCCCC(O)=O,85.13,0.314080546,IDAC_2026_dataset.csv,True,CCCCCCC,CCCCCCC,False,False,none,False,,True,CCCCCCCCC=CCCCCCCCC(=O)O,CCCCCCCCC=CCCCCCCCC(=O)O,False,False,none,True,solvent_iso_collision_0002,True,solvent:collision
CCCCCCC,CCCCCC=CCC=CCCCCCCCC(O)=O,65.13,0.842428883,IDAC_2026_dataset.csv,True,CCCCCCC,CCCCCCC,False,False,none,False,,True,CCCCCC=CCC=CCCCCCCCC(=O)O,CCCCCC=CCC=CCCCCCCCC(=O)O,False,False,none,True,solvent_iso_collision_0001,True,solvent:collision
CCCCCCC,CCCCCC=CCC=CCCCCCCCC(O)=O,75.16,1.006497,IDAC_2026_dataset.csv,True,CCCCCCC,CCCCCCC,False,False,none,False,,True,CCCCCC=CCC=CCCCCCCCC(=O)O,CCCCCC=CCC=CCCCCCCCC(=O)O,False,False,none,True,solvent_iso_collision_0001,True,solvent:collision
CCCCCCC,CCCCCC=CCC=CCCCCCCCC(O)=O,75.13,0.985070247,IDAC_2026_dataset.csv,True,CCCCCCC,CCCCCCC,False,False,none,False,,True,CCCCCC=CCC=CCCCCCCCC(=O)O,CCCCCC=CCC=CCCCCCCCC(=O)O,False,False,none,True,solvent_iso_collision_0001,True,solvent:collision
CCCCCCC,CCCCCC=CCC=CCCCCCCCC(O)=O,85.15,1.173101141,IDAC_2026_dataset.csv,True,CCCCCCC,CCCCCCC,False,False,none,False,,True,CCCCCC=CCC=CCCCCCCCC(=O)O,CCCCCC=CCC=CCCCCCCCC(=O)O,False,False,none,True,solvent_iso_collision_0001,True,solvent:collision
CCCCCCC,CCC=CCC=CCC=CCCCCCCCC(O)=O,29.98,1.343908645,IDAC_2026_dataset.csv,True,CCCCCCC,CCCCCCC,False,False,none,False,,True,CCC=CCC=CCC=CCCCCCCCC(=O)O,CCC=CCC=CCC=CCCCCCCCC(=O)O,False,False,none,True,solvent_iso_collision_0003,True,solvent:collision
CCCCCCC,CCC=CCC=CCC=CCCCCCCCC(O)=O,40.1,1.12037378,IDAC_2026_dataset.csv,True,CCCCCCC,CCCCCCC,False,False,none,False,,True,CCC=CCC=CCC=CCCCCCCCC(=O)O,CCC=CCC=CCC=CCCCCCCCC(=O)O,False,False,none,True,solvent_iso_collision_0003,True,solvent:collision
CCCCCCC,CCC=CCC=CCC=CCCCCCCCC(O)=O,50.01,1.182953437,IDAC_2026_dataset.csv,True,CCCCCCC,CCCCCCC,False,False,none,False,,True,CCC=CCC=CCC=CCCCCCCCC(=O)O,CCC=CCC=CCC=CCCCCCCCC(=O)O,False,False,none,True,solvent_iso_collision_0003,True,solvent:collision
CCCCCCC,CC(=CCCC(=CCCC(=CCCC=C(C)CCC=C(C)CCC=C(C)C)C)C)C,30.0,0.172271221,IDAC_2026_dataset.csv,True,CCCCCCC,CCCCCCC,False,False,none,False,,True,CC(C)=CCCC(C)=CCCC(C)=CCCC=C(C)CCC=C(C)CCC=C(C)C,CC(C)=CCCC(C)=CCCC(C)=CCCC=C(C)CCC=C(C)CCC=C(C)C,False,False,none,True,solvent_iso_collision_0004,True,solvent:collision
CC(C)CC(C)C,CC(=CCCC(=CCCC(=CCCC=C(C)CCC=C(C)CCC=C(C)C)C)C)C,30.0,-0.185125484,IDAC_2026_dataset.csv,True,CC(C)CC(C)C,CC(C)CC(C)C,False,False,none,False,,True,CC(C)=CCCC(C)=CCCC(C)=CCCC=C(C)CCC=C(C)CCC=C(C)C,CC(C)=CCCC(C)=CCCC(C)=CCCC=C(C)CCC=C(C)CCC=C(C)C,False,False,none,True,solvent_iso_collision_0004,True,solvent:collision
CC(C)CC(C)(C)C,CCCCCCCCC=CCCCCCCCC(O)=O,65.21,0.486737828,IDAC_2026_dataset.csv,True,CC(C)CC(C)(C)C,CC(C)CC(C)(C)C,False,False,none,False,,True,CCCCCCCCC=CCCCCCCCC(=O)O,CCCCCCCCC=CCCCCCCCC(=O)O,False,False,none,True,solvent_iso_collision_0002,True,solvent:collision
CC(C)CC(C)(C)C,CCCCCCCCC=CCCCCCCCC(O)=O,75.14,0.418052224,IDAC_2026_dataset.csv,True,CC(C)CC(C)(C)C,CC(C)CC(C)(C)C,False,False,none,False,,True,CCCCCCCCC=CCCCCCCCC(=O)O,CCCCCCCCC=CCCCCCCCC(=O)O,False,False,none,True,solvent_iso_collision_0002,True,solvent:collision
CC(C)CC(C)(C)C,CCCCCCCCC=CCCCCCCCC(O)=O,75.21,0.434376452,IDAC_2026_dataset.csv,True,CC(C)CC(C)(C)C,CC(C)CC(C)(C)C,False,False,none,False,,True,CCCCCCCCC=CCCCCCCCC(=O)O,CCCCCCCCC=CCCCCCCCC(=O)O,False,False,none,True,solvent_iso_collision_0002,True,solvent:collision
CC(C)CC(C)(C)C,CCCCCCCCC=CCCCCCCCC(O)=O,85.13,0.390013004,IDAC_2026_dataset.csv,True,CC(C)CC(C)(C)C,CC(C)CC(C)(C)C,False,False,none,False,,True,CCCCCCCCC=CCCCCCCCC(=O)O,CCCCCCCCC=CCCCCCCCC(=O)O,False,False,none,True,solvent_iso_collision_0002,True,solvent:collision
CC(C)CC(C)(C)C,CCCCCC=CCC=CCCCCCCCC(O)=O,65.13,0.889535995,IDAC_2026_dataset.csv,True,CC(C)CC(C)(C)C,CC(C)CC(C)(C)C,False,False,none,False,,True,CCCCCC=CCC=CCCCCCCCC(=O)O,CCCCCC=CCC=CCCCCCCCC(=O)O,False,False,none,True,solvent_iso_collision_0001,True,solvent:collision
CC(C)CC(C)(C)C,CCCCCC=CCC=CCCCCCCCC(O)=O,75.16,1.090244039,IDAC_2026_dataset.csv,True,CC(C)CC(C)(C)C,CC(C)CC(C)(C)C,False,False,none,False,,True,CCCCCC=CCC=CCCCCCCCC(=O)O,CCCCCC=CCC=CCCCCCCCC(=O)O,False,False,none,True,solvent_iso_collision_0001,True,solvent:collision
CC(C)CC(C)(C)C,CCCCCC=CCC=CCCCCCCCC(O)=O,75.13,1.085864716,IDAC_2026_dataset.csv,True,CC(C)CC(C)(C)C,CC(C)CC(C)(C)C,False,False,none,False,,True,CCCCCC=CCC=CCCCCCCCC(=O)O,CCCCCC=CCC=CCCCCCCCC(=O)O,False,False,none,True,solvent_iso_collision_0001,True,solvent:collision
CC(C)CC(C)(C)C,CCCCCC=CCC=CCCCCCCCC(O)=O,85.15,1.289783461,IDAC_2026_dataset.csv,True,CC(C)CC(C)(C)C,CC(C)CC(C)(C)C,False,False,none,False,,True,CCCCCC=CCC=CCCCCCCCC(=O)O,CCCCCC=CCC=CCCCCCCCC(=O)O,False,False,none,True,solvent_iso_collision_0001,True,solvent:collision
CC(C)CC(C)(C)C,CCC=CCC=CCC=CCCCCCCCC(O)=O,29.98,1.519513205,IDAC_2026_dataset.csv,True,CC(C)CC(C)(C)C,CC(C)CC(C)(C)C,False,False,none,False,,True,CCC=CCC=CCC=CCCCCCCCC(=O)O,CCC=CCC=CCC=CCCCCCCCC(=O)O,False,False,none,True,solvent_iso_collision_0003,True,solvent:collision
CC(C)CC(C)(C)C,CCC=CCC=CCC=CCCCCCCCC(O)=O,40.1,1.262713299,IDAC_2026_dataset.csv,True,CC(C)CC(C)(C)C,CC(C)CC(C)(C)C,False,False,none,False,,True,CCC=CCC=CCC=CCCCCCCCC(=O)O,CCC=CCC=CCC=CCCCCCCCC(=O)O,False,False,none,True,solvent_iso_collision_0003,True,solvent:collision
CC(C)CC(C)(C)C,CCC=CCC=CCC=CCCCCCCCC(O)=O,50.01,1.38928987,IDAC_2026_dataset.csv,True,CC(C)CC(C)(C)C,CC(C)CC(C)(C)C,False,False,none,False,,True,CCC=CCC=CCC=CCCCCCCCC(=O)O,CCC=CCC=CCC=CCCCCCCCC(=O)O,False,False,none,True,solvent_iso_collision_0003,True,solvent:collision
CC1CCCCC1C,O=CN1CCOCC1,40.1,3.356897123,IDAC_2026_dataset.csv,True,CC1CCCCC1C,CC1CCCCC1C,False,False,none,True,solute_iso_collision_0004,True,O=CN1CCOCC1,O=CN1CCOCC1,False,False,none,False,,True,solute:collision
CC1CCCCC1C,O=CN1CCOCC1,59.5,3.139832618,IDAC_2026_dataset.csv,True,CC1CCCCC1C,CC1CCCCC1C,False,False,none,True,solute_iso_collision_0004,True,O=CN1CCOCC1,O=CN1CCOCC1,False,False,none,False,,True,solute:collision
CC1CCCCC1C,O=CN1CCOCC1,79.3,2.867898902,IDAC_2026_dataset.csv,True,CC1CCCCC1C,CC1CCCCC1C,False,False,none,True,solute_iso_collision_0004,True,O=CN1CCOCC1,O=CN1CCOCC1,False,False,none,False,,True,solute:collision
CC1CCCCC1C,O=CN1CCOCC1,100.2,2.714694744,IDAC_2026_dataset.csv,True,CC1CCCCC1C,CC1CCCCC1C,False,False,none,True,solute_iso_collision_0004,True,O=CN1CCOCC1,O=CN1CCOCC1,False,False,none,False,,True,solute:collision
CC1CCCCC1C,O=CN1CCOCC1,61.71,3.079153882,IDAC_2026_dataset.csv,True,CC1CCCCC1C,CC1CCCCC1C,False,False,none,True,solute_iso_collision_0004,True,O=CN1CCOCC1,O=CN1CCOCC1,False,False,none,False,,True,solute:collision
CC1CCCCC1C,O=CN1CCOCC1,79.94,2.950211758,IDAC_2026_dataset.csv,True,CC1CCCCC1C,CC1CCCCC1C,False,False,none,True,solute_iso_collision_0004,True,O=CN1CCOCC1,O=CN1CCOCC1,False,False,none,False,,True,solute:collision
CC1CCCCC1C,CCCCCCCCCCCCCCCCCCC(CCCCCCCCCCCCCCCCCC)CCCCC(CCCCCCCCCCCCCCCCCC)CCCCCCCCCCCCCCCCCC,100.0,-1.272965676,IDAC_2026_dataset.csv,True,CC1CCCCC1C,CC1CCCCC1C,False,False,none,True,solute_iso_collision_0004,True,CCCCCCCCCCCCCCCCCCC(CCCCCCCCCCCCCCCCCC)CCCCC(CCCCCCCCCCCCCCCCCC)CCCCCCCCCCCCCCCCCC,CCCCCCCCCCCCCCCCCCC(CCCCCCCCCCCCCCCCCC)CCCCC(CCCCCCCCCCCCCCCCCC)CCCCCCCCCCCCCCCCCC,False,False,none,False,,True,solute:collision
CC1CCCCC1C,CCCCCCCCCCCCCCCCCCC(CCCCCCCCCCCCCCCCCC)CCCCC(CCCCCCCCCCCCCCCCCC)CCCCCCCCCCCCCCCCCC,115.0,-1.248273063,IDAC_2026_dataset.csv,True,CC1CCCCC1C,CC1CCCCC1C,False,False,none,True,solute_iso_collision_0004,True,CCCCCCCCCCCCCCCCCCC(CCCCCCCCCCCCCCCCCC)CCCCC(CCCCCCCCCCCCCCCCCC)CCCCCCCCCCCCCCCCCC,CCCCCCCCCCCCCCCCCCC(CCCCCCCCCCCCCCCCCC)CCCCC(CCCCCCCCCCCCCCCCCC)CCCCCCCCCCCCCCCCCC,False,False,none,False,,True,solute:collision
CC1CCCCC1C,CCCCCCCCCCCCCCCCCCC(CCCCCCCCCCCCCCCCCC)CCCCC(CCCCCCCCCCCCCCCCCC)CCCCCCCCCCCCCCCCCC,130.0,-1.237874356,IDAC_2026_dataset.csv,True,CC1CCCCC1C,CC1CCCCC1C,False,False,none,True,solute_iso_collision_0004,True,CCCCCCCCCCCCCCCCCCC(CCCCCCCCCCCCCCCCCC)CCCCC(CCCCCCCCCCCCCCCCCC)CCCCCCCCCCCCCCCCCC,CCCCCCCCCCCCCCCCCCC(CCCCCCCCCCCCCCCCCC)CCCCC(CCCCCCCCCCCCCCCCCC)CCCCCCCCCCCCCCCCCC,False,False,none,False,,True,solute:collision
CC1CCCCC1C,CCCCCCCCCCCCCCCCCCC(CCCCCCCCCCCCCCCCCC)CCCCC(CCCCCCCCCCCCCCCCCC)CCCCCCCCCCCCCCCCCC,145.0,-1.244794799,IDAC_2026_dataset.csv,True,CC1CCCCC1C,CC1CCCCC1C,False,False,none,True,solute_iso_collision_0004,True,CCCCCCCCCCCCCCCCCCC(CCCCCCCCCCCCCCCCCC)CCCCC(CCCCCCCCCCCCCCCCCC)CCCCCCCCCCCCCCCCCC,CCCCCCCCCCCCCCCCCCC(CCCCCCCCCCCCCCCCCC)CCCCC(CCCCCCCCCCCCCCCCCC)CCCCCCCCCCCCCCCCCC,False,False,none,False,,True,solute:collision
CC1CCCCC1C,CCCCCCCCCCCCCCCCCCC(CCCCCCCCCCCCCCCCCC)CCCCC(CCCCCCCCCCCCCCCCCC)CCCCCCCCCCCCCCCCCC,160.0,-1.220779923,IDAC_2026_dataset.csv,True,CC1CCCCC1C,CC1CCCCC1C,False,False,none,True,solute_iso_collision_0004,True,CCCCCCCCCCCCCCCCCCC(CCCCCCCCCCCCCCCCCC)CCCCC(CCCCCCCCCCCCCCCCCC)CCCCCCCCCCCCCCCCCC,CCCCCCCCCCCCCCCCCCC(CCCCCCCCCCCCCCCCCC)CCCCC(CCCCCCCCCCCCCCCCCC)CCCCCCCCCCCCCCCCCC,False,False,none,False,,True,solute:collision
CC1CCCCC1C,CCCOC(=O)c1ccccc1C(OCCC)=O,120.0,0.746687947,IDAC_2026_dataset.csv,True,CC1CCCCC1C,CC1CCCCC1C,False,False,none,True,solute_iso_collision_0004,True,CCCOC(=O)c1ccccc1C(=O)OCCC,CCCOC(=O)c1ccccc1C(=O)OCCC,False,False,none,False,,True,solute:collision
CC1CCCCC1C,CCCCOC(=O)c1ccccc1C(OCCCC)=O,120.0,0.609765572,IDAC_2026_dataset.csv,True,CC1CCCCC1C,CC1CCCCC1C,False,False,none,True,solute_iso_collision_0004,True,CCCCOC(=O)c1ccccc1C(=O)OCCCC,CCCCOC(=O)c1ccccc1C(=O)OCCCC,False,False,none,False,,True,solute:collision
CC1CCCCC1C,CCCCCCOC(=O)c1ccccc1C(OCCCCCC)=O,120.0,0.31481074,IDAC_2026_dataset.csv,True,CC1CCCCC1C,CC1CCCCC1C,False,False,none,True,solute_iso_collision_0004,True,CCCCCCOC(=O)c1ccccc1C(=O)OCCCCCC,CCCCCCOC(=O)c1ccccc1C(=O)OCCCCCC,False,False,none,False,,True,solute:collision
CC1CCCCC1C,CCCCCCCCOC(=O)c1ccccc1C(=O)OCCCCCCCC,120.0,0.039220713,IDAC_2026_dataset.csv,True,CC1CCCCC1C,CC1CCCCC1C,False,False,none,True,solute_iso_collision_0004,True,CCCCCCCCOC(=O)c1ccccc1C(=O)OCCCCCCCC,CCCCCCCCOC(=O)c1ccccc1C(=O)OCCCCCCCC,False,False,none,False,,True,solute:collision
CC1CCCCC1C,CCCCCCCCCCOC(=O)c1ccccc1C(OCCCCCCCCCC)=O,120.0,-0.083381609,IDAC_2026_dataset.csv,True,CC1CCCCC1C,CC1CCCCC1C,False,False,none,True,solute_iso_collision_0004,True,CCCCCCCCCCOC(=O)c1ccccc1C(=O)OCCCCCCCCCC,CCCCCCCCCCOC(=O)c1ccccc1C(=O)OCCCCCCCCCC,False,False,none,False,,True,solute:collision
CC1CCCCC1C,CC(C)OC(=O)c1ccccc1C(=O)OC(C)C,120.0,0.737164066,IDAC_2026_dataset.csv,True,CC1CCCCC1C,CC1CCCCC1C,False,False,none,True,solute_iso_collision_0004,True,CC(C)OC(=O)c1ccccc1C(=O)OC(C)C,CC(C)OC(=O)c1ccccc1C(=O)OC(C)C,False,False,none,False,,True,solute:collision
CC1CCCCC1C,C=CCOC(=O)c1ccccc1C(OCC=C)=O,120.0,1.071583616,IDAC_2026_dataset.csv,True,CC1CCCCC1C,CC1CCCCC1C,False,False,none,True,solute_iso_collision_0004,True,C=CCOC(=O)c1ccccc1C(=O)OCC=C,C=CCOC(=O)c1ccccc1C(=O)OCC=C,False,False,none,False,,True,solute:collision
CC1CCCCC1C,CCC(C)OC(=O)c1ccccc1C(=O)OC(C)CC,120.0,0.604315967,IDAC_2026_dataset.csv,True,CC1CCCCC1C,CC1CCCCC1C,False,False,none,True,solute_iso_collision_0004,True,CCC(C)OC(=O)c1ccccc1C(=O)OC(C)CC,CCC(C)OC(=O)c1ccccc1C(=O)OC(C)CC,False,False,none,False,,True,solute:collision
CC1CCCCC1C,CC(C)COC(=O)c1ccccc1C(OCC(C)C)=O,120.0,0.604315967,IDAC_2026_dataset.csv,True,CC1CCCCC1C,CC1CCCCC1C,False,False,none,True,solute_iso_collision_0004,True,CC(C)COC(=O)c1ccccc1C(=O)OCC(C)C,CC(C)COC(=O)c1ccccc1C(=O)OCC(C)C,False,False,none,False,,True,solute:collision
CC1CCCCC1C,CCCCCCCCCOC(=O)c1ccccc1C(OCCCCCCCCC)=O,120.0,0.019802627,IDAC_2026_dataset.csv,True,CC1CCCCC1C,CC1CCCCC1C,False,False,none,True,solute_iso_collision_0004,True,CCCCCCCCCOC(=O)c1ccccc1C(=O)OCCCCCCCCC,CCCCCCCCCOC(=O)c1ccccc1C(=O)OCCCCCCCCC,False,False,none,False,,True,solute:collision
CC1CCCCC1C,CCCCCCOC(=O)C1=CC(=CC=C1)C(=O)OCCCCCC,120.0,0.131028262,IDAC_2026_dataset.csv,True,CC1CCCCC1C,CC1CCCCC1C,False,False,none,True,solute_iso_collision_0004,True,CCCCCCOC(=O)c1cccc(C(=O)OCCCCCC)c1,CCCCCCOC(=O)c1cccc(C(=O)OCCCCCC)c1,False,False,none,False,,True,solute:collision
CC1CCCCC1C,CCCCCCOC(=O)C1=CC=C(C=C1)C(=O)OCCCCCC,120.0,0.104360015,IDAC_2026_dataset.csv,True,CC1CCCCC1C,CC1CCCCC1C,False,False,none,True,solute_iso_collision_0004,True,CCCCCCOC(=O)c1ccc(C(=O)OCCCCCC)cc1,CCCCCCOC(=O)c1ccc(C(=O)OCCCCCC)cc1,False,False,none,False,,True,solute:collision
CC1CCCCC1C,CCCC(=O)Oc1ccccc1OC(=O)CCC,120.0,0.928219303,IDAC_2026_dataset.csv,True,CC1CCCCC1C,CC1CCCCC1C,False,False,none,True,solute_iso_collision_0004,True,CCCC(=O)Oc1ccccc1OC(=O)CCC,CCCC(=O)Oc1ccccc1OC(=O)CCC,False,False,none,False,,True,solute:collision
CC1CCCCC1C,CCCCOC(=O)c1c(Cl)c(Cl)c(Cl)c(Cl)c1C(=O)OCCCC,120.0,0.157003749,IDAC_2026_dataset.csv,True,CC1CCCCC1C,CC1CCCCC1C,False,False,none,True,solute_iso_collision_0004,True,CCCCOC(=O)c1c(Cl)c(Cl)c(Cl)c(Cl)c1C(=O)OCCCC,CCCCOC(=O)c1c(Cl)c(Cl)c(Cl)c(Cl)c1C(=O)OCCCC,False,False,none,False,,True,solute:collision
CC1CCCCC1C,CCCCOC(=O)COC(=O)c1ccccc1C(=O)OCCCC,120.0,0.819779831,IDAC_2026_dataset.csv,True,CC1CCCCC1C,CC1CCCCC1C,False,False,none,True,solute_iso_collision_0004,True,CCCCOC(=O)COC(=O)c1ccccc1C(=O)OCCCC,CCCCOC(=O)COC(=O)c1ccccc1C(=O)OCCCC,False,False,none,False,,True,solute:collision
CC1CCCCC1C,CCCCCCOC(=O)CCCCC(=O)OCCCCCC,120.0,0.113328685,IDAC_2026_dataset.csv,True,CC1CCCCC1C,CC1CCCCC1C,False,False,none,True,solute_iso_collision_0004,True,CCCCCCOC(=O)CCCCC(=O)OCCCCCC,CCCCCCOC(=O)CCCCC(=O)OCCCCCC,False,False,none,False,,True,solute:collision
CC1CCCCC1C,CCCCCCOC(=O)CCCCCCC(=O)OCCCCCC,120.0,0.009950331,IDAC_2026_dataset.csv,True,CC1CCCCC1C,CC1CCCCC1C,False,False,none,True,solute_iso_collision_0004,True,CCCCCCOC(=O)CCCCCCC(=O)OCCCCCC,CCCCCCOC(=O)CCCCCCC(=O)OCCCCCC,False,False,none,False,,True,solute:collision
CC1CCCCC1C,O=CN1CCOCC1,40.1,3.265759411,IDAC_2026_dataset.csv,True,CC1CCCCC1C,CC1CCCCC1C,False,False,none,True,solute_iso_collision_0004,True,O=CN1CCOCC1,O=CN1CCOCC1,False,False,none,False,,True,solute:collision
CC1CCCCC1C,O=CN1CCOCC1,59.5,3.025291076,IDAC_2026_dataset.csv,True,CC1CCCCC1C,CC1CCCCC1C,False,False,none,True,solute_iso_collision_0004,True,O=CN1CCOCC1,O=CN1CCOCC1,False,False,none,False,,True,solute:collision
CC1CCCCC1C,O=CN1CCOCC1,79.3,2.867898902,IDAC_2026_dataset.csv,True,CC1CCCCC1C,CC1CCCCC1C,False,False,none,True,solute_iso_collision_0004,True,O=CN1CCOCC1,O=CN1CCOCC1,False,False,none,False,,True,solute:collision
CC1CCCCC1C,O=CN1CCOCC1,100.2,2.646174797,IDAC_2026_dataset.csv,True,CC1CCCCC1C,CC1CCCCC1C,False,False,none,True,solute_iso_collision_0004,True,O=CN1CCOCC1,O=CN1CCOCC1,False,False,none,False,,True,solute:collision
CC1CCCCC1C,O=CN1CCOCC1,61.71,2.978586115,IDAC_2026_dataset.csv,True,CC1CCCCC1C,CC1CCCCC1C,False,False,none,True,solute_iso_collision_0004,True,O=CN1CCOCC1,O=CN1CCOCC1,False,False,none,False,,True,solute:collision
CC1CCCCC1C,O=CN1CCOCC1,79.94,2.85474458,IDAC_2026_dataset.csv,True,CC1CCCCC1C,CC1CCCCC1C,False,False,none,True,solute_iso_collision_0004,True,O=CN1CCOCC1,O=CN1CCOCC1,False,False,none,False,,True,solute:collision
CC1CCCCC1C,CCCCCCCCCCCCCCCCCCC(CCCCCCCCCCCCCCCCCC)CCCCC(CCCCCCCCCCCCCCCCCC)CCCCCCCCCCCCCCCCCC,100.0,-1.305636458,IDAC_2026_dataset.csv,True,CC1CCCCC1C,CC1CCCCC1C,False,False,none,True,solute_iso_collision_0004,True,CCCCCCCCCCCCCCCCCCC(CCCCCCCCCCCCCCCCCC)CCCCC(CCCCCCCCCCCCCCCCCC)CCCCCCCCCCCCCCCCCC,CCCCCCCCCCCCCCCCCCC(CCCCCCCCCCCCCCCCCC)CCCCC(CCCCCCCCCCCCCCCCCC)CCCCCCCCCCCCCCCCCC,False,False,none,False,,True,solute:collision
CC1CCCCC1C,CCCCCCCCCCCCCCCCCCC(CCCCCCCCCCCCCCCCCC)CCCCC(CCCCCCCCCCCCCCCCCC)CCCCCCCCCCCCCCCCCC,115.0,-1.283737773,IDAC_2026_dataset.csv,True,CC1CCCCC1C,CC1CCCCC1C,False,False,none,True,solute_iso_collision_0004,True,CCCCCCCCCCCCCCCCCCC(CCCCCCCCCCCCCCCCCC)CCCCC(CCCCCCCCCCCCCCCCCC)CCCCCCCCCCCCCCCCCC,CCCCCCCCCCCCCCCCCCC(CCCCCCCCCCCCCCCCCC)CCCCC(CCCCCCCCCCCCCCCCCC)CCCCCCCCCCCCCCCCCC,False,False,none,False,,True,solute:collision
CC1CCCCC1C,CCCCCCCCCCCCCCCCCCC(CCCCCCCCCCCCCCCCCC)CCCCC(CCCCCCCCCCCCCCCCCC)CCCCCCCCCCCCCCCCCC,130.0,-1.276543497,IDAC_2026_dataset.csv,True,CC1CCCCC1C,CC1CCCCC1C,False,False,none,True,solute_iso_collision_0004,True,CCCCCCCCCCCCCCCCCCC(CCCCCCCCCCCCCCCCCC)CCCCC(CCCCCCCCCCCCCCCCCC)CCCCCCCCCCCCCCCCCC,CCCCCCCCCCCCCCCCCCC(CCCCCCCCCCCCCCCCCC)CCCCC(CCCCCCCCCCCCCCCCCC)CCCCCCCCCCCCCCCCCC,False,False,none,False,,True,solute:collision
CC1CCCCC1C,CCCCCCCCCCCCCCCCCCC(CCCCCCCCCCCCCCCCCC)CCCCC(CCCCCCCCCCCCCCCCCC)CCCCCCCCCCCCCCCCCC,145.0,-1.272965676,IDAC_2026_dataset.csv,True,CC1CCCCC1C,CC1CCCCC1C,False,False,none,True,solute_iso_collision_0004,True,CCCCCCCCCCCCCCCCCCC(CCCCCCCCCCCCCCCCCC)CCCCC(CCCCCCCCCCCCCCCCCC)CCCCCCCCCCCCCCCCCC,CCCCCCCCCCCCCCCCCCC(CCCCCCCCCCCCCCCCCC)CCCCC(CCCCCCCCCCCCCCCCCC)CCCCCCCCCCCCCCCCCC,False,False,none,False,,True,solute:collision
CC1CCCCC1C,CCCCCCCCCCCCCCCCCCC(CCCCCCCCCCCCCCCCCC)CCCCC(CCCCCCCCCCCCCCCCCC)CCCCCCCCCCCCCCCCCC,160.0,-1.255266099,IDAC_2026_dataset.csv,True,CC1CCCCC1C,CC1CCCCC1C,False,False,none,True,solute_iso_collision_0004,True,CCCCCCCCCCCCCCCCCCC(CCCCCCCCCCCCCCCCCC)CCCCC(CCCCCCCCCCCCCCCCCC)CCCCCCCCCCCCCCCCCC,CCCCCCCCCCCCCCCCCCC(CCCCCCCCCCCCCCCCCC)CCCCC(CCCCCCCCCCCCCCCCCC)CCCCCCCCCCCCCCCCCC,False,False,none,False,,True,solute:collision
CC1CCCCC1C,CCCOC(=O)c1ccccc1C(OCCC)=O,120.0,0.708035793,IDAC_2026_dataset.csv,True,CC1CCCCC1C,CC1CCCCC1C,False,False,none,True,solute_iso_collision_0004,True,CCCOC(=O)c1ccccc1C(=O)OCCC,CCCOC(=O)c1ccccc1C(=O)OCCC,False,False,none,False,,True,solute:collision
CC1CCCCC1C,CCCCOC(=O)c1ccccc1C(OCCCC)=O,120.0,0.587786665,IDAC_2026_dataset.csv,True,CC1CCCCC1C,CC1CCCCC1C,False,False,none,True,solute_iso_collision_0004,True,CCCCOC(=O)c1ccccc1C(=O)OCCCC,CCCCOC(=O)c1ccccc1C(=O)OCCCC,False,False,none,False,,True,solute:collision
CC1CCCCC1C,CCCCCCOC(=O)c1ccccc1C(OCCCCCC)=O,120.0,0.285178942,IDAC_2026_dataset.csv,True,CC1CCCCC1C,CC1CCCCC1C,False,False,none,True,solute_iso_collision_0004,True,CCCCCCOC(=O)c1ccccc1C(=O)OCCCCCC,CCCCCCOC(=O)c1ccccc1C(=O)OCCCCCC,False,False,none,False,,True,solute:collision
CC1CCCCC1C,CCCCCCCCOC(=O)c1ccccc1C(=O)OCCCCCCCC,120.0,0.019802627,IDAC_2026_dataset.csv,True,CC1CCCCC1C,CC1CCCCC1C,False,False,none,True,solute_iso_collision_0004,True,CCCCCCCCOC(=O)c1ccccc1C(=O)OCCCCCCCC,CCCCCCCCOC(=O)c1ccccc1C(=O)OCCCCCCCC,False,False,none,False,,True,solute:collision
CC1CCCCC1C,CCCCCCCCCCOC(=O)c1ccccc1C(OCCCCCCCCCC)=O,120.0,-0.094310679,IDAC_2026_dataset.csv,True,CC1CCCCC1C,CC1CCCCC1C,False,False,none,True,solute_iso_collision_0004,True,CCCCCCCCCCOC(=O)c1ccccc1C(=O)OCCCCCCCCCC,CCCCCCCCCCOC(=O)c1ccccc1C(=O)OCCCCCCCCCC,False,False,none,False,,True,solute:collision
CC1CCCCC1C,CC(C)OC(=O)c1ccccc1C(=O)OC(C)C,120.0,0.693147181,IDAC_2026_dataset.csv,True,CC1CCCCC1C,CC1CCCCC1C,False,False,none,True,solute_iso_collision_0004,True,CC(C)OC(=O)c1ccccc1C(=O)OC(C)C,CC(C)OC(=O)c1ccccc1C(=O)OC(C)C,False,False,none,False,,True,solute:collision
CC1CCCCC1C,C=CCOC(=O)c1ccccc1C(OCC=C)=O,120.0,1.029619417,IDAC_2026_dataset.csv,True,CC1CCCCC1C,CC1CCCCC1C,False,False,none,True,solute_iso_collision_0004,True,C=CCOC(=O)c1ccccc1C(=O)OCC=C,C=CCOC(=O)c1ccccc1C(=O)OCC=C,False,False,none,False,,True,solute:collision
CC1CCCCC1C,CCC(C)OC(=O)c1ccccc1C(=O)OC(C)CC,120.0,0.570979547,IDAC_2026_dataset.csv,True,CC1CCCCC1C,CC1CCCCC1C,False,False,none,True,solute_iso_collision_0004,True,CCC(C)OC(=O)c1ccccc1C(=O)OC(C)CC,CCC(C)OC(=O)c1ccccc1C(=O)OC(C)CC,False,False,none,False,,True,solute:collision
CC1CCCCC1C,CC(C)COC(=O)c1ccccc1C(OCC(C)C)=O,120.0,0.565313809,IDAC_2026_dataset.csv,True,CC1CCCCC1C,CC1CCCCC1C,False,False,none,True,solute_iso_collision_0004,True,CC(C)COC(=O)c1ccccc1C(=O)OCC(C)C,CC(C)COC(=O)c1ccccc1C(=O)OCC(C)C,False,False,none,False,,True,solute:collision
CC1CCCCC1C,CCCCCCCCCOC(=O)c1ccccc1C(OCCCCCCCCC)=O,120.0,-0.010050336,IDAC_2026_dataset.csv,True,CC1CCCCC1C,CC1CCCCC1C,False,False,none,True,solute_iso_collision_0004,True,CCCCCCCCCOC(=O)c1ccccc1C(=O)OCCCCCCCCC,CCCCCCCCCOC(=O)c1ccccc1C(=O)OCCCCCCCCC,False,False,none,False,,True,solute:collision
CC1CCCCC1C,CCCCCCOC(=O)C1=CC(=CC=C1)C(=O)OCCCCCC,120.0,0.113328685,IDAC_2026_dataset.csv,True,CC1CCCCC1C,CC1CCCCC1C,False,False,none,True,solute_iso_collision_0004,True,CCCCCCOC(=O)c1cccc(C(=O)OCCCCCC)c1,CCCCCCOC(=O)c1cccc(C(=O)OCCCCCC)c1,False,False,none,False,,True,solute:collision
CC1CCCCC1C,CCCCCCOC(=O)C1=CC=C(C=C1)C(=O)OCCCCCC,120.0,0.122217633,IDAC_2026_dataset.csv,True,CC1CCCCC1C,CC1CCCCC1C,False,False,none,True,solute_iso_collision_0004,True,CCCCCCOC(=O)c1ccc(C(=O)OCCCCCC)cc1,CCCCCCOC(=O)c1ccc(C(=O)OCCCCCC)cc1,False,False,none,False,,True,solute:collision
CC1CCCCC1C,CCCC(=O)Oc1ccccc1OC(=O)CCC,120.0,0.896088025,IDAC_2026_dataset.csv,True,CC1CCCCC1C,CC1CCCCC1C,False,False,none,True,solute_iso_collision_0004,True,CCCC(=O)Oc1ccccc1OC(=O)CCC,CCCC(=O)Oc1ccccc1OC(=O)CCC,False,False,none,False,,True,solute:collision
CC1CCCCC1C,CCCCOC(=O)c1c(Cl)c(Cl)c(Cl)c(Cl)c1C(=O)OCCCC,120.0,0.157003749,IDAC_2026_dataset.csv,True,CC1CCCCC1C,CC1CCCCC1C,False,False,none,True,solute_iso_collision_0004,True,CCCCOC(=O)c1c(Cl)c(Cl)c(Cl)c(Cl)c1C(=O)OCCCC,CCCCOC(=O)c1c(Cl)c(Cl)c(Cl)c(Cl)c1C(=O)OCCCC,False,False,none,False,,True,solute:collision
CC1CCCCC1C,CCCCOC(=O)COC(=O)c1ccccc1C(=O)OCCCC,120.0,0.779324877,IDAC_2026_dataset.csv,True,CC1CCCCC1C,CC1CCCCC1C,False,False,none,True,solute_iso_collision_0004,True,CCCCOC(=O)COC(=O)c1ccccc1C(=O)OCCCC,CCCCOC(=O)COC(=O)c1ccccc1C(=O)OCCCC,False,False,none,False,,True,solute:collision
CC1CCCCC1C,CCCCCCOC(=O)CCCCC(=O)OCCCCCC,120.0,0.09531018,IDAC_2026_dataset.csv,True,CC1CCCCC1C,CC1CCCCC1C,False,False,none,True,solute_iso_collision_0004,True,CCCCCCOC(=O)CCCCC(=O)OCCCCCC,CCCCCCOC(=O)CCCCC(=O)OCCCCCC,False,False,none,False,,True,solute:collision
CC1CCCCC1C,CCCCCCOC(=O)CCCCCCC(=O)OCCCCCC,120.0,-0.061875404,IDAC_2026_dataset.csv,True,CC1CCCCC1C,CC1CCCCC1C,False,False,none,True,solute_iso_collision_0004,True,CCCCCCOC(=O)CCCCCCC(=O)OCCCCCC,CCCCCCOC(=O)CCCCCCC(=O)OCCCCCC,False,False,none,False,,True,solute:collision
c1ccccc1,CC(=CCCC(=CCCC(=CCCC=C(C)CCC=C(C)CCC=C(C)C)C)C)C,80.0,-0.695149183,IDAC_2026_dataset.csv,True,c1ccccc1,c1ccccc1,False,False,none,False,,True,CC(C)=CCCC(C)=CCCC(C)=CCCC=C(C)CCC=C(C)CCC=C(C)C,CC(C)=CCCC(C)=CCCC(C)=CCCC=C(C)CCC=C(C)CCC=C(C)C,False,False,none,True,solvent_iso_collision_0004,True,solvent:collision
Cc1ccccc1,CCCCCCCCC=CCCCCCCCC(O)=O,65.21,-0.077961541,IDAC_2026_dataset.csv,True,Cc1ccccc1,Cc1ccccc1,False,False,none,False,,True,CCCCCCCCC=CCCCCCCCC(=O)O,CCCCCCCCC=CCCCCCCCC(=O)O,False,False,none,True,solvent_iso_collision_0002,True,solvent:collision
Cc1ccccc1,CCCCCCCCC=CCCCCCCCC(O)=O,75.14,-0.113168698,IDAC_2026_dataset.csv,True,Cc1ccccc1,Cc1ccccc1,False,False,none,False,,True,CCCCCCCCC=CCCCCCCCC(=O)O,CCCCCCCCC=CCCCCCCCC(=O)O,False,False,none,True,solvent_iso_collision_0002,True,solvent:collision
Cc1ccccc1,CCCCCCCCC=CCCCCCCCC(O)=O,75.21,-0.145025772,IDAC_2026_dataset.csv,True,Cc1ccccc1,Cc1ccccc1,False,False,none,False,,True,CCCCCCCCC=CCCCCCCCC(=O)O,CCCCCCCCC=CCCCCCCCC(=O)O,False,False,none,True,solvent_iso_collision_0002,True,solvent:collision
Cc1ccccc1,CCCCCCCCC=CCCCCCCCC(O)=O,85.13,-0.160168752,IDAC_2026_dataset.csv,True,Cc1ccccc1,Cc1ccccc1,False,False,none,False,,True,CCCCCCCCC=CCCCCCCCC(=O)O,CCCCCCCCC=CCCCCCCCC(=O)O,False,False,none,True,solvent_iso_collision_0002,True,solvent:collision
Cc1ccccc1,CCCCCC=CCC=CCCCCCCCC(O)=O,65.13,0.092579181,IDAC_2026_dataset.csv,True,Cc1ccccc1,Cc1ccccc1,False,False,none,False,,True,CCCCCC=CCC=CCCCCCCCC(=O)O,CCCCCC=CCC=CCCCCCCCC(=O)O,False,False,none,True,solvent_iso_collision_0001,True,solvent:collision
Cc1ccccc1,CCCCCC=CCC=CCCCCCCCC(O)=O,65.13,0.089840704,IDAC_2026_dataset.csv,True,Cc1ccccc1,Cc1ccccc1,False,False,none,False,,True,CCCCCC=CCC=CCCCCCCCC(=O)O,CCCCCC=CCC=CCCCCCCCC(=O)O,False,False,none,True,solvent_iso_collision_0001,True,solvent:collision
Cc1ccccc1,CCCCCC=CCC=CCCCCCCCC(O)=O,75.16,0.152721087,IDAC_2026_dataset.csv,True,Cc1ccccc1,Cc1ccccc1,False,False,none,False,,True,CCCCCC=CCC=CCCCCCCCC(=O)O,CCCCCC=CCC=CCCCCCCCC(=O)O,False,False,none,True,solvent_iso_collision_0001,True,solvent:collision
Cc1ccccc1,CCCCCC=CCC=CCCCCCCCC(O)=O,75.13,0.175632569,IDAC_2026_dataset.csv,True,Cc1ccccc1,Cc1ccccc1,False,False,none,False,,True,CCCCCC=CCC=CCCCCCCCC(=O)O,CCCCCC=CCC=CCCCCCCCC(=O)O,False,False,none,True,solvent_iso_collision_0001,True,solvent:collision
Cc1ccccc1,CCCCCC=CCC=CCCCCCCCC(O)=O,85.15,0.233489843,IDAC_2026_dataset.csv,True,Cc1ccccc1,Cc1ccccc1,False,False,none,False,,True,CCCCCC=CCC=CCCCCCCCC(=O)O,CCCCCC=CCC=CCCCCCCCC(=O)O,False,False,none,True,solvent_iso_collision_0001,True,solvent:collision
Cc1ccccc1,CCC=CCC=CCC=CCCCCCCCC(O)=O,40.1,0.157858085,IDAC_2026_dataset.csv,True,Cc1ccccc1,Cc1ccccc1,False,False,none,False,,True,CCC=CCC=CCC=CCCCCCCCC(=O)O,CCC=CCC=CCC=CCCCCCCCC(=O)O,False,False,none,True,solvent_iso_collision_0003,True,solvent:collision
Cc1ccccc1,CCC=CCC=CCC=CCCCCCCCC(O)=O,50.01,0.185649347,IDAC_2026_dataset.csv,True,Cc1ccccc1,Cc1ccccc1,False,False,none,False,,True,CCC=CCC=CCC=CCCCCCCCC(=O)O,CCC=CCC=CCC=CCCCCCCCC(=O)O,False,False,none,True,solvent_iso_collision_0003,True,solvent:collision
CCc1ccccc1,CCCCCCCCC=CCCCCCCCC(O)=O,65.21,0.050693114,IDAC_2026_dataset.csv,True,CCc1ccccc1,CCc1ccccc1,False,False,none,False,,True,CCCCCCCCC=CCCCCCCCC(=O)O,CCCCCCCCC=CCCCCCCCC(=O)O,False,False,none,True,solvent_iso_collision_0002,True,solvent:collision
CCc1ccccc1,CCCCCCCCC=CCCCCCCCC(O)=O,75.14,-0.009040745,IDAC_2026_dataset.csv,True,CCc1ccccc1,CCc1ccccc1,False,False,none,False,,True,CCCCCCCCC=CCCCCCCCC(=O)O,CCCCCCCCC=CCCCCCCCC(=O)O,False,False,none,True,solvent_iso_collision_0002,True,solvent:collision
CCc1ccccc1,CCCCCCCCC=CCCCCCCCC(O)=O,75.21,-0.036663984,IDAC_2026_dataset.csv,True,CCc1ccccc1,CCc1ccccc1,False,False,none,False,,True,CCCCCCCCC=CCCCCCCCC(=O)O,CCCCCCCCC=CCCCCCCCC(=O)O,False,False,none,True,solvent_iso_collision_0002,True,solvent:collision
CCc1ccccc1,CCCCCCCCC=CCCCCCCCC(O)=O,85.13,-0.038740828,IDAC_2026_dataset.csv,True,CCc1ccccc1,CCc1ccccc1,False,False,none,False,,True,CCCCCCCCC=CCCCCCCCC(=O)O,CCCCCCCCC=CCCCCCCCC(=O)O,False,False,none,True,solvent_iso_collision_0002,True,solvent:collision
CCc1ccccc1,CCCCCC=CCC=CCCCCCCCC(O)=O,65.13,0.239803992,IDAC_2026_dataset.csv,True,CCc1ccccc1,CCc1ccccc1,False,False,none,False,,True,CCCCCC=CCC=CCCCCCCCC(=O)O,CCCCCC=CCC=CCCCCCCCC(=O)O,False,False,none,True,solvent_iso_collision_0001,True,solvent:collision
CCc1ccccc1,CCCCCC=CCC=CCCCCCCCC(O)=O,75.16,0.309688153,IDAC_2026_dataset.csv,True,CCc1ccccc1,CCc1ccccc1,False,False,none,False,,True,CCCCCC=CCC=CCCCCCCCC(=O)O,CCCCCC=CCC=CCCCCCCCC(=O)O,False,False,none,True,solvent_iso_collision_0001,True,solvent:collision
CCc1ccccc1,CCCCCC=CCC=CCCCCCCCC(O)=O,75.13,0.302324349,IDAC_2026_dataset.csv,True,CCc1ccccc1,CCc1ccccc1,False,False,none,False,,True,CCCCCC=CCC=CCCCCCCCC(=O)O,CCCCCC=CCC=CCCCCCCCC(=O)O,False,False,none,True,solvent_iso_collision_0001,True,solvent:collision
CCc1ccccc1,CCCCCC=CCC=CCCCCCCCC(O)=O,85.15,0.396760667,IDAC_2026_dataset.csv,True,CCc1ccccc1,CCc1ccccc1,False,False,none,False,,True,CCCCCC=CCC=CCCCCCCCC(=O)O,CCCCCC=CCC=CCCCCCCCC(=O)O,False,False,none,True,solvent_iso_collision_0001,True,solvent:collision
CC=CC=C,CCC(=O)NC,24.0,1.241268589,IDAC_2026_dataset.csv,True,C=CC=CC,C=CC=CC,False,False,none,True,solute_iso_collision_0002,True,CCC(=O)NC,CCC(=O)NC,False,False,none,False,,True,solute:collision
CC=CC=C,CCC(=O)NC,40.0,1.128171091,IDAC_2026_dataset.csv,True,C=CC=CC,C=CC=CC,False,False,none,True,solute_iso_collision_0002,True,CCC(=O)NC,CCC(=O)NC,False,False,none,False,,True,solute:collision
CC=CC=C,CCC(=O)NC,70.0,1.088561953,IDAC_2026_dataset.csv,True,C=CC=CC,C=CC=CC,False,False,none,True,solute_iso_collision_0002,True,CCC(=O)NC,CCC(=O)NC,False,False,none,False,,True,solute:collision
CC=CC=C,CNC(C)=O,40.0,1.439835128,IDAC_2026_dataset.csv,True,C=CC=CC,C=CC=CC,False,False,none,True,solute_iso_collision_0002,True,CNC(C)=O,CNC(C)=O,False,False,none,False,,True,solute:collision
CC=CC=C,CNC(C)=O,70.0,1.373715579,IDAC_2026_dataset.csv,True,C=CC=CC,C=CC=CC,False,False,none,True,solute_iso_collision_0002,True,CNC(C)=O,CNC(C)=O,False,False,none,False,,True,solute:collision
CC=CC=C,CNC(C)=O,170.0,1.255616037,IDAC_2026_dataset.csv,True,C=CC=CC,C=CC=CC,False,False,none,True,solute_iso_collision_0002,True,CNC(C)=O,CNC(C)=O,False,False,none,False,,True,solute:collision
CC=CC=C,CN[S](C)(=O)=O,24.0,3.234749174,IDAC_2026_dataset.csv,True,C=CC=CC,C=CC=CC,False,False,none,True,solute_iso_collision_0002,True,CNS(C)(=O)=O,CNS(C)(=O)=O,False,False,none,False,,True,solute:collision
CC=CC=C,CN[S](C)(=O)=O,40.0,3.068052935,IDAC_2026_dataset.csv,True,C=CC=CC,C=CC=CC,False,False,none,True,solute_iso_collision_0002,True,CNS(C)(=O)=O,CNS(C)(=O)=O,False,False,none,False,,True,solute:collision
CC=CC=C,CN[S](C)(=O)=O,70.0,2.867898902,IDAC_2026_dataset.csv,True,C=CC=CC,C=CC=CC,False,False,none,True,solute_iso_collision_0002,True,CNS(C)(=O)=O,CNS(C)(=O)=O,False,False,none,False,,True,solute:collision
CC=CC=C,CCNC(C)=O,24.0,1.205970807,IDAC_2026_dataset.csv,True,C=CC=CC,C=CC=CC,False,False,none,True,solute_iso_collision_0002,True,CCNC(C)=O,CCNC(C)=O,False,False,none,False,,True,solute:collision
CC=CC=C,CCNC(C)=O,40.0,1.095273387,IDAC_2026_dataset.csv,True,C=CC=CC,C=CC=CC,False,False,none,True,solute_iso_collision_0002,True,CCNC(C)=O,CCNC(C)=O,False,False,none,False,,True,solute:collision
CC=CC=C,CCNC(C)=O,70.0,1.050821625,IDAC_2026_dataset.csv,True,C=CC=CC,C=CC=CC,False,False,none,True,solute_iso_collision_0002,True,CCNC(C)=O,CCNC(C)=O,False,False,none,False,,True,solute:collision
CC=CC=C,CNC=O,24.0,2.284421122,IDAC_2026_dataset.csv,True,C=CC=CC,C=CC=CC,False,False,none,True,solute_iso_collision_0002,True,CNC=O,CNC=O,False,False,none,False,,True,solute:collision
CC=CC=C,CNC=O,40.0,2.118662255,IDAC_2026_dataset.csv,True,C=CC=CC,C=CC=CC,False,False,none,True,solute_iso_collision_0002,True,CNC=O,CNC=O,False,False,none,False,,True,solute:collision
CC=CC=C,CNC=O,70.0,1.981001469,IDAC_2026_dataset.csv,True,C=CC=CC,C=CC=CC,False,False,none,True,solute_iso_collision_0002,True,CNC=O,CNC=O,False,False,none,False,,True,solute:collision
CC=CC=C,CCC(=O)N(C)C,24.0,0.722705983,IDAC_2026_dataset.csv,True,C=CC=CC,C=CC=CC,False,False,none,True,solute_iso_collision_0002,True,CCC(=O)N(C)C,CCC(=O)N(C)C,False,False,none,False,,True,solute:collision
CC=CC=C,CCC(=O)N(C)C,40.0,0.494696242,IDAC_2026_dataset.csv,True,C=CC=CC,C=CC=CC,False,False,none,True,solute_iso_collision_0002,True,CCC(=O)N(C)C,CCC(=O)N(C)C,False,False,none,False,,True,solute:collision
CC=CC=C,CN1CCCC1=O,24.0,1.01523068,IDAC_2026_dataset.csv,True,C=CC=CC,C=CC=CC,False,False,none,True,solute_iso_collision_0002,True,CN1CCCC1=O,CN1CCCC1=O,False,False,none,False,,True,solute:collision
CC=CC=C,CN1CCCC1=O,40.0,0.810930216,IDAC_2026_dataset.csv,True,C=CC=CC,C=CC=CC,False,False,none,True,solute_iso_collision_0002,True,CN1CCCC1=O,CN1CCCC1=O,False,False,none,False,,True,solute:collision
CC=CC=C,CN(C)C(C)=O,24.0,1.033184483,IDAC_2026_dataset.csv,True,C=CC=CC,C=CC=CC,False,False,none,True,solute_iso_collision_0002,True,CC(=O)N(C)C,CC(=O)N(C)C,False,False,none,False,,True,solute:collision
CC=CC=C,CN(C)C(C)=O,40.0,0.783901544,IDAC_2026_dataset.csv,True,C=CC=CC,C=CC=CC,False,False,none,True,solute_iso_collision_0002,True,CC(=O)N(C)C,CC(=O)N(C)C,False,False,none,False,,True,solute:collision
CC=CC=C,CN(C)C=O,24.0,1.249901736,IDAC_2026_dataset.csv,True,C=CC=CC,C=CC=CC,False,False,none,True,solute_iso_collision_0002,True,CN(C)C=O,CN(C)C=O,False,False,none,False,,True,solute:collision
CC=CC=C,CN(C)C=O,40.0,1.118414916,IDAC_2026_dataset.csv,True,C=CC=CC,C=CC=CC,False,False,none,True,solute_iso_collision_0002,True,CN(C)C=O,CN(C)C=O,False,False,none,False,,True,solute:collision
CC=CC=C,CCCCCCCCCCCCCCCC,50.0,-0.133531393,IDAC_2026_dataset.csv,True,C=CC=CC,C=CC=CC,False,False,none,True,solute_iso_collision_0002,True,CCCCCCCCCCCCCCCC,CCCCCCCCCCCCCCCC,False,False,none,False,,True,solute:collision
CC=CC=C,CCCCCCCCCCCCCCCC,60.0,0.00796817,IDAC_2026_dataset.csv,True,C=CC=CC,C=CC=CC,False,False,none,True,solute_iso_collision_0002,True,CCCCCCCCCCCCCCCC,CCCCCCCCCCCCCCCC,False,False,none,False,,True,solute:collision
CC=CC=C,CCCCCCCCCCCCCCCC,70.0,-0.171975265,IDAC_2026_dataset.csv,True,C=CC=CC,C=CC=CC,False,False,none,True,solute_iso_collision_0002,True,CCCCCCCCCCCCCCCC,CCCCCCCCCCCCCCCC,False,False,none,False,,True,solute:collision
CC=CC=C,CCCCCCCCCCCCCCCC,80.0,-0.205794913,IDAC_2026_dataset.csv,True,C=CC=CC,C=CC=CC,False,False,none,True,solute_iso_collision_0002,True,CCCCCCCCCCCCCCCC,CCCCCCCCCCCCCCCC,False,False,none,False,,True,solute:collision
CC=CC=C,CCCCCCCCCCCCCCCC,90.0,-0.216913002,IDAC_2026_dataset.csv,True,C=CC=CC,C=CC=CC,False,False,none,True,solute_iso_collision_0002,True,CCCCCCCCCCCCCCCC,CCCCCCCCCCCCCCCC,False,False,none,False,,True,solute:collision
CC=CC=C,CN1CCCC1=O,35.0,1.211940974,IDAC_2026_dataset.csv,True,C=CC=CC,C=CC=CC,False,False,none,True,solute_iso_collision_0002,True,CN1CCCC1=O,CN1CCCC1=O,False,False,none,False,,True,solute:collision
CC=CC=C,CN1CCCC1=O,40.0,1.181727195,IDAC_2026_dataset.csv,True,C=CC=CC,C=CC=CC,False,False,none,True,solute_iso_collision_0002,True,CN1CCCC1=O,CN1CCCC1=O,False,False,none,False,,True,solute:collision
CC=CC=C,CN1CCCC1=O,45.0,1.17557333,IDAC_2026_dataset.csv,True,C=CC=CC,C=CC=CC,False,False,none,True,solute_iso_collision_0002,True,CN1CCCC1=O,CN1CCCC1=O,False,False,none,False,,True,solute:collision
CC=CC=C,CCC(=O)NC,24.0,1.208960346,IDAC_2026_dataset.csv,True,C=CC=CC,C=CC=CC,False,False,none,True,solute_iso_collision_0002,True,CCC(=O)NC,CCC(=O)NC,False,False,none,False,,True,solute:collision
CC=CC=C,CCC(=O)NC,40.0,1.101940079,IDAC_2026_dataset.csv,True,C=CC=CC,C=CC=CC,False,False,none,True,solute_iso_collision_0002,True,CCC(=O)NC,CCC(=O)NC,False,False,none,False,,True,solute:collision
CC=CC=C,CCC(=O)NC,70.0,1.061256502,IDAC_2026_dataset.csv,True,C=CC=CC,C=CC=CC,False,False,none,True,solute_iso_collision_0002,True,CCC(=O)NC,CCC(=O)NC,False,False,none,False,,True,solute:collision
CC=CC=C,CNC(C)=O,40.0,1.401182974,IDAC_2026_dataset.csv,True,C=CC=CC,C=CC=CC,False,False,none,True,solute_iso_collision_0002,True,CNC(C)=O,CNC(C)=O,False,False,none,False,,True,solute:collision
CC=CC=C,CNC(C)=O,70.0,1.342864803,IDAC_2026_dataset.csv,True,C=CC=CC,C=CC=CC,False,False,none,True,solute_iso_collision_0002,True,CNC(C)=O,CNC(C)=O,False,False,none,False,,True,solute:collision
CC=CC=C,CNC(C)=O,170.0,1.302912752,IDAC_2026_dataset.csv,True,C=CC=CC,C=CC=CC,False,False,none,True,solute_iso_collision_0002,True,CNC(C)=O,CNC(C)=O,False,False,none,False,,True,solute:collision
CC=CC=C,CN[S](C)(=O)=O,24.0,3.135494216,IDAC_2026_dataset.csv,True,C=CC=CC,C=CC=CC,False,False,none,True,solute_iso_collision_0002,True,CNS(C)(=O)=O,CNS(C)(=O)=O,False,False,none,False,,True,solute:collision
CC=CC=C,CN[S](C)(=O)=O,40.0,2.985681938,IDAC_2026_dataset.csv,True,C=CC=CC,C=CC=CC,False,False,none,True,solute_iso_collision_0002,True,CNS(C)(=O)=O,CNS(C)(=O)=O,False,False,none,False,,True,solute:collision
CC=CC=C,CN[S](C)(=O)=O,70.0,2.785011242,IDAC_2026_dataset.csv,True,C=CC=CC,C=CC=CC,False,False,none,True,solute_iso_collision_0002,True,CNS(C)(=O)=O,CNS(C)(=O)=O,False,False,none,False,,True,solute:collision
CC=CC=C,CCNC(C)=O,24.0,1.17557333,IDAC_2026_dataset.csv,True,C=CC=CC,C=CC=CC,False,False,none,True,solute_iso_collision_0002,True,CCNC(C)=O,CCNC(C)=O,False,False,none,False,,True,solute:collision
CC=CC=C,CCNC(C)=O,40.0,1.061256502,IDAC_2026_dataset.csv,True,C=CC=CC,C=CC=CC,False,False,none,True,solute_iso_collision_0002,True,CCNC(C)=O,CCNC(C)=O,False,False,none,False,,True,solute:collision
CC=CC=C,CCNC(C)=O,70.0,1.022450928,IDAC_2026_dataset.csv,True,C=CC=CC,C=CC=CC,False,False,none,True,solute_iso_collision_0002,True,CCNC(C)=O,CCNC(C)=O,False,False,none,False,,True,solute:collision
CC=CC=C,CNC=O,24.0,2.231089091,IDAC_2026_dataset.csv,True,C=CC=CC,C=CC=CC,False,False,none,True,solute_iso_collision_0002,True,CNC=O,CNC=O,False,False,none,False,,True,solute:collision
CC=CC=C,CNC=O,40.0,2.069391206,IDAC_2026_dataset.csv,True,C=CC=CC,C=CC=CC,False,False,none,True,solute_iso_collision_0002,True,CNC=O,CNC=O,False,False,none,False,,True,solute:collision
CC=CC=C,CNC=O,70.0,1.95160817,IDAC_2026_dataset.csv,True,C=CC=CC,C=CC=CC,False,False,none,True,solute_iso_collision_0002,True,CNC=O,CNC=O,False,False,none,False,,True,solute:collision
CC=CC=C,CCC(=O)N(C)C,24.0,0.722705983,IDAC_2026_dataset.csv,True,C=CC=CC,C=CC=CC,False,False,none,True,solute_iso_collision_0002,True,CCC(=O)N(C)C,CCC(=O)N(C)C,False,False,none,False,,True,solute:collision
CC=CC=C,CCC(=O)N(C)C,40.0,0.512823626,IDAC_2026_dataset.csv,True,C=CC=CC,C=CC=CC,False,False,none,True,solute_iso_collision_0002,True,CCC(=O)N(C)C,CCC(=O)N(C)C,False,False,none,False,,True,solute:collision
CC=CC=C,CN1CCCC1=O,24.0,0.97455964,IDAC_2026_dataset.csv,True,C=CC=CC,C=CC=CC,False,False,none,True,solute_iso_collision_0002,True,CN1CCCC1=O,CN1CCCC1=O,False,False,none,False,,True,solute:collision
CC=CC=C,CN1CCCC1=O,40.0,0.765467842,IDAC_2026_dataset.csv,True,C=CC=CC,C=CC=CC,False,False,none,True,solute_iso_collision_0002,True,CN1CCCC1=O,CN1CCCC1=O,False,False,none,False,,True,solute:collision
CC=CC=C,CN(C)C(C)=O,24.0,1.011600912,IDAC_2026_dataset.csv,True,C=CC=CC,C=CC=CC,False,False,none,True,solute_iso_collision_0002,True,CC(=O)N(C)C,CC(=O)N(C)C,False,False,none,False,,True,solute:collision
CC=CC=C,CN(C)C(C)=O,40.0,0.75612198,IDAC_2026_dataset.csv,True,C=CC=CC,C=CC=CC,False,False,none,True,solute_iso_collision_0002,True,CC(=O)N(C)C,CC(=O)N(C)C,False,False,none,False,,True,solute:collision
CC=CC=C,CN(C)C=O,24.0,1.223775432,IDAC_2026_dataset.csv,True,C=CC=CC,C=CC=CC,False,False,none,True,solute_iso_collision_0002,True,CN(C)C=O,CN(C)C=O,False,False,none,False,,True,solute:collision
CC=CC=C,CN(C)C=O,40.0,1.085189268,IDAC_2026_dataset.csv,True,C=CC=CC,C=CC=CC,False,False,none,True,solute_iso_collision_0002,True,CN(C)C=O,CN(C)C=O,False,False,none,False,,True,solute:collision
CC=CC=C,CCCCCCCCCCCCCCCCCC,35.0,-0.144141827,IDAC_2026_dataset.csv,True,C=CC=CC,C=CC=CC,False,False,none,True,solute_iso_collision_0002,True,CCCCCCCCCCCCCCCCCC,CCCCCCCCCCCCCCCCCC,False,False,none,False,,True,solute:collision
CCCCC=C,CCCCCCCCC=CCCCCCCCC(O)=O,65.21,0.19309663,IDAC_2026_dataset.csv,True,C=CCCCC,C=CCCCC,False,False,none,False,,True,CCCCCCCCC=CCCCCCCCC(=O)O,CCCCCCCCC=CCCCCCCCC(=O)O,False,False,none,True,solvent_iso_collision_0002,True,solvent:collision
CCCCC=C,CCCCCCCCC=CCCCCCCCC(O)=O,75.14,0.186479567,IDAC_2026_dataset.csv,True,C=CCCCC,C=CCCCC,False,False,none,False,,True,CCCCCCCCC=CCCCCCCCC(=O)O,CCCCCCCCC=CCCCCCCCC(=O)O,False,False,none,True,solvent_iso_collision_0002,True,solvent:collision
CCCCC=C,CCCCCCCCC=CCCCCCCCC(O)=O,75.21,0.177309015,IDAC_2026_dataset.csv,True,C=CCCCC,C=CCCCC,False,False,none,False,,True,CCCCCCCCC=CCCCCCCCC(=O)O,CCCCCCCCC=CCCCCCCCC(=O)O,False,False,none,True,solvent_iso_collision_0002,True,solvent:collision
CCCCC=C,CCCCCCCCC=CCCCCCCCC(O)=O,85.13,0.141499562,IDAC_2026_dataset.csv,True,C=CCCCC,C=CCCCC,False,False,none,False,,True,CCCCCCCCC=CCCCCCCCC(=O)O,CCCCCCCCC=CCCCCCCCC(=O)O,False,False,none,True,solvent_iso_collision_0002,True,solvent:collision
CCCCC=C,CCCCCC=CCC=CCCCCCCCC(O)=O,65.13,0.545806593,IDAC_2026_dataset.csv,True,C=CCCCC,C=CCCCC,False,False,none,False,,True,CCCCCC=CCC=CCCCCCCCC(=O)O,CCCCCC=CCC=CCCCCCCCC(=O)O,False,False,none,True,solvent_iso_collision_0001,True,solvent:collision
CCCCC=C,CCCCCC=CCC=CCCCCCCCC(O)=O,75.16,0.684106436,IDAC_2026_dataset.csv,True,C=CCCCC,C=CCCCC,False,False,none,False,,True,CCCCCC=CCC=CCCCCCCCC(=O)O,CCCCCC=CCC=CCCCCCCCC(=O)O,False,False,none,True,solvent_iso_collision_0001,True,solvent:collision
CCCCC=C,CCCCCC=CCC=CCCCCCCCC(O)=O,75.13,0.694646057,IDAC_2026_dataset.csv,True,C=CCCCC,C=CCCCC,False,False,none,False,,True,CCCCCC=CCC=CCCCCCCCC(=O)O,CCCCCC=CCC=CCCCCCCCC(=O)O,False,False,none,True,solvent_iso_collision_0001,True,solvent:collision
CCCCC=C,CCCCCC=CCC=CCCCCCCCC(O)=O,85.15,0.858661619,IDAC_2026_dataset.csv,True,C=CCCCC,C=CCCCC,False,False,none,False,,True,CCCCCC=CCC=CCCCCCCCC(=O)O,CCCCCC=CCC=CCCCCCCCC(=O)O,False,False,none,True,solvent_iso_collision_0001,True,solvent:collision
CCCCC=C,CCC=CCC=CCC=CCCCCCCCC(O)=O,29.98,0.924258902,IDAC_2026_dataset.csv,True,C=CCCCC,C=CCCCC,False,False,none,False,,True,CCC=CCC=CCC=CCCCCCCCC(=O)O,CCC=CCC=CCC=CCCCCCCCC(=O)O,False,False,none,True,solvent_iso_collision_0003,True,solvent:collision
CCCCC=C,CCC=CCC=CCC=CCCCCCCCC(O)=O,40.09,0.752830183,IDAC_2026_dataset.csv,True,C=CCCCC,C=CCCCC,False,False,none,False,,True,CCC=CCC=CCC=CCCCCCCCC(=O)O,CCC=CCC=CCC=CCCCCCCCC(=O)O,False,False,none,True,solvent_iso_collision_0003,True,solvent:collision
CCCCC=C,CCC=CCC=CCC=CCCCCCCCC(O)=O,40.1,0.782530742,IDAC_2026_dataset.csv,True,C=CCCCC,C=CCCCC,False,False,none,False,,True,CCC=CCC=CCC=CCCCCCCCC(=O)O,CCC=CCC=CCC=CCCCCCCCC(=O)O,False,False,none,True,solvent_iso_collision_0003,True,solvent:collision
CCCCC=C,CCC=CCC=CCC=CCCCCCCCC(O)=O,50.01,0.897719346,IDAC_2026_dataset.csv,True,C=CCCCC,C=CCCCC,False,False,none,False,,True,CCC=CCC=CCC=CCCCCCCCC(=O)O,CCC=CCC=CCC=CCCCCCCCC(=O)O,False,False,none,True,solvent_iso_collision_0003,True,solvent:collision
CCCCC=C,CC(=CCCC(=CCCC(=CCCC=C(C)CCC=C(C)CCC=C(C)C)C)C)C,80.0,-0.46203546,IDAC_2026_dataset.csv,True,C=CCCCC,C=CCCCC,False,False,none,False,,True,CC(C)=CCCC(C)=CCCC(C)=CCCC=C(C)CCC=C(C)CCC=C(C)C,CC(C)=CCCC(C)=CCCC(C)=CCCC=C(C)CCC=C(C)CCC=C(C)C,False,False,none,True,solvent_iso_collision_0004,True,solvent:collision
CCCC=CC,CCCCCCCCCCCCCCCCCC,35.0,-0.111675377,IDAC_2026_dataset.csv,True,CC=CCCC,CC=CCCC,False,False,none,True,solute_iso_collision_0008,True,CCCCCCCCCCCCCCCCCC,CCCCCCCCCCCCCCCCCC,False,False,none,False,,True,solute:collision
CCCC=CC,CCCCCCCCCCCCCCCCC=C,35.0,-0.147595704,IDAC_2026_dataset.csv,True,CC=CCCC,CC=CCCC,False,False,none,True,solute_iso_collision_0008,True,C=CCCCCCCCCCCCCCCCC,C=CCCCCCCCCCCCCCCCC,False,False,none,False,,True,solute:collision
CCCC=CC,OCCOCCO,25.0,3.923951576,IDAC_2026_dataset.csv,True,CC=CCCC,CC=CCCC,False,False,none,True,solute_iso_collision_0008,True,OCCOCCO,OCCOCCO,False,False,none,False,,True,solute:collision
CCCC=CC,OCCOCCOCCO,25.0,3.42751469,IDAC_2026_dataset.csv,True,CC=CCCC,CC=CCCC,False,False,none,True,solute_iso_collision_0008,True,OCCOCCOCCO,OCCOCCOCCO,False,False,none,False,,True,solute:collision
CCCC=CC,OCCO,25.0,5.590986981,IDAC_2026_dataset.csv,True,CC=CCCC,CC=CCCC,False,False,none,True,solute_iso_collision_0008,True,OCCO,OCCO,False,False,none,False,,True,solute:collision
CCC=CCC,CCCCCCCCCCCCCCCCCC,35.0,-0.078057635,IDAC_2026_dataset.csv,True,CCC=CCC,CCC=CCC,False,False,none,True,solute_iso_collision_0009,True,CCCCCCCCCCCCCCCCCC,CCCCCCCCCCCCCCCCCC,False,False,none,False,,True,solute:collision
CCC=CCC,CCCCCCCCCCCCCCCCC=C,35.0,-0.120655459,IDAC_2026_dataset.csv,True,CCC=CCC,CCC=CCC,False,False,none,True,solute_iso_collision_0009,True,C=CCCCCCCCCCCCCCCCC,C=CCCCCCCCCCCCCCCCC,False,False,none,False,,True,solute:collision
CCC=CCC,CCCCCCCCCCCCCCCC,35.0,-0.052038423,IDAC_2026_dataset.csv,True,CCC=CCC,CCC=CCC,False,False,none,True,solute_iso_collision_0009,True,CCCCCCCCCCCCCCCC,CCCCCCCCCCCCCCCC,False,False,none,False,,True,solute:collision
CCC=CCC,CCCCCCCCCCCCCCC=C,35.0,-0.096017798,IDAC_2026_dataset.csv,True,CCC=CCC,CCC=CCC,False,False,none,True,solute_iso_collision_0009,True,C=CCCCCCCCCCCCCCC,C=CCCCCCCCCCCCCCC,False,False,none,False,,True,solute:collision
CCC=CC=C,CCCCCCCCCCCCCCCC,50.0,-0.427710717,IDAC_2026_dataset.csv,True,C=CC=CCC,C=CC=CCC,False,False,none,True,solute_iso_collision_0005,True,CCCCCCCCCCCCCCCC,CCCCCCCCCCCCCCCC,False,False,none,False,,True,solute:collision
CCC=CC=C,CCCCCCCCCCCCCCCC,60.0,-0.356674944,IDAC_2026_dataset.csv,True,C=CC=CCC,C=CC=CCC,False,False,none,True,solute_iso_collision_0005,True,CCCCCCCCCCCCCCCC,CCCCCCCCCCCCCCCC,False,False,none,False,,True,solute:collision
CCC=CC=C,CCCCCCCCCCCCCCCC,70.0,-0.427710717,IDAC_2026_dataset.csv,True,C=CC=CCC,C=CC=CCC,False,False,none,True,solute_iso_collision_0005,True,CCCCCCCCCCCCCCCC,CCCCCCCCCCCCCCCC,False,False,none,False,,True,solute:collision
CCC=CC=C,CCCCCCCCCCCCCCCC,80.0,-0.444725822,IDAC_2026_dataset.csv,True,C=CC=CCC,C=CC=CCC,False,False,none,True,solute_iso_collision_0005,True,CCCCCCCCCCCCCCCC,CCCCCCCCCCCCCCCC,False,False,none,False,,True,solute:collision
CCC=CC=C,CCCCCCCCCCCCCCCC,90.0,-0.418550348,IDAC_2026_dataset.csv,True,C=CC=CCC,C=CC=CCC,False,False,none,True,solute_iso_collision_0005,True,CCCCCCCCCCCCCCCC,CCCCCCCCCCCCCCCC,False,False,none,False,,True,solute:collision
CCC=CC=C,CN1CCCC1=O,35.0,1.08180517,IDAC_2026_dataset.csv,True,C=CC=CCC,C=CC=CCC,False,False,none,True,solute_iso_collision_0005,True,CN1CCCC1=O,CN1CCCC1=O,False,False,none,False,,True,solute:collision
CCC=CC=C,CN1CCCC1=O,40.0,1.043804052,IDAC_2026_dataset.csv,True,C=CC=CCC,C=CC=CCC,False,False,none,True,solute_iso_collision_0005,True,CN1CCCC1=O,CN1CCCC1=O,False,False,none,False,,True,solute:collision
CCC=CC=C,CN1CCCC1=O,45.0,1.043804052,IDAC_2026_dataset.csv,True,C=CC=CCC,C=CC=CCC,False,False,none,True,solute_iso_collision_0005,True,CN1CCCC1=O,CN1CCCC1=O,False,False,none,False,,True,solute:collision
CCC=CC=C,CCCCCCCCCCCCCCCCCC,35.0,-0.125490888,IDAC_2026_dataset.csv,True,C=CC=CCC,C=CC=CCC,False,False,none,True,solute_iso_collision_0005,True,CCCCCCCCCCCCCCCCCC,CCCCCCCCCCCCCCCCCC,False,False,none,False,,True,solute:collision
CCC=CC=C,CCCCCCCCCCCCCCCCC=C,35.0,-0.193647406,IDAC_2026_dataset.csv,True,C=CC=CCC,C=CC=CCC,False,False,none,True,solute_iso_collision_0005,True,C=CCCCCCCCCCCCCCCCC,C=CCCCCCCCCCCCCCCCC,False,False,none,False,,True,solute:collision
CCC=CC=C,CCCCCCCCCCCCCCCCCC,50.0,-0.122267268,IDAC_2026_dataset.csv,True,C=CC=CCC,C=CC=CCC,False,False,none,True,solute_iso_collision_0005,True,CCCCCCCCCCCCCCCCCC,CCCCCCCCCCCCCCCCCC,False,False,none,False,,True,solute:collision
CCC=CC=C,CCCCCCCCCCCCCCCCC=C,50.0,-0.20078542,IDAC_2026_dataset.csv,True,C=CC=CCC,C=CC=CCC,False,False,none,True,solute_iso_collision_0005,True,C=CCCCCCCCCCCCCCCCC,C=CCCCCCCCCCCCCCCCC,False,False,none,False,,True,solute:collision
CCC=CC=C,CCCCCCCCCCCCCCCC,35.0,-0.07575505,IDAC_2026_dataset.csv,True,C=CC=CCC,C=CC=CCC,False,False,none,True,solute_iso_collision_0005,True,CCCCCCCCCCCCCCCC,CCCCCCCCCCCCCCCC,False,False,none,False,,True,solute:collision
CCC=CC=C,CCCCCCCCCCCCCCC=C,35.0,-0.146444412,IDAC_2026_dataset.csv,True,C=CC=CCC,C=CC=CCC,False,False,none,True,solute_iso_collision_0005,True,C=CCCCCCCCCCCCCCC,C=CCCCCCCCCCCCCCC,False,False,none,False,,True,solute:collision
C1CCC=CCCC1,CN(C)C=O,20.0,2.360854001,IDAC_2026_dataset.csv,True,C1=CCCCCCC1,C1=CCCCCCC1,False,False,none,True,solute_iso_collision_0007,True,CN(C)C=O,CN(C)C=O,False,False,none,False,,True,solute:collision
C1CCC=CCCC1,CN(C)C=O,40.0,2.140066163,IDAC_2026_dataset.csv,True,C1=CCCCCCC1,C1=CCCCCCC1,False,False,none,True,solute_iso_collision_0007,True,CN(C)C=O,CN(C)C=O,False,False,none,False,,True,solute:collision
C1CCC=CCCC1,CN(C)C=O,60.0,1.916922612,IDAC_2026_dataset.csv,True,C1=CCCCCCC1,C1=CCCCCCC1,False,False,none,True,solute_iso_collision_0007,True,CN(C)C=O,CN(C)C=O,False,False,none,False,,True,solute:collision
C1CCC=CCCC1,CN1CCCC1=O,20.0,1.568615918,IDAC_2026_dataset.csv,True,C1=CCCCCCC1,C1=CCCCCCC1,False,False,none,True,solute_iso_collision_0007,True,CN1CCCC1=O,CN1CCCC1=O,False,False,none,False,,True,solute:collision
C1CCC=CCCC1,CN1CCCC1=O,40.0,1.458615023,IDAC_2026_dataset.csv,True,C1=CCCCCCC1,C1=CCCCCCC1,False,False,none,True,solute_iso_collision_0007,True,CN1CCCC1=O,CN1CCCC1=O,False,False,none,False,,True,solute:collision
C1CCC=CCCC1,CN1CCCC1=O,60.0,1.386294361,IDAC_2026_dataset.csv,True,C1=CCCCCCC1,C1=CCCCCCC1,False,False,none,True,solute_iso_collision_0007,True,CN1CCCC1=O,CN1CCCC1=O,False,False,none,False,,True,solute:collision
CC(C1CC=C(C)CC1)=C,CCCCCCCCCCCCCCCC(=O)OCC(O)COC(=O)CCCCCCCCCCCCCCC,81.5,-1.347073648,IDAC_2026_dataset.csv,True,C=C(C)C1CC=C(C)CC1,C=C(C)C1CC=C(C)CC1,False,False,none,True,solute_iso_collision_0006,True,CCCCCCCCCCCCCCCC(=O)OCC(O)COC(=O)CCCCCCCCCCCCCCC,CCCCCCCCCCCCCCCC(=O)OCC(O)COC(=O)CCCCCCCCCCCCCCC,False,False,none,False,,True,solute:collision
CC(C1CC=C(C)CC1)=C,CCCCCCCCCCCCCCCC(=O)OCC(O)COC(=O)CCCCCCCCCCCCCCC,92.0,-1.386294361,IDAC_2026_dataset.csv,True,C=C(C)C1CC=C(C)CC1,C=C(C)C1CC=C(C)CC1,False,False,none,True,solute_iso_collision_0006,True,CCCCCCCCCCCCCCCC(=O)OCC(O)COC(=O)CCCCCCCCCCCCCCC,CCCCCCCCCCCCCCCC(=O)OCC(O)COC(=O)CCCCCCCCCCCCCCC,False,False,none,False,,True,solute:collision
CC(C1CC=C(C)CC1)=C,CCCCCCCCCCCCCCCC(=O)OCC(O)COC(=O)CCCCCCCCCCCCCCC,102.2,-1.347073648,IDAC_2026_dataset.csv,True,C=C(C)C1CC=C(C)CC1,C=C(C)C1CC=C(C)CC1,False,False,none,True,solute_iso_collision_0006,True,CCCCCCCCCCCCCCCC(=O)OCC(O)COC(=O)CCCCCCCCCCCCCCC,CCCCCCCCCCCCCCCC(=O)OCC(O)COC(=O)CCCCCCCCCCCCCCC,False,False,none,False,,True,solute:collision
CC(C1CC=C(C)CC1)=C,CCCCCCCCCCCCCCCC(=O)OCC(COC(=O)CCCCCCCCCCCCCCC)OC(=O)CCCCCCCCCCCCCCC,77.4,-1.139434283,IDAC_2026_dataset.csv,True,C=C(C)C1CC=C(C)CC1,C=C(C)C1CC=C(C)CC1,False,False,none,True,solute_iso_collision_0006,True,CCCCCCCCCCCCCCCC(=O)OCC(COC(=O)CCCCCCCCCCCCCCC)OC(=O)CCCCCCCCCCCCCCC,CCCCCCCCCCCCCCCC(=O)OCC(COC(=O)CCCCCCCCCCCCCCC)OC(=O)CCCCCCCCCCCCCCC,False,False,none,False,,True,solute:collision
CC(C1CC=C(C)CC1)=C,CCCCCCCCCCCCCCCC(=O)OCC(COC(=O)CCCCCCCCCCCCCCC)OC(=O)CCCCCCCCCCCCCCC,87.6,-1.897119985,IDAC_2026_dataset.csv,True,C=C(C)C1CC=C(C)CC1,C=C(C)C1CC=C(C)CC1,False,False,none,True,solute_iso_collision_0006,True,CCCCCCCCCCCCCCCC(=O)OCC(COC(=O)CCCCCCCCCCCCCCC)OC(=O)CCCCCCCCCCCCCCC,CCCCCCCCCCCCCCCC(=O)OCC(COC(=O)CCCCCCCCCCCCCCC)OC(=O)CCCCCCCCCCCCCCC,False,False,none,False,,True,solute:collision
CC(C1CC=C(C)CC1)=C,CCCCCCCCCCCCCCCC(=O)OCC(COC(=O)CCCCCCCCCCCCCCC)OC(=O)CCCCCCCCCCCCCCC,94.9,-1.771956842,IDAC_2026_dataset.csv,True,C=C(C)C1CC=C(C)CC1,C=C(C)C1CC=C(C)CC1,False,False,none,True,solute_iso_collision_0006,True,CCCCCCCCCCCCCCCC(=O)OCC(COC(=O)CCCCCCCCCCCCCCC)OC(=O)CCCCCCCCCCCCCCC,CCCCCCCCCCCCCCCC(=O)OCC(COC(=O)CCCCCCCCCCCCCCC)OC(=O)CCCCCCCCCCCCCCC,False,False,none,False,,True,solute:collision
CC(C1CC=C(C)CC1)=C,CCCCCCCCCCCCCCCC(O)=O,81.6,-0.891598119,IDAC_2026_dataset.csv,True,C=C(C)C1CC=C(C)CC1,C=C(C)C1CC=C(C)CC1,False,False,none,True,solute_iso_collision_0006,True,CCCCCCCCCCCCCCCC(=O)O,CCCCCCCCCCCCCCCC(=O)O,False,False,none,False,,True,solute:collision
CC(C1CC=C(C)CC1)=C,CCCCCCCCCCCCCCCC(O)=O,92.1,-0.798507696,IDAC_2026_dataset.csv,True,C=C(C)C1CC=C(C)CC1,C=C(C)C1CC=C(C)CC1,False,False,none,True,solute_iso_collision_0006,True,CCCCCCCCCCCCCCCC(=O)O,CCCCCCCCCCCCCCCC(=O)O,False,False,none,False,,True,solute:collision
CC(C1CC=C(C)CC1)=C,CCCCCCCCCCCCCCCC(O)=O,101.0,-0.776528789,IDAC_2026_dataset.csv,True,C=C(C)C1CC=C(C)CC1,C=C(C)C1CC=C(C)CC1,False,False,none,True,solute_iso_collision_0006,True,CCCCCCCCCCCCCCCC(=O)O,CCCCCCCCCCCCCCCC(=O)O,False,False,none,False,,True,solute:collision
CO,CCCCCCCCC=CCCCCCCCC(O)=O,65.21,0.452984624,IDAC_2026_dataset.csv,True,CO,CO,False,False,none,False,,True,CCCCCCCCC=CCCCCCCCC(=O)O,CCCCCCCCC=CCCCCCCCC(=O)O,False,False,none,True,solvent_iso_collision_0002,True,solvent:collision
CO,CCCCCCCCC=CCCCCCCCC(O)=O,75.21,0.389335726,IDAC_2026_dataset.csv,True,CO,CO,False,False,none,False,,True,CCCCCCCCC=CCCCCCCCC(=O)O,CCCCCCCCC=CCCCCCCCC(=O)O,False,False,none,True,solvent_iso_collision_0002,True,solvent:collision
CO,CCCCCCCCC=CCCCCCCCC(O)=O,85.13,0.399447036,IDAC_2026_dataset.csv,True,CO,CO,False,False,none,False,,True,CCCCCCCCC=CCCCCCCCC(=O)O,CCCCCCCCC=CCCCCCCCC(=O)O,False,False,none,True,solvent_iso_collision_0002,True,solvent:collision
CO,CCCCCC=CCC=CCCCCCCCC(O)=O,65.13,0.374318379,IDAC_2026_dataset.csv,True,CO,CO,False,False,none,False,,True,CCCCCC=CCC=CCCCCCCCC(=O)O,CCCCCC=CCC=CCCCCCCCC(=O)O,False,False,none,True,solvent_iso_collision_0001,True,solvent:collision
CO,CCCCCC=CCC=CCCCCCCCC(O)=O,75.16,0.283674051,IDAC_2026_dataset.csv,True,CO,CO,False,False,none,False,,True,CCCCCC=CCC=CCCCCCCCC(=O)O,CCCCCC=CCC=CCCCCCCCC(=O)O,False,False,none,True,solvent_iso_collision_0001,True,solvent:collision
CO,CCC=CCC=CCC=CCCCCCCCC(O)=O,29.98,0.151862349,IDAC_2026_dataset.csv,True,CO,CO,False,False,none,False,,True,CCC=CCC=CCC=CCCCCCCCC(=O)O,CCC=CCC=CCC=CCCCCCCCC(=O)O,False,False,none,True,solvent_iso_collision_0003,True,solvent:collision
CO,CCC=CCC=CCC=CCCCCCCCC(O)=O,40.09,0.255417112,IDAC_2026_dataset.csv,True,CO,CO,False,False,none,False,,True,CCC=CCC=CCC=CCCCCCCCC(=O)O,CCC=CCC=CCC=CCCCCCCCC(=O)O,False,False,none,True,solvent_iso_collision_0003,True,solvent:collision
CO,CCC=CCC=CCC=CCCCCCCCC(O)=O,50.11,0.305276381,IDAC_2026_dataset.csv,True,CO,CO,False,False,none,False,,True,CCC=CCC=CCC=CCCCCCCCC(=O)O,CCC=CCC=CCC=CCCCCCCCC(=O)O,False,False,none,True,solvent_iso_collision_0003,True,solvent:collision
OCC,CCCCCCCCC=CCCCCCCCC(O)=O,65.21,0.372252974,IDAC_2026_dataset.csv,True,CCO,CCO,False,False,none,False,,True,CCCCCCCCC=CCCCCCCCC(=O)O,CCCCCCCCC=CCCCCCCCC(=O)O,False,False,none,True,solvent_iso_collision_0002,True,solvent:collision
OCC,CCCCCCCCC=CCCCCCCCC(O)=O,75.21,0.316998127,IDAC_2026_dataset.csv,True,CCO,CCO,False,False,none,False,,True,CCCCCCCCC=CCCCCCCCC(=O)O,CCCCCCCCC=CCCCCCCCC(=O)O,False,False,none,True,solvent_iso_collision_0002,True,solvent:collision
OCC,CCCCCCCCC=CCCCCCCCC(O)=O,85.13,0.323531725,IDAC_2026_dataset.csv,True,CCO,CCO,False,False,none,False,,True,CCCCCCCCC=CCCCCCCCC(=O)O,CCCCCCCCC=CCCCCCCCC(=O)O,False,False,none,True,solvent_iso_collision_0002,True,solvent:collision
OCC,CCCCCC=CCC=CCCCCCCCC(O)=O,65.13,0.308954208,IDAC_2026_dataset.csv,True,CCO,CCO,False,False,none,False,,True,CCCCCC=CCC=CCCCCCCCC(=O)O,CCCCCC=CCC=CCCCCCCCC(=O)O,False,False,none,True,solvent_iso_collision_0001,True,solvent:collision
OCC,CCCCCC=CCC=CCCCCCCCC(O)=O,75.13,0.200488861,IDAC_2026_dataset.csv,True,CCO,CCO,False,False,none,False,,True,CCCCCC=CCC=CCCCCCCCC(=O)O,CCCCCC=CCC=CCCCCCCCC(=O)O,False,False,none,True,solvent_iso_collision_0001,True,solvent:collision
OCC,CCCCCC=CCC=CCCCCCCCC(O)=O,85.15,0.207826847,IDAC_2026_dataset.csv,True,CCO,CCO,False,False,none,False,,True,CCCCCC=CCC=CCCCCCCCC(=O)O,CCCCCC=CCC=CCCCCCCCC(=O)O,False,False,none,True,solvent_iso_collision_0001,True,solvent:collision
OCC,CCC=CCC=CCC=CCCCCCCCC(O)=O,29.98,0.067658648,IDAC_2026_dataset.csv,True,CCO,CCO,False,False,none,False,,True,CCC=CCC=CCC=CCCCCCCCC(=O)O,CCC=CCC=CCC=CCCCCCCCC(=O)O,False,False,none,True,solvent_iso_collision_0003,True,solvent:collision
OCC,CCC=CCC=CCC=CCCCCCCCC(O)=O,40.1,0.195566784,IDAC_2026_dataset.csv,True,CCO,CCO,False,False,none,False,,True,CCC=CCC=CCC=CCCCCCCCC(=O)O,CCC=CCC=CCC=CCCCCCCCC(=O)O,False,False,none,True,solvent_iso_collision_0003,True,solvent:collision
OCC,CCC=CCC=CCC=CCCCCCCCC(O)=O,50.11,0.274596833,IDAC_2026_dataset.csv,True,CCO,CCO,False,False,none,False,,True,CCC=CCC=CCC=CCCCCCCCC(=O)O,CCC=CCC=CCC=CCCCCCCCC(=O)O,False,False,none,True,solvent_iso_collision_0003,True,solvent:collision
OCCC,CCCCCCCCC=CCCCCCCCC(O)=O,65.21,0.303801454,IDAC_2026_dataset.csv,True,CCCO,CCCO,False,False,none,False,,True,CCCCCCCCC=CCCCCCCCC(=O)O,CCCCCCCCC=CCCCCCCCC(=O)O,False,False,none,True,solvent_iso_collision_0002,True,solvent:collision
OCCC,CCCCCCCCC=CCCCCCCCC(O)=O,75.21,0.236651901,IDAC_2026_dataset.csv,True,CCCO,CCCO,False,False,none,False,,True,CCCCCCCCC=CCCCCCCCC(=O)O,CCCCCCCCC=CCCCCCCCC(=O)O,False,False,none,True,solvent_iso_collision_0002,True,solvent:collision
OCCC,CCCCCCCCC=CCCCCCCCC(O)=O,85.13,0.218331994,IDAC_2026_dataset.csv,True,CCCO,CCCO,False,False,none,False,,True,CCCCCCCCC=CCCCCCCCC(=O)O,CCCCCCCCC=CCCCCCCCC(=O)O,False,False,none,True,solvent_iso_collision_0002,True,solvent:collision
OCCC,CCCCCC=CCC=CCCCCCCCC(O)=O,65.13,0.253090628,IDAC_2026_dataset.csv,True,CCCO,CCCO,False,False,none,False,,True,CCCCCC=CCC=CCCCCCCCC(=O)O,CCCCCC=CCC=CCCCCCCCC(=O)O,False,False,none,True,solvent_iso_collision_0001,True,solvent:collision
OCCC,CCCCCC=CCC=CCCCCCCCC(O)=O,75.16,0.216722984,IDAC_2026_dataset.csv,True,CCCO,CCCO,False,False,none,False,,True,CCCCCC=CCC=CCCCCCCCC(=O)O,CCCCCC=CCC=CCCCCCCCC(=O)O,False,False,none,True,solvent_iso_collision_0001,True,solvent:collision
OCCC,CCCCCC=CCC=CCCCCCCCC(O)=O,85.18,0.198850859,IDAC_2026_dataset.csv,True,CCCO,CCCO,False,False,none,False,,True,CCCCCC=CCC=CCCCCCCCC(=O)O,CCCCCC=CCC=CCCCCCCCC(=O)O,False,False,none,True,solvent_iso_collision_0001,True,solvent:collision
OCCC,CCC=CCC=CCC=CCCCCCCCC(O)=O,50.11,0.239803992,IDAC_2026_dataset.csv,True,CCCO,CCCO,False,False,none,False,,True,CCC=CCC=CCC=CCCCCCCCC(=O)O,CCC=CCC=CCC=CCCCCCCCC(=O)O,False,False,none,True,solvent_iso_collision_0003,True,solvent:collision
OC(C)C,CCCCCCCCC=CCCCCCCCC(O)=O,65.21,0.181487876,IDAC_2026_dataset.csv,True,CC(C)O,CC(C)O,False,False,none,False,,True,CCCCCCCCC=CCCCCCCCC(=O)O,CCCCCCCCC=CCCCCCCCC(=O)O,False,False,none,True,solvent_iso_collision_0002,True,solvent:collision
OC(C)C,CCCCCCCCC=CCCCCCCCC(O)=O,75.21,0.115112807,IDAC_2026_dataset.csv,True,CC(C)O,CC(C)O,False,False,none,False,,True,CCCCCCCCC=CCCCCCCCC(=O)O,CCCCCCCCC=CCCCCCCCC(=O)O,False,False,none,True,solvent_iso_collision_0002,True,solvent:collision
OC(C)C,CCCCCCCCC=CCCCCCCCC(O)=O,85.13,0.107059072,IDAC_2026_dataset.csv,True,CC(C)O,CC(C)O,False,False,none,False,,True,CCCCCCCCC=CCCCCCCCC(=O)O,CCCCCCCCC=CCCCCCCCC(=O)O,False,False,none,True,solvent_iso_collision_0002,True,solvent:collision
OC(C)C,CCCCCC=CCC=CCCCCCCCC(O)=O,65.13,0.125751205,IDAC_2026_dataset.csv,True,CC(C)O,CC(C)O,False,False,none,False,,True,CCCCCC=CCC=CCCCCCCCC(=O)O,CCCCCC=CCC=CCCCCCCCC(=O)O,False,False,none,True,solvent_iso_collision_0001,True,solvent:collision
OC(C)C,CCCCCC=CCC=CCCCCCCCC(O)=O,75.13,0.12751332,IDAC_2026_dataset.csv,True,CC(C)O,CC(C)O,False,False,none,False,,True,CCCCCC=CCC=CCCCCCCCC(=O)O,CCCCCC=CCC=CCCCCCCCC(=O)O,False,False,none,True,solvent_iso_collision_0001,True,solvent:collision
OC(C)C,CCCCCC=CCC=CCCCCCCCC(O)=O,85.18,0.119559235,IDAC_2026_dataset.csv,True,CC(C)O,CC(C)O,False,False,none,False,,True,CCCCCC=CCC=CCCCCCCCC(=O)O,CCCCCC=CCC=CCCCCCCCC(=O)O,False,False,none,True,solvent_iso_collision_0001,True,solvent:collision
OC(C)C,CCC=CCC=CCC=CCCCCCCCC(O)=O,40.1,0.077886539,IDAC_2026_dataset.csv,True,CC(C)O,CC(C)O,False,False,none,False,,True,CCC=CCC=CCC=CCCCCCCCC(=O)O,CCC=CCC=CCC=CCCCCCCCC(=O)O,False,False,none,True,solvent_iso_collision_0003,True,solvent:collision
OC(C)C,CCC=CCC=CCC=CCCCCCCCC(O)=O,50.11,0.114221144,IDAC_2026_dataset.csv,True,CC(C)O,CC(C)O,False,False,none,False,,True,CCC=CCC=CCC=CCCCCCCCC(=O)O,CCC=CCC=CCC=CCCCCCCCC(=O)O,False,False,none,True,solvent_iso_collision_0003,True,solvent:collision
OC(C)C,CC(=CCCC(=CCCC(=CCCC=C(C)CCC=C(C)CCC=C(C)C)C)C)C,80.0,1.064710737,IDAC_2026_dataset.csv,True,CC(C)O,CC(C)O,False,False,none,False,,True,CC(C)=CCCC(C)=CCCC(C)=CCCC=C(C)CCC=C(C)CCC=C(C)C,CC(C)=CCCC(C)=CCCC(C)=CCCC=C(C)CCC=C(C)CCC=C(C)C,False,False,none,True,solvent_iso_collision_0004,True,solvent:collision
OCCCC,CCCCCCCCC=CCCCCCCCC(O)=O,65.21,0.231111721,IDAC_2026_dataset.csv,True,CCCCO,CCCCO,False,False,none,False,,True,CCCCCCCCC=CCCCCCCCC(=O)O,CCCCCCCCC=CCCCCCCCC(=O)O,False,False,none,True,solvent_iso_collision_0002,True,solvent:collision
OCCCC,CCCCCCCCC=CCCCCCCCC(O)=O,75.21,0.203756838,IDAC_2026_dataset.csv,True,CCCCO,CCCCO,False,False,none,False,,True,CCCCCCCCC=CCCCCCCCC(=O)O,CCCCCCCCC=CCCCCCCCC(=O)O,False,False,none,True,solvent_iso_collision_0002,True,solvent:collision
OCCCC,CCCCCCCCC=CCCCCCCCC(O)=O,85.13,0.202124184,IDAC_2026_dataset.csv,True,CCCCO,CCCCO,False,False,none,False,,True,CCCCCCCCC=CCCCCCCCC(=O)O,CCCCCCCCC=CCCCCCCCC(=O)O,False,False,none,True,solvent_iso_collision_0002,True,solvent:collision
OCCCC,CCCCCC=CCC=CCCCCCCCC(O)=O,65.13,0.171429116,IDAC_2026_dataset.csv,True,CCCCO,CCCCO,False,False,none,False,,True,CCCCCC=CCC=CCCCCCCCC(=O)O,CCCCCC=CCC=CCCCCCCCC(=O)O,False,False,none,True,solvent_iso_collision_0001,True,solvent:collision
OCCCC,CCCCCC=CCC=CCCCCCCCC(O)=O,75.13,0.166361537,IDAC_2026_dataset.csv,True,CCCCO,CCCCO,False,False,none,False,,True,CCCCCC=CCC=CCCCCCCCC(=O)O,CCCCCC=CCC=CCCCCCCCC(=O)O,False,False,none,True,solvent_iso_collision_0001,True,solvent:collision
CCC(O)C,CCCCCCCCC=CCCCCCCCC(O)=O,65.21,0.018821754,IDAC_2026_dataset.csv,True,CCC(C)O,CCC(C)O,False,False,none,False,,True,CCCCCCCCC=CCCCCCCCC(=O)O,CCCCCCCCC=CCCCCCCCC(=O)O,False,False,none,True,solvent_iso_collision_0002,True,solvent:collision
CCC(O)C,CCCCCCCCC=CCCCCCCCC(O)=O,75.21,-0.01308524,IDAC_2026_dataset.csv,True,CCC(C)O,CCC(C)O,False,False,none,False,,True,CCCCCCCCC=CCCCCCCCC(=O)O,CCCCCCCCC=CCCCCCCCC(=O)O,False,False,none,True,solvent_iso_collision_0002,True,solvent:collision
CCC(O)C,CCCCCCCCC=CCCCCCCCC(O)=O,85.13,-0.025317808,IDAC_2026_dataset.csv,True,CCC(C)O,CCC(C)O,False,False,none,False,,True,CCCCCCCCC=CCCCCCCCC(=O)O,CCCCCCCCC=CCCCCCCCC(=O)O,False,False,none,True,solvent_iso_collision_0002,True,solvent:collision
CCC(O)C,CCCCCC=CCC=CCCCCCCCC(O)=O,65.13,0.085259844,IDAC_2026_dataset.csv,True,CCC(C)O,CCC(C)O,False,False,none,False,,True,CCCCCC=CCC=CCCCCCCCC(=O)O,CCCCCC=CCC=CCCCCCCCC(=O)O,False,False,none,True,solvent_iso_collision_0001,True,solvent:collision
CCC(O)C,CCCCCC=CCC=CCCCCCCCC(O)=O,75.16,0.096218858,IDAC_2026_dataset.csv,True,CCC(C)O,CCC(C)O,False,False,none,False,,True,CCCCCC=CCC=CCCCCCCCC(=O)O,CCCCCC=CCC=CCCCCCCCC(=O)O,False,False,none,True,solvent_iso_collision_0001,True,solvent:collision
CCC(O)C,CCCCCC=CCC=CCCCCCCCC(O)=O,85.15,0.09531018,IDAC_2026_dataset.csv,True,CCC(C)O,CCC(C)O,False,False,none,False,,True,CCCCCC=CCC=CCCCCCCCC(=O)O,CCCCCC=CCC=CCCCCCCCC(=O)O,False,False,none,True,solvent_iso_collision_0001,True,solvent:collision
CCOC(C)=O,CCCCCCCCC=CCCCCCCCC(O)=O,65.21,0.183154543,IDAC_2026_dataset.csv,True,CCOC(C)=O,CCOC(C)=O,False,False,none,False,,True,CCCCCCCCC=CCCCCCCCC(=O)O,CCCCCCCCC=CCCCCCCCC(=O)O,False,False,none,True,solvent_iso_collision_0002,True,solvent:collision
CCOC(C)=O,CCCCCCCCC=CCCCCCCCC(O)=O,75.14,0.122217633,IDAC_2026_dataset.csv,True,CCOC(C)=O,CCOC(C)=O,False,False,none,False,,True,CCCCCCCCC=CCCCCCCCC(=O)O,CCCCCCCCC=CCCCCCCCC(=O)O,False,False,none,True,solvent_iso_collision_0002,True,solvent:collision
CCOC(C)=O,CCCCCCCCC=CCCCCCCCC(O)=O,85.13,0.087094707,IDAC_2026_dataset.csv,True,CCOC(C)=O,CCOC(C)=O,False,False,none,False,,True,CCCCCCCCC=CCCCCCCCC(=O)O,CCCCCCCCC=CCCCCCCCC(=O)O,False,False,none,True,solvent_iso_collision_0002,True,solvent:collision
CCOC(C)=O,CCCCCC=CCC=CCCCCCCCC(O)=O,65.13,0.20538683,IDAC_2026_dataset.csv,True,CCOC(C)=O,CCOC(C)=O,False,False,none,False,,True,CCCCCC=CCC=CCCCCCCCC(=O)O,CCCCCC=CCC=CCCCCCCCC(=O)O,False,False,none,True,solvent_iso_collision_0001,True,solvent:collision
CCOC(C)=O,CCCCCC=CCC=CCCCCCCCC(O)=O,75.13,0.236651901,IDAC_2026_dataset.csv,True,CCOC(C)=O,CCOC(C)=O,False,False,none,False,,True,CCCCCC=CCC=CCCCCCCCC(=O)O,CCCCCC=CCC=CCCCCCCCC(=O)O,False,False,none,True,solvent_iso_collision_0001,True,solvent:collision
CCOC(C)=O,CCCCCC=CCC=CCCCCCCCC(O)=O,85.18,0.108854405,IDAC_2026_dataset.csv,True,CCOC(C)=O,CCOC(C)=O,False,False,none,False,,True,CCCCCC=CCC=CCCCCCCCC(=O)O,CCCCCC=CCC=CCCCCCCCC(=O)O,False,False,none,True,solvent_iso_collision_0001,True,solvent:collision
CCOC(C)=O,CCC=CCC=CCC=CCCCCCCCC(O)=O,29.98,0.271552691,IDAC_2026_dataset.csv,True,CCOC(C)=O,CCOC(C)=O,False,False,none,False,,True,CCC=CCC=CCC=CCCCCCCCC(=O)O,CCC=CCC=CCC=CCCCCCCCC(=O)O,False,False,none,True,solvent_iso_collision_0003,True,solvent:collision
CCOC(C)=O,CCC=CCC=CCC=CCCCCCCCC(O)=O,40.09,0.148420005,IDAC_2026_dataset.csv,True,CCOC(C)=O,CCOC(C)=O,False,False,none,False,,True,CCC=CCC=CCC=CCCCCCCCC(=O)O,CCC=CCC=CCC=CCCCCCCCC(=O)O,False,False,none,True,solvent_iso_collision_0003,True,solvent:collision
CCOC(C)=O,CCC=CCC=CCC=CCCCCCCCC(O)=O,50.09,0.163818085,IDAC_2026_dataset.csv,True,CCOC(C)=O,CCOC(C)=O,False,False,none,False,,True,CCC=CCC=CCC=CCCCCCCCC(=O)O,CCC=CCC=CCC=CCCCCCCCC(=O)O,False,False,none,True,solvent_iso_collision_0003,True,solvent:collision
CCOC(C)=O,CC(=CCCC(=CCCC(=CCCC=C(C)CCC=C(C)CCC=C(C)C)C)C)C,80.0,-0.061875404,IDAC_2026_dataset.csv,True,CCOC(C)=O,CCOC(C)=O,False,False,none,False,,True,CC(C)=CCCC(C)=CCCC(C)=CCCC=C(C)CCC=C(C)CCC=C(C)C,CC(C)=CCCC(C)=CCCC(C)=CCCC=C(C)CCC=C(C)CCC=C(C)C,False,False,none,True,solvent_iso_collision_0004,True,solvent:collision
CCCOC(C)=O,CC(=CCCC(=CCCC(=CCCC=C(C)CCC=C(C)CCC=C(C)C)C)C)C,80.0,-0.116533816,IDAC_2026_dataset.csv,True,CCCOC(C)=O,CCCOC(C)=O,False,False,none,False,,True,CC(C)=CCCC(C)=CCCC(C)=CCCC=C(C)CCC=C(C)CCC=C(C)C,CC(C)=CCCC(C)=CCCC(C)=CCCC=C(C)CCC=C(C)CCC=C(C)C,False,False,none,True,solvent_iso_collision_0004,True,solvent:collision
CC(C)OC(C)=O,CC(=CCCC(=CCCC(=CCCC=C(C)CCC=C(C)CCC=C(C)C)C)C)C,80.0,-0.072570693,IDAC_2026_dataset.csv,True,CC(=O)OC(C)C,CC(=O)OC(C)C,False,False,none,False,,True,CC(C)=CCCC(C)=CCCC(C)=CCCC=C(C)CCC=C(C)CCC=C(C)C,CC(C)=CCCC(C)=CCCC(C)=CCCC=C(C)CCC=C(C)CCC=C(C)C,False,False,none,True,solvent_iso_collision_0004,True,solvent:collision
CCCCOC=O,CC(=CCCC(=CCCC(=CCCC=C(C)CCC=C(C)CCC=C(C)C)C)C)C,80.0,-0.094310679,IDAC_2026_dataset.csv,True,CCCCOC=O,CCCCOC=O,False,False,none,False,,True,CC(C)=CCCC(C)=CCCC(C)=CCCC=C(C)CCC=C(C)CCC=C(C)C,CC(C)=CCCC(C)=CCCC(C)=CCCC=C(C)CCC=C(C)CCC=C(C)C,False,False,none,True,solvent_iso_collision_0004,True,solvent:collision
COC(OC)OC,CC(=CCCC(=CCCC(=CCCC=C(C)CCC=C(C)CCC=C(C)C)C)C)C,80.0,-0.030459207,IDAC_2026_dataset.csv,True,COC(OC)OC,COC(OC)OC,False,False,none,False,,True,CC(C)=CCCC(C)=CCCC(C)=CCCC=C(C)CCC=C(C)CCC=C(C)C,CC(C)=CCCC(C)=CCCC(C)=CCCC=C(C)CCC=C(C)CCC=C(C)C,False,False,none,True,solvent_iso_collision_0004,True,solvent:collision
CC(C)OC(C)C,CC(=CCCC(=CCCC(=CCCC=C(C)CCC=C(C)CCC=C(C)C)C)C)C,80.0,-0.328504067,IDAC_2026_dataset.csv,True,CC(C)OC(C)C,CC(C)OC(C)C,False,False,none,False,,True,CC(C)=CCCC(C)=CCCC(C)=CCCC=C(C)CCC=C(C)CCC=C(C)C,CC(C)=CCCC(C)=CCCC(C)=CCCC=C(C)CCC=C(C)CCC=C(C)C,False,False,none,True,solvent_iso_collision_0004,True,solvent:collision
COc1ccccc1,CCCCCCCCC=CCCCCCCCC(O)=O,65.21,0.185649347,IDAC_2026_dataset.csv,True,COc1ccccc1,COc1ccccc1,False,False,none,False,,True,CCCCCCCCC=CCCCCCCCC(=O)O,CCCCCCCCC=CCCCCCCCC(=O)O,False,False,none,True,solvent_iso_collision_0002,True,solvent:collision
COc1ccccc1,CCCCCCCCC=CCCCCCCCC(O)=O,75.14,0.157003749,IDAC_2026_dataset.csv,True,COc1ccccc1,COc1ccccc1,False,False,none,False,,True,CCCCCCCCC=CCCCCCCCC(=O)O,CCCCCCCCC=CCCCCCCCC(=O)O,False,False,none,True,solvent_iso_collision_0002,True,solvent:collision
COc1ccccc1,CCCCCCCCC=CCCCCCCCC(O)=O,85.13,0.142367241,IDAC_2026_dataset.csv,True,COc1ccccc1,COc1ccccc1,False,False,none,False,,True,CCCCCCCCC=CCCCCCCCC(=O)O,CCCCCCCCC=CCCCCCCCC(=O)O,False,False,none,True,solvent_iso_collision_0002,True,solvent:collision
COc1ccccc1,CCCCCC=CCC=CCCCCCCCC(O)=O,65.13,0.216722984,IDAC_2026_dataset.csv,True,COc1ccccc1,COc1ccccc1,False,False,none,False,,True,CCCCCC=CCC=CCCCCCCCC(=O)O,CCCCCC=CCC=CCCCCCCCC(=O)O,False,False,none,True,solvent_iso_collision_0001,True,solvent:collision
COc1ccccc1,CCCCCC=CCC=CCCCCCCCC(O)=O,75.16,0.256191405,IDAC_2026_dataset.csv,True,COc1ccccc1,COc1ccccc1,False,False,none,False,,True,CCCCCC=CCC=CCCCCCCCC(=O)O,CCCCCC=CCC=CCCCCCCCC(=O)O,False,False,none,True,solvent_iso_collision_0001,True,solvent:collision
COc1ccccc1,CCCCCC=CCC=CCCCCCCCC(O)=O,75.13,0.275356423,IDAC_2026_dataset.csv,True,COc1ccccc1,COc1ccccc1,False,False,none,False,,True,CCCCCC=CCC=CCCCCCCCC(=O)O,CCCCCC=CCC=CCCCCCCCC(=O)O,False,False,none,True,solvent_iso_collision_0001,True,solvent:collision
COc1ccccc1,CCCCCC=CCC=CCCCCCCCC(O)=O,85.15,0.314080546,IDAC_2026_dataset.csv,True,COc1ccccc1,COc1ccccc1,False,False,none,False,,True,CCCCCC=CCC=CCCCCCCCC(=O)O,CCCCCC=CCC=CCCCCCCCC(=O)O,False,False,none,True,solvent_iso_collision_0001,True,solvent:collision
CC(C)=O,CCCCCCCCC=CCCCCCCCC(O)=O,65.21,0.270790205,IDAC_2026_dataset.csv,True,CC(C)=O,CC(C)=O,False,False,none,False,,True,CCCCCCCCC=CCCCCCCCC(=O)O,CCCCCCCCC=CCCCCCCCC(=O)O,False,False,none,True,solvent_iso_collision_0002,True,solvent:collision
CC(C)=O,CCCCCCCCC=CCCCCCCCC(O)=O,75.14,0.256191405,IDAC_2026_dataset.csv,True,CC(C)=O,CC(C)=O,False,False,none,False,,True,CCCCCCCCC=CCCCCCCCC(=O)O,CCCCCCCCC=CCCCCCCCC(=O)O,False,False,none,True,solvent_iso_collision_0002,True,solvent:collision
CC(C)=O,CCCCCCCCC=CCCCCCCCC(O)=O,85.13,0.179818427,IDAC_2026_dataset.csv,True,CC(C)=O,CC(C)=O,False,False,none,False,,True,CCCCCCCCC=CCCCCCCCC(=O)O,CCCCCCCCC=CCCCCCCCC(=O)O,False,False,none,True,solvent_iso_collision_0002,True,solvent:collision
CC(C)=O,CCCCCC=CCC=CCCCCCCCC(O)=O,65.13,0.19309663,IDAC_2026_dataset.csv,True,CC(C)=O,CC(C)=O,False,False,none,False,,True,CCCCCC=CCC=CCCCCCCCC(=O)O,CCCCCC=CCC=CCCCCCCCC(=O)O,False,False,none,True,solvent_iso_collision_0001,True,solvent:collision
CC(C)=O,CCCCCC=CCC=CCCCCCCCC(O)=O,75.13,0.149281703,IDAC_2026_dataset.csv,True,CC(C)=O,CC(C)=O,False,False,none,False,,True,CCCCCC=CCC=CCCCCCCCC(=O)O,CCCCCC=CCC=CCCCCCCCC(=O)O,False,False,none,True,solvent_iso_collision_0001,True,solvent:collision
CC(C)=O,CCCCCC=CCC=CCCCCCCCC(O)=O,85.18,0.124868982,IDAC_2026_dataset.csv,True,CC(C)=O,CC(C)=O,False,False,none,False,,True,CCCCCC=CCC=CCCCCCCCC(=O)O,CCCCCC=CCC=CCCCCCCCC(=O)O,False,False,none,True,solvent_iso_collision_0001,True,solvent:collision
CC(C)=O,CCC=CCC=CCC=CCCCCCCCC(O)=O,29.98,0.094400675,IDAC_2026_dataset.csv,True,CC(C)=O,CC(C)=O,False,False,none,False,,True,CCC=CCC=CCC=CCCCCCCCC(=O)O,CCC=CCC=CCC=CCCCCCCCC(=O)O,False,False,none,True,solvent_iso_collision_0003,True,solvent:collision
CC(C)=O,CCC=CCC=CCC=CCCCCCCCC(O)=O,40.09,0.055434707,IDAC_2026_dataset.csv,True,CC(C)=O,CC(C)=O,False,False,none,False,,True,CCC=CCC=CCC=CCCCCCCCC(=O)O,CCC=CCC=CCC=CCCCCCCCC(=O)O,False,False,none,True,solvent_iso_collision_0003,True,solvent:collision
CC(C)=O,CCC=CCC=CCC=CCCCCCCCC(O)=O,40.1,0.096218858,IDAC_2026_dataset.csv,True,CC(C)=O,CC(C)=O,False,False,none,False,,True,CCC=CCC=CCC=CCCCCCCCC(=O)O,CCC=CCC=CCC=CCCCCCCCC(=O)O,False,False,none,True,solvent_iso_collision_0003,True,solvent:collision
CC(C)=O,CCC=CCC=CCC=CCCCCCCCC(O)=O,50.11,0.105260511,IDAC_2026_dataset.csv,True,CC(C)=O,CC(C)=O,False,False,none,False,,True,CCC=CCC=CCC=CCCCCCCCC(=O)O,CCC=CCC=CCC=CCCCCCCCC(=O)O,False,False,none,True,solvent_iso_collision_0003,True,solvent:collision
CC(C)=O,CC(=CCCC(=CCCC(=CCCC=C(C)CCC=C(C)CCC=C(C)C)C)C)C,80.0,0.350656872,IDAC_2026_dataset.csv,True,CC(C)=O,CC(C)=O,False,False,none,False,,True,CC(C)=CCCC(C)=CCCC(C)=CCCC=C(C)CCC=C(C)CCC=C(C)C,CC(C)=CCCC(C)=CCCC(C)=CCCC=C(C)CCC=C(C)CCC=C(C)C,False,False,none,True,solvent_iso_collision_0004,True,solvent:collision
CCC(C)=O,CC(=CCCC(=CCCC(=CCCC=C(C)CCC=C(C)CCC=C(C)C)C)C)C,80.0,0.131028262,IDAC_2026_dataset.csv,True,CCC(C)=O,CCC(C)=O,False,False,none,False,,True,CC(C)=CCCC(C)=CCCC(C)=CCCC=C(C)CCC=C(C)CCC=C(C)C,CC(C)=CCCC(C)=CCCC(C)=CCCC=C(C)CCC=C(C)CCC=C(C)C,False,False,none,True,solvent_iso_collision_0004,True,solvent:collision
CC(C)C(C)=O,CC(=CCCC(=CCCC(=CCCC=C(C)CCC=C(C)CCC=C(C)C)C)C)C,80.0,0.039220713,IDAC_2026_dataset.csv,True,CC(=O)C(C)C,CC(=O)C(C)C,False,False,none,False,,True,CC(C)=CCCC(C)=CCCC(C)=CCCC=C(C)CCC=C(C)CCC=C(C)C,CC(C)=CCCC(C)=CCCC(C)=CCCC=C(C)CCC=C(C)CCC=C(C)C,False,False,none,True,solvent_iso_collision_0004,True,solvent:collision
O=C1CCCC1,CC(=CCCC(=CCCC(=CCCC=C(C)CCC=C(C)CCC=C(C)C)C)C)C,80.0,0.122217633,IDAC_2026_dataset.csv,True,O=C1CCCC1,O=C1CCCC1,False,False,none,False,,True,CC(C)=CCCC(C)=CCCC(C)=CCCC=C(C)CCC=C(C)CCC=C(C)C,CC(C)=CCCC(C)=CCCC(C)=CCCC=C(C)CCC=C(C)CCC=C(C)C,False,False,none,True,solvent_iso_collision_0004,True,solvent:collision
CCCC=O,CC(=CCCC(=CCCC(=CCCC=C(C)CCC=C(C)CCC=C(C)C)C)C)C,80.0,-0.010050336,IDAC_2026_dataset.csv,True,CCCC=O,CCCC=O,False,False,none,False,,True,CC(C)=CCCC(C)=CCCC(C)=CCCC=C(C)CCC=C(C)CCC=C(C)C,CC(C)=CCCC(C)=CCCC(C)=CCCC=C(C)CCC=C(C)CCC=C(C)C,False,False,none,True,solvent_iso_collision_0004,True,solvent:collision
COC(OC)=O,CC(=CCCC(=CCCC(=CCCC=C(C)CCC=C(C)CCC=C(C)C)C)C)C,80.0,0.3074847,IDAC_2026_dataset.csv,True,COC(=O)OC,COC(=O)OC,False,False,none,False,,True,CC(C)=CCCC(C)=CCCC(C)=CCCC=C(C)CCC=C(C)CCC=C(C)C,CC(C)=CCCC(C)=CCCC(C)=CCCC=C(C)CCC=C(C)CCC=C(C)C,False,False,none,True,solvent_iso_collision_0004,True,solvent:collision
ClCCCl,CCCCCCCCC=CCCCCCCCC(O)=O,65.21,0.086177696,IDAC_2026_dataset.csv,True,ClCCCl,ClCCCl,False,False,none,False,,True,CCCCCCCCC=CCCCCCCCC(=O)O,CCCCCCCCC=CCCCCCCCC(=O)O,False,False,none,True,solvent_iso_collision_0002,True,solvent:collision
ClCCCl,CCCCCCCCC=CCCCCCCCC(O)=O,75.14,0.074179398,IDAC_2026_dataset.csv,True,ClCCCl,ClCCCl,False,False,none,False,,True,CCCCCCCCC=CCCCCCCCC(=O)O,CCCCCCCCC=CCCCCCCCC(=O)O,False,False,none,True,solvent_iso_collision_0002,True,solvent:collision
ClCCCl,CCCCCCCCC=CCCCCCCCC(O)=O,85.13,0.01093994,IDAC_2026_dataset.csv,True,ClCCCl,ClCCCl,False,False,none,False,,True,CCCCCCCCC=CCCCCCCCC(=O)O,CCCCCCCCC=CCCCCCCCC(=O)O,False,False,none,True,solvent_iso_collision_0002,True,solvent:collision
ClCCCl,CCCCCC=CCC=CCCCCCCCC(O)=O,65.13,0.046883586,IDAC_2026_dataset.csv,True,ClCCCl,ClCCCl,False,False,none,False,,True,CCCCCC=CCC=CCCCCCCCC(=O)O,CCCCCC=CCC=CCCCCCCCC(=O)O,False,False,none,True,solvent_iso_collision_0001,True,solvent:collision
ClCCCl,CCCCCC=CCC=CCCCCCCCC(O)=O,65.13,0.055434707,IDAC_2026_dataset.csv,True,ClCCCl,ClCCCl,False,False,none,False,,True,CCCCCC=CCC=CCCCCCCCC(=O)O,CCCCCC=CCC=CCCCCCCCC(=O)O,False,False,none,True,solvent_iso_collision_0001,True,solvent:collision
ClCCCl,CCCCCC=CCC=CCCCCCCCC(O)=O,75.16,0.053540767,IDAC_2026_dataset.csv,True,ClCCCl,ClCCCl,False,False,none,False,,True,CCCCCC=CCC=CCCCCCCCC(=O)O,CCCCCC=CCC=CCCCCCCCC(=O)O,False,False,none,True,solvent_iso_collision_0001,True,solvent:collision
ClCCCl,CCCCCC=CCC=CCCCCCCCC(O)=O,75.13,0.07881118,IDAC_2026_dataset.csv,True,ClCCCl,ClCCCl,False,False,none,False,,True,CCCCCC=CCC=CCCCCCCCC(=O)O,CCCCCC=CCC=CCCCCCCCC(=O)O,False,False,none,True,solvent_iso_collision_0001,True,solvent:collision
ClCCCl,CCCCCC=CCC=CCCCCCCCC(O)=O,85.15,0.106160196,IDAC_2026_dataset.csv,True,ClCCCl,ClCCCl,False,False,none,False,,True,CCCCCC=CCC=CCCCCCCCC(=O)O,CCCCCC=CCC=CCCCCCCCC(=O)O,False,False,none,True,solvent_iso_collision_0001,True,solvent:collision
ClCCCl,CCC=CCC=CCC=CCCCCCCCC(O)=O,29.98,0.051643233,IDAC_2026_dataset.csv,True,ClCCCl,ClCCCl,False,False,none,False,,True,CCC=CCC=CCC=CCCCCCCCC(=O)O,CCC=CCC=CCC=CCCCCCCCC(=O)O,False,False,none,True,solvent_iso_collision_0003,True,solvent:collision
ClCCCl,CCC=CCC=CCC=CCCCCCCCC(O)=O,40.09,0.034401427,IDAC_2026_dataset.csv,True,ClCCCl,ClCCCl,False,False,none,False,,True,CCC=CCC=CCC=CCCCCCCCC(=O)O,CCC=CCC=CCC=CCCCCCCCC(=O)O,False,False,none,True,solvent_iso_collision_0003,True,solvent:collision
ClCCCl,CCC=CCC=CCC=CCCCCCCCC(O)=O,40.1,0.019802627,IDAC_2026_dataset.csv,True,ClCCCl,ClCCCl,False,False,none,False,,True,CCC=CCC=CCC=CCCCCCCCC(=O)O,CCC=CCC=CCC=CCCCCCCCC(=O)O,False,False,none,True,solvent_iso_collision_0003,True,solvent:collision
ClCCCl,CCC=CCC=CCC=CCCCCCCCC(O)=O,50.11,-0.004008021,IDAC_2026_dataset.csv,True,ClCCCl,ClCCCl,False,False,none,False,,True,CCC=CCC=CCC=CCCCCCCCC(=O)O,CCC=CCC=CCC=CCCCCCCCC(=O)O,False,False,none,True,solvent_iso_collision_0003,True,solvent:collision
ClCCCl,CC(=CCCC(=CCCC(=CCCC=C(C)CCC=C(C)CCC=C(C)C)C)C)C,80.0,-0.415515444,IDAC_2026_dataset.csv,True,ClCCCl,ClCCCl,False,False,none,False,,True,CC(C)=CCCC(C)=CCCC(C)=CCCC=C(C)CCC=C(C)CCC=C(C)C,CC(C)=CCCC(C)=CCCC(C)=CCCC=C(C)CCC=C(C)CCC=C(C)C,False,False,none,True,solvent_iso_collision_0004,True,solvent:collision
ClC(Cl)Cl,CCCCCCCCC=CCCCCCCCC(O)=O,65.21,-0.42617815,IDAC_2026_dataset.csv,True,ClC(Cl)Cl,ClC(Cl)Cl,False,False,none,False,,True,CCCCCCCCC=CCCCCCCCC(=O)O,CCCCCCCCC=CCCCCCCCC(=O)O,False,False,none,True,solvent_iso_collision_0002,True,solvent:collision
ClC(Cl)Cl,CCCCCCCCC=CCCCCCCCC(O)=O,75.14,-0.391562203,IDAC_2026_dataset.csv,True,ClC(Cl)Cl,ClC(Cl)Cl,False,False,none,False,,True,CCCCCCCCC=CCCCCCCCC(=O)O,CCCCCCCCC=CCCCCCCCC(=O)O,False,False,none,True,solvent_iso_collision_0002,True,solvent:collision
ClC(Cl)Cl,CCCCCCCCC=CCCCCCCCC(O)=O,85.13,-0.465215113,IDAC_2026_dataset.csv,True,ClC(Cl)Cl,ClC(Cl)Cl,False,False,none,False,,True,CCCCCCCCC=CCCCCCCCC(=O)O,CCCCCCCCC=CCCCCCCCC(=O)O,False,False,none,True,solvent_iso_collision_0002,True,solvent:collision
ClC(Cl)Cl,CCCCCC=CCC=CCCCCCCCC(O)=O,65.13,-0.443166975,IDAC_2026_dataset.csv,True,ClC(Cl)Cl,ClC(Cl)Cl,False,False,none,False,,True,CCCCCC=CCC=CCCCCCCCC(=O)O,CCCCCC=CCC=CCCCCCCCC(=O)O,False,False,none,True,solvent_iso_collision_0001,True,solvent:collision
ClC(Cl)Cl,CCCCCC=CCC=CCCCCCCCC(O)=O,65.13,-0.440056553,IDAC_2026_dataset.csv,True,ClC(Cl)Cl,ClC(Cl)Cl,False,False,none,False,,True,CCCCCC=CCC=CCCCCCCCC(=O)O,CCCCCC=CCC=CCCCCCCCC(=O)O,False,False,none,True,solvent_iso_collision_0001,True,solvent:collision
ClC(Cl)Cl,CCCCCC=CCC=CCCCCCCCC(O)=O,75.16,-0.394525168,IDAC_2026_dataset.csv,True,ClC(Cl)Cl,ClC(Cl)Cl,False,False,none,False,,True,CCCCCC=CCC=CCCCCCCCC(=O)O,CCCCCC=CCC=CCCCCCCCC(=O)O,False,False,none,True,solvent_iso_collision_0001,True,solvent:collision
ClC(Cl)Cl,CCCCCC=CCC=CCCCCCCCC(O)=O,75.13,-0.372514008,IDAC_2026_dataset.csv,True,ClC(Cl)Cl,ClC(Cl)Cl,False,False,none,False,,True,CCCCCC=CCC=CCCCCCCCC(=O)O,CCCCCC=CCC=CCCCCCCCC(=O)O,False,False,none,True,solvent_iso_collision_0001,True,solvent:collision
ClC(Cl)Cl,CCCCCC=CCC=CCCCCCCCC(O)=O,85.15,-0.30924625,IDAC_2026_dataset.csv,True,ClC(Cl)Cl,ClC(Cl)Cl,False,False,none,False,,True,CCCCCC=CCC=CCCCCCCCC(=O)O,CCCCCC=CCC=CCCCCCCCC(=O)O,False,False,none,True,solvent_iso_collision_0001,True,solvent:collision
ClC(Cl)Cl,CCC=CCC=CCC=CCCCCCCCC(O)=O,29.98,-0.489390343,IDAC_2026_dataset.csv,True,ClC(Cl)Cl,ClC(Cl)Cl,False,False,none,False,,True,CCC=CCC=CCC=CCCCCCCCC(=O)O,CCC=CCC=CCC=CCCCCCCCC(=O)O,False,False,none,True,solvent_iso_collision_0003,True,solvent:collision
ClC(Cl)Cl,CCC=CCC=CCC=CCCCCCCCC(O)=O,40.09,-0.476424197,IDAC_2026_dataset.csv,True,ClC(Cl)Cl,ClC(Cl)Cl,False,False,none,False,,True,CCC=CCC=CCC=CCCCCCCCC(=O)O,CCC=CCC=CCC=CCCCCCCCC(=O)O,False,False,none,True,solvent_iso_collision_0003,True,solvent:collision
ClC(Cl)Cl,CCC=CCC=CCC=CCCCCCCCC(O)=O,50.09,-0.47320876,IDAC_2026_dataset.csv,True,ClC(Cl)Cl,ClC(Cl)Cl,False,False,none,False,,True,CCC=CCC=CCC=CCCCCCCCC(=O)O,CCC=CCC=CCC=CCCCCCCCC(=O)O,False,False,none,True,solvent_iso_collision_0003,True,solvent:collision
ClCc1ccccc1,CCCCCCCCC=CCCCCCCCC(O)=O,75.14,0.363948428,IDAC_2026_dataset.csv,True,ClCc1ccccc1,ClCc1ccccc1,False,False,none,False,,True,CCCCCCCCC=CCCCCCCCC(=O)O,CCCCCCCCC=CCCCCCCCC(=O)O,False,False,none,True,solvent_iso_collision_0002,True,solvent:collision
ClCc1ccccc1,CCCCCCCCC=CCCCCCCCC(O)=O,85.13,0.32570014,IDAC_2026_dataset.csv,True,ClCc1ccccc1,ClCc1ccccc1,False,False,none,False,,True,CCCCCCCCC=CCCCCCCCC(=O)O,CCCCCCCCC=CCCCCCCCC(=O)O,False,False,none,True,solvent_iso_collision_0002,True,solvent:collision
ClCc1ccccc1,CCCCCC=CCC=CCCCCCCCC(O)=O,75.16,0.425921117,IDAC_2026_dataset.csv,True,ClCc1ccccc1,ClCc1ccccc1,False,False,none,False,,True,CCCCCC=CCC=CCCCCCCCC(=O)O,CCCCCC=CCC=CCCCCCCCC(=O)O,False,False,none,True,solvent_iso_collision_0001,True,solvent:collision
ClCc1ccccc1,CCCCCC=CCC=CCCCCCCCC(O)=O,75.13,0.431782416,IDAC_2026_dataset.csv,True,ClCc1ccccc1,ClCc1ccccc1,False,False,none,False,,True,CCCCCC=CCC=CCCCCCCCC(=O)O,CCCCCC=CCC=CCCCCCCCC(=O)O,False,False,none,True,solvent_iso_collision_0001,True,solvent:collision
ClCc1ccccc1,CCCCCC=CCC=CCCCCCCCC(O)=O,85.15,0.474991171,IDAC_2026_dataset.csv,True,ClCc1ccccc1,ClCc1ccccc1,False,False,none,False,,True,CCCCCC=CCC=CCCCCCCCC(=O)O,CCCCCC=CCC=CCCCCCCCC(=O)O,False,False,none,True,solvent_iso_collision_0001,True,solvent:collision
Clc1ccccc1,CCCCCCCCC=CCCCCCCCC(O)=O,65.21,-0.072570693,IDAC_2026_dataset.csv,True,Clc1ccccc1,Clc1ccccc1,False,False,none,False,,True,CCCCCCCCC=CCCCCCCCC(=O)O,CCCCCCCCC=CCCCCCCCC(=O)O,False,False,none,True,solvent_iso_collision_0002,True,solvent:collision
Clc1ccccc1,CCCCCCCCC=CCCCCCCCC(O)=O,75.14,-0.099820335,IDAC_2026_dataset.csv,True,Clc1ccccc1,Clc1ccccc1,False,False,none,False,,True,CCCCCCCCC=CCCCCCCCC(=O)O,CCCCCCCCC=CCCCCCCCC(=O)O,False,False,none,True,solvent_iso_collision_0002,True,solvent:collision
Clc1ccccc1,CCCCCCCCC=CCCCCCCCC(O)=O,85.13,-0.131248287,IDAC_2026_dataset.csv,True,Clc1ccccc1,Clc1ccccc1,False,False,none,False,,True,CCCCCCCCC=CCCCCCCCC(=O)O,CCCCCCCCC=CCCCCCCCC(=O)O,False,False,none,True,solvent_iso_collision_0002,True,solvent:collision
Clc1ccccc1,CCCCCC=CCC=CCCCCCCCC(O)=O,65.13,0.001998003,IDAC_2026_dataset.csv,True,Clc1ccccc1,Clc1ccccc1,False,False,none,False,,True,CCCCCC=CCC=CCCCCCCCC(=O)O,CCCCCC=CCC=CCCCCCCCC(=O)O,False,False,none,True,solvent_iso_collision_0001,True,solvent:collision
Clc1ccccc1,CCCCCC=CCC=CCCCCCCCC(O)=O,65.13,-0.004008021,IDAC_2026_dataset.csv,True,Clc1ccccc1,Clc1ccccc1,False,False,none,False,,True,CCCCCC=CCC=CCCCCCCCC(=O)O,CCCCCC=CCC=CCCCCCCCC(=O)O,False,False,none,True,solvent_iso_collision_0001,True,solvent:collision
Clc1ccccc1,CCCCCC=CCC=CCCCCCCCC(O)=O,75.16,0.069526063,IDAC_2026_dataset.csv,True,Clc1ccccc1,Clc1ccccc1,False,False,none,False,,True,CCCCCC=CCC=CCCCCCCCC(=O)O,CCCCCC=CCC=CCCCCCCCC(=O)O,False,False,none,True,solvent_iso_collision_0001,True,solvent:collision
Clc1ccccc1,CCCCCC=CCC=CCCCCCCCC(O)=O,75.13,0.066723632,IDAC_2026_dataset.csv,True,Clc1ccccc1,Clc1ccccc1,False,False,none,False,,True,CCCCCC=CCC=CCCCCCCCC(=O)O,CCCCCC=CCC=CCCCCCCCC(=O)O,False,False,none,True,solvent_iso_collision_0001,True,solvent:collision
Clc1ccccc1,CCCCCC=CCC=CCCCCCCCC(O)=O,85.15,0.150142658,IDAC_2026_dataset.csv,True,Clc1ccccc1,Clc1ccccc1,False,False,none,False,,True,CCCCCC=CCC=CCCCCCCCC(=O)O,CCCCCC=CCC=CCCCCCCCC(=O)O,False,False,none,True,solvent_iso_collision_0001,True,solvent:collision
ClC=CCl,O,20.0,6.752270376,IDAC_2026_dataset.csv,True,ClC=CCl,ClC=CCl,False,False,none,True,solute_iso_collision_0003,True,O,O,False,False,none,False,,True,solute:collision
ClC=CCl,O,20.0,6.708084084,IDAC_2026_dataset.csv,True,ClC=CCl,ClC=CCl,False,False,none,True,solute_iso_collision_0003,True,O,O,False,False,none,False,,True,solute:collision
ClC=CCl,O,25.0,6.768493212,IDAC_2026_dataset.csv,True,ClC=CCl,ClC=CCl,False,False,none,True,solute_iso_collision_0003,True,O,O,False,False,none,False,,True,solute:collision
ClC=CCl,O,30.0,6.688354714,IDAC_2026_dataset.csv,True,ClC=CCl,ClC=CCl,False,False,none,True,solute_iso_collision_0003,True,O,O,False,False,none,False,,True,solute:collision
ClC=CCl,O,30.0,6.784457063,IDAC_2026_dataset.csv,True,ClC=CCl,ClC=CCl,False,False,none,True,solute_iso_collision_0003,True,O,O,False,False,none,False,,True,solute:collision
ClC=CCl,O,40.0,6.693323668,IDAC_2026_dataset.csv,True,ClC=CCl,ClC=CCl,False,False,none,True,solute_iso_collision_0003,True,O,O,False,False,none,False,,True,solute:collision
ClC=CCl,O,40.0,6.763884909,IDAC_2026_dataset.csv,True,ClC=CCl,ClC=CCl,False,False,none,True,solute_iso_collision_0003,True,O,O,False,False,none,False,,True,solute:collision
ClC=CCl,O,20.0,6.703188113,IDAC_2026_dataset.csv,True,ClC=CCl,ClC=CCl,False,False,none,True,solute_iso_collision_0003,True,O,O,False,False,none,False,,True,solute:collision
ClC=CCl,O,20.0,6.752270376,IDAC_2026_dataset.csv,True,ClC=CCl,ClC=CCl,False,False,none,True,solute_iso_collision_0003,True,O,O,False,False,none,False,,True,solute:collision
ClC=CCl,O,20.0,6.708084084,IDAC_2026_dataset.csv,True,ClC=CCl,ClC=CCl,False,False,none,True,solute_iso_collision_0003,True,O,O,False,False,none,False,,True,solute:collision
ClC=CCl,O,20.0,7.33628566,IDAC_2026_dataset.csv,True,ClC=CCl,ClC=CCl,False,False,none,True,solute_iso_collision_0003,True,O,O,False,False,none,False,,True,solute:collision
ClC=CCl,OCCCCCCCCCCCCCCCC,53.2,0.076961041,IDAC_2026_dataset.csv,True,ClC=CCl,ClC=CCl,False,False,none,True,solute_iso_collision_0003,True,CCCCCCCCCCCCCCCCO,CCCCCCCCCCCCCCCCO,False,False,none,False,,True,solute:collision
ClC=CCl,OCCCCCCCCCCCCCCCC,74.1,-0.023268627,IDAC_2026_dataset.csv,True,ClC=CCl,ClC=CCl,False,False,none,True,solute_iso_collision_0003,True,CCCCCCCCCCCCCCCCO,CCCCCCCCCCCCCCCCO,False,False,none,False,,True,solute:collision
ClC=CCl,OCCCCCCCCCCCCCCCC,93.9,-0.072570693,IDAC_2026_dataset.csv,True,ClC=CCl,ClC=CCl,False,False,none,True,solute_iso_collision_0003,True,CCCCCCCCCCCCCCCCO,CCCCCCCCCCCCCCCCO,False,False,none,False,,True,solute:collision
ClC=CCl,CCCCOC(=O)c1ccccc1C(OCCCC)=O,53.2,-0.8603831,IDAC_2026_dataset.csv,True,ClC=CCl,ClC=CCl,False,False,none,True,solute_iso_collision_0003,True,CCCCOC(=O)c1ccccc1C(=O)OCCCC,CCCCOC(=O)c1ccccc1C(=O)OCCCC,False,False,none,False,,True,solute:collision
ClC=CCl,CCCCOC(=O)c1ccccc1C(OCCCC)=O,74.1,-0.791863153,IDAC_2026_dataset.csv,True,ClC=CCl,ClC=CCl,False,False,none,True,solute_iso_collision_0003,True,CCCCOC(=O)c1ccccc1C(=O)OCCCC,CCCCOC(=O)c1ccccc1C(=O)OCCCC,False,False,none,False,,True,solute:collision
ClC=CCl,CCCCOC(=O)c1ccccc1C(OCCCC)=O,93.9,-0.699165253,IDAC_2026_dataset.csv,True,ClC=CCl,ClC=CCl,False,False,none,True,solute_iso_collision_0003,True,CCCCOC(=O)c1ccccc1C(=O)OCCCC,CCCCOC(=O)c1ccccc1C(=O)OCCCC,False,False,none,False,,True,solute:collision
ClC=CCl,CCCCOC(=O)c1c(Cl)c(Cl)c(Cl)c(Cl)c1C(=O)OCCCC,53.2,-0.759286983,IDAC_2026_dataset.csv,True,ClC=CCl,ClC=CCl,False,False,none,True,solute_iso_collision_0003,True,CCCCOC(=O)c1c(Cl)c(Cl)c(Cl)c(Cl)c1C(=O)OCCCC,CCCCOC(=O)c1c(Cl)c(Cl)c(Cl)c(Cl)c1C(=O)OCCCC,False,False,none,False,,True,solute:collision
ClC=CCl,CCCCOC(=O)c1c(Cl)c(Cl)c(Cl)c(Cl)c1C(=O)OCCCC,74.1,-0.731888009,IDAC_2026_dataset.csv,True,ClC=CCl,ClC=CCl,False,False,none,True,solute_iso_collision_0003,True,CCCCOC(=O)c1c(Cl)c(Cl)c(Cl)c(Cl)c1C(=O)OCCCC,CCCCOC(=O)c1c(Cl)c(Cl)c(Cl)c(Cl)c1C(=O)OCCCC,False,False,none,False,,True,solute:collision
ClC=CCl,CCCCOC(=O)c1c(Cl)c(Cl)c(Cl)c(Cl)c1C(=O)OCCCC,93.9,-0.648173815,IDAC_2026_dataset.csv,True,ClC=CCl,ClC=CCl,False,False,none,True,solute_iso_collision_0003,True,CCCCOC(=O)c1c(Cl)c(Cl)c(Cl)c(Cl)c1C(=O)OCCCC,CCCCOC(=O)c1c(Cl)c(Cl)c(Cl)c(Cl)c1C(=O)OCCCC,False,False,none,False,,True,solute:collision
ClC=CCl,CCCCCCCCCCCCCC(=O)N(C)C,53.2,-1.142564176,IDAC_2026_dataset.csv,True,ClC=CCl,ClC=CCl,False,False,none,True,solute_iso_collision_0003,True,CCCCCCCCCCCCCC(=O)N(C)C,CCCCCCCCCCCCCC(=O)N(C)C,False,False,none,False,,True,solute:collision
ClC=CCl,CCCCCCCCCCCCCC(=O)N(C)C,74.1,-1.030019497,IDAC_2026_dataset.csv,True,ClC=CCl,ClC=CCl,False,False,none,True,solute_iso_collision_0003,True,CCCCCCCCCCCCCC(=O)N(C)C,CCCCCCCCCCCCCC(=O)N(C)C,False,False,none,False,,True,solute:collision
ClC=CCl,CCCCCCCCCCCCCC(=O)N(C)C,93.9,-0.913793852,IDAC_2026_dataset.csv,True,ClC=CCl,ClC=CCl,False,False,none,True,solute_iso_collision_0003,True,CCCCCCCCCCCCCC(=O)N(C)C,CCCCCCCCCCCCCC(=O)N(C)C,False,False,none,False,,True,solute:collision
ClC=CCl,CCCCCCCCCCCCCCCCCCCC,53.2,0.061095099,IDAC_2026_dataset.csv,True,ClC=CCl,ClC=CCl,False,False,none,True,solute_iso_collision_0003,True,CCCCCCCCCCCCCCCCCCCC,CCCCCCCCCCCCCCCCCCCC,False,False,none,False,,True,solute:collision
ClC=CCl,CCCCCCCCCCCCCCCCCCCC,74.1,-0.028399475,IDAC_2026_dataset.csv,True,ClC=CCl,ClC=CCl,False,False,none,True,solute_iso_collision_0003,True,CCCCCCCCCCCCCCCCCCCC,CCCCCCCCCCCCCCCCCCCC,False,False,none,False,,True,solute:collision
ClC=CCl,CCCCCCCCCCCCCCCCCCCC,93.9,-0.075801713,IDAC_2026_dataset.csv,True,ClC=CCl,ClC=CCl,False,False,none,True,solute_iso_collision_0003,True,CCCCCCCCCCCCCCCCCCCC,CCCCCCCCCCCCCCCCCCCC,False,False,none,False,,True,solute:collision
ClC=CCl,CC(C)CCCC(C)CCCC(C)CCCCC(C)CCCC(C)CCCC(C)C,53.2,-0.28103753,IDAC_2026_dataset.csv,True,ClC=CCl,ClC=CCl,False,False,none,True,solute_iso_collision_0003,True,CC(C)CCCC(C)CCCC(C)CCCCC(C)CCCC(C)CCCC(C)C,CC(C)CCCC(C)CCCC(C)CCCCC(C)CCCC(C)CCCC(C)C,False,False,none,False,,True,solute:collision
ClC=CCl,CC(C)CCCC(C)CCCC(C)CCCCC(C)CCCC(C)CCCC(C)C,74.1,-0.343899752,IDAC_2026_dataset.csv,True,ClC=CCl,ClC=CCl,False,False,none,True,solute_iso_collision_0003,True,CC(C)CCCC(C)CCCC(C)CCCCC(C)CCCC(C)CCCC(C)C,CC(C)CCCC(C)CCCC(C)CCCCC(C)CCCC(C)CCCC(C)C,False,False,none,False,,True,solute:collision
ClC=CCl,CC(C)CCCC(C)CCCC(C)CCCCC(C)CCCC(C)CCCC(C)C,93.9,-0.36672528,IDAC_2026_dataset.csv,True,ClC=CCl,ClC=CCl,False,False,none,True,solute_iso_collision_0003,True,CC(C)CCCC(C)CCCC(C)CCCCC(C)CCCC(C)CCCC(C)C,CC(C)CCCC(C)CCCC(C)CCCCC(C)CCCC(C)CCCC(C)C,False,False,none,False,,True,solute:collision
ClC=CCl,O,20.0,6.752270376,IDAC_2026_dataset.csv,True,ClC=CCl,ClC=CCl,False,False,none,True,solute_iso_collision_0003,True,O,O,False,False,none,False,,True,solute:collision
ClC=CCl,O,30.0,6.784457063,IDAC_2026_dataset.csv,True,ClC=CCl,ClC=CCl,False,False,none,True,solute_iso_collision_0003,True,O,O,False,False,none,False,,True,solute:collision
ClC=CCl,O,40.0,6.763884909,IDAC_2026_dataset.csv,True,ClC=CCl,ClC=CCl,False,False,none,True,solute_iso_collision_0003,True,O,O,False,False,none,False,,True,solute:collision
ClC=CCl,O,20.0,7.090076836,IDAC_2026_dataset.csv,True,ClC=CCl,ClC=CCl,False,False,none,True,solute_iso_collision_0003,True,O,O,False,False,none,False,,True,solute:collision
ClC=CCl,O,20.0,7.091742115,IDAC_2026_dataset.csv,True,ClC=CCl,ClC=CCl,False,False,none,True,solute_iso_collision_0003,True,O,O,False,False,none,False,,True,solute:collision
ClC=CCl,O,20.0,7.103322063,IDAC_2026_dataset.csv,True,ClC=CCl,ClC=CCl,False,False,none,True,solute_iso_collision_0003,True,O,O,False,False,none,False,,True,solute:collision
ClC=CCl,O,20.0,7.106606138,IDAC_2026_dataset.csv,True,ClC=CCl,ClC=CCl,False,False,none,True,solute_iso_collision_0003,True,O,O,False,False,none,False,,True,solute:collision
ClC=CCl,O,25.0,7.138867,IDAC_2026_dataset.csv,True,ClC=CCl,ClC=CCl,False,False,none,True,solute_iso_collision_0003,True,O,O,False,False,none,False,,True,solute:collision
ClC=CCl,O,30.0,7.091742115,IDAC_2026_dataset.csv,True,ClC=CCl,ClC=CCl,False,False,none,True,solute_iso_collision_0003,True,O,O,False,False,none,False,,True,solute:collision
ClC=CCl,O,30.0,7.177782416,IDAC_2026_dataset.csv,True,ClC=CCl,ClC=CCl,False,False,none,True,solute_iso_collision_0003,True,O,O,False,False,none,False,,True,solute:collision
ClC=CCl,O,30.0,7.268920128,IDAC_2026_dataset.csv,True,ClC=CCl,ClC=CCl,False,False,none,True,solute_iso_collision_0003,True,O,O,False,False,none,False,,True,solute:collision
ClC=CCl,O,40.0,7.125283092,IDAC_2026_dataset.csv,True,ClC=CCl,ClC=CCl,False,False,none,True,solute_iso_collision_0003,True,O,O,False,False,none,False,,True,solute:collision
ClC=CCl,O,40.0,7.222566019,IDAC_2026_dataset.csv,True,ClC=CCl,ClC=CCl,False,False,none,True,solute_iso_collision_0003,True,O,O,False,False,none,False,,True,solute:collision
ClC=CCl,O,40.0,7.297768283,IDAC_2026_dataset.csv,True,ClC=CCl,ClC=CCl,False,False,none,True,solute_iso_collision_0003,True,O,O,False,False,none,False,,True,solute:collision
ClC=CCl,O,50.0,7.319202459,IDAC_2026_dataset.csv,True,ClC=CCl,ClC=CCl,False,False,none,True,solute_iso_collision_0003,True,O,O,False,False,none,False,,True,solute:collision
ClC=CCl,O,20.0,7.090076836,IDAC_2026_dataset.csv,True,ClC=CCl,ClC=CCl,False,False,none,True,solute_iso_collision_0003,True,O,O,False,False,none,False,,True,solute:collision
ClC=CCl,O,20.0,7.090076836,IDAC_2026_dataset.csv,True,ClC=CCl,ClC=CCl,False,False,none,True,solute_iso_collision_0003,True,O,O,False,False,none,False,,True,solute:collision
ClC=CCl,O,20.0,7.091742115,IDAC_2026_dataset.csv,True,ClC=CCl,ClC=CCl,False,False,none,True,solute_iso_collision_0003,True,O,O,False,False,none,False,,True,solute:collision
ClC=CCl,O,20.0,7.103322063,IDAC_2026_dataset.csv,True,ClC=CCl,ClC=CCl,False,False,none,True,solute_iso_collision_0003,True,O,O,False,False,none,False,,True,solute:collision
ClC=CCl,O,20.0,6.760414691,IDAC_2026_dataset.csv,True,ClC=CCl,ClC=CCl,False,False,none,True,solute_iso_collision_0003,True,O,O,False,False,none,False,,True,solute:collision
ClC=CCl,O,26.2,7.112327445,IDAC_2026_dataset.csv,True,ClC=CCl,ClC=CCl,False,False,none,True,solute_iso_collision_0003,True,O,O,False,False,none,False,,True,solute:collision
ClC=CCl,OCCCCCCCCCCCCCCCC,53.2,0.034401427,IDAC_2026_dataset.csv,True,ClC=CCl,ClC=CCl,False,False,none,True,solute_iso_collision_0003,True,CCCCCCCCCCCCCCCCO,CCCCCCCCCCCCCCCCO,False,False,none,False,,True,solute:collision
ClC=CCl,OCCCCCCCCCCCCCCCC,74.1,-0.057629113,IDAC_2026_dataset.csv,True,ClC=CCl,ClC=CCl,False,False,none,True,solute_iso_collision_0003,True,CCCCCCCCCCCCCCCCO,CCCCCCCCCCCCCCCCO,False,False,none,False,,True,solute:collision
ClC=CCl,OCCCCCCCCCCCCCCCC,93.9,-0.133531393,IDAC_2026_dataset.csv,True,ClC=CCl,ClC=CCl,False,False,none,True,solute_iso_collision_0003,True,CCCCCCCCCCCCCCCCO,CCCCCCCCCCCCCCCCO,False,False,none,False,,True,solute:collision
ClC=CCl,CCCCOC(=O)c1ccccc1C(OCCCC)=O,53.2,-0.458865885,IDAC_2026_dataset.csv,True,ClC=CCl,ClC=CCl,False,False,none,True,solute_iso_collision_0003,True,CCCCOC(=O)c1ccccc1C(=O)OCCCC,CCCCOC(=O)c1ccccc1C(=O)OCCCC,False,False,none,False,,True,solute:collision
ClC=CCl,CCCCOC(=O)c1ccccc1C(OCCCC)=O,74.1,-0.424647928,IDAC_2026_dataset.csv,True,ClC=CCl,ClC=CCl,False,False,none,True,solute_iso_collision_0003,True,CCCCOC(=O)c1ccccc1C(=O)OCCCC,CCCCOC(=O)c1ccccc1C(=O)OCCCC,False,False,none,False,,True,solute:collision
ClC=CCl,CCCCOC(=O)c1ccccc1C(OCCCC)=O,93.9,-0.397496938,IDAC_2026_dataset.csv,True,ClC=CCl,ClC=CCl,False,False,none,True,solute_iso_collision_0003,True,CCCCOC(=O)c1ccccc1C(=O)OCCCC,CCCCOC(=O)c1ccccc1C(=O)OCCCC,False,False,none,False,,True,solute:collision
ClC=CCl,CCCCOC(=O)c1c(Cl)c(Cl)c(Cl)c(Cl)c1C(=O)OCCCC,53.2,-0.541284831,IDAC_2026_dataset.csv,True,ClC=CCl,ClC=CCl,False,False,none,True,solute_iso_collision_0003,True,CCCCOC(=O)c1c(Cl)c(Cl)c(Cl)c(Cl)c1C(=O)OCCCC,CCCCOC(=O)c1c(Cl)c(Cl)c(Cl)c(Cl)c1C(=O)OCCCC,False,False,none,False,,True,solute:collision
ClC=CCl,CCCCOC(=O)c1c(Cl)c(Cl)c(Cl)c(Cl)c1C(=O)OCCCC,74.1,-0.525939262,IDAC_2026_dataset.csv,True,ClC=CCl,ClC=CCl,False,False,none,True,solute_iso_collision_0003,True,CCCCOC(=O)c1c(Cl)c(Cl)c(Cl)c(Cl)c1C(=O)OCCCC,CCCCOC(=O)c1c(Cl)c(Cl)c(Cl)c(Cl)c1C(=O)OCCCC,False,False,none,False,,True,solute:collision
ClC=CCl,CCCCOC(=O)c1c(Cl)c(Cl)c(Cl)c(Cl)c1C(=O)OCCCC,93.9,-0.499226488,IDAC_2026_dataset.csv,True,ClC=CCl,ClC=CCl,False,False,none,True,solute_iso_collision_0003,True,CCCCOC(=O)c1c(Cl)c(Cl)c(Cl)c(Cl)c1C(=O)OCCCC,CCCCOC(=O)c1c(Cl)c(Cl)c(Cl)c(Cl)c1C(=O)OCCCC,False,False,none,False,,True,solute:collision
ClC=CCl,CCCCCCCCCCCCCC(=O)N(C)C,53.2,-0.78745786,IDAC_2026_dataset.csv,True,ClC=CCl,ClC=CCl,False,False,none,True,solute_iso_collision_0003,True,CCCCCCCCCCCCCC(=O)N(C)C,CCCCCCCCCCCCCC(=O)N(C)C,False,False,none,False,,True,solute:collision
ClC=CCl,CCCCCCCCCCCCCC(=O)N(C)C,74.1,-0.713349888,IDAC_2026_dataset.csv,True,ClC=CCl,ClC=CCl,False,False,none,True,solute_iso_collision_0003,True,CCCCCCCCCCCCCC(=O)N(C)C,CCCCCCCCCCCCCC(=O)N(C)C,False,False,none,False,,True,solute:collision
ClC=CCl,CCCCCCCCCCCCCC(=O)N(C)C,93.9,-0.675307262,IDAC_2026_dataset.csv,True,ClC=CCl,ClC=CCl,False,False,none,True,solute_iso_collision_0003,True,CCCCCCCCCCCCCC(=O)N(C)C,CCCCCCCCCCCCCC(=O)N(C)C,False,False,none,False,,True,solute:collision
ClC=CCl,CCCCCCCCCCCCCCCCCCCC,53.2,-0.221894332,IDAC_2026_dataset.csv,True,ClC=CCl,ClC=CCl,False,False,none,True,solute_iso_collision_0003,True,CCCCCCCCCCCCCCCCCCCC,CCCCCCCCCCCCCCCCCCCC,False,False,none,False,,True,solute:collision
ClC=CCl,CCCCCCCCCCCCCCCCCCCC,74.1,-0.274436846,IDAC_2026_dataset.csv,True,ClC=CCl,ClC=CCl,False,False,none,True,solute_iso_collision_0003,True,CCCCCCCCCCCCCCCCCCCC,CCCCCCCCCCCCCCCCCCCC,False,False,none,False,,True,solute:collision
ClC=CCl,CCCCCCCCCCCCCCCCCCCC,93.9,-0.334075112,IDAC_2026_dataset.csv,True,ClC=CCl,ClC=CCl,False,False,none,True,solute_iso_collision_0003,True,CCCCCCCCCCCCCCCCCCCC,CCCCCCCCCCCCCCCCCCCC,False,False,none,False,,True,solute:collision
ClC=CCl,CC(C)CCCC(C)CCCC(C)CCCCC(C)CCCC(C)CCCC(C)C,53.2,-0.544727175,IDAC_2026_dataset.csv,True,ClC=CCl,ClC=CCl,False,False,none,True,solute_iso_collision_0003,True,CC(C)CCCC(C)CCCC(C)CCCCC(C)CCCC(C)CCCC(C)C,CC(C)CCCC(C)CCCC(C)CCCCC(C)CCCC(C)CCCC(C)C,False,False,none,False,,True,solute:collision
ClC=CCl,CC(C)CCCC(C)CCCC(C)CCCCC(C)CCCC(C)CCCC(C)C,74.1,-0.581605806,IDAC_2026_dataset.csv,True,ClC=CCl,ClC=CCl,False,False,none,True,solute_iso_collision_0003,True,CC(C)CCCC(C)CCCC(C)CCCCC(C)CCCC(C)CCCC(C)C,CC(C)CCCC(C)CCCC(C)CCCCC(C)CCCC(C)CCCC(C)C,False,False,none,False,,True,solute:collision
ClC=CCl,CC(C)CCCC(C)CCCC(C)CCCCC(C)CCCC(C)CCCC(C)C,93.9,-0.610645959,IDAC_2026_dataset.csv,True,ClC=CCl,ClC=CCl,False,False,none,True,solute_iso_collision_0003,True,CC(C)CCCC(C)CCCC(C)CCCCC(C)CCCC(C)CCCC(C)C,CC(C)CCCC(C)CCCC(C)CCCCC(C)CCCC(C)CCCC(C)C,False,False,none,False,,True,solute:collision
ClC=CCl,O,20.0,7.090076836,IDAC_2026_dataset.csv,True,ClC=CCl,ClC=CCl,False,False,none,True,solute_iso_collision_0003,True,O,O,False,False,none,False,,True,solute:collision
ClC=CCl,O,30.0,7.177782416,IDAC_2026_dataset.csv,True,ClC=CCl,ClC=CCl,False,False,none,True,solute_iso_collision_0003,True,O,O,False,False,none,False,,True,solute:collision
ClC=CCl,O,40.0,7.222566019,IDAC_2026_dataset.csv,True,ClC=CCl,ClC=CCl,False,False,none,True,solute_iso_collision_0003,True,O,O,False,False,none,False,,True,solute:collision
ClC=C(Cl)Cl,CCCCCCCCC=CCCCCCCCC(O)=O,65.21,-0.219400565,IDAC_2026_dataset.csv,True,ClC=C(Cl)Cl,ClC=C(Cl)Cl,False,False,none,False,,True,CCCCCCCCC=CCCCCCCCC(=O)O,CCCCCCCCC=CCCCCCCCC(=O)O,False,False,none,True,solvent_iso_collision_0002,True,solvent:collision
ClC=C(Cl)Cl,CCCCCCCCC=CCCCCCCCC(O)=O,75.14,-0.244622583,IDAC_2026_dataset.csv,True,ClC=C(Cl)Cl,ClC=C(Cl)Cl,False,False,none,False,,True,CCCCCCCCC=CCCCCCCCC(=O)O,CCCCCCCCC=CCCCCCCCC(=O)O,False,False,none,True,solvent_iso_collision_0002,True,solvent:collision
ClC=C(Cl)Cl,CCCCCCCCC=CCCCCCCCC(O)=O,85.13,-0.298406036,IDAC_2026_dataset.csv,True,ClC=C(Cl)Cl,ClC=C(Cl)Cl,False,False,none,False,,True,CCCCCCCCC=CCCCCCCCC(=O)O,CCCCCCCCC=CCCCCCCCC(=O)O,False,False,none,True,solvent_iso_collision_0002,True,solvent:collision
CC#N,CC(=CCCC(=CCCC(=CCCC=C(C)CCC=C(C)CCC=C(C)C)C)C)C,80.0,1.340250423,IDAC_2026_dataset.csv,True,CC#N,CC#N,False,False,none,False,,True,CC(C)=CCCC(C)=CCCC(C)=CCCC=C(C)CCC=C(C)CCC=C(C)C,CC(C)=CCCC(C)=CCCC(C)=CCCC=C(C)CCC=C(C)CCC=C(C)C,False,False,none,True,solvent_iso_collision_0004,True,solvent:collision
CCC#N,CC(=CCCC(=CCCC(=CCCC=C(C)CCC=C(C)CCC=C(C)C)C)C)C,80.0,1.022450928,IDAC_2026_dataset.csv,True,CCC#N,CCC#N,False,False,none,False,,True,CC(C)=CCCC(C)=CCCC(C)=CCCC=C(C)CCC=C(C)CCC=C(C)C,CC(C)=CCCC(C)=CCCC(C)=CCCC=C(C)CCC=C(C)CCC=C(C)C,False,False,none,True,solvent_iso_collision_0004,True,solvent:collision
COc1ccc(C#N)cc1,CC(=CCCC(=CCCC(=CCCC=C(C)CCC=C(C)CCC=C(C)C)C)C)C,80.0,1.208960346,IDAC_2026_dataset.csv,True,COc1ccc(C#N)cc1,COc1ccc(C#N)cc1,False,False,none,False,,True,CC(C)=CCCC(C)=CCCC(C)=CCCC=C(C)CCC=C(C)CCC=C(C)C,CC(C)=CCCC(C)=CCCC(C)=CCCC=C(C)CCC=C(C)CCC=C(C)C,False,False,none,True,solvent_iso_collision_0004,True,solvent:collision
CCN(=O)=O,CC(=CCCC(=CCCC(=CCCC=C(C)CCC=C(C)CCC=C(C)C)C)C)C,80.0,0.90825856,IDAC_2026_dataset.csv,True,CC[N+](=O)[O-],CC[N+](=O)[O-],False,False,none,False,,True,CC(C)=CCCC(C)=CCCC(C)=CCCC=C(C)CCC=C(C)CCC=C(C)C,CC(C)=CCCC(C)=CCCC(C)=CCCC=C(C)CCC=C(C)CCC=C(C)C,False,False,none,True,solvent_iso_collision_0004,True,solvent:collision
O=Cc1occc1,CC(=CCCC(=CCCC(=CCCC=C(C)CCC=C(C)CCC=C(C)C)C)C)C,80.0,1.166270937,IDAC_2026_dataset.csv,True,O=Cc1ccco1,O=Cc1ccco1,False,False,none,False,,True,CC(C)=CCCC(C)=CCCC(C)=CCCC=C(C)CCC=C(C)CCC=C(C)C,CC(C)=CCCC(C)=CCCC(C)=CCCC=C(C)CCC=C(C)CCC=C(C)C,False,False,none,True,solvent_iso_collision_0004,True,solvent:collision
CN(C)C=O,CC(=CCCC(=CCCC(=CCCC=C(C)CCC=C(C)CCC=C(C)C)C)C)C,80.0,1.10856262,IDAC_2026_dataset.csv,True,CN(C)C=O,CN(C)C=O,False,False,none,False,,True,CC(C)=CCCC(C)=CCCC(C)=CCCC=C(C)CCC=C(C)CCC=C(C)C,CC(C)=CCCC(C)=CCCC(C)=CCCC=C(C)CCC=C(C)CCC=C(C)C,False,False,none,True,solvent_iso_collision_0004,True,solvent:collision
S=C=S,CC(=CCCC(=CCCC(=CCCC=C(C)CCC=C(C)CCC=C(C)C)C)C)C,80.0,-0.916290732,IDAC_2026_dataset.csv,True,S=C=S,S=C=S,False,False,none,False,,True,CC(C)=CCCC(C)=CCCC(C)=CCCC=C(C)CCC=C(C)CCC=C(C)C,CC(C)=CCCC(C)=CCCC(C)=CCCC=C(C)CCC=C(C)CCC=C(C)C,False,False,none,True,solvent_iso_collision_0004,True,solvent:collision
CS(C)=O,CC(=CCCC(=CCCC(=CCCC=C(C)CCC=C(C)CCC=C(C)C)C)C)C,80.0,1.945910149,IDAC_2026_dataset.csv,True,CS(C)=O,CS(C)=O,False,False,none,False,,True,CC(C)=CCCC(C)=CCCC(C)=CCCC=C(C)CCC=C(C)CCC=C(C)C,CC(C)=CCCC(C)=CCCC(C)=CCCC=C(C)CCC=C(C)CCC=C(C)C,False,False,none,True,solvent_iso_collision_0004,True,solvent:collision
COP(OC)OC,CC(=CCCC(=CCCC(=CCCC=C(C)CCC=C(C)CCC=C(C)C)C)C)C,80.0,-1.514127733,IDAC_2026_dataset.csv,True,COP(OC)OC,COP(OC)OC,False,False,none,False,,True,CC(C)=CCCC(C)=CCCC(C)=CCCC=C(C)CCC=C(C)CCC=C(C)C,CC(C)=CCCC(C)=CCCC(C)=CCCC=C(C)CCC=C(C)CCC=C(C)C,False,False,none,True,solvent_iso_collision_0004,True,solvent:collision
COP(OC)(OC)=O,CC(=CCCC(=CCCC(=CCCC=C(C)CCC=C(C)CCC=C(C)C)C)C)C,80.0,1.193922468,IDAC_2026_dataset.csv,True,COP(=O)(OC)OC,COP(=O)(OC)OC,False,False,none,False,,True,CC(C)=CCCC(C)=CCCC(C)=CCCC=C(C)CCC=C(C)CCC=C(C)C,CC(C)=CCCC(C)=CCCC(C)=CCCC=C(C)CCC=C(C)CCC=C(C)C,False,False,none,True,solvent_iso_collision_0004,True,solvent:collision
