role,raw_smiles,rdkit_valid,canonical_isomeric,canonical_nonisomeric,rdkit_isomeric_flag,heuristic_flag,detection_method,sample_count,isomer_collision_group,collision_group_id
solute,C1CCCCC1,True,C1CCCCC1,C1CCCCC1,False,False,none,1617,False,
solute,C1=CC=NC=C1,True,c1ccncc1,c1ccncc1,False,False,none,53,False,
solute,CCCC,True,CCCC,CCCC,False,False,none,129,False,
solute,CCCCCC,True,CCCCCC,CCCCCC,False,False,none,2035,False,
solute,C(Cl)(Cl)(Cl)Cl,True,ClC(Cl)(Cl)Cl,ClC(Cl)(Cl)Cl,False,False,none,264,False,
solute,CCSSCC,True,CCSSCC,CCSSCC,False,False,none,3,False,
solute,CC(C)CO,True,CC(C)CO,CC(C)CO,False,False,none,47,False,
solute,CC=C,True,C=CC,C=CC,False,False,none,102,False,
solute,C1=CC=CC=C1,True,c1ccccc1,c1ccccc1,False,False,none,981,False,
solute,CCCCCCCCC,True,CCCCCCCCC,CCCCCCCCC,False,False,none,418,False,
solute,C=CC=C,True,C=CC=C,C=CC=C,False,False,none,118,False,
solute,CC1CCC(CC1)C,True,CC1CCC(C)CC1,CC1CCC(C)CC1,False,False,none,5,False,
solute,CC#N,True,CC#N,CC#N,False,False,none,232,False,
solute,CCC(C)(C)C,True,CCC(C)(C)C,CCC(C)(C)C,False,False,none,104,False,
solute,CCCC(C)C,True,CCCC(C)C,CCCC(C)C,False,False,none,299,False,
solute,CCCCC=C,True,C=CCCCC,C=CCCCC,False,False,none,770,False,
solute,CC(C)CC(C)C,True,CC(C)CC(C)C,CC(C)CC(C)C,False,False,none,270,False,
solute,CCCCCCC,True,CCCCCCC,CCCCCCC,False,False,none,1641,False,
solute,CCCCCC=C,True,C=CCCCCC,C=CCCCCC,False,False,none,495,False,
solute,CCCOC(=O)C,True,CCCOC(C)=O,CCCOC(C)=O,False,False,none,123,False,
solute,CC(C)C,True,CC(C)C,CC(C)C,False,False,none,122,False,
solute,CC1CCCCC1,True,CC1CCCCC1,CC1CCCCC1,False,False,none,611,False,
solute,CCC1CCCCC1,True,CCC1CCCCC1,CCC1CCCCC1,False,False,none,393,False,
solute,CCO,True,CCO,CCO,False,False,none,565,False,
solute,C(Cl)(Cl)Cl,True,ClC(Cl)Cl,ClC(Cl)Cl,False,False,none,323,False,
solute,CC(C)OC(C)C,True,CC(C)OC(C)C,CC(C)OC(C)C,False,False,none,164,False,
solute,C1CC=CC=C1,True,C1=CCCC=C1,C1=CCCC=C1,False,False,none,12,False,
solute,C(C(CO)O)O,True,OCC(O)CO,OCC(O)CO,False,False,none,2,False,
solute,C(CCl)Cl,True,ClCCCl,ClCCCl,False,False,none,168,False,
solute,CC1=CC=C(C=C1)C,True,Cc1ccc(C)cc1,Cc1ccc(C)cc1,False,False,none,167,False,
solute,CCCCC,True,CCCCC,CCCCC,False,False,none,1118,False,
solute,CC1=CCC2CC1C2(C)C,True,CC1=CCC2CC1C2(C)C,CC1=CCC2CC1C2(C)C,False,False,none,18,False,
solute,CCC(=O)C,True,CCC(C)=O,CCC(C)=O,False,False,none,357,False,
solute,CC(CCl)Cl,True,CC(Cl)CCl,CC(Cl)CCl,False,False,none,13,False,
solute,CCC=O,True,CCC=O,CCC=O,False,False,none,27,False,
solute,CC1=CC=CC=C1,True,Cc1ccccc1,Cc1ccccc1,False,False,none,725,False,
solute,CCC(C)CCC(C)C,True,CCC(C)CCC(C)C,CCC(C)CCC(C)C,False,False,none,44,False,
solute,CCCCOP(=O)(OCCCC)OCCCC,True,CCCCOP(=O)(OCCCC)OCCCC,CCCCOP(=O)(OCCCC)OCCCC,False,False,none,7,False,
solute,CC(=O)OC,True,COC(C)=O,COC(C)=O,False,False,none,113,False,
solute,CCCCCO,True,CCCCCO,CCCCCO,False,False,none,89,False,
solute,CC(C)C=C,True,C=CC(C)C,C=CC(C)C,False,False,none,93,False,
solute,C[N+](=O)[O-],True,C[N+](=O)[O-],C[N+](=O)[O-],False,False,none,128,False,
solute,C(=S)=S,True,S=C=S,S=C=S,False,False,none,77,False,
solute,CCC1=CC=CC=C1,True,CCc1ccccc1,CCc1ccccc1,False,False,none,418,False,
solute,CCN(CC)CC,True,CCN(CC)CC,CCN(CC)CC,False,False,none,143,False,
solute,CC(C)O,True,CC(C)O,CC(C)O,False,False,none,207,False,
solute,CC(=C)C,True,C=C(C)C,C=C(C)C,False,False,none,113,False,
solute,C/C=C\C,True,C/C=C\C,CC=CC,True,True,rdkit+heuristic,118,True,solute_iso_collision_0001
solute,CCCCCCCCCC,True,CCCCCCCCCC,CCCCCCCCCC,False,False,none,158,False,
solute,C1=CC=C(C=C1)CCl,True,ClCc1ccccc1,ClCc1ccccc1,False,False,none,25,False,
solute,COC,True,COC,COC,False,False,none,116,False,
solute,CCCCCCCC,True,CCCCCCCC,CCCCCCCC,False,False,none,903,False,
solute,CCOCC,True,CCOCC,CCOCC,False,False,none,317,False,
solute,C(=C(Cl)Cl)Cl,True,ClC=C(Cl)Cl,ClC=C(Cl)Cl,False,False,none,102,False,
solute,CCOC(C)(C)C,True,CCOC(C)(C)C,CCOC(C)(C)C,False,False,none,108,False,
solute,CC(=O)C,True,CC(C)=O,CC(C)=O,False,False,none,439,False,
solute,CCC(C)CC(C)(C)C,True,CCC(C)CC(C)(C)C,CCC(C)CC(C)(C)C,False,False,none,33,False,
solute,C(Cl)Cl,True,ClCCl,ClCCl,False,False,none,240,False,
solute,CCCCCCCCCCO,True,CCCCCCCCCCO,CCCCCCCCCCO,False,False,none,7,False,
solute,CCCl,True,CCCl,CCCl,False,False,none,128,False,
solute,CCC#N,True,CCC#N,CCC#N,False,False,none,120,False,
solute,CCC(=O)O,True,CCC(=O)O,CCC(=O)O,False,False,none,2,False,
solute,CC1CCCC1,True,CC1CCCC1,CC1CCCC1,False,False,none,278,False,
solute,CCCC=O,True,CCCC=O,CCCC=O,False,False,none,78,False,
solute,CCCCCCC=C,True,C=CCCCCCC,C=CCCCCCC,False,False,none,420,False,
solute,C1=CC=C(C=C1)Br,True,Brc1ccccc1,Brc1ccccc1,False,False,none,11,False,
solute,CCCCCCCC=C,True,C=CCCCCCCC,C=CCCCCCCC,False,False,none,35,False,
solute,CC(C)C(C)C(C)C,True,CC(C)C(C)C(C)C,CC(C)C(C)C(C)C,False,False,none,214,False,
solute,CCCCOC(=O)C,True,CCCCOC(C)=O,CCCCOC(C)=O,False,False,none,90,False,
solute,CC(F)F,True,CC(F)F,CC(F)F,False,False,none,127,False,
solute,CC(=C)C=C,True,C=CC(=C)C,C=CC(=C)C,False,False,none,188,False,
solute,CCCCOC=O,True,CCCCOC=O,CCCCOC=O,False,False,none,4,False,
solute,C1CCCC1,True,C1CCCC1,C1CCCC1,False,False,none,323,False,
solute,C=CCCC=C,True,C=CCCC=C,C=CCCC=C,False,False,none,14,False,
solute,C(C(F)(Cl)Cl)(F)(Cl)Cl,True,FC(Cl)(Cl)C(F)(Cl)Cl,FC(Cl)(Cl)C(F)(Cl)Cl,False,False,none,46,False,
solute,CCCC=C,True,C=CCCC,C=CCCC,False,False,none,508,False,
solute,CC1=CC=CC=C1C,True,Cc1ccccc1C,Cc1ccccc1C,False,False,none,138,False,
solute,CCC(=O)OC,True,CCC(=O)OC,CCC(=O)OC,False,False,none,14,False,
solute,CO,True,CO,CO,False,False,none,887,False,
solute,CCCO,True,CCCO,CCCO,False,False,none,305,False,
solute,CCCCO,True,CCCCO,CCCCO,False,False,none,239,False,
solute,CC=C(C)C,True,CC=C(C)C,CC=C(C)C,False,False,none,144,False,
solute,CC(C)C=O,True,CC(C)C=O,CC(C)C=O,False,False,none,54,False,
solute,CCC,True,CCC,CCC,False,False,none,121,False,
solute,CC=O,True,CC=O,CC=O,False,False,none,123,False,
solute,CCC(=O)CC,True,CCC(=O)CC,CCC(=O)CC,False,False,none,23,False,
solute,CCC=C,True,C=CCC,C=CCC,False,False,none,120,False,
solute,C(C(Cl)(Cl)Cl)(F)(F)F,True,FC(F)(F)C(Cl)(Cl)Cl,FC(F)(F)C(Cl)(Cl)Cl,False,False,none,12,False,
solute,C1=COC=C1,True,c1ccoc1,c1ccoc1,False,False,none,111,False,
solute,COC1=CC=CC=C1,True,COc1ccccc1,COc1ccccc1,False,False,none,54,False,
solute,C1COCCO1,True,C1COCCO1,C1COCCO1,False,False,none,148,False,
solute,C=CC1=CC=CC=C1,True,C=Cc1ccccc1,C=Cc1ccccc1,False,False,none,18,False,
solute,COC=O,True,COC=O,COC=O,False,False,none,57,False,
solute,CCC(C)Cl,True,CCC(C)Cl,CCC(C)Cl,False,False,none,26,False,
solute,CCCC(C)(C)C(C)C,True,CCCC(C)(C)C(C)C,CCCC(C)(C)C(C)C,False,False,none,33,False,
solute,CCCCCCCCCCC,True,CCCCCCCCCCC,CCCCCCCCCCC,False,False,none,22,False,
solute,CCOC(=O)C,True,CCOC(C)=O,CCOC(C)=O,False,False,none,316,False,
solute,CCC(C)C,True,CCC(C)C,CCC(C)C,False,False,none,143,False,
solute,C1CCC(CC1)N,True,NC1CCCCC1,NC1CCCCC1,False,False,none,23,False,
solute,CC(C)CCC(C)C,True,CC(C)CCC(C)C,CC(C)CCC(C)C,False,False,none,145,False,
solute,CCCSSCCC,True,CCCSSCCC,CCCSSCCC,False,False,none,3,False,
solute,CC(C)CC(C)(C)C,True,CC(C)CC(C)(C)C,CC(C)CC(C)(C)C,False,False,none,336,False,
solute,CCCCC#C,True,C#CCCCC,C#CCCCC,False,False,none,88,False,
solute,CI,True,CI,CI,False,False,none,100,False,
solute,CC(C)C(C)C,True,CC(C)C(C)C,CC(C)C(C)C,False,False,none,79,False,
solute,CCCCCl,True,CCCCCl,CCCCCl,False,False,none,260,False,
solute,CCC(C)(C)CC,True,CCC(C)(C)CC,CCC(C)(C)CC,False,False,none,17,False,
solute,C1=COC(=C1)C=O,True,O=Cc1ccco1,O=Cc1ccco1,False,False,none,22,False,
solute,C1CC=CC1,True,C1=CCCC1,C1=CCCC1,False,False,none,30,False,
solute,CC(C)CC(=O)C,True,CC(=O)CC(C)C,CC(=O)CC(C)C,False,False,none,52,False,
solute,CC(Cl)(Cl)Cl,True,CC(Cl)(Cl)Cl,CC(Cl)(Cl)Cl,False,False,none,57,False,
solute,C(Br)Br,True,BrCBr,BrCBr,False,False,none,21,False,
solute,CC(C)(C)OC,True,COC(C)(C)C,COC(C)(C)C,False,False,none,109,False,
solute,C/C=C/C,True,C/C=C/C,CC=CC,True,True,rdkit+heuristic,122,True,solute_iso_collision_0001
solute,CCCCCCO,True,CCCCCCO,CCCCCCO,False,False,none,29,False,
solute,C1=CC=C(C=C1)O,True,Oc1ccccc1,Oc1ccccc1,False,False,none,42,False,
solute,CCC(=O)OCC,True,CCOC(=O)CC,CCOC(=O)CC,False,False,none,31,False,
solute,C1=CC=C(C=C1)Cl,True,Clc1ccccc1,Clc1ccccc1,False,False,none,126,False,
solute,CC1=CC(=CC=C1)C,True,Cc1cccc(C)c1,Cc1cccc(C)c1,False,False,none,123,False,
solute,C1COC(=O)O1,True,O=C1OCCO1,O=C1OCCO1,False,False,none,20,False,
solute,CCCCN,True,CCCCN,CCCCN,False,False,none,10,False,
solute,C1CCOC1,True,C1CCOC1,C1CCOC1,False,False,none,141,False,
solute,CCI,True,CCI,CCI,False,False,none,120,False,
solute,CCCNCCC,True,CCCNCCC,CCCNCCC,False,False,none,11,False,
solute,C/C=C\C=C,True,C=C/C=C\C,C=CC=CC,True,True,rdkit+heuristic,24,True,solute_iso_collision_0002
solute,C(Cl)(Cl)(Cl)Br,True,ClC(Cl)(Cl)Br,ClC(Cl)(Cl)Br,False,False,none,19,False,
solute,CCBr,True,CCBr,CCBr,False,False,none,114,False,
solute,C1CCCCCCC1,True,C1CCCCCCC1,C1CCCCCCC1,False,False,none,90,False,
solute,CCCC1=CC=CC=C1,True,CCCc1ccccc1,CCCc1ccccc1,False,False,none,29,False,
solute,CCC(C)O,True,CCC(C)O,CCC(C)O,False,False,none,59,False,
solute,CCCC(C)(C)C,True,CCCC(C)(C)C,CCCC(C)(C)C,False,False,none,58,False,
solute,CCCCCCl,True,CCCCCCl,CCCCCCl,False,False,none,97,False,
solute,CCCC(=O)C,True,CCCC(C)=O,CCCC(C)=O,False,False,none,97,False,
solute,CS(=O)C,True,CS(C)=O,CS(C)=O,False,False,none,15,False,
solute,CC(C)C1=CC=CC=C1,True,CC(C)c1ccccc1,CC(C)c1ccccc1,False,False,none,26,False,
solute,CC1=CC(=CC=C1)O,True,Cc1cccc(O)c1,Cc1cccc(O)c1,False,False,none,19,False,
solute,C1CCC2CCCCC2C1,True,C1CCC2CCCCC2C1,C1CCC2CCCCC2C1,False,False,none,2,False,
solute,CCCC(=C)C,True,C=C(C)CCC,C=C(C)CCC,False,False,none,35,False,
solute,C1=CC=C(C=C1)N,True,Nc1ccccc1,Nc1ccccc1,False,False,none,9,False,
solute,C1CCC=CC1,True,C1=CCCCC1,C1=CCCCC1,False,False,none,162,False,
solute,CCC(C)CC,True,CCC(C)CC,CCC(C)CC,False,False,none,71,False,
solute,C1CCCCCC1,True,C1CCCCCC1,C1CCCCCC1,False,False,none,133,False,
solute,CCSC,True,CCSC,CCSC,False,False,none,3,False,
solute,C(Cl)(Cl)Br,True,ClC(Cl)Br,ClC(Cl)Br,False,False,none,18,False,
solute,C1CCC=CCC1,True,C1=CCCCCC1,C1=CCCCCC1,False,False,none,6,False,
solute,CCC(C)C(C)C,True,CCC(C)C(C)C,CCC(C)C(C)C,False,False,none,67,False,
solute,CCCC(C)CC,True,CCCC(C)CC,CCCC(C)CC,False,False,none,93,False,
solute,C/C=C/C=C,True,C=C/C=C/C,C=CC=CC,True,True,rdkit+heuristic,30,True,solute_iso_collision_0002
solute,CCCCOCCCC,True,CCCCOCCCC,CCCCOCCCC,False,False,none,27,False,
solute,C(C(F)(Cl)Cl)(F)(F)Cl,True,FC(F)(Cl)C(F)(Cl)Cl,FC(F)(Cl)C(F)(Cl)Cl,False,False,none,14,False,
solute,CCCCC(C)CC,True,CCCCC(C)CC,CCCCC(C)CC,False,False,none,21,False,
solute,CCCBr,True,CCCBr,CCCBr,False,False,none,28,False,
solute,C(=C/Cl)\Cl,True,Cl/C=C/Cl,ClC=CCl,True,True,rdkit+heuristic,18,True,solute_iso_collision_0003
solute,CC(C)Br,True,CC(C)Br,CC(C)Br,False,False,none,12,False,
solute,C1=CC=C(C=C1)F,True,Fc1ccccc1,Fc1ccccc1,False,False,none,10,False,
solute,CCCC#N,True,CCCC#N,CCCC#N,False,False,none,38,False,
solute,CCC(C)(C)OC,True,CCC(C)(C)OC,CCC(C)(C)OC,False,False,none,56,False,
solute,CCCCl,True,CCCCl,CCCCl,False,False,none,207,False,
solute,CCCCC(C)C,True,CCCCC(C)C,CCCCC(C)C,False,False,none,40,False,
solute,CCCCCC(C)C,True,CCCCCC(C)C,CCCCCC(C)C,False,False,none,25,False,
solute,CC(C)(C)Cl,True,CC(C)(C)Cl,CC(C)(C)Cl,False,False,none,64,False,
solute,CC[N+](=O)[O-],True,CC[N+](=O)[O-],CC[N+](=O)[O-],False,False,none,29,False,
solute,CC(C)CC=C,True,C=CCC(C)C,C=CCC(C)C,False,False,none,27,False,
solute,C(C(Cl)Cl)Cl,True,ClCC(Cl)Cl,ClCC(Cl)Cl,False,False,none,15,False,
solute,CCCCC=O,True,CCCCC=O,CCCCC=O,False,False,none,41,False,
solute,CCCCCCCl,True,CCCCCCCl,CCCCCCCl,False,False,none,32,False,
solute,CC(=O)CC(=O)C,True,CC(=O)CC(C)=O,CC(=O)CC(C)=O,False,False,none,11,False,
solute,CC(C)(C)N,True,CC(C)(C)N,CC(C)(C)N,False,False,none,2,False,
solute,CCC(CC)CC,True,CCC(CC)CC,CCC(CC)CC,False,False,none,5,False,
solute,CCCS,True,CCCS,CCCS,False,False,none,11,False,
solute,CCCCC1=CC=CC=C1,True,CCCCc1ccccc1,CCCCc1ccccc1,False,False,none,7,False,
solute,CCCCCO[N+](=O)[O-],True,CCCCCO[N+](=O)[O-],CCCCCO[N+](=O)[O-],False,False,none,3,False,
solute,CCC[N+](=O)[O-],True,CCC[N+](=O)[O-],CCC[N+](=O)[O-],False,False,none,20,False,
solute,C(F)(F)(F)Cl,True,FC(F)(F)Cl,FC(F)(F)Cl,False,False,none,9,False,
solute,C=CC1CCC=CC1,True,C=CC1CC=CCC1,C=CC1CC=CCC1,False,False,none,2,False,
solute,CC(=O)OC=C,True,C=COC(C)=O,C=COC(C)=O,False,False,none,44,False,
solute,C1=CSC=C1,True,c1ccsc1,c1ccsc1,False,False,none,12,False,
solute,C=CCCCC=C,True,C=CCCCC=C,C=CCCCC=C,False,False,none,14,False,
solute,CCCCCCC#C,True,C#CCCCCCC,C#CCCCCCC,False,False,none,73,False,
solute,C(=C\Cl)\Cl,True,Cl/C=C\Cl,ClC=CCl,True,True,rdkit+heuristic,18,True,solute_iso_collision_0003
solute,CCCC(=O)OCC,True,CCCC(=O)OCC,CCCC(=O)OCC,False,False,none,18,False,
solute,CCCC(C)CCC,True,CCCC(C)CCC,CCCC(C)CCC,False,False,none,24,False,
solute,CCCCCCCCC=C,True,C=CCCCCCCCC,C=CCCCCCCCC,False,False,none,49,False,
solute,CC(C)(C)C,True,CC(C)(C)C,CC(C)(C)C,False,False,none,10,False,
solute,CC(=C(C)C)C,True,CC(C)=C(C)C,CC(C)=C(C)C,False,False,none,5,False,
solute,C(CBr)Cl,True,ClCCBr,ClCCBr,False,False,none,18,False,
solute,CC(C)C(C)(C)C,True,CC(C)C(C)(C)C,CC(C)C(C)(C)C,False,False,none,36,False,
solute,C=CCCCCC=C,True,C=CCCCCC=C,C=CCCCCC=C,False,False,none,12,False,
solute,C1CCC(=O)CC1,True,O=C1CCCCC1,O=C1CCCCC1,False,False,none,8,False,
solute,CC(C)OC(=O)C,True,CC(=O)OC(C)C,CC(=O)OC(C)C,False,False,none,7,False,
solute,C(CN)CN,True,NCCCN,NCCCN,False,False,none,4,False,
solute,C(C(C(C(F)(F)F)(F)F)(F)F)(C(C(F)(F)F)(F)F)(F)F,True,FC(F)(F)C(F)(F)C(F)(F)C(F)(F)C(F)(F)C(F)(F)F,FC(F)(F)C(F)(F)C(F)(F)C(F)(F)C(F)(F)C(F)(F)F,False,False,none,2,False,
solute,COCOC,True,COCOC,COCOC,False,False,none,15,False,
solute,CCCCS,True,CCCCS,CCCCS,False,False,none,12,False,
solute,CCOC=O,True,CCOC=O,CCOC=O,False,False,none,26,False,
solute,CCO[N+](=O)[O-],True,CCO[N+](=O)[O-],CCO[N+](=O)[O-],False,False,none,5,False,
solute,CC(C)[N+](=O)[O-],True,CC(C)[N+](=O)[O-],CC(C)[N+](=O)[O-],False,False,none,16,False,
solute,C(=O)O,True,O=CO,O=CO,False,False,none,7,False,
solute,CC(C)CCO,True,CC(C)CCO,CC(C)CCO,False,False,none,11,False,
solute,CCCCCCCCO,True,CCCCCCCCO,CCCCCCCCO,False,False,none,9,False,
solute,CCCO[N+](=O)[O-],True,CCCO[N+](=O)[O-],CCCO[N+](=O)[O-],False,False,none,3,False,
solute,CC(=O)O,True,CC(=O)O,CC(=O)O,False,False,none,18,False,
solute,CC1=CC[C@@H](CC1)C(=C)C,True,C=C(C)[C@H]1CC=C(C)CC1,C=C(C)C1CC=C(C)CC1,True,True,rdkit+heuristic,1,True,solute_iso_collision_0006
solute,C1=CC=C(C=C1)[N+](=O)[O-],True,O=[N+]([O-])c1ccccc1,O=[N+]([O-])c1ccccc1,False,False,none,4,False,
solute,CC(C)(C)O,True,CC(C)(C)O,CC(C)(C)O,False,False,none,34,False,
solute,CC/C=C/C=C,True,C=C/C=C/CC,C=CC=CCC,True,True,rdkit+heuristic,9,True,solute_iso_collision_0005
solute,CCCC#C,True,C#CCCC,C#CCCC,False,False,none,21,False,
solute,CCC=C(C)C,True,CCC=C(C)C,CCC=C(C)C,False,False,none,7,False,
solute,CC1=NC(=CC=C1)C,True,Cc1cccc(C)n1,Cc1cccc(C)n1,False,False,none,1,False,
solute,CC(C)C(=O)C,True,CC(=O)C(C)C,CC(=O)C(C)C,False,False,none,3,False,
solute,CC(=O)N,True,CC(N)=O,CC(N)=O,False,False,none,3,False,
solute,CCC(C)N,True,CCC(C)N,CCC(C)N,False,False,none,2,False,
solute,CCCC(=O)OC,True,CCCC(=O)OC,CCCC(=O)OC,False,False,none,8,False,
solute,CN(C)C=O,True,CN(C)C=O,CN(C)C=O,False,False,none,43,False,
solute,C(CN)N,True,NCCN,NCCN,False,False,none,8,False,
solute,CN1CCCC1=O,True,CN1CCCC1=O,CN1CCCC1=O,False,False,none,21,False,
solute,CC1(C2CCC(=C)C1C2)C,True,C=C1CCC2CC1C2(C)C,C=C1CCC2CC1C2(C)C,False,False,none,22,False,
solute,CCCCCOC(=O)C,True,CCCCCOC(C)=O,CCCCCOC(C)=O,False,False,none,3,False,
solute,CC(C)C(=NO)C(C)C,True,CC(C)C(=NO)C(C)C,CC(C)C(=NO)C(C)C,False,False,none,5,False,
solute,CCCCCC#C,True,C#CCCCCC,C#CCCCCC,False,False,none,96,False,
solute,CCCCC(=O)C,True,CCCCC(C)=O,CCCCC(C)=O,False,False,none,1,False,
solute,COC(=O)OC,True,COC(=O)OC,COC(=O)OC,False,False,none,4,False,
solute,CC1=CC(=CC(=C1)C)C,True,Cc1cc(C)cc(C)c1,Cc1cc(C)cc(C)c1,False,False,none,14,False,
solute,CC1=CN=CC=C1,True,Cc1cccnc1,Cc1cccnc1,False,False,none,2,False,
solute,CCCOCCC,True,CCCOCCC,CCCOCCC,False,False,none,15,False,
solute,CCNCC,True,CCNCC,CCNCC,False,False,none,10,False,
solute,C1COC1,True,C1COC1,C1COC1,False,False,none,2,False,
solute,C1=CC=C(C=C1)C#N,True,N#Cc1ccccc1,N#Cc1ccccc1,False,False,none,3,False,
solute,C1CCNCC1,True,C1CCNCC1,C1CCNCC1,False,False,none,4,False,
solute,CCCC(=O)CCC,True,CCCC(=O)CCC,CCCC(=O)CCC,False,False,none,9,False,
solute,CC(=O)CCC(=O)C,True,CC(=O)CCC(C)=O,CC(=O)CCC(C)=O,False,False,none,1,False,
solute,C(Cl)(Br)Br,True,ClC(Br)Br,ClC(Br)Br,False,False,none,1,False,
solute,CC1=CC=C(C=C1)O,True,Cc1ccc(O)cc1,Cc1ccc(O)cc1,False,False,none,5,False,
solute,C1CCC(C1)O,True,OC1CCCC1,OC1CCCC1,False,False,none,5,False,
solute,CC(Cl)Cl,True,CC(Cl)Cl,CC(Cl)Cl,False,False,none,60,False,
solute,CCSCC,True,CCSCC,CCSCC,False,False,none,3,False,
solute,C1C=CC=C1,True,C1=CCC=C1,C1=CCC=C1,False,False,none,14,False,
solute,CCCCC(C)(C)C,True,CCCCC(C)(C)C,CCCCC(C)(C)C,False,False,none,16,False,
solute,CCC(C)(C)O,True,CCC(C)(C)O,CCC(C)(C)O,False,False,none,3,False,
solute,CC1=CC=CC=N1,True,Cc1ccccn1,Cc1ccccn1,False,False,none,1,False,
solute,C1CC(=O)C1,True,O=C1CCC1,O=C1CCC1,False,False,none,2,False,
solute,CCCCCCCCCC=C,True,C=CCCCCCCCCC,C=CCCCCCCCCC,False,False,none,9,False,
solute,C=CC=O,True,C=CC=O,C=CC=O,False,False,none,3,False,
solute,CSC,True,CSC,CSC,False,False,none,10,False,
solute,CC(C)I,True,CC(C)I,CC(C)I,False,False,none,12,False,
solute,CCC#CCC,True,CCC#CCC,CCC#CCC,False,False,none,8,False,
solute,C[C@@H]1CCCC[C@@H]1C,True,C[C@@H]1CCCC[C@@H]1C,CC1CCCCC1C,True,True,rdkit+heuristic,25,True,solute_iso_collision_0004
solute,CCCCCCCCCCCC,True,CCCCCCCCCCCC,CCCCCCCCCCCC,False,False,none,14,False,
solute,CCCCO[N+](=O)[O-],True,CCCCO[N+](=O)[O-],CCCCO[N+](=O)[O-],False,False,none,3,False,
solute,CCC(=C)C,True,C=C(C)CC,C=C(C)CC,False,False,none,3,False,
solute,C(C(F)(F)F)(Cl)Br,True,FC(F)(F)C(Cl)Br,FC(F)(F)C(Cl)Br,False,False,none,3,False,
solute,CCCN(CCC)CCC,True,CCCN(CCC)CCC,CCCN(CCC)CCC,False,False,none,3,False,
solute,C1C=CCC=C1,True,C1=CCC=CC1,C1=CCC=CC1,False,False,none,12,False,
solute,CCOC(=O)C1=CC=CC=C1C(=O)OCC,True,CCOC(=O)c1ccccc1C(=O)OCC,CCOC(=O)c1ccccc1C(=O)OCC,False,False,none,2,False,
solute,COCCOC,True,COCCOC,COCCOC,False,False,none,17,False,
solute,CC1=CC=CC=C1O,True,Cc1ccccc1O,Cc1ccccc1O,False,False,none,13,False,
solute,CC/C=C/CC,True,CC/C=C/CC,CCC=CCC,True,True,rdkit+heuristic,2,True,solute_iso_collision_0009
solute,CCC(CC)(CC)O,True,CCC(O)(CC)CC,CCC(O)(CC)CC,False,False,none,2,False,
solute,C1=CC=C(C(=C1)Cl)Cl,True,Clc1ccccc1Cl,Clc1ccccc1Cl,False,False,none,2,False,
solute,CCCCCCN,True,CCCCCCN,CCCCCCN,False,False,none,6,False,
solute,C1CCC(=O)C1,True,O=C1CCCC1,O=C1CCCC1,False,False,none,7,False,
solute,CCCCCCO[N+](=O)[O-],True,CCCCCCO[N+](=O)[O-],CCCCCCO[N+](=O)[O-],False,False,none,4,False,
solute,CCCCCCCCCCC=C,True,C=CCCCCCCCCCC,C=CCCCCCCCCCC,False,False,none,13,False,
solute,COC(OC)OC,True,COC(OC)OC,COC(OC)OC,False,False,none,5,False,
solute,C(=C(Cl)Cl)(Cl)Cl,True,ClC(Cl)=C(Cl)Cl,ClC(Cl)=C(Cl)Cl,False,False,none,3,False,
solute,C1CCC(CC1)O,True,OC1CCCCC1,OC1CCCCC1,False,False,none,3,False,
solute,CC(=C)CC(C)(C)C,True,C=C(C)CC(C)(C)C,C=C(C)CC(C)(C)C,False,False,none,3,False,
solute,C1(=C(C(=C(C(=C1F)F)F)F)F)F,True,Fc1c(F)c(F)c(F)c(F)c1F,Fc1c(F)c(F)c(F)c(F)c1F,False,False,none,5,False,
solute,CCCCCCCCCCCCCCCC,True,CCCCCCCCCCCCCCCC,CCCCCCCCCCCCCCCC,False,False,none,4,False,
solute,CCCCCCCCCCCCCC,True,CCCCCCCCCCCCCC,CCCCCCCCCCCCCC,False,False,none,8,False,
solute,CC(C)(C)C1=CC=CC=C1,True,CC(C)(C)c1ccccc1,CC(C)(C)c1ccccc1,False,False,none,5,False,
solute,C(CO)O,True,OCCO,OCCO,False,False,none,16,False,
solute,CC(=O)C1=CC=CC=C1,True,CC(=O)c1ccccc1,CC(=O)c1ccccc1,False,False,none,1,False,
solute,C(C(F)(F)F)O,True,OCC(F)(F)F,OCC(F)(F)F,False,False,none,1,False,
solute,CCCCCC(=O)C,True,CCCCCC(C)=O,CCCCCC(C)=O,False,False,none,7,False,
solute,C1=CC=C(C=C1)CO,True,OCc1ccccc1,OCc1ccccc1,False,False,none,3,False,
solute,C1CCC/C=C\CC1,True,C1=C\CCCCCC/1,C1=CCCCCCC1,True,True,rdkit+heuristic,6,True,solute_iso_collision_0007
solute,CCCCC(=O)OC,True,CCCCC(=O)OC,CCCCC(=O)OC,False,False,none,1,False,
solute,CC(=O)N(C)C,True,CC(=O)N(C)C,CC(=O)N(C)C,False,False,none,3,False,
solute,COC(=O)C=C,True,C=CC(=O)OC,C=CC(=O)OC,False,False,none,4,False,
solute,C(C(C(C(F)(F)F)(F)F)(F)F)(C(C(C(F)(F)F)(F)F)(F)F)(F)F,True,FC(F)(F)C(F)(F)C(F)(F)C(F)(F)C(F)(F)C(F)(F)C(F)(F)F,FC(F)(F)C(F)(F)C(F)(F)C(F)(F)C(F)(F)C(F)(F)C(F)(F)F,False,False,none,3,False,
solute,CCCCCC(=O)OC,True,CCCCCC(=O)OC,CCCCCC(=O)OC,False,False,none,1,False,
solute,CCC/C=C\C,True,C/C=C\CCC,CC=CCCC,True,True,rdkit+heuristic,3,True,solute_iso_collision_0008
solute,CCCSCCC,True,CCCSCCC,CCCSCCC,False,False,none,3,False,
solute,COP(OC)OC,True,COP(OC)OC,COP(OC)OC,False,False,none,4,False,
solute,CCCCCCCCCCCCO,True,CCCCCCCCCCCCO,CCCCCCCCCCCCO,False,False,none,3,False,
solute,CSSC,True,CSSC,CSSC,False,False,none,3,False,
solute,CC(=O)C(=O)C,True,CC(=O)C(C)=O,CC(=O)C(C)=O,False,False,none,1,False,
solute,CCCC[N+](=O)[O-],True,CCCC[N+](=O)[O-],CCCC[N+](=O)[O-],False,False,none,5,False,
solute,C1COCO1,True,C1COCO1,C1COCO1,False,False,none,1,False,
solute,COP(=O)(OC)OC,True,COP(=O)(OC)OC,COP(=O)(OC)OC,False,False,none,3,False,
solute,CC1=CC=NC=C1,True,Cc1ccncc1,Cc1ccncc1,False,False,none,1,False,
solute,C1CCS(=O)(=O)C1,True,O=S1(=O)CCCC1,O=S1(=O)CCCC1,False,False,none,2,False,
solute,CCCC#CC,True,CC#CCCC,CC#CCCC,False,False,none,8,False,
solute,CC1=CCC(CC1)C(=C)C,True,C=C(C)C1CC=C(C)CC1,C=C(C)C1CC=C(C)CC1,False,False,none,3,True,solute_iso_collision_0006
solute,CCCCCCCCCCCCC,True,CCCCCCCCCCCCC,CCCCCCCCCCCCC,False,False,none,6,False,
solute,CCC(C)C=C,True,C=CC(C)CC,C=CC(C)CC,False,False,none,2,False,
solute,C1=CC=C2C=CC=CC2=C1,True,c1ccc2ccccc2c1,c1ccc2ccccc2c1,False,False,none,1,False,
solute,C1CCCCCCCCC1,True,C1CCCCCCCCC1,C1CCCCCCCCC1,False,False,none,7,False,
solute,CCCCCCCO,True,CCCCCCCO,CCCCCCCO,False,False,none,1,False,
solute,CNC,True,CNC,CNC,False,False,none,2,False,
solute,C(Br)(Br)Br,True,BrC(Br)Br,BrC(Br)Br,False,False,none,1,False,
solute,C,True,C,C,False,False,none,3,False,
solute,CC,True,CC,CC,False,False,none,3,False,
solute,CCC(C)CC(C)C,True,CCC(C)CC(C)C,CCC(C)CC(C)C,False,False,none,5,False,
solute,CCC(C)C(C)CC,True,CCC(C)C(C)CC,CCC(C)C(C)CC,False,False,none,5,False,
solute,CC(C)(C)C(C)(C)C,True,CC(C)(C)C(C)(C)C,CC(C)(C)C(C)(C)C,False,False,none,1,False,
solute,CC1CCC(C)CC1,True,CC1CCC(C)CC1,CC1CCC(C)CC1,False,False,none,10,False,
solute,CC1CCCCC1C,True,CC1CCCCC1C,CC1CCCCC1C,False,False,none,56,True,solute_iso_collision_0004
solute,C1CCC2CCCC2C1,True,C1CCC2CCCC2C1,C1CCC2CCCC2C1,False,False,none,10,False,
solute,C(CCC1CC2)CC1CC2,True,C1CCC2CCCCC2C1,C1CCC2CCCCC2C1,False,False,none,5,False,
solute,C2CC1CCCCC1CC2,True,C1CCC2CCCCC2C1,C1CCC2CCCCC2C1,False,False,none,5,False,
solute,c1ccccc1,True,c1ccccc1,c1ccccc1,False,False,none,1137,False,
solute,Cc1ccccc1,True,Cc1ccccc1,Cc1ccccc1,False,False,none,716,False,
solute,Cc1cc(C)ccc1,True,Cc1cccc(C)c1,Cc1cccc(C)c1,False,False,none,135,False,
solute,Cc1ccc(C)cc1,True,Cc1ccc(C)cc1,Cc1ccc(C)cc1,False,False,none,154,False,
solute,Cc1ccccc1C,True,Cc1ccccc1C,Cc1ccccc1C,False,False,none,145,False,
solute,CCc1ccccc1,True,CCc1ccccc1,CCc1ccccc1,False,False,none,362,False,
solute,C=Cc1ccccc1,True,C=Cc1ccccc1,C=Cc1ccccc1,False,False,none,23,False,
solute,CCCc1ccccc1,True,CCCc1ccccc1,CCCc1ccccc1,False,False,none,42,False,
solute,Cc1cc(C)cc(C)c1,True,Cc1cc(C)cc(C)c1,Cc1cc(C)cc(C)c1,False,False,none,10,False,
solute,CC(C)c1ccccc1,True,CC(C)c1ccccc1,CC(C)c1ccccc1,False,False,none,23,False,
solute,CCCCc1ccccc1,True,CCCCc1ccccc1,CCCCc1ccccc1,False,False,none,27,False,
solute,CC(C)(C)c1ccccc1,True,CC(C)(C)c1ccccc1,CC(C)(C)c1ccccc1,False,False,none,5,False,
solute,CCCCCc1ccccc1,True,CCCCCc1ccccc1,CCCCCc1ccccc1,False,False,none,5,False,
solute,CCCCCCc1ccccc1,True,CCCCCCc1ccccc1,CCCCCCc1ccccc1,False,False,none,5,False,
solute,CC(C)c1ccc(C)c2ccc(C)c2c1,True,Cc1ccc(C(C)C)cc2c(C)ccc1-2,Cc1ccc(C(C)C)cc2c(C)ccc1-2,False,False,none,9,False,
solute,CCC=CC,True,CC=CCC,CC=CCC,False,False,none,1,False,
solute,C=CCC=C,True,C=CCC=C,C=CCC=C,False,False,none,1,False,
solute,CC=CC=C,True,C=CC=CC,C=CC=CC,False,False,none,55,True,solute_iso_collision_0002
solute,CCCC=CC,True,CC=CCCC,CC=CCCC,False,False,none,5,True,solute_iso_collision_0008
solute,CC(C)=C(C)C,True,CC(C)=C(C)C,CC(C)=C(C)C,False,False,none,9,False,
solute,CCC=CCC,True,CCC=CCC,CCC=CCC,False,False,none,4,True,solute_iso_collision_0009
solute,C1CC=CCC1,True,C1=CCCCC1,C1=CCCCC1,False,False,none,181,False,
solute,CCCC(C)=C,True,C=C(C)CCC,C=C(C)CCC,False,False,none,35,False,
solute,CC=CCC=C,True,C=CCC=CC,C=CCC=CC,False,False,none,2,False,
solute,CCC=CC=C,True,C=CC=CCC,C=CC=CCC,False,False,none,14,True,solute_iso_collision_0005
solute,CC1C=CCC1,True,CC1C=CCC1,CC1C=CCC1,False,False,none,4,False,
solute,C1C=CC=CC1,True,C1=CCCC=C1,C1=CCCC=C1,False,False,none,17,False,
solute,C=CC1CC=CCC1,True,C=CC1CC=CCC1,C=CC1CC=CCC1,False,False,none,2,False,
solute,C1CCC=CCCC1,True,C1=CCCCCCC1,C1=CCCCCCC1,False,False,none,6,True,solute_iso_collision_0007
solute,CC(C)(C)CC(C)=C,True,C=C(C)CC(C)(C)C,C=C(C)CC(C)(C)C,False,False,none,3,False,
solute,CC(C1CC=C(C)CC1)=C,True,C=C(C)C1CC=C(C)CC1,C=C(C)C1CC=C(C)CC1,False,False,none,9,True,solute_iso_collision_0006
solute,CC1=CC2CC(C1)C2(C)C,True,CC1=CC2CC(C1)C2(C)C,CC1=CC2CC(C1)C2(C)C,False,False,none,14,False,
solute,CCCCCCCCCCCCC=C,True,C=CCCCCCCCCCCCC,C=CCCCCCCCCCCCC,False,False,none,5,False,
solute,CCCC#CCCC,True,CCCC#CCCC,CCCC#CCCC,False,False,none,5,False,
solute,CCCCCCCC#C,True,C#CCCCCCCC,C#CCCCCCCC,False,False,none,5,False,
solute,CCCCCCCCC#C,True,C#CCCCCCCCC,C#CCCCCCCCC,False,False,none,5,False,
solute,OCC,True,CCO,CCO,False,False,none,583,False,
solute,OCCC,True,CCCO,CCCO,False,False,none,361,False,
solute,OC(C)C,True,CC(C)O,CC(C)O,False,False,none,232,False,
solute,OCCCC,True,CCCCO,CCCCO,False,False,none,331,False,
solute,CCC(O)C,True,CCC(C)O,CCC(C)O,False,False,none,93,False,
solute,OCC(C)C,True,CC(C)CO,CC(C)CO,False,False,none,60,False,
solute,OC(C)(C)C,True,CC(C)(C)O,CC(C)(C)O,False,False,none,54,False,
solute,OCCCCC,True,CCCCCO,CCCCCO,False,False,none,119,False,
solute,CCCC(O)C,True,CCCC(C)O,CCCC(C)O,False,False,none,39,False,
solute,CCC(O)CC,True,CCC(O)CC,CCC(O)CC,False,False,none,26,False,
solute,OC1CCCC1,True,OC1CCCC1,OC1CCCC1,False,False,none,2,False,
solute,OCC(C)CC,True,CCC(C)CO,CCC(C)CO,False,False,none,37,False,
solute,OCCC(C)C,True,CC(C)CCO,CC(C)CCO,False,False,none,53,False,
solute,CCC(O)(C)C,True,CCC(C)(C)O,CCC(C)(C)O,False,False,none,43,False,
solute,OC(C)C(C)C,True,CC(C)C(C)O,CC(C)C(C)O,False,False,none,23,False,
solute,OCCCCCC,True,CCCCCCO,CCCCCCO,False,False,none,28,False,
solute,CCCCC(O)C,True,CCCCC(C)O,CCCCC(C)O,False,False,none,1,False,
solute,OC1CCCCC1,True,OC1CCCCC1,OC1CCCCC1,False,False,none,6,False,
solute,OCCCCCCC,True,CCCCCCCO,CCCCCCCO,False,False,none,5,False,
solute,OCCCCCCCC,True,CCCCCCCCO,CCCCCCCCO,False,False,none,7,False,
solute,OCCCCCCCCCC,True,CCCCCCCCCCO,CCCCCCCCCCO,False,False,none,1,False,
solute,OCC=C,True,C=CCO,C=CCO,False,False,none,5,False,
solute,Oc1ccccc1,True,Oc1ccccc1,Oc1ccccc1,False,False,none,69,False,
solute,Oc1ccccc1C,True,Cc1ccccc1O,Cc1ccccc1O,False,False,none,12,False,
solute,Oc1cc(C)ccc1,True,Cc1cccc(O)c1,Cc1cccc(O)c1,False,False,none,12,False,
solute,Oc1ccc(C)cc1,True,Cc1ccc(O)cc1,Cc1ccc(O)cc1,False,False,none,12,False,
solute,OCCc1ccccc1,True,OCCc1ccccc1,OCCc1ccccc1,False,False,none,1,False,
solute,OCCO,True,OCCO,OCCO,False,False,none,12,False,
solute,OCC(O)C,True,CC(O)CO,CC(O)CO,False,False,none,12,False,
solute,OCCCO,True,OCCCO,OCCCO,False,False,none,12,False,
solute,OCC(O)CC,True,CCC(O)CO,CCC(O)CO,False,False,none,12,False,
solute,OCCC(O)C,True,CC(O)CCO,CC(O)CCO,False,False,none,12,False,
solute,OCCCCO,True,OCCCCO,OCCCCO,False,False,none,12,False,
solute,OC(C)C(O)C,True,CC(O)C(C)O,CC(O)C(C)O,False,False,none,12,False,
solute,OCCOCCCC,True,CCCCOCCO,CCCCOCCO,False,False,none,6,False,
solute,COC(C)=O,True,COC(C)=O,COC(C)=O,False,False,none,97,False,
solute,COC(CC)=O,True,CCC(=O)OC,CCC(=O)OC,False,False,none,10,False,
solute,CCCC(OC)=O,True,CCCC(=O)OC,CCCC(=O)OC,False,False,none,8,False,
solute,CCCCC(OC)=O,True,CCCCC(=O)OC,CCCCC(=O)OC,False,False,none,1,False,
solute,CCCCCC(OC)=O,True,CCCCCC(=O)OC,CCCCCC(=O)OC,False,False,none,1,False,
solute,CCOC(C)=O,True,CCOC(C)=O,CCOC(C)=O,False,False,none,335,False,
solute,CCOC(CC)=O,True,CCOC(=O)CC,CCOC(=O)CC,False,False,none,44,False,
solute,CCOC(CCC)=O,True,CCCC(=O)OCC,CCCC(=O)OCC,False,False,none,49,False,
solute,CCCOC=O,True,CCCOC=O,CCCOC=O,False,False,none,4,False,
solute,CCCOC(C)=O,True,CCCOC(C)=O,CCCOC(C)=O,False,False,none,140,False,
solute,CC(C)OC(C)=O,True,CC(=O)OC(C)C,CC(=O)OC(C)C,False,False,none,14,False,
solute,CCCCOC(C)=O,True,CCCCOC(C)=O,CCCCOC(C)=O,False,False,none,94,False,
solute,CCCCCOC(C)=O,True,CCCCCOC(C)=O,CCCCCOC(C)=O,False,False,none,2,False,
solute,CCCCCCOC(C)=O,True,CCCCCCOC(C)=O,CCCCCCOC(C)=O,False,False,none,1,False,
solute,CC(OC=C)=O,True,C=COC(C)=O,C=COC(C)=O,False,False,none,51,False,
solute,CCOC(CC(C)=O)=O,True,CCOC(=O)CC(C)=O,CCOC(=O)CC(C)=O,False,False,none,1,False,
solute,CCOC(CCCCC(OCC)=O)=O,True,CCOC(=O)CCCCC(=O)OCC,CCOC(=O)CCCCC(=O)OCC,False,False,none,1,False,
solute,C1OC1,True,C1CO1,C1CO1,False,False,none,1,False,
solute,O1CCCC1,True,C1CCOC1,C1CCOC1,False,False,none,127,False,
solute,O1CCCCC1,True,C1CCOCC1,C1CCOCC1,False,False,none,18,False,
solute,C1OCCO1,True,C1COCO1,C1COCO1,False,False,none,11,False,
solute,C1OCCOC1,True,C1COCCO1,C1COCCO1,False,False,none,38,False,
solute,COC(C)(C)C,True,COC(C)(C)C,COC(C)(C)C,False,False,none,89,False,
solute,CC(C)OC(C)(C)C,True,CC(C)OC(C)(C)C,CC(C)OC(C)(C)C,False,False,none,29,False,
solute,COC(C)(C)CC,True,CCC(C)(C)OC,CCC(C)(C)OC,False,False,none,72,False,
solute,CCOC(C)(C)CC,True,CCOC(C)(C)CC,CCOC(C)(C)CC,False,False,none,4,False,
solute,CCCCCC(C)(C)OC,True,CCCCCC(C)(C)OC,CCCCCC(C)(C)OC,False,False,none,5,False,
solute,c1cocc1,True,c1ccoc1,c1ccoc1,False,False,none,117,False,
solute,Cc1occc1,True,Cc1ccco1,Cc1ccco1,False,False,none,8,False,
solute,Cc1oc(C)cc1,True,Cc1ccc(C)o1,Cc1ccc(C)o1,False,False,none,8,False,
solute,COc1ccccc1,True,COc1ccccc1,COc1ccccc1,False,False,none,59,False,
solute,CCOc1ccccc1,True,CCOc1ccccc1,CCOc1ccccc1,False,False,none,2,False,
solute,COCCOCCOC,True,COCCOCCOC,COCCOCCOC,False,False,none,2,False,
solute,C1OCOCO1,True,C1OCOCO1,C1OCOCO1,False,False,none,1,False,
solute,CC(C)=O,True,CC(C)=O,CC(C)=O,False,False,none,400,False,
solute,CCC(C)=O,True,CCC(C)=O,CCC(C)=O,False,False,none,262,False,
solute,CCCC(C)=O,True,CCCC(C)=O,CCCC(C)=O,False,False,none,91,False,
solute,CCC(CC)=O,True,CCC(=O)CC,CCC(=O)CC,False,False,none,34,False,
solute,CC(C)C(C)=O,True,CC(=O)C(C)C,CC(=O)C(C)C,False,False,none,4,False,
solute,O=C1CCCC1,True,O=C1CCCC1,O=C1CCCC1,False,False,none,6,False,
solute,CC(CC(C)=O)=O,True,CC(=O)CC(C)=O,CC(=O)CC(C)=O,False,False,none,5,False,
solute,CC(C)CC(C)=O,True,CC(=O)CC(C)C,CC(=O)CC(C)C,False,False,none,41,False,
solute,CCCCC(C)=O,True,CCCCC(C)=O,CCCCC(C)=O,False,False,none,2,False,
solute,CCCC(CC)=O,True,CCCC(=O)CC,CCCC(=O)CC,False,False,none,7,False,
solute,O=C1CCCCC1,True,O=C1CCCCC1,O=C1CCCCC1,False,False,none,3,False,
solute,CCCCCC(C)=O,True,CCCCCC(C)=O,CCCCCC(C)=O,False,False,none,19,False,
solute,CCCC(CCC)=O,True,CCCC(=O)CCC,CCCC(=O)CCC,False,False,none,8,False,
solute,CCCCCCC(C)=O,True,CCCCCCC(C)=O,CCCCCCC(C)=O,False,False,none,2,False,
solute,CCCCCCCC(C)=O,True,CCCCCCCC(C)=O,CCCCCCCC(C)=O,False,False,none,2,False,
solute,CC(=O)C=C,True,C=CC(C)=O,C=CC(C)=O,False,False,none,8,False,
solute,O=C,True,C=O,C=O,False,False,none,7,False,
solute,CCC(C)C=O,True,CCC(C)C=O,CCC(C)C=O,False,False,none,1,False,
solute,CC(C)CC=O,True,CC(C)CC=O,CC(C)CC=O,False,False,none,1,False,
solute,CCCCCC=O,True,CCCCCC=O,CCCCCC=O,False,False,none,5,False,
solute,CCCCCCCC=O,True,CCCCCCCC=O,CCCCCCCC=O,False,False,none,2,False,
solute,O=Cc1ccccc1,True,O=Cc1ccccc1,O=Cc1ccccc1,False,False,none,1,False,
solute,O=CCc1ccccc1,True,O=CCc1ccccc1,O=CCc1ccccc1,False,False,none,1,False,
solute,OC=O,True,O=CO,O=CO,False,False,none,2,False,
solute,OC(C)=O,True,CC(=O)O,CC(=O)O,False,False,none,11,False,
solute,CCC(O)=O,True,CCC(=O)O,CCC(=O)O,False,False,none,3,False,
solute,CCCC(O)=O,True,CCCC(=O)O,CCCC(=O)O,False,False,none,1,False,
solute,COC(OC)=O,True,COC(=O)OC,COC(=O)OC,False,False,none,3,False,
solute,n1ccccc1,True,c1ccncc1,c1ccncc1,False,False,none,38,False,
solute,Cc1cccnc1,True,Cc1cccnc1,Cc1cccnc1,False,False,none,1,False,
solute,Cc1ccncc1,True,Cc1ccncc1,Cc1ccncc1,False,False,none,1,False,
solute,CC(C)Cl,True,CC(C)Cl,CC(C)Cl,False,False,none,3,False,
solute,CCCCCCCCl,True,CCCCCCCCl,CCCCCCCCl,False,False,none,5,False,
solute,CCCCCCCCCl,True,CCCCCCCCCl,CCCCCCCCCl,False,False,none,5,False,
solute,CCCCCCCCCCl,True,CCCCCCCCCCl,CCCCCCCCCCl,False,False,none,5,False,
solute,CCCCCCCCCCCl,True,CCCCCCCCCCCl,CCCCCCCCCCCl,False,False,none,5,False,
solute,CCCCCCCCCCCCl,True,CCCCCCCCCCCCl,CCCCCCCCCCCCl,False,False,none,5,False,
solute,ClCCl,True,ClCCl,ClCCl,False,False,none,186,False,
solute,ClCCCl,True,ClCCCl,ClCCCl,False,False,none,170,False,
solute,ClCC(C)Cl,True,CC(Cl)CCl,CC(Cl)CCl,False,False,none,29,False,
solute,ClCCCCl,True,ClCCCCl,ClCCCCl,False,False,none,3,False,
solute,ClC(Cl)Cl,True,ClC(Cl)Cl,ClC(Cl)Cl,False,False,none,292,False,
solute,ClCC(Cl)Cl,True,ClCC(Cl)Cl,ClCC(Cl)Cl,False,False,none,25,False,
solute,ClC(Cl)(Cl)Cl,True,ClC(Cl)(Cl)Cl,ClC(Cl)(Cl)Cl,False,False,none,226,False,
solute,ClCC(Cl)(Cl)Cl,True,ClCC(Cl)(Cl)Cl,ClCC(Cl)(Cl)Cl,False,False,none,13,False,
solute,ClC(Cl)C(Cl)Cl,True,ClC(Cl)C(Cl)Cl,ClC(Cl)C(Cl)Cl,False,False,none,23,False,
solute,ClCc1ccccc1,True,ClCc1ccccc1,ClCc1ccccc1,False,False,none,32,False,
solute,Clc1ccccc1,True,Clc1ccccc1,Clc1ccccc1,False,False,none,122,False,
solute,Clc(ccc1Cl)cc1Cl,True,Clc1ccc(Cl)c(Cl)c1,Clc1ccc(Cl)c(Cl)c1,False,False,none,5,False,
solute,Clc1ccccc1Cl,True,Clc1ccccc1Cl,Clc1ccccc1Cl,False,False,none,10,False,
solute,Clc1cc(Cl)ccc1,True,Clc1cccc(Cl)c1,Clc1cccc(Cl)c1,False,False,none,5,False,
solute,Clc1ccc(Cl)cc1,True,Clc1ccc(Cl)cc1,Clc1ccc(Cl)cc1,False,False,none,6,False,
solute,ClC(Cl)=C,True,C=C(Cl)Cl,C=C(Cl)Cl,False,False,none,3,False,
solute,ClC=CCl,True,ClC=CCl,ClC=CCl,False,False,none,71,True,solute_iso_collision_0003
solute,C(C=CCl)Cl,True,ClC=CCCl,ClC=CCCl,False,False,none,4,False,
solute,ClC=C(Cl)Cl,True,ClC=C(Cl)Cl,ClC=C(Cl)Cl,False,False,none,103,False,
solute,ClC(Cl)=C(Cl)Cl,True,ClC(Cl)=C(Cl)Cl,ClC(Cl)=C(Cl)Cl,False,False,none,12,False,
solute,COc1cc(Cl)ccc1O,True,COc1cc(Cl)ccc1O,COc1cc(Cl)ccc1O,False,False,none,14,False,
solute,COc1cc(C=O)cc(Cl)c1O,True,COc1cc(C=O)cc(Cl)c1O,COc1cc(C=O)cc(Cl)c1O,False,False,none,14,False,
solute,CCCCBr,True,CCCCBr,CCCCBr,False,False,none,8,False,
solute,CCC(C)Br,True,CCC(C)Br,CCC(C)Br,False,False,none,3,False,
solute,CCCCCBr,True,CCCCCBr,CCCCCBr,False,False,none,5,False,
solute,CCCCCCBr,True,CCCCCCBr,CCCCCCBr,False,False,none,5,False,
solute,CCCCCCCBr,True,CCCCCCCBr,CCCCCCCBr,False,False,none,5,False,
solute,CCCCCCCCBr,True,CCCCCCCCBr,CCCCCCCCBr,False,False,none,5,False,
solute,CCCCCCCCCBr,True,CCCCCCCCCBr,CCCCCCCCCBr,False,False,none,5,False,
solute,CCCCCCCCCCBr,True,CCCCCCCCCCBr,CCCCCCCCCCBr,False,False,none,5,False,
solute,BrCBr,True,BrCBr,BrCBr,False,False,none,39,False,
solute,BrC(Br)Br,True,BrC(Br)Br,BrC(Br)Br,False,False,none,19,False,
solute,BrCCBr,True,BrCCBr,BrCCBr,False,False,none,7,False,
solute,BrC(Br)C(Br)Br,True,BrC(Br)C(Br)Br,BrC(Br)C(Br)Br,False,False,none,3,False,
solute,Brc1ccccc1,True,Brc1ccccc1,Brc1ccccc1,False,False,none,18,False,
solute,ClC(Cl)Br,True,ClC(Cl)Br,ClC(Cl)Br,False,False,none,21,False,
solute,ClC(Cl)(Cl)Br,True,ClC(Cl)(Cl)Br,ClC(Cl)(Cl)Br,False,False,none,18,False,
solute,ClC(Br)Br,True,ClC(Br)Br,ClC(Br)Br,False,False,none,4,False,
solute,ClCCBr,True,ClCCBr,ClCCBr,False,False,none,18,False,
solute,CC(C)C#N,True,CC(C)C#N,CC(C)C#N,False,False,none,2,False,
solute,CCCCC#N,True,CCCCC#N,CCCCC#N,False,False,none,4,False,
solute,CCCCCC#N,True,CCCCCC#N,CCCCCC#N,False,False,none,1,False,
solute,N#CC=C,True,C=CC#N,C=CC#N,False,False,none,3,False,
solute,N#Cc1ccccc1,True,N#Cc1ccccc1,N#Cc1ccccc1,False,False,none,1,False,
solute,COc1ccc(C#N)cc1,True,COc1ccc(C#N)cc1,COc1ccc(C#N)cc1,False,False,none,3,False,
solute,c1cscc1,True,c1ccsc1,c1ccsc1,False,False,none,17,False,
solute,CN(=O)=O,True,C[N+](=O)[O-],C[N+](=O)[O-],False,False,none,87,False,
solute,CCN(=O)=O,True,CC[N+](=O)[O-],CC[N+](=O)[O-],False,False,none,30,False,
solute,CCCN(=O)=O,True,CCC[N+](=O)[O-],CCC[N+](=O)[O-],False,False,none,25,False,
solute,CC(C)N(=O)=O,True,CC(C)[N+](=O)[O-],CC(C)[N+](=O)[O-],False,False,none,17,False,
solute,CCCCN(=O)=O,True,CCCC[N+](=O)[O-],CCCC[N+](=O)[O-],False,False,none,5,False,
solute,O=N(c1ccccc1)=O,True,O=[N+]([O-])c1ccccc1,O=[N+]([O-])c1ccccc1,False,False,none,13,False,
solute,Cc1ccccc1N(=O)=O,True,Cc1ccccc1[N+](=O)[O-],Cc1ccccc1[N+](=O)[O-],False,False,none,4,False,
solute,Cc1cc(ccc1)N(=O)=O,True,Cc1cccc([N+](=O)[O-])c1,Cc1cccc([N+](=O)[O-])c1,False,False,none,6,False,
solute,Cc1ccc(cc1)N(=O)=O,True,Cc1ccc([N+](=O)[O-])cc1,Cc1ccc([N+](=O)[O-])cc1,False,False,none,4,False,
solute,FCCCCC,True,CCCCCF,CCCCCF,False,False,none,5,False,
solute,FCCCCCC,True,CCCCCCF,CCCCCCF,False,False,none,5,False,
solute,FCCCCCCC,True,CCCCCCCF,CCCCCCCF,False,False,none,5,False,
solute,FCCCCCCCC,True,CCCCCCCCF,CCCCCCCCF,False,False,none,5,False,
solute,FCCCCCCCCC,True,CCCCCCCCCF,CCCCCCCCCF,False,False,none,5,False,
solute,FC(F)C,True,CC(F)F,CC(F)F,False,False,none,5,False,
solute,OCC(F)(F)F,True,OCC(F)(F)F,OCC(F)(F)F,False,False,none,1,False,
solute,FC(F)(F)C(F)(F)C(F)(F)C(F)(F)C(F)(F)C(F)(F)F,True,FC(F)(F)C(F)(F)C(F)(F)C(F)(F)C(F)(F)C(F)(F)F,FC(F)(F)C(F)(F)C(F)(F)C(F)(F)C(F)(F)C(F)(F)F,False,False,none,2,False,
solute,FC(F)(F)C(F)(F)C(F)(F)C(F)(F)C(F)(F)C(F)(F)C(F)(F)F,True,FC(F)(F)C(F)(F)C(F)(F)C(F)(F)C(F)(F)C(F)(F)C(F)(F)F,FC(F)(F)C(F)(F)C(F)(F)C(F)(F)C(F)(F)C(F)(F)C(F)(F)F,False,False,none,3,False,
solute,CCCCCCCCCC(F)(F)F,True,CCCCCCCCCC(F)(F)F,CCCCCCCCCC(F)(F)F,False,False,none,5,False,
solute,Fc1ccccc1,True,Fc1ccccc1,Fc1ccccc1,False,False,none,16,False,
solute,FC(F)(F)c1ccccc1,True,FC(F)(F)c1ccccc1,FC(F)(F)c1ccccc1,False,False,none,5,False,
solute,Fc1c(F)c(F)c(F)c(F)c1F,True,Fc1c(F)c(F)c(F)c(F)c1F,Fc1c(F)c(F)c(F)c(F)c1F,False,False,none,5,False,
solute,FC(F)(Cl)C(F)(Cl)Cl,True,FC(F)(Cl)C(F)(Cl)Cl,FC(F)(Cl)C(F)(Cl)Cl,False,False,none,16,False,
solute,FC(Cl)(Cl)C(F)(Cl)Cl,True,FC(Cl)(Cl)C(F)(Cl)Cl,FC(Cl)(Cl)C(F)(Cl)Cl,False,False,none,47,False,
solute,ClC(Br)C(F)(F)F,True,FC(F)(F)C(Cl)Br,FC(F)(F)C(Cl)Br,False,False,none,3,False,
solute,O=Cc1occc1,True,O=Cc1ccco1,O=Cc1ccco1,False,False,none,27,False,
solute,CCCI,True,CCCI,CCCI,False,False,none,8,False,
solute,CCCCI,True,CCCCI,CCCCI,False,False,none,5,False,
solute,CCCCCI,True,CCCCCI,CCCCCI,False,False,none,5,False,
solute,CCCCCCI,True,CCCCCCI,CCCCCCI,False,False,none,5,False,
solute,CCCCCCCI,True,CCCCCCCI,CCCCCCCI,False,False,none,5,False,
solute,CCCCCCCCI,True,CCCCCCCCI,CCCCCCCCI,False,False,none,5,False,
solute,CCCCCCCCCI,True,CCCCCCCCCI,CCCCCCCCCI,False,False,none,5,False,
solute,Ic1ccccc1,True,Ic1ccccc1,Ic1ccccc1,False,False,none,7,False,
solute,NCC,True,CCN,CCN,False,False,none,3,False,
solute,NCCC,True,CCCN,CCCN,False,False,none,3,False,
solute,NCCCC,True,CCCCN,CCCCN,False,False,none,11,False,
solute,NCCCCCC,True,CCCCCCN,CCCCCCN,False,False,none,4,False,
solute,CC(C)NC(C)C,True,CC(C)NC(C)C,CC(C)NC(C)C,False,False,none,1,False,
solute,N1CCCCC1,True,C1CCNCC1,C1CCNCC1,False,False,none,7,False,
solute,NC1CCCCC1,True,NC1CCCCC1,NC1CCCCC1,False,False,none,29,False,
solute,Nc1ccccc1,True,Nc1ccccc1,Nc1ccccc1,False,False,none,11,False,
solute,NCCN,True,NCCN,NCCN,False,False,none,8,False,
solute,NCCCN,True,NCCCN,NCCCN,False,False,none,6,False,
solute,OCCN,True,NCCO,NCCO,False,False,none,2,False,
solute,CN(C)C(C)=O,True,CC(=O)N(C)C,CC(=O)N(C)C,False,False,none,4,False,
solute,O,True,O,O,False,False,none,43,False,
solute,S=C=S,True,S=C=S,S=C=S,False,False,none,38,False,
solute,CCON(=O)=O,True,CCO[N+](=O)[O-],CCO[N+](=O)[O-],False,False,none,5,False,
solute,CCCON(=O)=O,True,CCCO[N+](=O)[O-],CCCO[N+](=O)[O-],False,False,none,5,False,
solute,CCCCON=O,True,CCCCON=O,CCCCON=O,False,False,none,5,False,
solute,CCCCCON=O,True,CCCCCON=O,CCCCCON=O,False,False,none,5,False,
solute,CCCCCCCO[N+](=O)[O-],True,CCCCCCCO[N+](=O)[O-],CCCCCCCO[N+](=O)[O-],False,False,none,1,False,
solute,CCCCCCCCO[N+](=O)[O-],True,CCCCCCCCO[N+](=O)[O-],CCCCCCCCO[N+](=O)[O-],False,False,none,1,False,
solute,CC(C)S,True,CC(C)S,CC(C)S,False,False,none,4,False,
solute,CS(C)=O,True,CS(C)=O,CS(C)=O,False,False,none,10,False,
solute,C1CSCC1,True,C1CCSC1,C1CCSC1,False,False,none,2,False,
solute,COP(OC)(OC)=O,True,COP(=O)(OC)OC,COP(=O)(OC)OC,False,False,none,3,False,
solute,CCCCOP(OCCCC)(OCCCC)=O,True,CCCCOP(=O)(OCCCC)OCCCC,CCCCOP(=O)(OCCCC)OCCCC,False,False,none,7,False,
solvent,CN1CCCC1=O,True,CN1CCCC1=O,CN1CCCC1=O,False,False,none,728,False,
solvent,CC(=O)NC,True,CNC(C)=O,CNC(C)=O,False,False,none,205,False,
solvent,CC(=C)CCO,True,C=C(C)CCO,C=C(C)CCO,False,False,none,60,False,
solvent,CCCCOC(=O)C,True,CCCCOC(C)=O,CCCCOC(C)=O,False,False,none,32,False,
solvent,CCCC(=O)C1=CC=CC=C1,True,CCCC(=O)c1ccccc1,CCCC(=O)c1ccccc1,False,False,none,20,False,
solvent,CCCCCCC,True,CCCCCCC,CCCCCCC,False,False,none,386,False,
solvent,CCOC(=O)C1=CC=CC=C1C(=O)OCC,True,CCOC(=O)c1ccccc1C(=O)OCC,CCOC(=O)c1ccccc1C(=O)OCC,False,False,none,195,False,
solvent,CC(C)CCO,True,CC(C)CCO,CC(C)CCO,False,False,none,70,False,
solvent,CC1=CC=CC=C1,True,Cc1ccccc1,Cc1ccccc1,False,False,none,231,False,
solvent,CSSC,True,CSSC,CSSC,False,False,none,30,False,
solvent,C=CC1=CC=CC=C1,True,C=Cc1ccccc1,C=Cc1ccccc1,False,False,none,50,False,
solvent,C1COCCN1C=O,True,O=CN1CCOCC1,O=CN1CCOCC1,False,False,none,381,False,
solvent,CCCCCCCC,True,CCCCCCCC,CCCCCCCC,False,False,none,310,False,
solvent,CCCCCCCCCCCCCCCC,True,CCCCCCCCCCCCCCCC,CCCCCCCCCCCCCCCC,False,False,none,629,False,
solvent,CCC#N,True,CCC#N,CCC#N,False,False,none,105,False,
solvent,CS(=O)C,True,CS(C)=O,CS(C)=O,False,False,none,160,False,
solvent,C(COCCO)O,True,OCCOCCO,OCCOCCO,False,False,none,147,False,
solvent,CC(C)CC(C)(C)C,True,CC(C)CC(C)(C)C,CC(C)CC(C)(C)C,False,False,none,106,False,
solvent,CCCCCCOC(=O)C1=CC(=CC=C1)C(=O)OCCCCCC,True,CCCCCCOC(=O)c1cccc(C(=O)OCCCCCC)c1,CCCCCCOC(=O)c1cccc(C(=O)OCCCCCC)c1,False,False,none,15,False,
solvent,CCCCC(CC)COC(=O)C1=CC=CC=C1C(=O)OCC(CC)CCCC,True,CCCCC(CC)COC(=O)c1ccccc1C(=O)OCC(CC)CCCC,CCCCC(CC)COC(=O)c1ccccc1C(=O)OCC(CC)CCCC,False,False,none,68,False,
solvent,CCCCOCCOCCOCCCC,True,CCCCOCCOCCOCCCC,CCCCOCCOCCOCCCC,False,False,none,135,False,
solvent,CC(C)(C=C)O,True,C=CC(C)(C)O,C=CC(C)(C)O,False,False,none,60,False,
solvent,C1=CC=CC=C1,True,c1ccccc1,c1ccccc1,False,False,none,259,False,
solvent,CCN(CC)CC,True,CCN(CC)CC,CCN(CC)CC,False,False,none,60,False,
solvent,CCCCCCCCCCCCCCCCCCCCO,True,CCCCCCCCCCCCCCCCCCCCO,CCCCCCCCCCCCCCCCCCCCO,False,False,none,70,False,
solvent,CCOC(=O)C1=CC=CC=C1,True,CCOC(=O)c1ccccc1,CCOC(=O)c1ccccc1,False,False,none,71,False,
solvent,C1CCC2=CC=CC=C2C1,True,c1ccc2c(c1)CCCC2,c1ccc2c(c1)CCCC2,False,False,none,11,False,
solvent,CO,True,CO,CO,False,False,none,332,False,
solvent,CC(=O)N(C)C,True,CC(=O)N(C)C,CC(=O)N(C)C,False,False,none,231,False,
solvent,CCCCCCCCCCCCCCCCCC,True,CCCCCCCCCCCCCCCCCC,CCCCCCCCCCCCCCCCCC,False,False,none,221,False,
solvent,CC1=CC=CC2=CC=CC=C12,True,Cc1cccc2ccccc12,Cc1cccc2ccccc12,False,False,none,36,False,
solvent,CCN(CC)C(=O)C,True,CCN(CC)C(C)=O,CCN(CC)C(C)=O,False,False,none,124,False,
solvent,C1=CC=NC=C1,True,c1ccncc1,c1ccncc1,False,False,none,51,False,
solvent,C1CCOC1,True,C1CCOC1,C1CCOC1,False,False,none,81,False,
solvent,C1=CC=C(C=C1)CO,True,OCc1ccccc1,OCc1ccccc1,False,False,none,46,False,
solvent,CCCCCC,True,CCCCCC,CCCCCC,False,False,none,402,False,
solvent,C(CNCCNCCNCCN)N,True,NCCNCCNCCNCCN,NCCNCCNCCNCCN,False,False,none,69,False,
solvent,CCCCOC(=O)C1=CC=CC=C1C(=O)OCCCC,True,CCCCOC(=O)c1ccccc1C(=O)OCCCC,CCCCOC(=O)c1ccccc1C(=O)OCCCC,False,False,none,253,False,
solvent,CCCCCCCCCCCCC(C(C(C(C(C(C(C(F)(F)F)(F)F)(F)F)(F)F)(F)F)(F)F)(F)F)(F)F,True,CCCCCCCCCCCCC(F)(F)C(F)(F)C(F)(F)C(F)(F)C(F)(F)C(F)(F)C(F)(F)C(F)(F)F,CCCCCCCCCCCCC(F)(F)C(F)(F)C(F)(F)C(F)(F)C(F)(F)C(F)(F)C(F)(F)C(F)(F)F,False,False,none,126,False,
solvent,C1CCC(CC1)C2=CC=CC=C2,True,c1ccc(C2CCCCC2)cc1,c1ccc(C2CCCCC2)cc1,False,False,none,11,False,
solvent,C(Cl)(Cl)Cl,True,ClC(Cl)Cl,ClC(Cl)Cl,False,False,none,73,False,
solvent,CCCOC(=O)C1=C(C(=C(C(=C1Cl)Cl)Cl)Cl)C(=O)OCCC,True,CCCOC(=O)c1c(Cl)c(Cl)c(Cl)c(Cl)c1C(=O)OCCC,CCCOC(=O)c1c(Cl)c(Cl)c(Cl)c(Cl)c1C(=O)OCCC,False,False,none,14,False,
solvent,C1CCCCC1,True,C1CCCCC1,C1CCCCC1,False,False,none,271,False,
solvent,CCCCCCCCCCCCCC(=O)O,True,CCCCCCCCCCCCCC(=O)O,CCCCCCCCCCCCCC(=O)O,False,False,none,184,False,
solvent,CCC(C)(C)O,True,CCC(C)(C)O,CCC(C)(C)O,False,False,none,74,False,
solvent,CC(C)CO,True,CC(C)CO,CC(C)CO,False,False,none,61,False,
solvent,C(COCCOCCOCCO)O,True,OCCOCCOCCOCCO,OCCOCCOCCOCCO,False,False,none,50,False,
solvent,C1=CC=C(C=C1)N,True,Nc1ccccc1,Nc1ccccc1,False,False,none,93,False,
solvent,CCCCCCCCCCCCCCCCCCCCCC,True,CCCCCCCCCCCCCCCCCCCCCC,CCCCCCCCCCCCCCCCCCCCCC,False,False,none,28,False,
solvent,CC(C)CCCC(C)CCCC(C)CCCCC(C)CCCC(C)CCCC(C)C,True,CC(C)CCCC(C)CCCC(C)CCCCC(C)CCCC(C)CCCC(C)C,CC(C)CCCC(C)CCCC(C)CCCCC(C)CCCC(C)CCCC(C)C,False,False,none,694,False,
solvent,CCCCCCCCCC(=O)CCCCCCCCC,True,CCCCCCCCCC(=O)CCCCCCCCC,CCCCCCCCCC(=O)CCCCCCCCC,False,False,none,301,False,
solvent,C(CCCC#N)CCC#N,True,N#CCCCCCCC#N,N#CCCCCCCC#N,False,False,none,8,False,
solvent,C(C(CO)O)O,True,OCC(O)CO,OCC(O)CO,False,False,none,83,False,
solvent,C1CCS(=O)(=O)C1,True,O=S1(=O)CCCC1,O=S1(=O)CCCC1,False,False,none,246,False,
solvent,CCCCCCCCCCCCCCCC(=O)O,True,CCCCCCCCCCCCCCCC(=O)O,CCCCCCCCCCCCCCCC(=O)O,False,False,none,241,False,
solvent,CC1=CC=C(C=C1)C,True,Cc1ccc(C)cc1,Cc1ccc(C)cc1,False,False,none,125,False,
solvent,CCCCCCC#N,True,CCCCCCC#N,CCCCCCC#N,False,False,none,6,False,
solvent,CCCCOCCOCCOCCOCCCC,True,CCCCOCCOCCOCCOCCCC,CCCCOCCOCCOCCOCCCC,False,False,none,130,False,
solvent,CCC(CC)O,True,CCC(O)CC,CCC(O)CC,False,False,none,81,False,
solvent,CC(=O)C,True,CC(C)=O,CC(C)=O,False,False,none,162,False,
solvent,C(CO)O,True,OCCO,OCCO,False,False,none,150,False,
solvent,CC(=O)OC,True,COC(C)=O,COC(C)=O,False,False,none,23,False,
solvent,C(CC#N)CC#N,True,N#CCCCC#N,N#CCCCC#N,False,False,none,102,False,
solvent,CCCCOC(=O)C1=C(C(=C(C(=C1Cl)Cl)Cl)Cl)C(=O)OCCCC,True,CCCCOC(=O)c1c(Cl)c(Cl)c(Cl)c(Cl)c1C(=O)OCCCC,CCCCOC(=O)c1c(Cl)c(Cl)c(Cl)c(Cl)c1C(=O)OCCCC,False,False,none,156,False,
solvent,C1COC(=O)O1,True,O=C1OCCO1,O=C1OCCO1,False,False,none,27,False,
solvent,CCCO,True,CCCO,CCCO,False,False,none,159,False,
solvent,C(CCCCCN)CCCCN,True,NCCCCCCCCCCN,NCCCCCCCCCCN,False,False,none,81,False,
solvent,CCO,True,CCO,CCO,False,False,none,199,False,
solvent,CCC(C)(C)C,True,CCC(C)(C)C,CCC(C)(C)C,False,False,none,2,False,
solvent,CCCCCCCCO,True,CCCCCCCCO,CCCCCCCCO,False,False,none,223,False,
solvent,CCCCCCCCCC(=O)O,True,CCCCCCCCCC(=O)O,CCCCCCCCCC(=O)O,False,False,none,104,False,
solvent,CNC=O,True,CNC=O,CNC=O,False,False,none,338,False,
solvent,C(COC(C(C(O)OCCC#N)(C(O)OCCC#N)C(O)OCCC#N)O)C#N,True,N#CCCOC(O)C(C(O)OCCC#N)(C(O)OCCC#N)C(O)OCCC#N,N#CCCOC(O)C(C(O)OCCC#N)(C(O)OCCC#N)C(O)OCCC#N,False,False,none,31,False,
solvent,CC1=CC=CC=C1O,True,Cc1ccccc1O,Cc1ccccc1O,False,False,none,48,False,
solvent,CC(=O)C1=CC=CS1,True,CC(=O)c1cccs1,CC(=O)c1cccs1,False,False,none,24,False,
solvent,CCCCOP(=O)(OCCCC)OCCCC,True,CCCCOP(=O)(OCCCC)OCCCC,CCCCOP(=O)(OCCCC)OCCCC,False,False,none,241,False,
solvent,CC1=CCC2CC1C2(C)C,True,CC1=CCC2CC1C2(C)C,CC1=CCC2CC1C2(C)C,False,False,none,15,False,
solvent,CC1CCCS1(=O)=O,True,CC1CCCS1(=O)=O,CC1CCCS1(=O)=O,False,False,none,2,False,
solvent,CCCCCO,True,CCCCCO,CCCCCO,False,False,none,212,False,
solvent,C1=CC=C(C=C1)C#N,True,N#Cc1ccccc1,N#Cc1ccccc1,False,False,none,60,False,
solvent,CCCOCCO,True,CCCOCCO,CCCOCCO,False,False,none,24,False,
solvent,CCCCCCCCCCCCCCCCCCCCCCCCCCCCCCCCCCCC,True,CCCCCCCCCCCCCCCCCCCCCCCCCCCCCCCCCCCC,CCCCCCCCCCCCCCCCCCCCCCCCCCCCCCCCCCCC,False,False,none,141,False,
solvent,CN(C)P(=O)(N(C)C)N(C)C,True,CN(C)P(=O)(N(C)C)N(C)C,CN(C)P(=O)(N(C)C)N(C)C,False,False,none,22,False,
solvent,CCCCCCCCCCCC(=O)O,True,CCCCCCCCCCCC(=O)O,CCCCCCCCCCCC(=O)O,False,False,none,186,False,
solvent,CCCCOC(=O)C1=CC=CC=C1C(=O)OCC2=CC=CC=C2,True,CCCCOC(=O)c1ccccc1C(=O)OCc1ccccc1,CCCCOC(=O)c1ccccc1C(=O)OCc1ccccc1,False,False,none,70,False,
solvent,C=CCO,True,C=CCO,C=CCO,False,False,none,44,False,
solvent,CC1CCCCC1,True,CC1CCCCC1,CC1CCCCC1,False,False,none,66,False,
solvent,CCC(=O)C,True,CCC(C)=O,CCC(C)=O,False,False,none,122,False,
solvent,CC(C)COC(=O)C1=CC=CC=C1C(=O)OCC(C)C,True,CC(C)COC(=O)c1ccccc1C(=O)OCC(C)C,CC(C)COC(=O)c1ccccc1C(=O)OCC(C)C,False,False,none,98,False,
solvent,C(CCC#N)CC#N,True,N#CCCCCC#N,N#CCCCCC#N,False,False,none,57,False,
solvent,CCCCCCCC/C=C\CCCCCCCC(=O)O,True,CCCCCCCC/C=C\CCCCCCCC(=O)O,CCCCCCCCC=CCCCCCCCC(=O)O,True,True,rdkit+heuristic,69,True,solvent_iso_collision_0002
solvent,C1CCCCCCC1,True,C1CCCCCCC1,C1CCCCCCC1,False,False,none,10,False,
solvent,CC(C)O,True,CC(C)O,CC(C)O,False,False,none,165,False,
solvent,CCCCCCCCCCCCCCO,True,CCCCCCCCCCCCCCO,CCCCCCCCCCCCCCO,False,False,none,60,False,
solvent,CCCCCCCCC(=O)CCCCCCCC,True,CCCCCCCCC(=O)CCCCCCCC,CCCCCCCCC(=O)CCCCCCCC,False,False,none,67,False,
solvent,CCCCO,True,CCCCO,CCCCO,False,False,none,217,False,
solvent,COCCOCCOCCOCCOC,True,COCCOCCOCCOCCOC,COCCOCCOCCOCCOC,False,False,none,161,False,
solvent,C1=CC=C(C=C1)OP(=O)(OC2=CC=CC=C2)OC3=CC=CC=C3,True,O=P(Oc1ccccc1)(Oc1ccccc1)Oc1ccccc1,O=P(Oc1ccccc1)(Oc1ccccc1)Oc1ccccc1,False,False,none,86,False,
solvent,CC/C=C\C/C=C\C/C=C\CCCCCCCC(=O)O,True,CC/C=C\C/C=C\C/C=C\CCCCCCCC(=O)O,CCC=CCC=CCC=CCCCCCCCC(=O)O,True,True,rdkit+heuristic,48,True,solvent_iso_collision_0003
solvent,CCCCCC(S)S,True,CCCCCC(S)S,CCCCCC(S)S,False,False,none,23,False,
solvent,CCCCCCCCCCCCCCC1=CC=CC=C1,True,CCCCCCCCCCCCCCc1ccccc1,CCCCCCCCCCCCCCc1ccccc1,False,False,none,9,False,
solvent,C(Cl)(Cl)(Cl)Cl,True,ClC(Cl)(Cl)Cl,ClC(Cl)(Cl)Cl,False,False,none,139,False,
solvent,CCCCCCCCCCCCCCCCCl,True,CCCCCCCCCCCCCCCCCl,CCCCCCCCCCCCCCCCCl,False,False,none,82,False,
solvent,CCNC(=O)C,True,CCNC(C)=O,CCNC(C)=O,False,False,none,136,False,
solvent,CC1=NC2=CC=CC=C2C=C1,True,Cc1ccc2ccccc2n1,Cc1ccc2ccccc2n1,False,False,none,13,False,
solvent,CCCCCCCCCCCCCCCCCCO,True,CCCCCCCCCCCCCCCCCCO,CCCCCCCCCCCCCCCCCCO,False,False,none,112,False,
solvent,C1CCS(=O)C1,True,O=S1CCCC1,O=S1CCCC1,False,False,none,20,False,
solvent,CC(=O)O,True,CC(=O)O,CC(=O)O,False,False,none,36,False,
solvent,CCCCCCCCCCO,True,CCCCCCCCCCO,CCCCCCCCCCO,False,False,none,16,False,
solvent,CC1=CC=C(C=C1)O,True,Cc1ccc(O)cc1,Cc1ccc(O)cc1,False,False,none,48,False,
solvent,CCCCCCCCCCCCCCCCCCCCCCCC,True,CCCCCCCCCCCCCCCCCCCCCCCC,CCCCCCCCCCCCCCCCCCCCCCCC,False,False,none,240,False,
solvent,C(C(=O)O)(Cl)Cl,True,O=C(O)C(Cl)Cl,O=C(O)C(Cl)Cl,False,False,none,5,False,
solvent,CC(CO)O,True,CC(O)CO,CC(O)CO,False,False,none,39,False,
solvent,C(CCC#N)CCC#N,True,N#CCCCCCC#N,N#CCCCCCC#N,False,False,none,5,False,
solvent,CC1=CC(=CC=C1)C,True,Cc1cccc(C)c1,Cc1cccc(C)c1,False,False,none,75,False,
solvent,CCOC(=O)C,True,CCOC(C)=O,CCOC(C)=O,False,False,none,152,False,
solvent,CCC(C)O,True,CCC(C)O,CCC(C)O,False,False,none,60,False,
solvent,C1=CC=C2C(=C1)C=CC=C2Br,True,Brc1cccc2ccccc12,Brc1cccc2ccccc12,False,False,none,16,False,
solvent,C1CCC(=O)OCC1,True,O=C1CCCCCO1,O=C1CCCCCO1,False,False,none,90,False,
solvent,CCCCCCCCCCCCCCCCCCCCCCO,True,CCCCCCCCCCCCCCCCCCCCCCO,CCCCCCCCCCCCCCCCCCCCCCO,False,False,none,77,False,
solvent,C(C(Cl)Cl)(Cl)Cl,True,ClC(Cl)C(Cl)Cl,ClC(Cl)C(Cl)Cl,False,False,none,8,False,
solvent,CCCCCCCCCC,True,CCCCCCCCCC,CCCCCCCCCC,False,False,none,102,False,
solvent,C(CCCCN)CCCN,True,NCCCCCCCCN,NCCCCCCCCN,False,False,none,155,False,
solvent,C1CCC(CC1)N,True,NC1CCCCC1,NC1CCCCC1,False,False,none,50,False,
solvent,C1=CC=C(C(=C1)N)S,True,Nc1ccccc1S,Nc1ccccc1S,False,False,none,24,False,
solvent,CC#N,True,CC#N,CC#N,False,False,none,235,False,
solvent,CN(C)C=O,True,CN(C)C=O,CN(C)C=O,False,False,none,280,False,
solvent,C1=CC=C(C=C1)Cl,True,Clc1ccccc1,Clc1ccccc1,False,False,none,35,False,
solvent,C(CCCCCCN)CCCCCN,True,NCCCCCCCCCCCCN,NCCCCCCCCCCCCN,False,False,none,155,False,
solvent,CC(C)CCCCCCCOC(=O)C1=CC=CC=C1C(=O)OCCCCCCCC(C)C,True,CC(C)CCCCCCCOC(=O)c1ccccc1C(=O)OCCCCCCCC(C)C,CC(C)CCCCCCCOC(=O)c1ccccc1C(=O)OCCCCCCCC(C)C,False,False,none,100,False,
solvent,CCCCCCCCCCCCO,True,CCCCCCCCCCCCO,CCCCCCCCCCCCO,False,False,none,77,False,
solvent,CCCCN(CCCC)C=O,True,CCCCN(C=O)CCCC,CCCCN(C=O)CCCC,False,False,none,280,False,
solvent,CCN1CCCC1=O,True,CCN1CCCC1=O,CCN1CCCC1=O,False,False,none,130,False,
solvent,CCCCCC(CC)OC(=O)C1=CC=CC=C1C(=O)OCCCC,True,CCCCCC(CC)OC(=O)c1ccccc1C(=O)OCCCC,CCCCCC(CC)OC(=O)c1ccccc1C(=O)OCCCC,False,False,none,69,False,
solvent,C(CCCCCCC#N)CCCCCC#N,True,N#CCCCCCCCCCCCCC#N,N#CCCCCCCCCCCCCC#N,False,False,none,76,False,
solvent,CCCCC,True,CCCCC,CCCCC,False,False,none,93,False,
solvent,CCSC,True,CCSC,CCSC,False,False,none,3,False,
solvent,C1CCC(CC1)OC(=O)C2=CC=CC=C2C(=O)OC3CCCCC3,True,O=C(OC1CCCCC1)c1ccccc1C(=O)OC1CCCCC1,O=C(OC1CCCCC1)c1ccccc1C(=O)OC1CCCCC1,False,False,none,81,False,
solvent,CCCCCCCCCCOC(=O)C1=CC=CC=C1C(=O)OCCCCCCCCCC,True,CCCCCCCCCCOC(=O)c1ccccc1C(=O)OCCCCCCCCCC,CCCCCCCCCCOC(=O)c1ccccc1C(=O)OCCCCCCCCCC,False,False,none,41,False,
solvent,C1CCC(=O)CC1,True,O=C1CCCCC1,O=C1CCCCC1,False,False,none,74,False,
solvent,CCCCCCCC[Sn](CCCCCCCC)(Cl)Cl,True,CCCCCCC[CH2][Sn]([Cl])([Cl])[CH2]CCCCCCC,CCCCCCC[CH2][Sn]([Cl])([Cl])[CH2]CCCCCCC,False,False,none,163,False,
solvent,C1COS(=O)O1,True,O=S1OCCO1,O=S1OCCO1,False,False,none,27,False,
solvent,CCCS(=O)CCC,True,CCCS(=O)CCC,CCCS(=O)CCC,False,False,none,31,False,
solvent,CCCCN(CCCC)C(=O)C1=CC=CC=C1,True,CCCCN(CCCC)C(=O)c1ccccc1,CCCCN(CCCC)C(=O)c1ccccc1,False,False,none,32,False,
solvent,CC1(C2CCC(=C)C1C2)C,True,C=C1CCC2CC1C2(C)C,C=C1CCC2CC1C2(C)C,False,False,none,29,False,
solvent,C1CC(=O)NC1,True,O=C1CCCN1,O=C1CCCN1,False,False,none,176,False,
solvent,C[N+](=O)[O-],True,C[N+](=O)[O-],C[N+](=O)[O-],False,False,none,75,False,
solvent,CCCCCCCCCCC(=O)C,True,CCCCCCCCCCC(C)=O,CCCCCCCCCCC(C)=O,False,False,none,26,False,
solvent,CC(C)CC(=O)C,True,CC(=O)CC(C)C,CC(=O)CC(C)C,False,False,none,75,False,
solvent,CC(C(=O)O)O,True,CC(O)C(=O)O,CC(O)C(=O)O,False,False,none,154,False,
solvent,CCCCCCC(=O)C,True,CCCCCCC(C)=O,CCCCCCC(C)=O,False,False,none,16,False,
solvent,CC1COC(=O)O1,True,CC1COC(=O)O1,CC1COC(=O)O1,False,False,none,108,False,
solvent,CCCCCCCCCCCCCCCCCCCC,True,CCCCCCCCCCCCCCCCCCCC,CCCCCCCCCCCCCCCCCCCC,False,False,none,215,False,
solvent,C1=CC=C(C=C1)CC#N,True,N#CCc1ccccc1,N#CCc1ccccc1,False,False,none,25,False,
solvent,C(C(F)(Cl)Cl)(F)(Cl)Cl,True,FC(Cl)(Cl)C(F)(Cl)Cl,FC(Cl)(Cl)C(F)(Cl)Cl,False,False,none,14,False,
solvent,CC1=CC=C(C=C1)OP(=O)(OC2=CC=C(C=C2)C)OC3=CC=C(C=C3)C,True,Cc1ccc(OP(=O)(Oc2ccc(C)cc2)Oc2ccc(C)cc2)cc1,Cc1ccc(OP(=O)(Oc2ccc(C)cc2)Oc2ccc(C)cc2)cc1,False,False,none,141,False,
solvent,CCCC#N,True,CCCC#N,CCCC#N,False,False,none,42,False,
solvent,CC(=O)C1=CC=CC=C1,True,CC(=O)c1ccccc1,CC(=O)c1ccccc1,False,False,none,59,False,
solvent,CCCOC(=O)C,True,CCCOC(C)=O,CCCOC(C)=O,False,False,none,34,False,
solvent,CCCCC/C=C\C/C=C\CCCCCCCC(=O)O,True,CCCCC/C=C\C/C=C\CCCCCCCC(=O)O,CCCCCC=CCC=CCCCCCCCC(=O)O,True,True,rdkit+heuristic,70,True,solvent_iso_collision_0001
solvent,C(CCl)Cl,True,ClCCCl,ClCCCl,False,False,none,103,False,
solvent,C1=CC=C(C=C1)O,True,Oc1ccccc1,Oc1ccccc1,False,False,none,135,False,
solvent,CCCCCCCCCCCCCCCCCCCCCCCCCCCCCC,True,CCCCCCCCCCCCCCCCCCCCCCCCCCCCCC,CCCCCCCCCCCCCCCCCCCCCCCCCCCCCC,False,False,none,136,False,
solvent,CCCCCCCCCCCCCCCC(=O)OCC(CO)O,True,CCCCCCCCCCCCCCCC(=O)OCC(O)CO,CCCCCCCCCCCCCCCC(=O)OCC(O)CO,False,False,none,59,False,
solvent,C1=CC=C2C=NC=CC2=C1,True,c1ccc2cnccc2c1,c1ccc2cnccc2c1,False,False,none,25,False,
solvent,CCC(C)OC(=O)C1=CC=CC=C1C(=O)OC(C)CC,True,CCC(C)OC(=O)c1ccccc1C(=O)OC(C)CC,CCC(C)OC(=O)c1ccccc1C(=O)OC(C)CC,False,False,none,29,False,
solvent,CCCCCCCCCCCCCCCCCCCCCCCCCCCC,True,CCCCCCCCCCCCCCCCCCCCCCCCCCCC,CCCCCCCCCCCCCCCCCCCCCCCCCCCC,False,False,none,225,False,
solvent,CC(=C)C=C,True,C=CC(=C)C,C=CC(=C)C,False,False,none,8,False,
solvent,CC1=CC(=CC=C1)O,True,Cc1cccc(O)c1,Cc1cccc(O)c1,False,False,none,79,False,
solvent,C1COS(=O)(=O)C1,True,O=S1(=O)CCCO1,O=S1(=O)CCCO1,False,False,none,27,False,
solvent,CCCCCCCCCCCCCC(=O)N(C)C,True,CCCCCCCCCCCCCC(=O)N(C)C,CCCCCCCCCCCCCC(=O)N(C)C,False,False,none,165,False,
solvent,C(CSCCC#N)C#N,True,N#CCCSCCC#N,N#CCCSCCC#N,False,False,none,65,False,
solvent,COC1=CC=CC=C1,True,COc1ccccc1,COc1ccccc1,False,False,none,73,False,
solvent,CCCC(C)O,True,CCCC(C)O,CCCC(C)O,False,False,none,60,False,
solvent,CCCC(=O)C,True,CCCC(C)=O,CCCC(C)=O,False,False,none,19,False,
solvent,CCCCCl,True,CCCCCl,CCCCCl,False,False,none,63,False,
solvent,C(COCCOCCO)O,True,OCCOCCOCCO,OCCOCCOCCO,False,False,none,143,False,
solvent,CCCCCCCCCCCCCCCCI,True,CCCCCCCCCCCCCCCCI,CCCCCCCCCCCCCCCCI,False,False,none,27,False,
solvent,C1=CC=C(C=C1)[N+](=O)[O-],True,O=[N+]([O-])c1ccccc1,O=[N+]([O-])c1ccccc1,False,False,none,88,False,
solvent,CC(COC)OCC(C)OCC(C)OC,True,COCC(C)OCC(C)OCC(C)OC,COCC(C)OCC(C)OCC(C)OC,False,False,none,114,False,
solvent,CC=O,True,CC=O,CC=O,False,False,none,10,False,
solvent,CCCCCCCCCCCCCCCCO,True,CCCCCCCCCCCCCCCCO,CCCCCCCCCCCCCCCCO,False,False,none,130,False,
solvent,C1COCCO1,True,C1COCCO1,C1COCCO1,False,False,none,46,False,
solvent,C1CCNCC1,True,C1CCNCC1,C1CCNCC1,False,False,none,35,False,
solvent,CCCCCCCCCCCCC(C(C(C(C(C(F)(F)F)(F)F)(F)F)(F)F)(F)F)(F)F,True,CCCCCCCCCCCCC(F)(F)C(F)(F)C(F)(F)C(F)(F)C(F)(F)C(F)(F)F,CCCCCCCCCCCCC(F)(F)C(F)(F)C(F)(F)C(F)(F)C(F)(F)C(F)(F)F,False,False,none,120,False,
solvent,CC(=O)OCC(COC(=O)C)OC(=O)C,True,CC(=O)OCC(COC(C)=O)OC(C)=O,CC(=O)OCC(COC(C)=O)OC(C)=O,False,False,none,101,False,
solvent,CCCCCCCCC(O)O,True,CCCCCCCCC(O)O,CCCCCCCCC(O)O,False,False,none,69,False,
solvent,C1COCCOCCOCCOCCOCCO1,True,C1COCCOCCOCCOCCOCCO1,C1COCCOCCOCCOCCOCCO1,False,False,none,14,False,
solvent,CN1CCCCC1=O,True,CN1CCCCC1=O,CN1CCCCC1=O,False,False,none,155,False,
solvent,CCCCCCCCCCCC,True,CCCCCCCCCCCC,CCCCCCCCCCCC,False,False,none,91,False,
solvent,CCCCCC(O)O,True,CCCCCC(O)O,CCCCCC(O)O,False,False,none,71,False,
solvent,CC1=CC=CC=C1C,True,Cc1ccccc1C,Cc1ccccc1C,False,False,none,56,False,
solvent,C(Cl)Cl,True,ClCCl,ClCCl,False,False,none,51,False,
solvent,CCCCCCCCCCCC(=O)N(CC)CC,True,CCCCCCCCCCCC(=O)N(CC)CC,CCCCCCCCCCCC(=O)N(CC)CC,False,False,none,76,False,
solvent,C1=CC=C2C(=C1)C=CC=N2,True,c1ccc2ncccc2c1,c1ccc2ncccc2c1,False,False,none,75,False,
solvent,CCCCCCOC(=O)C,True,CCCCCCOC(C)=O,CCCCCCOC(C)=O,False,False,none,13,False,
solvent,CCCCC#C,True,C#CCCCC,C#CCCCC,False,False,none,4,False,
solvent,CCBr,True,CCBr,CCBr,False,False,none,17,False,
solvent,CCCCCCCCCCCCCCCCCCC(C(C(C(F)(F)F)(F)F)(F)F)(F)F,True,CCCCCCCCCCCCCCCCCCC(F)(F)C(F)(F)C(F)(F)C(F)(F)F,CCCCCCCCCCCCCCCCCCC(F)(F)C(F)(F)C(F)(F)C(F)(F)F,False,False,none,121,False,
solvent,C(=S)=S,True,S=C=S,S=C=S,False,False,none,35,False,
solvent,CCNC=O,True,CCNC=O,CCNC=O,False,False,none,109,False,
solvent,CC1CCS(=O)(=O)C1,True,CC1CCS(=O)(=O)C1,CC1CCS(=O)(=O)C1,False,False,none,22,False,
solvent,CCCCCCCCCCCCCCCCCCCCCCCCCCCCCCCCCC,True,CCCCCCCCCCCCCCCCCCCCCCCCCCCCCCCCCC,CCCCCCCCCCCCCCCCCCCCCCCCCCCCCCCCCC,False,False,none,23,False,
solvent,CCCCCCCCCOC(=O)C1=CC=CC=C1C(=O)OCCCCCCCCC,True,CCCCCCCCCOC(=O)c1ccccc1C(=O)OCCCCCCCCC,CCCCCCCCCOC(=O)c1ccccc1C(=O)OCCCCCCCCC,False,False,none,59,False,
solvent,CCCCCCCCC#N,True,CCCCCCCCC#N,CCCCCCCCC#N,False,False,none,21,False,
solvent,C1CCCC1,True,C1CCCC1,C1CCCC1,False,False,none,22,False,
solvent,C1CC(OC1)CO,True,OCC1CCCO1,OCC1CCCO1,False,False,none,10,False,
solvent,C(CN(CCO)CCO)N(CCO)CCO,True,OCCN(CCO)CCN(CCO)CCO,OCCN(CCO)CCN(CCO)CCO,False,False,none,73,False,
solvent,CCCOC(=O)C1=CC=CC=C1C(=O)OCCC,True,CCCOC(=O)c1ccccc1C(=O)OCCC,CCCOC(=O)c1ccccc1C(=O)OCCC,False,False,none,29,False,
solvent,CCCCCC(=O)C,True,CCCCCC(C)=O,CCCCCC(C)=O,False,False,none,19,False,
solvent,C[Si]1(O[Si](O[Si](O[Si](O1)(C)C)(C)C)(C)C)C,True,C[Si]1(C)O[Si](C)(C)O[Si](C)(C)O[Si](C)(C)O1,C[Si]1(C)O[Si](C)(C)O[Si](C)(C)O[Si](C)(C)O1,False,False,none,8,False,
solvent,C(C(C(C(C(F)(F)F)(F)F)(F)F)(F)F)(C(C(C(F)(F)F)(F)F)(F)F)(F)F,True,FC(F)(F)C(F)(F)C(F)(F)C(F)(F)C(F)(F)C(F)(F)C(F)(F)C(F)(F)F,FC(F)(F)C(F)(F)C(F)(F)C(F)(F)C(F)(F)C(F)(F)C(F)(F)C(F)(F)F,False,False,none,13,False,
solvent,C(C(F)(Cl)Cl)(F)(F)Cl,True,FC(F)(Cl)C(F)(Cl)Cl,FC(F)(Cl)C(F)(Cl)Cl,False,False,none,13,False,
solvent,C(CO)N,True,NCCO,NCCO,False,False,none,59,False,
solvent,CC(Cl)(Cl)Cl,True,CC(Cl)(Cl)Cl,CC(Cl)(Cl)Cl,False,False,none,8,False,
solvent,CCCCCCO,True,CCCCCCO,CCCCCCO,False,False,none,32,False,
solvent,CCCCCCCC(=O)OCC,True,CCCCCCCC(=O)OCC,CCCCCCCC(=O)OCC,False,False,none,12,False,
solvent,CCN(CC)CCN,True,CCN(CC)CCN,CCN(CC)CCN,False,False,none,3,False,
solvent,CCCCCCCC[Sn](CCCCCCCC)(CCCCCCCC)CCCCCCCC,True,CCCCCCC[CH2][Sn]([CH2]CCCCCCC)([CH2]CCCCCCC)[CH2]CCCCCCC,CCCCCCC[CH2][Sn]([CH2]CCCCCCC)([CH2]CCCCCCC)[CH2]CCCCCCC,False,False,none,135,False,
solvent,C1CC(=O)OC1,True,O=C1CCCO1,O=C1CCCO1,False,False,none,13,False,
solvent,CC(=O)OCC1=CC=CC=C1,True,CC(=O)OCc1ccccc1,CC(=O)OCc1ccccc1,False,False,none,23,False,
solvent,CCCCNC(=O)C1=CC=CC=C1,True,CCCCNC(=O)c1ccccc1,CCCCNC(=O)c1ccccc1,False,False,none,24,False,
solvent,CCCCCCCCOC(=O)C1=CC=CC=C1C(=O)OCCCCCCCC,True,CCCCCCCCOC(=O)c1ccccc1C(=O)OCCCCCCCC,CCCCCCCCOC(=O)c1ccccc1C(=O)OCCCCCCCC,False,False,none,29,False,
solvent,C(CCC(=O)O)CCC(=O)O,True,O=C(O)CCCCCC(=O)O,O=C(O)CCCCCC(=O)O,False,False,none,36,False,
solvent,C=CCOC(=O)C1=CC=CC=C1C(=O)OCC=C,True,C=CCOC(=O)c1ccccc1C(=O)OCC=C,C=CCOC(=O)c1ccccc1C(=O)OCC=C,False,False,none,17,False,
solvent,CI,True,CI,CI,False,False,none,20,False,
solvent,CCC(C)CO,True,CCC(C)CO,CCC(C)CO,False,False,none,58,False,
solvent,CCCCCCCCCCCCCCCCCC(=O)O,True,CCCCCCCCCCCCCCCCCC(=O)O,CCCCCCCCCCCCCCCCCC(=O)O,False,False,none,90,False,
solvent,CC1CC(S(=O)(=O)C1)C,True,CC1CC(C)S(=O)(=O)C1,CC1CC(C)S(=O)(=O)C1,False,False,none,19,False,
solvent,CC[N+](=O)[O-],True,CC[N+](=O)[O-],CC[N+](=O)[O-],False,False,none,44,False,
solvent,C1(=C(C(=C(C(=C1F)F)F)F)F)F,True,Fc1c(F)c(F)c(F)c(F)c1F,Fc1c(F)c(F)c(F)c(F)c1F,False,False,none,6,False,
solvent,C(CNCCC#N)C#N,True,N#CCCNCCC#N,N#CCCNCCC#N,False,False,none,48,False,
solvent,CCSCCO,True,CCSCCO,CCSCCO,False,False,none,17,False,
solvent,CCCCCCCCCCC1=CC=CC=C1,True,CCCCCCCCCCc1ccccc1,CCCCCCCCCCc1ccccc1,False,False,none,14,False,
solvent,CCCCCCCC(=O)C,True,CCCCCCCC(C)=O,CCCCCCCC(C)=O,False,False,none,3,False,
solvent,CCOC(C)OCC,True,CCOC(C)OCC,CCOC(C)OCC,False,False,none,8,False,
solvent,C1=COC(=C1)C=O,True,O=Cc1ccco1,O=Cc1ccco1,False,False,none,73,False,
solvent,CCOC(=O)C(=O)OCC,True,CCOC(=O)C(=O)OCC,CCOC(=O)C(=O)OCC,False,False,none,2,False,
solvent,C(CN)CN,True,NCCCN,NCCCN,False,False,none,6,False,
solvent,CCOC=O,True,CCOC=O,CCOC=O,False,False,none,22,False,
solvent,C(COCCC#N)C#N,True,N#CCCOCCC#N,N#CCCOCCC#N,False,False,none,48,False,
solvent,C1CCOCC1,True,C1CCOCC1,C1CCOCC1,False,False,none,51,False,
solvent,CCCCC#N,True,CCCCC#N,CCCCC#N,False,False,none,7,False,
solvent,C(C(F)(F)F)(C(F)(F)F)O,True,OC(C(F)(F)F)C(F)(F)F,OC(C(F)(F)F)C(F)(F)F,False,False,none,12,False,
solvent,CN1CCCCCC1=O,True,CN1CCCCCC1=O,CN1CCCCCC1=O,False,False,none,71,False,
solvent,CCCCCCCCCCCCCCCCCCCCCCCCCCCCCCCC,True,CCCCCCCCCCCCCCCCCCCCCCCCCCCCCCCC,CCCCCCCCCCCCCCCCCCCCCCCCCCCCCCCC,False,False,none,36,False,
solvent,CC(C)OC(C)C,True,CC(C)OC(C)C,CC(C)OC(C)C,False,False,none,27,False,
solvent,CCCCCCCCCCCCCCCCCCC=C,True,C=CCCCCCCCCCCCCCCCCCC,C=CCCCCCCCCCCCCCCCCCC,False,False,none,116,False,
solvent,C(I)I,True,ICI,ICI,False,False,none,9,False,
solvent,C1CCC2CCCCC2C1,True,C1CCC2CCCCC2C1,C1CCC2CCCCC2C1,False,False,none,53,False,
solvent,C(CC#N)C#N,True,N#CCCC#N,N#CCCC#N,False,False,none,5,False,
solvent,CCC(=O)N(C)C,True,CCC(=O)N(C)C,CCC(=O)N(C)C,False,False,none,21,False,
solvent,CN(CCO)CCO,True,CN(CCO)CCO,CN(CCO)CCO,False,False,none,20,False,
solvent,C(CCCCC(=O)O)CCCC(=O)O,True,O=C(O)CCCCCCCCC(=O)O,O=C(O)CCCCCCCCC(=O)O,False,False,none,35,False,
solvent,C(C(C(C(F)(F)F)(F)F)(F)F)(C(C(C(F)(F)F)(F)F)(F)F)(F)F,True,FC(F)(F)C(F)(F)C(F)(F)C(F)(F)C(F)(F)C(F)(F)C(F)(F)F,FC(F)(F)C(F)(F)C(F)(F)C(F)(F)C(F)(F)C(F)(F)C(F)(F)F,False,False,none,1,False,
solvent,CCC(=O)NC,True,CCC(=O)NC,CCC(=O)NC,False,False,none,31,False,
solvent,C1=CC=C(C=C1)CCl,True,ClCc1ccccc1,ClCc1ccccc1,False,False,none,27,False,
solvent,CCCCCCCCCCCCCCCCCCCC1=CC=CC=C1,True,CCCCCCCCCCCCCCCCCCCc1ccccc1,CCCCCCCCCCCCCCCCCCCc1ccccc1,False,False,none,9,False,
solvent,CCCCCCCCCCCCCCC#N,True,CCCCCCCCCCCCCCC#N,CCCCCCCCCCCCCCC#N,False,False,none,29,False,
solvent,CCN(C)C,True,CCN(C)C,CCN(C)C,False,False,none,3,False,
solvent,C(CCCCCC#N)CCCCC#N,True,N#CCCCCCCCCCCC#N,N#CCCCCCCCCCCC#N,False,False,none,33,False,
solvent,C(CN)N,True,NCCN,NCCN,False,False,none,14,False,
solvent,C1CCCCCCCCC1,True,C1CCCCCCCCC1,C1CCCCCCCCC1,False,False,none,1,False,
solvent,CCCCCCOC(=O)C1=CC=CC=C1C(=O)OCCCCCC,True,CCCCCCOC(=O)c1ccccc1C(=O)OCCCCCC,CCCCCCOC(=O)c1ccccc1C(=O)OCCCCCC,False,False,none,29,False,
solvent,CCCCCC#N,True,CCCCCC#N,CCCCCC#N,False,False,none,6,False,
solvent,CC1(C2CCC1(C(C2)OC(=O)C3=CC=CC=C3C(=O)OC4CC5CCC4(C5(C)C)C)C)C,True,CC1(C)C2CCC1(C)C(OC(=O)c1ccccc1C(=O)OC1CC3CCC1(C)C3(C)C)C2,CC1(C)C2CCC1(C)C(OC(=O)c1ccccc1C(=O)OC1CC3CCC1(C)C3(C)C)C2,False,False,none,11,False,
solvent,C1=COC(=C1)CO,True,OCc1ccco1,OCc1ccco1,False,False,none,29,False,
solvent,CCCC=C,True,C=CCCC,C=CCCC,False,False,none,3,False,
solvent,C1CCC(=O)C1,True,O=C1CCCC1,O=C1CCCC1,False,False,none,6,False,
solvent,CCCCCCCCCCCCCCCC1=CC=CC=C1,True,CCCCCCCCCCCCCCCc1ccccc1,CCCCCCCCCCCCCCCc1ccccc1,False,False,none,19,False,
solvent,C1=CC=C(C=C1)Br,True,Brc1ccccc1,Brc1ccccc1,False,False,none,20,False,
solvent,CN1CCN(C1=O)C,True,CN1CCN(C)C1=O,CN1CCN(C)C1=O,False,False,none,19,False,
solvent,CCCCCCCCC,True,CCCCCCCCC,CCCCCCCCC,False,False,none,88,False,
solvent,CCCCCCC=C,True,C=CCCCCCC,C=CCCCCCC,False,False,none,28,False,
solvent,CCCCCCCCCCCCCC,True,CCCCCCCCCCCCCC,CCCCCCCCCCCCCC,False,False,none,18,False,
solvent,C1=CC=C(C=C1)CC(=O)[O-],True,O=C([O-])Cc1ccccc1,O=C([O-])Cc1ccccc1,False,False,none,12,False,
solvent,CNS(=O)(=O)C,True,CNS(C)(=O)=O,CNS(C)(=O)=O,False,False,none,24,False,
solvent,CCCCCCCCCCC,True,CCCCCCCCCCC,CCCCCCCCCCC,False,False,none,7,False,
solvent,CC(=O)CC(=O)C,True,CC(=O)CC(C)=O,CC(=O)CC(C)=O,False,False,none,15,False,
solvent,COC(=O)CCC(=O)OC,True,COC(=O)CCC(=O)OC,COC(=O)CCC(=O)OC,False,False,none,10,False,
solvent,CC(C)C(C)C,True,CC(C)C(C)C,CC(C)C(C)C,False,False,none,5,False,
solvent,CCCCCCCCCCCCC1=CC=CC=C1,True,CCCCCCCCCCCCc1ccccc1,CCCCCCCCCCCCc1ccccc1,False,False,none,19,False,
solvent,CCCCOC,True,CCCCOC,CCCCOC,False,False,none,3,False,
solvent,CCCCCCCCC=C,True,C=CCCCCCCCC,C=CCCCCCCCC,False,False,none,14,False,
solvent,C1CCC=CC1,True,C1=CCCCC1,C1=CCCCC1,False,False,none,7,False,
solvent,C1CCC(CC1)C2CCCCC2,True,C1CCC(C2CCCCC2)CC1,C1CCC(C2CCCCC2)CC1,False,False,none,11,False,
solvent,C1=CSC(=C1)C=O,True,O=Cc1cccs1,O=Cc1cccs1,False,False,none,16,False,
solvent,C(=O)N,True,NC=O,NC=O,False,False,none,19,False,
solvent,C(C(Br)Br)(Br)Br,True,BrC(Br)C(Br)Br,BrC(Br)C(Br)Br,False,False,none,5,False,
solvent,CCC[N+](=O)[O-],True,CCC[N+](=O)[O-],CCC[N+](=O)[O-],False,False,none,22,False,
solvent,CCC(C)(C)OC,True,CCC(C)(C)OC,CCC(C)(C)OC,False,False,none,3,False,
solvent,CC(=O)CC1=CC=CC=C1,True,CC(=O)Cc1ccccc1,CC(=O)Cc1ccccc1,False,False,none,7,False,
solvent,CCOS(=O)(=O)OCC,True,CCOS(=O)(=O)OCC,CCOS(=O)(=O)OCC,False,False,none,16,False,
solvent,CC(C)[N+](=O)[O-],True,CC(C)[N+](=O)[O-],CC(C)[N+](=O)[O-],False,False,none,43,False,
solvent,C=CC=C,True,C=CC=C,C=CC=C,False,False,none,6,False,
solvent,CC(=CCC/C(=C/CC/C(=C/CC/C=C(/CC/C=C(/CCC=C(C)C)\C)\C)/C)/C)C,True,CC(C)=CCC/C(C)=C/CC/C(C)=C/CC/C=C(\C)CC/C=C(\C)CCC=C(C)C,CC(C)=CCCC(C)=CCCC(C)=CCCC=C(C)CCC=C(C)CCC=C(C)C,True,True,rdkit+heuristic,30,True,solvent_iso_collision_0004
solvent,CC(=O)CCC1=CC=CC=C1,True,CC(=O)CCc1ccccc1,CC(=O)CCc1ccccc1,False,False,none,7,False,
solvent,C1=CC=C2C(=C1)C=CC=C2Cl,True,Clc1cccc2ccccc12,Clc1cccc2ccccc12,False,False,none,26,False,
solvent,C(CCCCC#N)CCCC#N,True,N#CCCCCCCCCC#N,N#CCCCCCCCCC#N,False,False,none,33,False,
solvent,CCCCOC(=O)COC(=O)C1=CC=CC=C1C(=O)OCCCC,True,CCCCOC(=O)COC(=O)c1ccccc1C(=O)OCCCC,CCCCOC(=O)COC(=O)c1ccccc1C(=O)OCCCC,False,False,none,11,False,
solvent,CCCCCCCCCCCCCCC=C,True,C=CCCCCCCCCCCCCCC,C=CCCCCCCCCCCCCCC,False,False,none,49,False,
solvent,C1CCCCCC1,True,C1CCCCCC1,C1CCCCCC1,False,False,none,6,False,
solvent,CC1=CC(=O)CC(C1)(C)C,True,CC1=CC(=O)CC(C)(C)C1,CC1=CC(=O)CC(C)(C)C1,False,False,none,12,False,
solvent,CC(Cl)Cl,True,CC(Cl)Cl,CC(Cl)Cl,False,False,none,6,False,
solvent,CC(C)(C)O,True,CC(C)(C)O,CC(C)(C)O,False,False,none,78,False,
solvent,C1=CC=C2C(=C1)C=CC3=CC=CC=C32,True,c1ccc2c(c1)ccc1ccccc12,c1ccc2c(c1)ccc1ccccc12,False,False,none,25,False,
solvent,C1C=CC2=CC=CC=C21,True,C1=Cc2ccccc2C1,C1=Cc2ccccc2C1,False,False,none,7,False,
solvent,CC,True,CC,CC,False,False,none,1,False,
solvent,C(C(F)(F)F)O,True,OCC(F)(F)F,OCC(F)(F)F,False,False,none,12,False,
solvent,COC1=CC=CC=C1Br,True,COc1ccccc1Br,COc1ccccc1Br,False,False,none,16,False,
solvent,CCCCC(CC)COC(=O)C1=CC=CC=C1C(=O)OCCCC,True,CCCCOC(=O)c1ccccc1C(=O)OCC(CC)CCCC,CCCCOC(=O)c1ccccc1C(=O)OCC(CC)CCCC,False,False,none,11,False,
solvent,CCCCCCCCCO,True,CCCCCCCCCO,CCCCCCCCCO,False,False,none,2,False,
solvent,CCC1=CC=CC=C1,True,CCc1ccccc1,CCc1ccccc1,False,False,none,47,False,
solvent,C1=CC=C(C=C1)F,True,Fc1ccccc1,Fc1ccccc1,False,False,none,11,False,
solvent,C(CS)O,True,OCCS,OCCS,False,False,none,24,False,
solvent,CC(C)(C)OC,True,COC(C)(C)C,COC(C)(C)C,False,False,none,19,False,
solvent,CCCC=O,True,CCCC=O,CCCC=O,False,False,none,12,False,
solvent,CCCC(=O)OCC,True,CCCC(=O)OCC,CCCC(=O)OCC,False,False,none,13,False,
solvent,CCCCCNS(=O)[O-],True,CCCCCNS(=O)[O-],CCCCCNS(=O)[O-],False,False,none,2,False,
solvent,C1C=CCS1(=O)=O,True,O=S1(=O)CC=CC1,O=S1(=O)CC=CC1,False,False,none,6,False,
solvent,C=C(CCC#N)C#N,True,C=C(C#N)CCC#N,C=C(C#N)CCC#N,False,False,none,7,False,
solvent,CCCCCOC(=O)C,True,CCCCCOC(C)=O,CCCCCOC(C)=O,False,False,none,34,False,
solvent,CCC(=O)CC,True,CCC(=O)CC,CCC(=O)CC,False,False,none,3,False,
solvent,C1=CC=C(C=C1)CN,True,NCc1ccccc1,NCc1ccccc1,False,False,none,5,False,
solvent,CC1(COC(=O)[C@@H]1O)C,True,CC1(C)COC(=O)[C@@H]1O,CC1(C)COC(=O)C1O,True,True,rdkit+heuristic,6,False,
solvent,CC(=O)CC1CCCCC1,True,CC(=O)CC1CCCCC1,CC(=O)CC1CCCCC1,False,False,none,9,False,
solvent,C(CCl)O,True,OCCCl,OCCCl,False,False,none,4,False,
solvent,CC1CCC(=O)N1C,True,CC1CCC(=O)N1C,CC1CCC(=O)N1C,False,False,none,79,False,
solvent,CCCCOCCCC,True,CCCCOCCCC,CCCCOCCCC,False,False,none,20,False,
solvent,CCCCC=C,True,C=CCCCC,C=CCCCC,False,False,none,28,False,
solvent,CCCCCCCCCCCCCCC1CCCCC1,True,CCCCCCCCCCCCCCC1CCCCC1,CCCCCCCCCCCCCCC1CCCCC1,False,False,none,6,False,
solvent,C(C(O)(F)F)F,True,OC(F)(F)CF,OC(F)(F)CF,False,False,none,11,False,
solvent,C1CS(=O)CCO1,True,O=S1CCOCC1,O=S1CCOCC1,False,False,none,10,False,
solvent,CCOCC,True,CCOCC,CCOCC,False,False,none,15,False,
solvent,C(CSCCO)O,True,OCCSCCO,OCCSCCO,False,False,none,24,False,
solvent,C1CCCC(CC1)O,True,OC1CCCCCC1,OC1CCCCCC1,False,False,none,7,False,
solvent,CC1=CC=NC2=CC=CC=C12,True,Cc1ccnc2ccccc12,Cc1ccnc2ccccc12,False,False,none,20,False,
solvent,CCCCOCCO,True,CCCCOCCO,CCCCOCCO,False,False,none,22,False,
solvent,C(C(C(F)(F)F)(O)F)(F)F,True,OC(F)(C(F)F)C(F)(F)F,OC(F)(C(F)F)C(F)(F)F,False,False,none,11,False,
solvent,CCCSSCCC,True,CCCSSCCC,CCCSSCCC,False,False,none,1,False,
solvent,C(CCl)CCl,True,ClCCCCl,ClCCCCl,False,False,none,2,False,
solvent,C=CC1CCS(=O)(=O)C1,True,C=CC1CCS(=O)(=O)C1,C=CC1CCS(=O)(=O)C1,False,False,none,7,False,
solvent,CCS(=O)CC,True,CCS(=O)CC,CCS(=O)CC,False,False,none,10,False,
solvent,CCCCCCC#C,True,C#CCCCCCC,C#CCCCCCC,False,False,none,8,False,
solvent,C(CCCN)CCN,True,NCCCCCCN,NCCCCCCN,False,False,none,3,False,
solvent,CN1CCN(CC1)C,True,CN1CCN(C)CC1,CN1CCN(C)CC1,False,False,none,3,False,
solvent,C1CCC(CC1)O,True,OC1CCCCC1,OC1CCCCC1,False,False,none,6,False,
solvent,CCOC(C)(C)C,True,CCOC(C)(C)C,CCOC(C)(C)C,False,False,none,4,False,
solvent,COCCO,True,COCCO,COCCO,False,False,none,51,False,
solvent,CC(C)OCCO,True,CC(C)OCCO,CC(C)OCCO,False,False,none,23,False,
solvent,CCCCCCOC(=O)CCCCCCC(=O)OCCCCCC,True,CCCCCCOC(=O)CCCCCCC(=O)OCCCCCC,CCCCCCOC(=O)CCCCCCC(=O)OCCCCCC,False,False,none,16,False,
solvent,CC(C)OC(=O)C1=CC=CC=C1C(=O)OC(C)C,True,CC(C)OC(=O)c1ccccc1C(=O)OC(C)C,CC(C)OC(=O)c1ccccc1C(=O)OC(C)C,False,False,none,29,False,
solvent,C(C(C(C(F)(F)F)(F)F)(F)F)(C(C(F)(F)F)(F)F)(F)F,True,FC(F)(F)C(F)(F)C(F)(F)C(F)(F)C(F)(F)C(F)(F)F,FC(F)(F)C(F)(F)C(F)(F)C(F)(F)C(F)(F)C(F)(F)F,False,False,none,13,False,
solvent,CCOC1=CC=CC=C1,True,CCOc1ccccc1,CCOc1ccccc1,False,False,none,18,False,
solvent,C(CBr)Br,True,BrCCBr,BrCCBr,False,False,none,3,False,
solvent,CC1=CC(=CN=C1)C,True,Cc1cncc(C)c1,Cc1cncc(C)c1,False,False,none,3,False,
solvent,C=CCCCC=C,True,C=CCCCC=C,C=CCCCC=C,False,False,none,15,False,
solvent,COC=O,True,COC=O,COC=O,False,False,none,2,False,
solvent,CCCBr,True,CCCBr,CCCBr,False,False,none,4,False,
solvent,CCCCCCCC#N,True,CCCCCCCC#N,CCCCCCCC#N,False,False,none,7,False,
solvent,CCOC(=O)OCC,True,CCOC(=O)OCC,CCOC(=O)OCC,False,False,none,4,False,
solvent,CC1=CSC(=N1)N,True,Cc1csc(N)n1,Cc1csc(N)n1,False,False,none,18,False,
solvent,C1CS(=O)(=O)CC1N,True,NC1CCS(=O)(=O)C1,NC1CCS(=O)(=O)C1,False,False,none,9,False,
solvent,CCNCC,True,CCNCC,CCNCC,False,False,none,9,False,
solvent,C1=CC=C(C=C1)OC(=O)C2=CC=CC=C2C(=O)OC3=CC=CC=C3,True,O=C(Oc1ccccc1)c1ccccc1C(=O)Oc1ccccc1,O=C(Oc1ccccc1)c1ccccc1C(=O)Oc1ccccc1,False,False,none,11,False,
solvent,CCCCOCC,True,CCCCOCC,CCCCOCC,False,False,none,1,False,
solvent,CCSCC,True,CCSCC,CCSCC,False,False,none,3,False,
solvent,CCCCCCOC(=O)CCCCC(=O)OCCCCCC,True,CCCCCCOC(=O)CCCCC(=O)OCCCCCC,CCCCCCOC(=O)CCCCC(=O)OCCCCCC,False,False,none,16,False,
solvent,CCSSCC,True,CCSSCC,CCSSCC,False,False,none,3,False,
solvent,CC1=CC=CC=N1,True,Cc1ccccn1,Cc1ccccn1,False,False,none,1,False,
solvent,C1CC(S(=O)(=O)C1)N,True,NC1CCCS1(=O)=O,NC1CCCS1(=O)=O,False,False,none,2,False,
solvent,CCC(=C)C,True,C=C(C)CC,C=C(C)CC,False,False,none,3,False,
solvent,C(=C(Cl)Cl)Cl,True,ClC=C(Cl)Cl,ClC=C(Cl)Cl,False,False,none,5,False,
solvent,CCCC(C)C,True,CCCC(C)C,CCCC(C)C,False,False,none,7,False,
solvent,C1CCC(C1)N,True,NC1CCCC1,NC1CCCC1,False,False,none,1,False,
solvent,CC(C1=CC=CC=C1)O,True,CC(O)c1ccccc1,CC(O)c1ccccc1,False,False,none,2,False,
solvent,CCC(=O)C1=CC=CC=C1,True,CCC(=O)c1ccccc1,CCC(=O)c1ccccc1,False,False,none,16,False,
solvent,CC=C(C)C,True,CC=C(C)C,CC=C(C)C,False,False,none,3,False,
solvent,CCOCCOCC,True,CCOCCOCC,CCOCCOCC,False,False,none,1,False,
solvent,CCCCCCCCCCCCCCCCCCC1CCCCC1,True,CCCCCCCCCCCCCCCCCCC1CCCCC1,CCCCCCCCCCCCCCCCCCC1CCCCC1,False,False,none,10,False,
solvent,C1=COC(=C1)CN,True,NCc1ccco1,NCc1ccco1,False,False,none,7,False,
solvent,C=CC=O,True,C=CC=O,C=CC=O,False,False,none,3,False,
solvent,C1CCC(C1)O,True,OC1CCCC1,OC1CCCC1,False,False,none,9,False,
solvent,CCCCCCCCCCCCCCCCBr,True,CCCCCCCCCCCCCCCCBr,CCCCCCCCCCCCCCCCBr,False,False,none,25,False,
solvent,C1CC(=O)C1,True,O=C1CCC1,O=C1CCC1,False,False,none,1,False,
solvent,COCCOC,True,COCCOC,COCCOC,False,False,none,1,False,
solvent,C(=C(Cl)Cl)(Cl)Cl,True,ClC(Cl)=C(Cl)Cl,ClC(Cl)=C(Cl)Cl,False,False,none,2,False,
solvent,CC(CN(C)C)N(C)C,True,CC(CN(C)C)N(C)C,CC(CN(C)C)N(C)C,False,False,none,1,False,
solvent,CC1=NC(=CC=C1)C,True,Cc1cccc(C)n1,Cc1cccc(C)n1,False,False,none,9,False,
solvent,C1=CC=C(C=C1)COC(=O)C2=CC=CC=C2C(=O)OCC3=CC=CC=C3,True,O=C(OCc1ccccc1)c1ccccc1C(=O)OCc1ccccc1,O=C(OCc1ccccc1)c1ccccc1C(=O)OCc1ccccc1,False,False,none,11,False,
solvent,CCCCCC=C,True,C=CCCCCC,C=CCCCCC,False,False,none,20,False,
solvent,C1COC1,True,C1COC1,C1COC1,False,False,none,2,False,
solvent,CCCCCCCO,True,CCCCCCCO,CCCCCCCO,False,False,none,6,False,
solvent,CCCNCCC,True,CCCNCCC,CCCNCCC,False,False,none,1,False,
solvent,CCCCCCCCCCC1CCCCC1,True,CCCCCCCCCCC1CCCCC1,CCCCCCCCCCC1CCCCC1,False,False,none,9,False,
solvent,CCCOC1CCS(=O)(=O)C1,True,CCCOC1CCS(=O)(=O)C1,CCCOC1CCS(=O)(=O)C1,False,False,none,2,False,
solvent,CCC(=O)OC,True,CCC(=O)OC,CCC(=O)OC,False,False,none,4,False,
solvent,CNC,True,CNC,CNC,False,False,none,2,False,
solvent,CCCCCCCCCCOC1CCS(=O)(=O)C1,True,CCCCCCCCCCOC1CCS(=O)(=O)C1,CCCCCCCCCCOC1CCS(=O)(=O)C1,False,False,none,7,False,
solvent,CCCC#CC,True,CC#CCCC,CC#CCCC,False,False,none,1,False,
solvent,CCCCN,True,CCCCN,CCCCN,False,False,none,8,False,
solvent,CCCCCCCCCCCCCCC,True,CCCCCCCCCCCCCCC,CCCCCCCCCCCCCCC,False,False,none,5,False,
solvent,CCCSCCC,True,CCCSCCC,CCCSCCC,False,False,none,3,False,
solvent,CCCCCCCCN,True,CCCCCCCCN,CCCCCCCCN,False,False,none,1,False,
solvent,CN1CCCCC1,True,CN1CCCCC1,CN1CCCCC1,False,False,none,1,False,
solvent,C(CCCN)CCCN,True,NCCCCCCCN,NCCCCCCCN,False,False,none,1,False,
solvent,C(C#N)C#N,True,N#CCC#N,N#CCC#N,False,False,none,5,False,
solvent,CCCCCC#C,True,C#CCCCCC,C#CCCCCC,False,False,none,9,False,
solvent,CCC(CC)(CC)O,True,CCC(O)(CC)CC,CCC(O)(CC)CC,False,False,none,2,False,
solvent,CCC(C)CC,True,CCC(C)CC,CCC(C)CC,False,False,none,2,False,
solvent,C(=O)O,True,O=CO,O=CO,False,False,none,7,False,
solvent,CC(CCC#N)C#N,True,CC(C#N)CCC#N,CC(C#N)CCC#N,False,False,none,8,False,
solvent,CC(C)C(=NO)C(C)C,True,CC(C)C(=NO)C(C)C,CC(C)C(=NO)C(C)C,False,False,none,5,False,
solvent,CC1CCCC1,True,CC1CCCC1,CC1CCCC1,False,False,none,11,False,
solvent,C(CCCl)CCl,True,ClCCCCCl,ClCCCCCl,False,False,none,2,False,
solvent,COCOC,True,COCOC,COCOC,False,False,none,6,False,
solvent,CC(=O)CCC(=O)C,True,CC(=O)CCC(C)=O,CC(=O)CCC(C)=O,False,False,none,1,False,
solvent,CC(=O)N1CCCCC1,True,CC(=O)N1CCCCC1,CC(=O)N1CCCCC1,False,False,none,2,False,
solvent,COC(=O)C=C,True,C=CC(=O)OC,C=CC(=O)OC,False,False,none,5,False,
solvent,CCCC,True,CCCC,CCCC,False,False,none,2,False,
solvent,CCC(C)N,True,CCC(C)N,CCC(C)N,False,False,none,1,False,
solvent,COC(=O)OC,True,COC(=O)OC,COC(=O)OC,False,False,none,3,False,
solvent,CCCN,True,CCCN,CCCN,False,False,none,1,False,
solvent,CC(=O)CC(C)(C)O,True,CC(=O)CC(C)(C)O,CC(=O)CC(C)(C)O,False,False,none,1,False,
solvent,CCCCCCl,True,CCCCCCl,CCCCCCl,False,False,none,1,False,
solvent,CCCCCCCCCCCCCCCCCCC1=CC=CC=C1,True,CCCCCCCCCCCCCCCCCCc1ccccc1,CCCCCCCCCCCCCCCCCCc1ccccc1,False,False,none,2,False,
solvent,CCCOCCC,True,CCCOCCC,CCCOCCC,False,False,none,1,False,
solvent,CCOCCO,True,CCOCCO,CCOCCO,False,False,none,2,False,
solvent,COCCOCCOC,True,COCCOCCOC,COCCOCCOC,False,False,none,1,False,
solvent,CCCCCCN,True,CCCCCCN,CCCCCCN,False,False,none,3,False,
solvent,CC(C#N)O,True,CC(O)C#N,CC(O)C#N,False,False,none,2,False,
solvent,CC(=O)N,True,CC(N)=O,CC(N)=O,False,False,none,2,False,
solvent,CCC#CCC,True,CCC#CCC,CCC#CCC,False,False,none,1,False,
solvent,CCCCCN,True,CCCCCN,CCCCCN,False,False,none,1,False,
solvent,CC1=CC=NC=C1,True,Cc1ccncc1,Cc1ccncc1,False,False,none,1,False,
solvent,CN(C)CCN(C)C,True,CN(C)CCN(C)C,CN(C)CCN(C)C,False,False,none,1,False,
solvent,CCCCCCCN,True,CCCCCCCN,CCCCCCCN,False,False,none,1,False,
solvent,C1CCNC1,True,C1CCNC1,C1CCNC1,False,False,none,1,False,
solvent,CC1=CC[C@@H](CC1)C(=C)C,True,C=C(C)[C@H]1CC=C(C)CC1,C=C(C)C1CC=C(C)CC1,True,True,rdkit+heuristic,1,False,
solvent,C1=CC=C(C=C1)CCO,True,OCCc1ccccc1,OCCc1ccccc1,False,False,none,3,False,
solvent,CC(=O)C(=O)C,True,CC(=O)C(C)=O,CC(=O)C(C)=O,False,False,none,1,False,
solvent,CCCCNCCCC,True,CCCCNCCCC,CCCCNCCCC,False,False,none,1,False,
solvent,CC1=CN=CC=C1,True,Cc1cccnc1,Cc1cccnc1,False,False,none,1,False,
solvent,CCCCC=O,True,CCCCC=O,CCCCC=O,False,False,none,1,False,
solvent,CN(C)CN(C)C,True,CN(C)CN(C)C,CN(C)CN(C)C,False,False,none,1,False,
solvent,CC(C)N,True,CC(C)N,CC(C)N,False,False,none,1,False,
solvent,CCOCOCC,True,CCOCOCC,CCOCOCC,False,False,none,1,False,
solvent,CNC(C)=O,True,CNC(C)=O,CNC(C)=O,False,False,none,140,False,
solvent,CN[S](C)(=O)=O,True,CNS(C)(=O)=O,CNS(C)(=O)=O,False,False,none,24,False,
solvent,CCNC(C)=O,True,CCNC(C)=O,CCNC(C)=O,False,False,none,131,False,
solvent,CN(C)C(C)=O,True,CC(=O)N(C)C,CC(=O)N(C)C,False,False,none,154,False,
solvent,OCCO,True,OCCO,OCCO,False,False,none,224,False,
solvent,O=CN1CCOCC1,True,O=CN1CCOCC1,O=CN1CCOCC1,False,False,none,357,False,
solvent,O=S1(CCCC1)=O,True,O=S1(=O)CCCC1,O=S1(=O)CCCC1,False,False,none,377,False,
solvent,CC(C)(C)OCCOCCOCCOC,True,COCCOCCOCCOC(C)(C)C,COCCOCCOCCOC(C)(C)C,False,False,none,27,False,
solvent,CCCCOCCOCCOCCOCCCC(C)(C)C,True,CCCCOCCOCCOCCOCCCC(C)(C)C,CCCCOCCOCCOCCOCCCC(C)(C)C,False,False,none,30,False,
solvent,OCCOCCO,True,OCCOCCO,OCCOCCO,False,False,none,177,False,
solvent,OCCOCCOCCO,True,OCCOCCOCCO,OCCOCCOCCO,False,False,none,156,False,
solvent,OCC,True,CCO,CCO,False,False,none,131,False,
solvent,OCCC,True,CCCO,CCCO,False,False,none,88,False,
solvent,OCCCC,True,CCCCO,CCCCO,False,False,none,129,False,
solvent,OCCCCCCCC,True,CCCCCCCCO,CCCCCCCCO,False,False,none,147,False,
solvent,OC(C)C,True,CC(C)O,CC(C)O,False,False,none,66,False,
solvent,CC(C)=O,True,CC(C)=O,CC(C)=O,False,False,none,131,False,
solvent,CCC(C)=O,True,CCC(C)=O,CCC(C)=O,False,False,none,94,False,
solvent,CCCC(C)=O,True,CCCC(C)=O,CCCC(C)=O,False,False,none,11,False,
solvent,CCCCCC(C)=O,True,CCCCCC(C)=O,CCCCCC(C)=O,False,False,none,11,False,
solvent,COC(C)=O,True,COC(C)=O,COC(C)=O,False,False,none,14,False,
solvent,CCOC(C)=O,True,CCOC(C)=O,CCOC(C)=O,False,False,none,107,False,
solvent,CCCCOC(C)=O,True,CCCCOC(C)=O,CCCCOC(C)=O,False,False,none,15,False,
solvent,CCCCCCOC(C)=O,True,CCCCCCOC(C)=O,CCCCCCOC(C)=O,False,False,none,11,False,
solvent,CCOC(CCC)=O,True,CCCC(=O)OCC,CCCC(=O)OCC,False,False,none,11,False,
solvent,c1ccccc1,True,c1ccccc1,c1ccccc1,False,False,none,132,False,
solvent,Cc1ccccc1,True,Cc1ccccc1,Cc1ccccc1,False,False,none,146,False,
solvent,Cc1ccc(C)cc1,True,Cc1ccc(C)cc1,Cc1ccc(C)cc1,False,False,none,49,False,
solvent,OCc1ccccc1,True,OCc1ccccc1,OCc1ccccc1,False,False,none,22,False,
solvent,O=N(c1ccccc1)=O,True,O=[N+]([O-])c1ccccc1,O=[N+]([O-])c1ccccc1,False,False,none,57,False,
solvent,COc1ccccc1,True,COc1ccccc1,COc1ccccc1,False,False,none,32,False,
solvent,N#Cc1ccccc1,True,N#Cc1ccccc1,N#Cc1ccccc1,False,False,none,31,False,
solvent,CC(=O)c1ccccc1,True,CC(=O)c1ccccc1,CC(=O)c1ccccc1,False,False,none,40,False,
solvent,Clc1ccccc1,True,Clc1ccccc1,Clc1ccccc1,False,False,none,14,False,
solvent,CS(C)=O,True,CS(C)=O,CS(C)=O,False,False,none,165,False,
solvent,OC(C)=O,True,CC(=O)O,CC(=O)O,False,False,none,11,False,
solvent,ClCCl,True,ClCCl,ClCCl,False,False,none,25,False,
solvent,ClC(Cl)Cl,True,ClC(Cl)Cl,ClC(Cl)Cl,False,False,none,50,False,
solvent,ClC(Cl)(Cl)Cl,True,ClC(Cl)(Cl)Cl,ClC(Cl)(Cl)Cl,False,False,none,84,False,
solvent,ClCCCl,True,ClCCCl,ClCCCl,False,False,none,86,False,
solvent,O1CCCC1,True,C1CCOC1,C1CCOC1,False,False,none,54,False,
solvent,C1OCCOC1,True,C1COCCO1,C1COCCO1,False,False,none,18,False,
solvent,O=C1CCCO1,True,O=C1CCCO1,O=C1CCCO1,False,False,none,11,False,
solvent,OCC(F)(F)F,True,OCC(F)(F)F,OCC(F)(F)F,False,False,none,11,False,
solvent,FC(F)(F)C(O)C(F)(F)F,True,OC(C(F)(F)F)C(F)(F)F,OC(C(F)(F)F)C(F)(F)F,False,False,none,11,False,
solvent,FC(F)(F)C(F)(F)C(F)(F)C(F)(F)C(F)(F)C(F)(F)F,True,FC(F)(F)C(F)(F)C(F)(F)C(F)(F)C(F)(F)C(F)(F)F,FC(F)(F)C(F)(F)C(F)(F)C(F)(F)C(F)(F)C(F)(F)F,False,False,none,12,False,
solvent,FC(F)(F)C(F)(F)C(F)(F)C(F)(F)C(F)(F)C(F)(F)C(F)(F)C(F)(F)F,True,FC(F)(F)C(F)(F)C(F)(F)C(F)(F)C(F)(F)C(F)(F)C(F)(F)C(F)(F)F,FC(F)(F)C(F)(F)C(F)(F)C(F)(F)C(F)(F)C(F)(F)C(F)(F)C(F)(F)F,False,False,none,11,False,
solvent,CN(=O)=O,True,C[N+](=O)[O-],C[N+](=O)[O-],False,False,none,47,False,
solvent,CCCN(=O)=O,True,CCC[N+](=O)[O-],CCC[N+](=O)[O-],False,False,none,23,False,
solvent,O=C1CCCCC1,True,O=C1CCCCC1,O=C1CCCCC1,False,False,none,39,False,
solvent,CC1OC(OC1)=O,True,CC1COC(=O)O1,CC1COC(=O)O1,False,False,none,118,False,
solvent,n1ccccc1,True,c1ccncc1,c1ccncc1,False,False,none,39,False,
solvent,O=C1NCCC1,True,O=C1CCCN1,O=C1CCCN1,False,False,none,120,False,
solvent,OCc1occc1,True,OCc1ccco1,OCc1ccco1,False,False,none,29,False,
solvent,CCN(CC)C(C)=O,True,CCN(CC)C(C)=O,CCN(CC)C(C)=O,False,False,none,108,False,
solvent,CCOC(=O)c1ccccc1C(OCC)=O,True,CCOC(=O)c1ccccc1C(=O)OCC,CCOC(=O)c1ccccc1C(=O)OCC,False,False,none,182,False,
solvent,CCOC(=O)c1ccccc1,True,CCOC(=O)c1ccccc1,CCOC(=O)c1ccccc1,False,False,none,100,False,
solvent,O=C1CCCCCO1,True,O=C1CCCCCO1,O=C1CCCCCO1,False,False,none,78,False,
solvent,OCCCCCCCCCCCCCCCCCC,True,CCCCCCCCCCCCCCCCCCO,CCCCCCCCCCCCCCCCCCO,False,False,none,141,False,
solvent,OCCCCCCCCCCCCCCCCCCCC,True,CCCCCCCCCCCCCCCCCCCCO,CCCCCCCCCCCCCCCCCCCCO,False,False,none,88,False,
solvent,O=Cc1occc1,True,O=Cc1ccco1,O=Cc1ccco1,False,False,none,114,False,
solvent,CCCCCCCCCCCCCCCCC=C,True,C=CCCCCCCCCCCCCCCCC,C=CCCCCCCCCCCCCCCCC,False,False,none,59,False,
solvent,CCCCCCCCCCCCCCCCCCCl,True,CCCCCCCCCCCCCCCCCCCl,CCCCCCCCCCCCCCCCCCCl,False,False,none,41,False,
solvent,OCCCCCCCCCCCC,True,CCCCCCCCCCCCO,CCCCCCCCCCCCO,False,False,none,61,False,
solvent,OCCCCCCCCCCCCCC,True,CCCCCCCCCCCCCCO,CCCCCCCCCCCCCCO,False,False,none,62,False,
solvent,CCCCCCCCCCC(C)=O,True,CCCCCCCCCCC(C)=O,CCCCCCCCCCC(C)=O,False,False,none,28,False,
solvent,CCCCCCCCCOC(=O)c1ccccc1C(OCCCCCCCCC)=O,True,CCCCCCCCCOC(=O)c1ccccc1C(=O)OCCCCCCCCC,CCCCCCCCCOC(=O)c1ccccc1C(=O)OCCCCCCCCC,False,False,none,69,False,
solvent,OCCCCC,True,CCCCCO,CCCCCO,False,False,none,93,False,
solvent,OCCCCCC,True,CCCCCCO,CCCCCCO,False,False,none,17,False,
solvent,OCCCCCCC,True,CCCCCCCO,CCCCCCCO,False,False,none,8,False,
solvent,OCCCCCCCCC,True,CCCCCCCCCO,CCCCCCCCCO,False,False,none,2,False,
solvent,CCCCCCCCCCc1ccccc1,True,CCCCCCCCCCc1ccccc1,CCCCCCCCCCc1ccccc1,False,False,none,14,False,
solvent,CCCCCCCCCCCCc1ccccc1,True,CCCCCCCCCCCCc1ccccc1,CCCCCCCCCCCCc1ccccc1,False,False,none,19,False,
solvent,CCCCCCCCCCCCCCc1ccccc1,True,CCCCCCCCCCCCCCc1ccccc1,CCCCCCCCCCCCCCc1ccccc1,False,False,none,9,False,
solvent,CCCCCCCCCCCCCCCc1ccccc1,True,CCCCCCCCCCCCCCCc1ccccc1,CCCCCCCCCCCCCCCc1ccccc1,False,False,none,20,False,
solvent,CCCCCCCCCCCCCCCCCCCc1ccccc1,True,CCCCCCCCCCCCCCCCCCCc1ccccc1,CCCCCCCCCCCCCCCCCCCc1ccccc1,False,False,none,9,False,
solvent,N#CCCCCC#N,True,N#CCCCCC#N,N#CCCCCC#N,False,False,none,62,False,
solvent,N#CCc1ccccc1,True,N#CCc1ccccc1,N#CCc1ccccc1,False,False,none,25,False,
solvent,CC(=O)Cc1ccccc1,True,CC(=O)Cc1ccccc1,CC(=O)Cc1ccccc1,False,False,none,7,False,
solvent,CC(CCc1ccccc1)=O,True,CC(=O)CCc1ccccc1,CC(=O)CCc1ccccc1,False,False,none,7,False,
solvent,ClC(Cl)C(Cl)Cl,True,ClC(Cl)C(Cl)Cl,ClC(Cl)C(Cl)Cl,False,False,none,7,False,
solvent,C(C=Cc1cc2)c1cc2,True,C1=Cc2ccccc2C1,C1=Cc2ccccc2C1,False,False,none,7,False,
solvent,Clc2c1ccccc1ccc2,True,Clc1cccc2ccccc12,Clc1cccc2ccccc12,False,False,none,26,False,
solvent,Cc2c1ccccc1ccc2,True,Cc1cccc2ccccc12,Cc1cccc2ccccc12,False,False,none,36,False,
solvent,NCCCCCCCCN,True,NCCCCCCCCN,NCCCCCCCCN,False,False,none,52,False,
solvent,NCCCCCCCCCCN,True,NCCCCCCCCCCN,NCCCCCCCCCCN,False,False,none,39,False,
solvent,NCCCCCCCCCCCCN,True,NCCCCCCCCCCCCN,NCCCCCCCCCCCCN,False,False,none,124,False,
solvent,CCCCC(CC)CO[P](=O)(OCC(CC)CCCC)OCC(CC)CCCC,True,CCCCC(CC)COP(=O)(OCC(CC)CCCC)OCC(CC)CCCC,CCCCC(CC)COP(=O)(OCC(CC)CCCC)OCC(CC)CCCC,False,False,none,88,False,
solvent,CCCCOP(OCCCC)(OCCCC)=O,True,CCCCOP(=O)(OCCCC)OCCCC,CCCCOP(=O)(OCCCC)OCCCC,False,False,none,91,False,
solvent,Nc1ccccc1,True,Nc1ccccc1,Nc1ccccc1,False,False,none,58,False,
solvent,n2cc1ccccc1cc2,True,c1ccc2cnccc2c1,c1ccc2cnccc2c1,False,False,none,25,False,
solvent,c2nc1ccccc1cc2,True,c1ccc2ncccc2c1,c1ccc2ncccc2c1,False,False,none,94,False,
solvent,Cc2nc1ccccc1cc2,True,Cc1ccc2ccccc2n1,Cc1ccc2ccccc2n1,False,False,none,13,False,
solvent,Cc2c1ccccc1ncc2,True,Cc1ccnc2ccccc12,Cc1ccnc2ccccc12,False,False,none,20,False,
solvent,CCCCCCCCCCCCCCCC(O)=O,True,CCCCCCCCCCCCCCCC(=O)O,CCCCCCCCCCCCCCCC(=O)O,False,False,none,259,False,
solvent,OC(CCCCCCCCC(O)=O)=O,True,O=C(O)CCCCCCCCC(=O)O,O=C(O)CCCCCCCCC(=O)O,False,False,none,35,False,
solvent,OC(CCCCCC(O)=O)=O,True,O=C(O)CCCCCC(=O)O,O=C(O)CCCCCC(=O)O,False,False,none,36,False,
solvent,OCCCCCCCCCCCCCCCC,True,CCCCCCCCCCCCCCCCO,CCCCCCCCCCCCCCCCO,False,False,none,130,False,
solvent,CCCCOC(=O)c1c(Cl)c(Cl)c(Cl)c(Cl)c1C(=O)OCCCC,True,CCCCOC(=O)c1c(Cl)c(Cl)c(Cl)c(Cl)c1C(=O)OCCCC,CCCCOC(=O)c1c(Cl)c(Cl)c(Cl)c(Cl)c1C(=O)OCCCC,False,False,none,159,False,
solvent,CCCCOC(=O)c1ccccc1C(OCCCC)=O,True,CCCCOC(=O)c1ccccc1C(=O)OCCCC,CCCCOC(=O)c1ccccc1C(=O)OCCCC,False,False,none,261,False,
solvent,C[Si]1(C)O[Si](C)(C)O[Si](C)(C)O[Si](C)(C)O1,True,C[Si]1(C)O[Si](C)(C)O[Si](C)(C)O[Si](C)(C)O1,C[Si]1(C)O[Si](C)(C)O[Si](C)(C)O[Si](C)(C)O1,False,False,none,32,False,
solvent,CC(C)COC(=O)c1ccccc1C(OCC(C)C)=O,True,CC(C)COC(=O)c1ccccc1C(=O)OCC(C)C,CC(C)COC(=O)c1ccccc1C(=O)OCC(C)C,False,False,none,100,False,
solvent,CCCCC(CC)COC(=O)c1ccccc1C(OCC(CC)CCCC)=O,True,CCCCC(CC)COC(=O)c1ccccc1C(=O)OCC(CC)CCCC,CCCCC(CC)COC(=O)c1ccccc1C(=O)OCC(CC)CCCC,False,False,none,70,False,
solvent,CC(C)CCCCCCCOC(=O)c1ccccc1C(=O)OCCCCCCCC(C)C,True,CC(C)CCCCCCCOC(=O)c1ccccc1C(=O)OCCCCCCCC(C)C,CC(C)CCCCCCCOC(=O)c1ccccc1C(=O)OCCCCCCCC(C)C,False,False,none,100,False,
solvent,CCCCOC(=O)c2ccccc2C(OCc1ccccc1)=O,True,CCCCOC(=O)c1ccccc1C(=O)OCc1ccccc1,CCCCOC(=O)c1ccccc1C(=O)OCc1ccccc1,False,False,none,70,False,
solvent,CCCCOC(=O)c1ccccc1C(=O)OCC(CC)CCCC,True,CCCCOC(=O)c1ccccc1C(=O)OCC(CC)CCCC,CCCCOC(=O)c1ccccc1C(=O)OCC(CC)CCCC,False,False,none,70,False,
solvent,OCCCCCCO,True,OCCCCCCO,OCCCCCCO,False,False,none,75,False,
solvent,OCCCCCCCCCO,True,OCCCCCCCCCO,OCCCCCCCCCO,False,False,none,72,False,
solvent,SCCCCCCS,True,SCCCCCCS,SCCCCCCS,False,False,none,23,False,
solvent,N#CCCCCCCCCCCC#N,True,N#CCCCCCCCCCCC#N,N#CCCCCCCCCCCC#N,False,False,none,33,False,
solvent,CCCCC[Sn](CCCCC)(CCCCC)CCCCC,True,CCCC[CH2][Sn]([CH2]CCCC)([CH2]CCCC)[CH2]CCCC,CCCC[CH2][Sn]([CH2]CCCC)([CH2]CCCC)[CH2]CCCC,False,False,none,115,False,
solvent,ClCc1ccccc1,True,ClCc1ccccc1,ClCc1ccccc1,False,False,none,15,False,
solvent,CCN(=O)=O,True,CC[N+](=O)[O-],CC[N+](=O)[O-],False,False,none,22,False,
solvent,CC(C)N(=O)=O,True,CC(C)[N+](=O)[O-],CC(C)[N+](=O)[O-],False,False,none,23,False,
solvent,Oc1ccccc1,True,Oc1ccccc1,Oc1ccccc1,False,False,none,133,False,
solvent,NCc1occc1,True,NCc1ccco1,NCc1ccco1,False,False,none,7,False,
solvent,OCC1CCCO1,True,OCC1CCCO1,OCC1CCCO1,False,False,none,15,False,
solvent,CCCCNC(=O)c1ccccc1,True,CCCCNC(=O)c1ccccc1,CCCCNC(=O)c1ccccc1,False,False,none,24,False,
solvent,OCCN,True,NCCO,NCCO,False,False,none,59,False,
solvent,CN1CCN(C)C1=O,True,CN1CCN(C)C1=O,CN1CCN(C)C1=O,False,False,none,71,False,
solvent,CCCCCCCCCCCCCCCCCCc1ccccc1,True,CCCCCCCCCCCCCCCCCCc1ccccc1,CCCCCCCCCCCCCCCCCCc1ccccc1,False,False,none,2,False,
solvent,CCCCCCCCCCCCCCCCCCC(CCCCCCCCCCCCCCCCCC)CCCCC(CCCCCCCCCCCCCCCCCC)CCCCCCCCCCCCCCCCCC,True,CCCCCCCCCCCCCCCCCCC(CCCCCCCCCCCCCCCCCC)CCCCC(CCCCCCCCCCCCCCCCCC)CCCCCCCCCCCCCCCCCC,CCCCCCCCCCCCCCCCCCC(CCCCCCCCCCCCCCCCCC)CCCCC(CCCCCCCCCCCCCCCCCC)CCCCCCCCCCCCCCCCCC,False,False,none,460,False,
solvent,OC1CCCC1,True,OC1CCCC1,OC1CCCC1,False,False,none,6,False,
solvent,OC1CCCCC1,True,OC1CCCCC1,OC1CCCCC1,False,False,none,6,False,
solvent,OC1CCCCCC1,True,OC1CCCCCC1,OC1CCCCCC1,False,False,none,6,False,
solvent,N#CCCOCCC#N,True,N#CCCOCCC#N,N#CCCOCCC#N,False,False,none,53,False,
solvent,N#CCCSCCC#N,True,N#CCCSCCC#N,N#CCCSCCC#N,False,False,none,76,False,
solvent,N#CCCNCCC#N,True,N#CCCNCCC#N,N#CCCNCCC#N,False,False,none,53,False,
solvent,CCCCC(CC)CCC(C)(CC(CC)CCCC)C(=O)N,True,CCCCC(CC)CCC(C)(CC(CC)CCCC)C(N)=O,CCCCC(CC)CCC(C)(CC(CC)CCCC)C(N)=O,False,False,none,180,False,
solvent,OCCSCC,True,CCSCCO,CCSCCO,False,False,none,17,False,
solvent,COC(=O)CCSCCC(=O)OC,True,COC(=O)CCSCCC(=O)OC,COC(=O)CCSCCC(=O)OC,False,False,none,25,False,
solvent,O=Cc1sccc1,True,O=Cc1cccs1,O=Cc1cccs1,False,False,none,17,False,
solvent,CC(=O)c1sccc1,True,CC(=O)c1cccs1,CC(=O)c1cccs1,False,False,none,25,False,
solvent,O=S1CCCC1,True,O=S1CCCC1,O=S1CCCC1,False,False,none,32,False,
solvent,O=S1(CCCO1)=O,True,O=S1(=O)CCCO1,O=S1(=O)CCCO1,False,False,none,27,False,
solvent,O=S1OCCO1,True,O=S1OCCO1,O=S1OCCO1,False,False,none,27,False,
solvent,CCCS(CCC)=O,True,CCCS(=O)CCC,CCCS(=O)CCC,False,False,none,25,False,
solvent,C=CC1CCC[S]1(=O)=O,True,C=CC1CCCS1(=O)=O,C=CC1CCCS1(=O)=O,False,False,none,27,False,
solvent,Cc1nc(N)sc1,True,Cc1csc(N)n1,Cc1csc(N)n1,False,False,none,18,False,
solvent,Nc1ccccc1S,True,Nc1ccccc1S,Nc1ccccc1S,False,False,none,26,False,
solvent,OCC(O)CO,True,OCC(O)CO,OCC(O)CO,False,False,none,100,False,
solvent,OCC(O)C,True,CC(O)CO,CC(O)CO,False,False,none,42,False,
solvent,Clc(ccc1Cl)cc1Cl,True,Clc1ccc(Cl)c(Cl)c1,Clc1ccc(Cl)c(Cl)c1,False,False,none,2,False,
solvent,CC(OCC(COC(C)=O)OC(C)=O)=O,True,CC(=O)OCC(COC(C)=O)OC(C)=O,CC(=O)OCC(COC(C)=O)OC(C)=O,False,False,none,118,False,
solvent,CCCCCCCCCCCCCCCC(=O)OCC(O)CO,True,CCCCCCCCCCCCCCCC(=O)OCC(O)CO,CCCCCCCCCCCCCCCC(=O)OCC(O)CO,False,False,none,65,False,
solvent,CCCCCCCCCCCCCCCC(=O)OCC(O)COC(=O)CCCCCCCCCCCCCCC,True,CCCCCCCCCCCCCCCC(=O)OCC(O)COC(=O)CCCCCCCCCCCCCCC,CCCCCCCCCCCCCCCC(=O)OCC(O)COC(=O)CCCCCCCCCCCCCCC,False,False,none,66,False,
solvent,CCCCCCCCCCCCCCCC(=O)OCC(COC(=O)CCCCCCCCCCCCCCC)OC(=O)CCCCCCCCCCCCCCC,True,CCCCCCCCCCCCCCCC(=O)OCC(COC(=O)CCCCCCCCCCCCCCC)OC(=O)CCCCCCCCCCCCCCC,CCCCCCCCCCCCCCCC(=O)OCC(COC(=O)CCCCCCCCCCCCCCC)OC(=O)CCCCCCCCCCCCCCC,False,False,none,65,False,
solvent,CCCCCCCCCC(O)=O,True,CCCCCCCCCC(=O)O,CCCCCCCCCC(=O)O,False,False,none,118,False,
solvent,CCCCCCCCCCCC(O)=O,True,CCCCCCCCCCCC(=O)O,CCCCCCCCCCCC(=O)O,False,False,none,103,False,
solvent,CCCCCCCCCCCCCC(O)=O,True,CCCCCCCCCCCCCC(=O)O,CCCCCCCCCCCCCC(=O)O,False,False,none,109,False,
solvent,CCCCCCCCC=CCCCCCCCC(O)=O,True,CCCCCCCCC=CCCCCCCCC(=O)O,CCCCCCCCC=CCCCCCCCC(=O)O,False,False,none,69,True,solvent_iso_collision_0002
solvent,CCCCCCCCCCCCCCCCCC(O)=O,True,CCCCCCCCCCCCCCCCCC(=O)O,CCCCCCCCCCCCCCCCCC(=O)O,False,False,none,81,False,
solvent,CCCCCC=CCC=CCCCCCCCC(O)=O,True,CCCCCC=CCC=CCCCCCCCC(=O)O,CCCCCC=CCC=CCCCCCCCC(=O)O,False,False,none,74,True,solvent_iso_collision_0001
solvent,CCC=CCC=CCC=CCCCCCCCC(O)=O,True,CCC=CCC=CCC=CCCCCCCCC(=O)O,CCC=CCC=CCC=CCCCCCCCC(=O)O,False,False,none,42,True,solvent_iso_collision_0003
solvent,C1OCCOCCOCCOCCOCCOC1,True,C1COCCOCCOCCOCCOCCO1,C1COCCOCCOCCOCCOCCO1,False,False,none,14,False,
solvent,FC(F)(Cl)C(F)(Cl)Cl,True,FC(F)(Cl)C(F)(Cl)Cl,FC(F)(Cl)C(F)(Cl)Cl,False,False,none,13,False,
solvent,N#CCC#N,True,N#CCC#N,N#CCC#N,False,False,none,5,False,
solvent,N#CCCC#N,True,N#CCCC#N,N#CCCC#N,False,False,none,5,False,
solvent,N#CCCCC#N,True,N#CCCCC#N,N#CCCCC#N,False,False,none,97,False,
solvent,N#CCCCCCC#N,True,N#CCCCCCC#N,N#CCCCCCC#N,False,False,none,5,False,
solvent,N#CCCCCCCC#N,True,N#CCCCCCCC#N,N#CCCCCCCC#N,False,False,none,5,False,
solvent,O=S1(CC=CC1)=O,True,O=S1(=O)CC=CC1,O=S1(=O)CC=CC1,False,False,none,8,False,
solvent,CC(CC1)CS1(=O)=O,True,CC1CCS(=O)(=O)C1,CC1CCS(=O)(=O)C1,False,False,none,32,False,
solvent,CC1CC(C)[S](=O)(=O)C1,True,CC1CC(C)S(=O)(=O)C1,CC1CC(C)S(=O)(=O)C1,False,False,none,23,False,
solvent,NC1CC[S](=O)(=O)C1,True,NC1CCS(=O)(=O)C1,NC1CCS(=O)(=O)C1,False,False,none,2,False,
solvent,O=C1OCCO1,True,O=C1OCCO1,O=C1OCCO1,False,False,none,32,False,
solvent,OCCC#N,True,N#CCCO,N#CCCO,False,False,none,8,False,
solvent,Oc1cc(C)ccc1,True,Cc1cccc(O)c1,Cc1cccc(O)c1,False,False,none,5,False,
solvent,OCCc1ccccc1,True,OCCc1ccccc1,OCCc1ccccc1,False,False,none,3,False,
solvent,NCc1ccccc1,True,NCc1ccccc1,NCc1ccccc1,False,False,none,5,False,
solvent,BrC(Br)C(Br)Br,True,BrC(Br)C(Br)Br,BrC(Br)C(Br)Br,False,False,none,5,False,
solvent,ClC(Cl)C(O)=O,True,O=C(O)C(Cl)Cl,O=C(O)C(Cl)Cl,False,False,none,5,False,
solvent,OCCCl,True,OCCCl,OCCCl,False,False,none,6,False,
solvent,NCCN,True,NCCN,NCCN,False,False,none,16,False,
solvent,C(CC1)CCC1C2CCCCC2,True,C1CCC(C2CCCCC2)CC1,C1CCC(C2CCCCC2)CC1,False,False,none,11,False,
solvent,C(CCc1cc2)Cc1cc2,True,c1ccc2c(c1)CCCC2,c1ccc2c(c1)CCCC2,False,False,none,11,False,
solvent,C(CC2)CCC2c1ccccc1,True,c1ccc(C2CCCCC2)cc1,c1ccc(C2CCCCC2)cc1,False,False,none,11,False,
solvent,CC(=CCCC(=CCCC(=CCCC=C(C)CCC=C(C)CCC=C(C)C)C)C)C,True,CC(C)=CCCC(C)=CCCC(C)=CCCC=C(C)CCC=C(C)CCC=C(C)C,CC(C)=CCCC(C)=CCCC(C)=CCCC=C(C)CCC=C(C)CCC=C(C)C,False,False,none,31,True,solvent_iso_collision_0004
solvent,O1CCCCC1,True,C1CCOCC1,C1CCOCC1,False,False,none,15,False,
solvent,OCCOCCCC,True,CCCCOCCO,CCCCOCCO,False,False,none,22,False,
solvent,OCCOCCC,True,CCCOCCO,CCCOCCO,False,False,none,23,False,
solvent,OCCOC(C)C,True,CC(C)OCCO,CC(C)OCCO,False,False,none,23,False,
solvent,O,True,O,O,False,False,none,2479,False,
solvent,C1CS(=O)(=O)CC1O,True,O=S1(=O)CCC(O)C1,O=S1(=O)CCC(O)C1,False,False,none,2,False,
solvent,OCCS,True,OCCS,OCCS,False,False,none,24,False,
solvent,OCCSCCO,True,OCCSCCO,OCCSCCO,False,False,none,24,False,
solvent,CCOS(OCC)(=O)=O,True,CCOS(=O)(=O)OCC,CCOS(=O)(=O)OCC,False,False,none,16,False,
solvent,CC(OCc1ccccc1)=O,True,CC(=O)OCc1ccccc1,CC(=O)OCc1ccccc1,False,False,none,16,False,
solvent,COC1=CC=C(C=C1)Br,True,COc1ccc(Br)cc1,COc1ccc(Br)cc1,False,False,none,16,False,
solvent,Brc2c1ccccc1ccc2,True,Brc1cccc2ccccc12,Brc1cccc2ccccc12,False,False,none,16,False,
solvent,CCC(=O)c1ccccc1,True,CCC(=O)c1ccccc1,CCC(=O)c1ccccc1,False,False,none,16,False,
solvent,CC(C)CC(C)=O,True,CC(=O)CC(C)C,CC(=O)CC(C)C,False,False,none,37,False,
solvent,CCCCCCCC(C)=O,True,CCCCCCCC(C)=O,CCCCCCCC(C)=O,False,False,none,3,False,
solvent,FC(Cl)(Cl)C(F)(Cl)Cl,True,FC(Cl)(Cl)C(F)(Cl)Cl,FC(Cl)(Cl)C(F)(Cl)Cl,False,False,none,14,False,
solvent,CCCOC(=O)c1ccccc1C(OCCC)=O,True,CCCOC(=O)c1ccccc1C(=O)OCCC,CCCOC(=O)c1ccccc1C(=O)OCCC,False,False,none,30,False,
solvent,CCCCCCOC(=O)c1ccccc1C(OCCCCCC)=O,True,CCCCCCOC(=O)c1ccccc1C(=O)OCCCCCC,CCCCCCOC(=O)c1ccccc1C(=O)OCCCCCC,False,False,none,30,False,
solvent,CCCCCCCCOC(=O)c1ccccc1C(=O)OCCCCCCCC,True,CCCCCCCCOC(=O)c1ccccc1C(=O)OCCCCCCCC,CCCCCCCCOC(=O)c1ccccc1C(=O)OCCCCCCCC,False,False,none,30,False,
solvent,CCCCCCCCCCOC(=O)c1ccccc1C(OCCCCCCCCCC)=O,True,CCCCCCCCCCOC(=O)c1ccccc1C(=O)OCCCCCCCCCC,CCCCCCCCCCOC(=O)c1ccccc1C(=O)OCCCCCCCCCC,False,False,none,42,False,
solvent,CC(C)OC(=O)c1ccccc1C(=O)OC(C)C,True,CC(C)OC(=O)c1ccccc1C(=O)OC(C)C,CC(C)OC(=O)c1ccccc1C(=O)OC(C)C,False,False,none,30,False,
solvent,C=CCOC(=O)c1ccccc1C(OCC=C)=O,True,C=CCOC(=O)c1ccccc1C(=O)OCC=C,C=CCOC(=O)c1ccccc1C(=O)OCC=C,False,False,none,18,False,
solvent,CCC(C)OC(=O)c1ccccc1C(=O)OC(C)CC,True,CCC(C)OC(=O)c1ccccc1C(=O)OC(C)CC,CCC(C)OC(=O)c1ccccc1C(=O)OC(C)CC,False,False,none,30,False,
solvent,CCCCCCOC(=O)C1=CC=C(C=C1)C(=O)OCCCCCC,True,CCCCCCOC(=O)c1ccc(C(=O)OCCCCCC)cc1,CCCCCCOC(=O)c1ccc(C(=O)OCCCCCC)cc1,False,False,none,12,False,
solvent,CCCC(=O)Oc1ccccc1OC(=O)CCC,True,CCCC(=O)Oc1ccccc1OC(=O)CCC,CCCC(=O)Oc1ccccc1OC(=O)CCC,False,False,none,12,False,
solvent,CCCCOC(=O)COC(=O)c1ccccc1C(=O)OCCCC,True,CCCCOC(=O)COC(=O)c1ccccc1C(=O)OCCCC,CCCCOC(=O)COC(=O)c1ccccc1C(=O)OCCCC,False,False,none,12,False,
solvent,CCCOC(C)=O,True,CCCOC(C)=O,CCCOC(C)=O,False,False,none,30,False,
solvent,CCCCCOC(C)=O,True,CCCCCOC(C)=O,CCCCCOC(C)=O,False,False,none,32,False,
solvent,CCS(CC)=O,True,CCS(=O)CC,CCS(=O)CC,False,False,none,10,False,
solvent,CCCS(=O)C,True,CCCS(C)=O,CCCS(C)=O,False,False,none,10,False,
solvent,CCS(=O)C(C)C,True,CCS(=O)C(C)C,CCS(=O)C(C)C,False,False,none,10,False,
solvent,CCS(C)(=O)=O,True,CCS(C)(=O)=O,CCS(C)(=O)=O,False,False,none,6,False,
solvent,COC(CC(OC)=O)=O,True,COC(=O)CC(=O)OC,COC(=O)CC(=O)OC,False,False,none,12,False,
solvent,CC(=O)Oc1ccccc1,True,CC(=O)Oc1ccccc1,CC(=O)Oc1ccccc1,False,False,none,12,False,
solvent,O=CN,True,NC=O,NC=O,False,False,none,18,False,
solvent,NCCCC,True,CCCCN,CCCCN,False,False,none,4,False,
solvent,CC1(C)CC(=O)C=C(C)C1,True,CC1=CC(=O)CC(C)(C)C1,CC1=CC(=O)CC(C)(C)C1,False,False,none,12,False,
solvent,COC(CCC(OC)=O)=O,True,COC(=O)CCC(=O)OC,COC(=O)CCC(=O)OC,False,False,none,10,False,
solvent,CC1=CC2CC(C1)C2(C)C,True,CC1=CC2CC(C1)C2(C)C,CC1=CC2CC(C1)C2(C)C,False,False,none,18,False,
solvent,N#CCCOCC(COCCC#N)OCCC#N,True,N#CCCOCC(COCCC#N)OCCC#N,N#CCCOCC(COCCC#N)OCCC#N,False,False,none,30,False,
solvent,N#CCCOCC(COCCC#N)(COCCC#N)COCCC#N,True,N#CCCOCC(COCCC#N)(COCCC#N)COCCC#N,N#CCCOCC(COCCC#N)(COCCC#N)COCCC#N,False,False,none,31,False,
solvent,N#CCCCCCCCCC#N,True,N#CCCCCCCCCC#N,N#CCCCCCCCCC#N,False,False,none,33,False,
solvent,OCCOCCOCCOCCO,True,OCCOCCOCCOCCO,OCCOCCOCCOCCO,False,False,none,49,False,
solvent,FC(F)(F)C(F)(F)C(F)(F)C(F)(F)C(F)(F)C(F)(F)C(F)(F)F,True,FC(F)(F)C(F)(F)C(F)(F)C(F)(F)C(F)(F)C(F)(F)C(F)(F)F,FC(F)(F)C(F)(F)C(F)(F)C(F)(F)C(F)(F)C(F)(F)C(F)(F)F,False,False,none,1,False,
solvent,CCCOC(=O)c1c(Cl)c(Cl)c(Cl)c(Cl)c1C(=O)OCCC,True,CCCOC(=O)c1c(Cl)c(Cl)c(Cl)c(Cl)c1C(=O)OCCC,CCCOC(=O)c1c(Cl)c(Cl)c(Cl)c(Cl)c1C(=O)OCCC,False,False,none,14,False,
solvent,NC1CCCCC1,True,NC1CCCCC1,NC1CCCCC1,False,False,none,19,False,
solvent,NCCCN,True,NCCCN,NCCCN,False,False,none,6,False,
solvent,CCCCCCCCCCCCCCCCC(C(C(C(C(C(F)(F)F)(F)F)(F)F)(F)F)(F)F)(F)F,True,CCCCCCCCCCCCCCCCC(F)(F)C(F)(F)C(F)(F)C(F)(F)C(F)(F)C(F)(F)F,CCCCCCCCCCCCCCCCC(F)(F)C(F)(F)C(F)(F)C(F)(F)C(F)(F)C(F)(F)F,False,False,none,69,False,
solvent,OCCN(CCO)CCN(CCO)CCO,True,OCCN(CCO)CCN(CCO)CCO,OCCN(CCO)CCN(CCO)CCO,False,False,none,73,False,
solvent,NCCNCCNCCNCCN,True,NCCNCCNCCNCCN,NCCNCCNCCNCCN,False,False,none,69,False,
solvent,OC(C)(C)C,True,CC(C)(C)O,CC(C)(C)O,False,False,none,1,False,
solvent,CCC(C)C,True,CCC(C)C,CCC(C)C,False,False,none,1,False,
solvent,C1CC=CCC1,True,C1=CCCCC1,C1=CCCCC1,False,False,none,4,False,
solvent,CCc1ccccc1,True,CCc1ccccc1,CCc1ccccc1,False,False,none,42,False,
solvent,Cc1cc(C)ccc1,True,Cc1cccc(C)c1,Cc1cccc(C)c1,False,False,none,24,False,
solvent,COC(C)(C)C,True,COC(C)(C)C,COC(C)(C)C,False,False,none,4,False,
solvent,OCCCCCCCCCCCCCCCCCCCCCC,True,CCCCCCCCCCCCCCCCCCCCCCO,CCCCCCCCCCCCCCCCCCCCCCO,False,False,none,78,False,
solvent,CCCCCCCC(OCC)=O,True,CCCCCCCC(=O)OCC,CCCCCCCC(=O)OCC,False,False,none,12,False,
solvent,S=C=S,True,S=C=S,S=C=S,False,False,none,15,False,
solvent,Cc1ccccc1C,True,Cc1ccccc1C,Cc1ccccc1C,False,False,none,4,False,
solvent,CCCCN(CCCC)C(=O)c1ccccc1,True,CCCCN(CCCC)C(=O)c1ccccc1,CCCCN(CCCC)C(=O)c1ccccc1,False,False,none,32,False,
solvent,CCC(O)C,True,CCC(C)O,CCC(C)O,False,False,none,7,False,
solvent,CCCC(O)C,True,CCCC(C)O,CCCC(C)O,False,False,none,7,False,
solvent,ClC(Br)C(F)(F)F,True,FC(F)(F)C(Cl)Br,FC(F)(F)C(Cl)Br,False,False,none,3,False,
solvent,COC,True,COC,COC,False,False,none,1,False,
solvent,COCC,True,CCOC,CCOC,False,False,none,1,False,
solvent,CC(C)OC(C)=O,True,CC(=O)OC(C)C,CC(=O)OC(C)C,False,False,none,1,False,
solvent,Cc(ccc1C)cc1C,True,Cc1ccc(C)c(C)c1,Cc1ccc(C)c(C)c1,False,False,none,1,False,
solvent,OCCCCCCCCCC,True,CCCCCCCCCCO,CCCCCCCCCCO,False,False,none,1,False,
solvent,CCC,True,CCC,CCC,False,False,none,4,False,
