Solute_SMILES,Solvent_SMILES,T_K,ln_gamma_inf
ClC(Cl)(Cl)Cl,O,283.15,9.243504318354615
ClC(Cl)(Cl)Cl,O,283.15,9.518971473178347
ClC(Cl)(Cl)Cl,O,285.65,9.132351803114208
ClC(Cl)(Cl)Cl,O,288.15,9.318701381646248
ClC(Cl)(Cl)Cl,O,293.15,9.130368161817637
ClC(Cl)(Cl)Cl,O,293.15,9.280910665345473
ClC(Cl)(Cl)Cl,O,293.15,9.4136076932856
ClC(Cl)(Cl)Cl,O,293.15,9.414292948896431
ClC(Cl)(Cl)Cl,O,293.65,9.566783288998751
ClC(Cl)(Cl)Cl,O,298.15,9.215397562802945
ClC(Cl)(Cl)Cl,O,298.15,9.246286498749653
ClC(Cl)(Cl)Cl,O,298.15,9.319535526001578
ClC(Cl)(Cl)Cl,O,298.15,9.412366512044473
ClC(Cl)(Cl)Cl,O,298.15,9.414056425624294
ClC(Cl)(Cl)Cl,O,303.15,9.193506473640204
ClC(Cl)(Cl)Cl,O,303.15,9.220062954124305
ClC(Cl)(Cl)Cl,O,303.15,9.261565664051629
ClC(Cl)(Cl)Cl,O,303.15,9.268203537420371
ClC(Cl)(Cl)Cl,O,303.15,9.485658828944501
ClC(Cl)(Cl)Cl,O,304.15,9.384713758920963
ClC(Cl)(Cl)Cl,O,308.15,9.10885677578908
ClC(Cl)(Cl)Cl,O,313.15,9.076391749466232
ClC(Cl)(Cl)Cl,O,313.15,9.484557193474393
ClC(Cl)(Cl)Cl,O,314.45,9.441190153874622
ClC(Cl)(Cl)Cl,O,325.65,9.302764573165677
ClC(Cl)(Cl)Cl,O,337.15,9.094766768725437
ClC(Cl)(Cl)Cl,O,348.15,8.913979413376076
CC(O)CO,O,296.8,-0.007230074108719884
CC(O)CO,O,308.3,0.0939911284202421
CC(O)CO,O,318.8,0.2005625077918943
CC(O)CO,O,328.5,0.19642168117273617
CC(O)CO,O,337.9,0.26896550517885015
CC(O)CO,O,348.3,0.2766236528950256
CCOCC,O,283.15,3.905725215916968
CCOCC,O,288.15,4.063749606692428
CCOCC,O,293.15,4.217800366149019
CCOCC,O,293.15,4.2349655557969506
CCOCC,O,293.15,4.526785852451705
CCOCC,O,296.15,4.2981720878303715
CCOCC,O,298.15,4.232959470193154
CCOCC,O,298.15,4.351105980532854
CCOCC,O,303.15,4.448010985096378
CCOCC,O,303.15,4.481209985874802
CCOCC,O,303.25,4.495396613771142
CCOCC,O,308.15,4.591855943523208
Nc1ccccc1,O,298.15,5.066215055111874
Nc1ccccc1,O,323.15,4.890634801698915
Nc1ccccc1,O,333.15,4.890649834884672
Nc1ccccc1,O,343.15,4.795335896805095
Nc1ccccc1,O,343.15,4.810003116410804
Nc1ccccc1,O,353.15,4.712085492332217
Nc1ccccc1,O,356.33,4.917108190333251
Nc1ccccc1,O,361.97,4.852858046213298
Nc1ccccc1,O,366.84,4.786090761866418
Nc1ccccc1,O,371.03,4.726971802986257
Nc1ccccc1,O,372.47,4.5264775665351715
CCO,O,283.15,1.1488395150069954
CCO,O,283.15,1.166613557568568
CCO,O,283.15,1.4865106679950018
CCO,O,293.15,1.3421256266746362
CCO,O,293.15,1.5824489652845206
CCO,O,297.45,1.5650721461654784
CCO,O,298.15,1.1914709811829676
CCO,O,298.15,1.2589835803084242
CCO,O,298.15,1.27586267545426
CCO,O,298.15,1.3264965848724235
CCO,O,298.15,1.3433738120067866
CCO,O,298.15,1.3771299963144716
CCO,O,298.15,1.39400704178533
CCO,O,298.15,1.427764945260417
CCO,O,298.65,1.4648975716759538
CCO,O,303.15,1.4290424994336068
CCO,O,303.15,1.4954402033806105
CCO,O,303.15,1.5286399196045264
CCO,O,303.15,1.644837874265694
CCO,O,303.25,1.6255572943139835
CCO,O,308.15,1.4970080230889664
CCO,O,313.15,1.548092155662345
CCO,O,313.15,1.5641622651088645
CCO,O,313.15,1.612369610803768
CCO,O,313.15,1.6445096458466617
CCO,O,313.15,1.69271783620339
CCO,O,313.15,1.7087871967892414
CCO,O,313.25,1.6740920518876163
CCO,O,318.15,1.583056975425798
CCO,O,322.05,1.6604560689747045
CCO,O,323.15,1.6181974355471789
CCO,O,323.15,1.7427757863350828
CCO,O,323.15,1.758349176175439
CCO,O,323.25,1.724761036097453
CCO,O,328.15,1.6534739364237119
CCO,O,328.15,1.6841445624872977
CCO,O,333.15,1.5075934305010565
CCO,O,333.15,1.673747032261203
CCO,O,333.15,1.7190615281541366
CCO,O,333.15,1.749272895619975
CCO,O,333.15,1.7945871342790474
CCO,O,333.25,1.7620422544399057
CCO,O,343.15,1.8184452161570932
CCO,O,343.25,1.7868842714062274
CCO,O,351.35,1.7549692666561503
CCO,O,353.05,1.818643175553347
CCO,O,358.15,1.7818808358045648
CCO,O,363.15,1.7906855594599915
CCO,O,368.15,1.800116121609101
CCO,O,372.15,1.8161870060385394
CCO,O,373.15,1.6482893266356866
CCO,O,373.3,1.7937108972865208
O=CO,O,373.15,0.0823354619180277
CC(=O)O,O,298.15,1.209270745419234
CC(=O)O,O,323.15,1.2372257456994258
CC(=O)O,O,352.39,1.0985122836677763
CC(=O)O,O,371.27,1.1325659500971654
CC(=O)O,O,373.15,1.1876208366500733
CC(=O)O,O,383.6,1.1787288397689992
CC(=O)O,O,391.22,1.2856836583309348
CCCCCC=O,O,298.15,6.861692492135562
CCCCCC=O,O,313.15,6.553438979824005
CCCCCC=O,O,318.15,6.5616697826928805
CCCCCC=O,O,323.15,6.478289956020954
CO,O,273.35,0.17650467147238988
CO,O,283.15,0.3230685211220377
CO,O,293.15,0.42594724304881565
CO,O,293.15,0.5117751728015789
CO,O,293.15,0.9752575096380047
CO,O,297.45,0.7445244714196935
CO,O,298.15,0.4258492656292666
CO,O,298.15,0.4596060108744184
CO,O,298.15,0.4933599835869288
CO,O,298.15,0.5102394520008844
CO,O,298.15,0.5271162087019715
CO,O,298.15,0.5439973091540619
CO,O,298.15,0.5946298633841135
CO,O,298.2,0.5429694315145573
CO,O,298.65,0.5674365544310391
CO,O,300.45,0.7819086918374031
CO,O,303.15,0.5264075918922742
CO,O,303.15,0.5762031678253698
CO,O,303.15,0.7421992152002171
CO,O,303.15,0.924798438486767
CO,O,303.25,0.7899199266562074
CO,O,308.15,0.592038723186901
CO,O,313.15,0.5922544472600549
CO,O,313.15,0.6243917808743336
CO,O,313.15,0.6404634462745019
CO,O,313.15,0.6565298755967787
CO,O,313.15,0.8332960046084763
CO,O,313.15,0.8493642952677914
CO,O,313.65,0.823359320555349
CO,O,318.15,0.6724443482007435
CO,O,323.15,0.7042898695784298
CO,O,323.15,0.7354352997939254
CO,O,323.2,0.734500234043424
CO,O,323.25,0.8269741544960076
CO,O,328.15,0.7359719681505611
CO,O,328.15,0.7513075922323562
CO,O,333.05,0.7692560068122521
CO,O,333.15,0.6466266887344628
CO,O,333.15,0.7523637527160314
CO,O,333.15,0.7674658448022446
CO,O,333.2,0.8118808753078581
CO,O,333.25,0.8713812281922055
CO,O,342.35,0.828962213691482
CO,O,353.05,0.892776424809087
CO,O,358.15,0.8370223909679345
CO,O,362.95,0.8990184206265559
CO,O,363.15,0.8680873954876142
CO,O,368.15,0.8714565325473429
CO,O,372.15,0.8771090579588328
CO,O,372.55,0.9384670104181779
CO,O,373.15,0.7942632010793891
CO,O,373.3,0.8189468855712101
CC(C)O,O,288.15,2.318448599582213
CC(C)O,O,293.15,1.9246325201932555
CC(C)O,O,293.15,1.9761303136858408
CC(C)O,O,298.15,1.8838310771818616
CC(C)O,O,298.15,2.0357325713523444
CC(C)O,O,298.15,2.052611051707279
CC(C)O,O,298.15,2.103244734463406
CC(C)O,O,303.15,2.0955646135898114
CC(C)O,O,303.15,2.211761732345317
CC(C)O,O,303.15,2.2781602195583477
CC(C)O,O,308.15,2.188257829273534
CC(C)O,O,313.15,2.2479419837098726
CC(C)O,O,313.15,2.3925720385852043
CC(C)O,O,317.85,2.1898877283622014
CC(C)O,O,323.15,2.3989129366210244
CC(C)O,O,323.25,2.473896257267948
CC(C)O,O,328.05,2.277249848960313
CC(C)O,O,328.15,2.5198715248238575
CC(C)O,O,333.15,2.2614536756074726
CC(C)O,O,333.15,2.4729184104759336
CC(C)O,O,333.15,2.4880267771242437
CC(C)O,O,337.55,2.2661129989240254
CC(C)O,O,349.15,2.4126764007877006
CC(C)O,O,353.15,2.5294178308833737
CC(C)O,O,355.45,2.530341986462213
CC(C)O,O,357.75,2.461271186551626
CC(C)O,O,373.15,2.5237346576375184
CC(C)=O,O,288.15,1.763593163679481
CC(C)=O,O,293.15,1.9119869222678811
CC(C)=O,O,297.25,2.0736284282280435
CC(C)=O,O,298.01,2.0256068628139237
CC(C)=O,O,298.05,2.0417474626274905
CC(C)=O,O,298.15,1.9386193499389086
CC(C)=O,O,298.15,1.9554969060441638
CC(C)=O,O,298.15,1.9892528496392308
CC(C)=O,O,298.15,2.0230087468676543
CC(C)=O,O,298.15,2.039886972802934
CC(C)=O,O,298.15,2.0567651139720695
CC(C)=O,O,298.65,2.0980081112536744
CC(C)=O,O,303.15,1.9988373222213933
CC(C)=O,O,303.15,2.048636913719601
CC(C)=O,O,303.25,2.080018874990883
CC(C)=O,O,313.15,2.181191170927006
CC(C)=O,O,313.25,2.227636305916045
CC(C)=O,O,317.75,2.118175357471679
CC(C)=O,O,317.75,2.1656868961824753
CC(C)=O,O,318.15,2.1905311149024826
CC(C)=O,O,323.15,1.7177720026337593
CC(C)=O,O,323.25,2.2766886560978694
CC(C)=O,O,333.15,2.358010339099456
CC(C)=O,O,333.15,2.373108792166169
CC(C)=O,O,333.15,2.4637425961714277
CC(C)=O,O,333.25,2.3261746584271314
CC(C)=O,O,373.15,2.4270921384101842
ClC(Cl)Cl,O,283.15,6.6893629228434115
ClC(Cl)Cl,O,285.65,6.459414506516656
ClC(Cl)Cl,O,288.15,6.775230236959799
ClC(Cl)Cl,O,293.15,6.344700835642041
ClC(Cl)Cl,O,293.15,6.705186115903536
ClC(Cl)Cl,O,293.15,6.773850102223314
ClC(Cl)Cl,O,293.15,6.911179409948831
ClC(Cl)Cl,O,295.15,6.961258130499444
ClC(Cl)Cl,O,297.25,6.296398201587514
ClC(Cl)Cl,O,298.15,6.43634906657635
ClC(Cl)Cl,O,298.15,6.6557633355253625
ClC(Cl)Cl,O,298.15,6.807666399357829
ClC(Cl)Cl,O,298.15,6.841422081709653
ClC(Cl)Cl,O,298.15,6.875178366825395
ClC(Cl)Cl,O,298.15,6.962943976426019
ClC(Cl)Cl,O,298.15,7.001764613053414
ClC(Cl)Cl,O,300.45,6.362355463575814
ClC(Cl)Cl,O,303.15,6.343660726336806
ClC(Cl)Cl,O,303.15,6.793510974623917
ClC(Cl)Cl,O,308.15,6.7450681000371
ClC(Cl)Cl,O,308.15,6.797325268455187
ClC(Cl)Cl,O,313.15,6.808525929254551
ClC(Cl)Cl,O,323.15,6.76577803463652
ClC(Cl)Cl,O,323.15,6.818722952157459
CCCO,O,273.35,2.2023812587711507
CCCO,O,283.15,2.145004537863595
CCCO,O,283.15,2.4293587031551884
CCCO,O,293.15,2.350927537904547
CCCO,O,293.15,2.608414010926863
CCCO,O,293.15,3.192055349983759
CCCO,O,297.25,2.8551072087958533
CCCO,O,298.06,2.607021032344376
CCCO,O,298.15,2.4013891620526264
CCCO,O,298.15,2.435138507553879
CCCO,O,298.15,2.468895824515635
CCCO,O,298.15,2.6039185596986583
CCCO,O,298.15,2.637677807082885
CCCO,O,298.15,2.6545579996615247
CCCO,O,298.15,2.7220714424644643
CCCO,O,298.2,2.63595251466178
CCCO,O,303.15,2.585128987589703
CCCO,O,303.15,2.668130577100966
CCCO,O,303.15,2.734529833906589
CCCO,O,303.15,2.867324873684984
CCCO,O,308.15,2.781344032409384
CCCO,O,313.15,2.732300439436753
CCCO,O,313.15,2.828720915250768
CCCO,O,313.15,2.9412074475986603
CCCO,O,313.15,3.101901462147702
CCCO,O,318.15,2.876605210096751
CCCO,O,323.15,2.909384312818762
CCCO,O,323.15,2.9405260705568876
CCCO,O,323.15,3.002817116677202
CCCO,O,323.2,2.814426200981361
CCCO,O,328.15,2.927726414809666
CCCO,O,333.15,2.7359052874715633
CCCO,O,333.15,2.9473715171758355
CCCO,O,333.15,3.007794234731868
CCCO,O,333.15,3.0380012207331575
CCCO,O,333.2,2.9006080764538105
CCCO,O,358.15,2.9921157417794486
CCCO,O,363.15,2.9635086237581327
CCCO,O,368.15,2.923510982036997
CCCO,O,372.15,2.936608400051252
CCCO,O,373.15,2.8725528284364588
CCCCO,O,283.15,3.6399071483577323
CCCCO,O,293.15,3.6829343167543085
CCCCO,O,293.15,3.837428761217175
CCCCO,O,298.15,3.7833051519703096
CCCCO,O,298.15,3.85081758998374
CCCCO,O,298.15,3.8845736966399333
CCCCO,O,298.15,3.9183290802770006
CCCCO,O,298.15,3.935206186717125
CCCCO,O,298.15,3.9520856717316857
CCCCO,O,298.15,4.323402588495852
CCCCO,O,298.2,3.983770479511387
CCCCO,O,303.15,3.916154459207595
CCCCO,O,303.15,3.9493534716513583
CCCCO,O,308.15,3.65529681709681
CCCCO,O,308.15,4.030893449641484
CCCCO,O,308.15,4.063553684620665
CCCCO,O,313.15,3.887326542830363
CCCCO,O,313.15,4.015883797061877
CCCCO,O,313.15,4.064093236908465
CCCCO,O,318.15,4.082843679885048
CCCCO,O,323.15,4.041079149047413
CCCCO,O,323.15,4.056651348513975
CCCCO,O,323.15,4.072223349081951
CCCCO,O,323.15,4.103368721736717
CCCCO,O,323.15,4.118939609077481
CCCCO,O,323.2,4.054848077714061
CCCCO,O,323.23,4.349566715759945
CCCCO,O,328.15,4.1255605665971204
CCCCO,O,333.15,3.862330534302201
CCCCO,O,333.15,4.073799959730392
CCCCO,O,333.15,4.1342189078649625
CCCCO,O,333.15,4.164428615930909
CCCCO,O,333.15,4.194639268306023
CCCCO,O,333.2,4.102297850808174
CCCCO,O,343.15,4.0838665254900075
CCCCO,O,343.15,4.15719102764046
CCCCO,O,343.15,4.215849551695928
CCCCO,O,353.15,3.830754379957693
CCCCO,O,353.15,4.044495837975592
CCCCO,O,353.15,4.129993197968359
CCCCO,O,363.15,4.014971213810995
CCCCO,O,372.15,4.021653790493495
CCCCO,O,373.15,3.9807726473371816
CCCCO,O,390.15,3.8953589277284255
CCCCCO,O,283.15,5.069237480010352
CCCCCO,O,293.15,5.234887563888255
CCCCCO,O,298.15,5.165962424491233
CCCCCO,O,298.15,5.284111945625769
CCCCCO,O,298.15,5.317865059390406
CCCCCO,O,298.15,5.38537999222443
CCCCCO,O,298.2,5.146738377088596
CCCCCO,O,303.15,5.351113780684867
CCCCCO,O,313.15,5.438566146920084
CCCCCO,O,323.15,5.468600079730235
CCCCCO,O,333.15,5.280051557741144
CCCCCO,O,333.15,5.4311028560559835
CCCCCO,O,333.2,5.278104455096822
CCCCCO,O,343.15,5.36109496316769
CCCCCO,O,343.2,5.197949920301946
CCCCCO,O,353.15,5.346626462641822
CCCCCO,O,363.15,5.230445295301202
CCCCCO,O,371.15,5.1504378153582255
CCCCCO,O,373.15,5.101401833850708
c1ccccc1,O,278.75,7.831136811602928
c1ccccc1,O,279.15,7.796210163475202
c1ccccc1,O,279.35,7.787792730515996
c1ccccc1,O,279.45,7.747579567386571
c1ccccc1,O,279.85,7.820772659281815
c1ccccc1,O,280.25,7.7680765370058245
c1ccccc1,O,282.15,7.778605031899494
c1ccccc1,O,282.15,7.8142744240274595
c1ccccc1,O,282.55,7.779901837338731
c1ccccc1,O,283.15,7.826295478904883
c1ccccc1,O,283.15,7.861842633550858
c1ccccc1,O,283.15,7.879613159304748
c1ccccc1,O,283.25,7.857701265536692
c1ccccc1,O,284.15,7.785184593148671
c1ccccc1,O,284.95,7.805535748097196
c1ccccc1,O,285.25,7.79330635167755
c1ccccc1,O,285.65,7.600882459342079
c1ccccc1,O,285.65,7.829900837858062
c1ccccc1,O,287.15,7.804222823348753
c1ccccc1,O,288.06,7.645373787138911
c1ccccc1,O,288.15,7.798986631015034
c1ccccc1,O,288.15,7.816449228234415
c1ccccc1,O,288.15,7.833913169933952
c1ccccc1,O,288.15,7.921234425672389
c1ccccc1,O,288.15,7.938698819125427
c1ccccc1,O,288.25,7.79497964734689
c1ccccc1,O,289.15,7.997481536895414
c1ccccc1,O,289.95,7.796781694268103
c1ccccc1,O,290.05,7.810162073507411
c1ccccc1,O,290.2,7.838887331591411
c1ccccc1,O,291.05,7.7878798278722305
c1ccccc1,O,291.75,7.794839626508266
c1ccccc1,O,293.0,8.10831927993391
c1ccccc1,O,293.06,7.64057018815368
c1ccccc1,O,293.15,7.61994008841922
c1ccccc1,O,293.15,7.774431306847297
c1ccccc1,O,293.15,7.793314601379529
c1ccccc1,O,293.15,7.812196076899055
c1ccccc1,O,293.15,7.817347626688199
c1ccccc1,O,293.15,7.820780685479323
c1ccccc1,O,293.15,7.822496811466362
c1ccccc1,O,293.15,7.824213996745873
c1ccccc1,O,293.15,7.834511060704056
c1ccccc1,O,293.15,7.837944971244327
c1ccccc1,O,293.15,7.839663421751369
c1ccccc1,O,293.15,7.875712035771189
c1ccccc1,O,293.15,8.055951067839075
c1ccccc1,O,293.25,7.804855036462332
c1ccccc1,O,293.75,7.828189415089161
c1ccccc1,O,294.15,7.762987294834599
c1ccccc1,O,294.15,7.768118838727088
c1ccccc1,O,294.15,7.795494261366864
c1ccccc1,O,294.15,7.952882399176595
c1ccccc1,O,295.15,7.8880869081996785
c1ccccc1,O,295.2,7.829884931135085
c1ccccc1,O,296.15,7.759230117921387
c1ccccc1,O,297.15,7.785409127241374
c1ccccc1,O,297.95,7.83431312321207
c1ccccc1,O,298.0,7.822268431898529
c1ccccc1,O,298.03,7.8582696439915045
c1ccccc1,O,298.05,7.816985141485708
c1ccccc1,O,298.15,7.431726124497815
c1ccccc1,O,298.15,7.678145868216152
c1ccccc1,O,298.15,7.69333577787317
c1ccccc1,O,298.15,7.733841176569116
c1ccccc1,O,298.15,7.742280486652906
c1ccccc1,O,298.15,7.745656269614034
c1ccccc1,O,298.15,7.755784300577255
c1ccccc1,O,298.15,7.767598403157322
c1ccccc1,O,298.15,7.7726642915067385
c1ccccc1,O,298.15,7.781100930850834
c1ccccc1,O,298.15,7.782790589086683
c1ccccc1,O,298.15,7.784477397192646
c1ccccc1,O,298.15,7.787854943687373
c1ccccc1,O,298.15,7.789541518827913
c1ccccc1,O,298.15,7.794604841695706
c1ccccc1,O,298.15,7.79629241824294
c1ccccc1,O,298.15,7.797981257310944
c1ccccc1,O,298.15,7.799667249009623
c1ccccc1,O,298.15,7.8013544947361835
c1ccccc1,O,298.15,7.8030429833680035
c1ccccc1,O,298.15,7.806419573939226
c1ccccc1,O,298.15,7.80810766758793
c1ccccc1,O,298.15,7.813171092703989
c1ccccc1,O,298.15,7.814855910954331
c1ccccc1,O,298.15,7.818233148861979
c1ccccc1,O,298.15,7.826670563702385
c1ccccc1,O,298.15,7.828360689229774
c1ccccc1,O,298.15,7.835112550200082
c1ccccc1,O,298.15,7.841862353068207
c1ccccc1,O,298.15,7.843550554514271
c1ccccc1,O,298.15,7.845239826863294
c1ccccc1,O,298.15,7.865491171168406
c1ccccc1,O,298.15,7.88912188759248
c1ccccc1,O,298.15,7.894183826644295
c1ccccc1,O,298.15,7.899246243419228
c1ccccc1,O,298.15,7.946507861544517
c1ccccc1,O,298.15,8.005580591398987
c1ccccc1,O,298.15,8.037646572342712
c1ccccc1,O,298.16,7.633887424613909
c1ccccc1,O,298.95,7.774355641623838
c1ccccc1,O,299.2,7.825453020553747
c1ccccc1,O,300.45,7.818442339576283
c1ccccc1,O,302.2,7.817879034084852
c1ccccc1,O,303.15,7.551780490331446
c1ccccc1,O,303.15,7.729396812555555
c1ccccc1,O,303.15,7.731053144007127
c1ccccc1,O,303.15,7.754292850422932
c1ccccc1,O,303.15,7.759272795513524
c1ccccc1,O,303.15,7.764253542703935
c1ccccc1,O,303.15,7.787494053404472
c1ccccc1,O,303.15,7.800773289742743
c1ccccc1,O,303.15,7.807412436802268
c1ccccc1,O,303.15,7.817371787697164
c1ccccc1,O,303.15,7.832311755273325
c1ccccc1,O,303.15,7.850571089795647
c1ccccc1,O,304.15,7.770400478440551
c1ccccc1,O,305.2,7.792869020053566
c1ccccc1,O,308.15,7.417946701685141
c1ccccc1,O,308.15,7.692295887971293
c1ccccc1,O,308.15,7.77394779155564
c1ccccc1,O,308.15,7.803345220332251
c1ccccc1,O,308.15,7.849066374608432
c1ccccc1,O,308.15,7.937253260218821
c1ccccc1,O,308.2,7.773775351294198
c1ccccc1,O,308.26,7.629582234775865
c1ccccc1,O,308.95,7.811892454683722
c1ccccc1,O,310.87,7.68151423603447
c1ccccc1,O,310.87,7.74464776214113
c1ccccc1,O,310.93,7.71499870734047
c1ccccc1,O,310.98,7.6970441117592125
c1ccccc1,O,311.09,7.741676932613242
c1ccccc1,O,311.15,7.721751900080954
c1ccccc1,O,311.48,7.684209065668493
c1ccccc1,O,313.05,7.741655215247384
c1ccccc1,O,313.15,7.598329151422956
c1ccccc1,O,313.15,7.630466116140776
c1ccccc1,O,313.15,7.632076461500342
c1ccccc1,O,313.15,7.651357903030576
c1ccccc1,O,313.15,7.667429627011131
c1ccccc1,O,313.15,7.675462472367166
c1ccccc1,O,313.15,7.69474793082077
c1ccccc1,O,313.15,7.720457258032648
c1ccccc1,O,313.15,7.725277056381187
c1ccccc1,O,313.15,7.726887323614326
c1ccccc1,O,313.15,7.757418910154084
c1ccccc1,O,313.15,7.818482563543337
c1ccccc1,O,313.15,7.83776743999343
c1ccccc1,O,313.25,7.769957233798136
c1ccccc1,O,313.45,7.770936330996879
c1ccccc1,O,313.65,7.463867794762142
c1ccccc1,O,313.7,7.730047370607836
c1ccccc1,O,315.2,7.72882942667176
c1ccccc1,O,317.2,7.716821536884781
c1ccccc1,O,317.65,7.420932136430552
c1ccccc1,O,317.85,7.6675559300966025
c1ccccc1,O,318.15,7.6003623136895735
c1ccccc1,O,318.15,7.695266737576895
c1ccccc1,O,318.15,7.700009965822057
c1ccccc1,O,318.15,7.750627647021932
c1ccccc1,O,318.15,7.801239917668658
c1ccccc1,O,318.15,7.813894659799916
c1ccccc1,O,318.25,7.718721050121937
c1ccccc1,O,318.86,7.540026556157079
c1ccccc1,O,319.2,7.690976225960241
c1ccccc1,O,322.95,7.660067192710054
c1ccccc1,O,323.15,7.5397129907296145
c1ccccc1,O,323.15,7.56462740367737
c1ccccc1,O,323.15,7.581760414013716
c1ccccc1,O,323.15,7.584874698464885
c1ccccc1,O,323.15,7.6596193805008665
c1ccccc1,O,323.15,7.668962896446993
c1ccccc1,O,323.15,7.809115097467871
c1ccccc1,O,323.15,7.8106729892741935
c1ccccc1,O,323.25,7.715440235033436
c1ccccc1,O,324.2,7.646449274498052
c1ccccc1,O,324.65,7.6144946655615176
c1ccccc1,O,327.65,7.608711886433564
c1ccccc1,O,328.15,7.505052133885248
c1ccccc1,O,329.2,7.595221352570114
c1ccccc1,O,331.95,7.52548362858826
c1ccccc1,O,332.95,7.55888183027947
c1ccccc1,O,333.0,8.191989228660823
c1ccccc1,O,333.15,7.452860582924216
c1ccccc1,O,333.15,7.457389992734678
c1ccccc1,O,333.15,7.45890101134471
c1ccccc1,O,333.15,7.478537065901727
c1ccccc1,O,333.15,7.489110193338542
c1ccccc1,O,333.15,7.496663536885826
c1ccccc1,O,333.15,7.54198013799004
c1ccccc1,O,333.15,7.581250620876726
c1ccccc1,O,334.2,7.542054383732877
c1ccccc1,O,336.2,7.521512871872568
c1ccccc1,O,337.95,7.494179905620015
c1ccccc1,O,338.55,7.432619893331635
c1ccccc1,O,342.15,7.418120796915671
c1ccccc1,O,343.15,7.402817307568649
c1ccccc1,O,343.15,7.461479459719406
c1ccccc1,O,353.15,7.679570376469897
c1ccccc1,O,373.15,7.816191242776914
CC(Cl)(Cl)Cl,O,283.15,8.329489175141406
CC(Cl)(Cl)Cl,O,283.15,8.368586448863615
CC(Cl)(Cl)Cl,O,293.15,8.301918598480723
CC(Cl)(Cl)Cl,O,293.15,8.482160655591441
CC(Cl)(Cl)Cl,O,293.15,8.574856255676517
CC(Cl)(Cl)Cl,O,293.15,8.59888745759283
CC(Cl)(Cl)Cl,O,293.15,8.641802651704518
CC(Cl)(Cl)Cl,O,293.15,8.650385776652017
CC(Cl)(Cl)Cl,O,293.15,8.689866688335215
CC(Cl)(Cl)Cl,O,298.15,8.693578832134126
CC(Cl)(Cl)Cl,O,298.15,8.866409589425563
CC(Cl)(Cl)Cl,O,303.15,8.454500432477765
CC(Cl)(Cl)Cl,O,303.15,8.55575792022806
CC(Cl)(Cl)Cl,O,303.15,8.58895741914549
CC(Cl)(Cl)Cl,O,303.15,8.618836004975583
CC(Cl)(Cl)Cl,O,308.15,8.545815633078915
CC(Cl)(Cl)Cl,O,308.15,8.68854311266956
CC(Cl)(Cl)Cl,O,308.15,8.743249297123048
CC(Cl)(Cl)Cl,O,313.15,8.523055971684613
CC(Cl)(Cl)Cl,O,313.15,8.592476900691537
CC(Cl)(Cl)Cl,O,313.15,8.604689284245495
CC(Cl)(Cl)Cl,O,314.25,8.90758391644303
CC(Cl)(Cl)Cl,O,323.15,8.597243899057775
CC(Cl)(Cl)Cl,O,323.15,8.670434314865334
CC(Cl)(Cl)Cl,O,323.15,8.681333805272844
CC(Cl)(Cl)Cl,O,324.45,8.856875982971689
CC(Cl)(Cl)Cl,O,333.15,8.572007081228586
CC(Cl)(Cl)Cl,O,334.65,8.883666573484904
CC(Cl)(Cl)Cl,O,343.15,8.520567492055187
CC(Cl)(Cl)Cl,O,344.65,8.778576975369766
CC(Cl)(Cl)Cl,O,353.15,8.443331342817782
CI,O,293.15,6.776724756573179
BrCBr,O,293.15,6.654171849893306
BrCBr,O,293.15,6.705668470193538
BrCBr,O,293.15,6.7228343467371365
BrCBr,O,293.15,6.757167245387621
BrCBr,O,298.15,6.525393228107419
BrCBr,O,303.15,6.684432961690242
BrCBr,O,308.15,6.659977019651054
BrCBr,O,308.15,6.676307341504312
BrCBr,O,313.15,6.6375306022594325
BrCBr,O,323.15,6.61366471594919
CCBr,O,293.15,6.874570711591093
CCBr,O,298.15,6.518799144749717
S=C=S,O,278.15,7.648153344390628
S=C=S,O,283.15,7.468781500359941
S=C=S,O,283.15,7.674937929067553
S=C=S,O,288.15,7.712291765468034
S=C=S,O,293.15,7.644603505613177
S=C=S,O,293.15,7.757897661306674
S=C=S,O,293.15,8.094692803371588
S=C=S,O,295.15,7.550561343267984
S=C=S,O,298.15,7.817701929661205
S=C=S,O,298.65,7.374603936534571
S=C=S,O,303.15,7.67797460561694
S=C=S,O,303.15,7.905887714749933
S=C=S,O,304.05,7.475951294119252
S=C=S,O,308.15,8.031154484736899
S=C=S,O,309.75,7.6331082408783
S=C=S,O,310.9,7.570113300722202
S=C=S,O,315.35,7.806517276305329
S=C=S,O,322.35,8.080064026572584
CSC,O,292.6,5.076017209476895
CSC,O,298.01,5.16773020684153
CSC,O,298.03,5.133419138174014
CSC,O,298.03,5.184078667303923
CSC,O,302.7,5.143538989760254
CSC,O,312.5,5.15377702578989
CSC,O,332.8,5.201900074120633
C1CO1,O,283.15,1.6173088551346684
C1CO1,O,283.15,1.6883988043867346
C1CO1,O,290.65,1.79031008604619
C1CO1,O,298.15,1.787826746200342
C1CO1,O,298.15,1.87221747526867
C1CO1,O,308.15,1.945341415928713
C1CO1,O,318.15,2.0008379022174307
C1CO1,O,328.15,2.040009206136116
C1CO1,O,338.15,2.0491202112875824
C1CO1,O,348.15,2.073817003579541
C1CO1,O,358.15,2.05628549796263
BrC(Br)Br,O,288.15,8.474404681237589
BrC(Br)Br,O,293.15,8.19222453417844
BrC(Br)Br,O,293.15,8.39821594297153
BrC(Br)Br,O,293.15,8.43254774068724
BrC(Br)Br,O,298.15,9.153720283801205
BrC(Br)Br,O,303.15,8.19314031429476
BrC(Br)Br,O,303.15,8.325938250503455
BrC(Br)Br,O,303.15,8.408937377312926
BrC(Br)Br,O,308.15,8.049490912032333
BrC(Br)Br,O,308.15,8.686372093977209
BrC(Br)Br,O,313.15,8.249684919197504
BrC(Br)Br,O,323.15,8.122570095702988
BrC(Br)Br,O,323.15,8.309435665811124
CC(C)Br,O,283.15,7.528562922784321
CC(C)Br,O,291.15,7.770611478285193
CC(C)Br,O,293.15,7.667813164824709
CC(C)Br,O,295.25,7.436923641395844
CC(C)Br,O,298.15,7.643065953848998
CC(C)Br,O,303.15,7.663492208055162
CC(C)Br,O,303.15,7.668472319027543
CC(C)Cl,O,283.15,7.062816972282007
CC(C)Cl,O,285.65,7.118818151863303
CC(C)Cl,O,293.15,7.239789109004419
CC(C)Cl,O,298.15,7.273862597875859
CC(C)Cl,O,303.15,7.241316138798626
CC(C)Cl,O,303.15,7.2482835644189825
CC(C)I,O,283.15,8.946469873707889
CC(C)I,O,293.15,8.941337420106214
CC(C)I,O,303.15,8.959404157877561
CC(C)S,O,288.15,7.016780072964621
CC(C)S,O,298.15,7.034978064122098
CC(C)S,O,308.15,7.081557314160349
CC(C)S,O,318.15,7.0299198129515394
CC(Cl)Cl,O,283.15,6.875611147655518
CC(Cl)Cl,O,283.15,7.000015357407435
CC(Cl)Cl,O,293.15,6.907165104863647
CC(Cl)Cl,O,293.15,6.953512276319866
CC(Cl)Cl,O,293.15,6.963814199712114
CC(Cl)Cl,O,293.15,6.9844107178711
CC(Cl)Cl,O,293.15,6.991278077953407
CC(Cl)Cl,O,293.15,7.003292705691201
CC(Cl)Cl,O,293.15,7.037624975773667
CC(Cl)Cl,O,298.15,6.992546693677877
CC(Cl)Cl,O,303.15,6.928616169649466
CC(Cl)Cl,O,303.15,6.9435566914455205
CC(Cl)Cl,O,303.15,6.958495920685321
CC(Cl)Cl,O,303.15,7.033197794672652
CC(Cl)Cl,O,303.15,7.043151182325747
CC(Cl)Cl,O,308.15,6.954467094404093
CC(Cl)Cl,O,308.15,7.024693513450019
CC(Cl)Cl,O,308.15,7.042653237430096
CC(Cl)Cl,O,308.15,7.125942568296098
CC(Cl)Cl,O,313.15,6.929154669988027
CC(Cl)Cl,O,313.15,6.9307586607471
CC(Cl)Cl,O,313.15,7.014320069210167
CC(Cl)Cl,O,318.15,6.899303664492333
CC(Cl)Cl,O,318.15,6.960992682364554
CC(Cl)Cl,O,323.15,6.855729084509972
CC(Cl)Cl,O,323.15,6.953837016769142
CC(Cl)Cl,O,323.15,6.9709647923800215
CC(Cl)Cl,O,323.15,6.991204485636411
C=C(Cl)Cl,O,288.15,7.708329837767133
C=C(Cl)Cl,O,290.15,7.648196266632225
C=C(Cl)Cl,O,293.15,7.543373977235245
C=C(Cl)Cl,O,293.65,7.669070324137751
C=C(Cl)Cl,O,298.15,7.775175043422364
C=C(Cl)Cl,O,301.65,7.711513168782036
C=C(Cl)Cl,O,302.65,7.649254432481664
C=C(Cl)Cl,O,303.15,7.562686441513587
C=C(Cl)Cl,O,311.65,7.796234840615945
C=C(Cl)Cl,O,313.15,7.563844206585477
C=C(Cl)Cl,O,318.15,7.83990754891921
C=C(Cl)Cl,O,324.15,7.745050421429707
C=C(Cl)Cl,O,328.15,7.834993863820787
C=C(Cl)Cl,O,333.65,7.696089904542072
C=C(Cl)Cl,O,338.15,7.729761704663646
C=C(Cl)Cl,O,344.15,7.447249988921338
C=C(Cl)Cl,O,347.65,7.607336715251325
C=C(Cl)Cl,O,354.15,7.426941852391999
C[N+](=O)[O-],O,293.15,3.564723969967892
C[N+](=O)[O-],O,298.15,3.4643255336966288
C[N+](=O)[O-],O,303.15,3.5182216109792948
C[N+](=O)[O-],O,313.15,3.432308376687208
C[N+](=O)[O-],O,323.15,3.3723554224272587
CC(C)(C)O,O,303.15,2.667776667261007
CC(C)(C)O,O,308.15,2.727355972960023
CC(C)(C)O,O,313.15,2.820682215218756
CC(C)(C)O,O,323.13,2.9623667850673123
CC(C)(C)O,O,323.15,2.9928932473301275
CC(C)(C)O,O,333.15,2.834483125777371
CC(C)(C)O,O,333.15,3.076164136266113
CC(C)(C)O,O,343.15,3.150849628857064
CC(C)(C)O,O,353.15,3.231231182117564
CC(C)(C)O,O,363.15,3.260758376798577
CC(C)(C)O,O,371.15,3.3027021349130563
CC(C)(C)O,O,373.15,3.1619667916950145
CCC(C)(C)C,O,298.15,12.212948949469606
CCC(C)(C)C,O,298.15,12.331096072842051
CCC(C)(C)C,O,298.15,12.466118840734527
CCC(C)(C)O,O,293.15,3.4700640229601896
CCC(C)(C)O,O,293.15,3.555893626927237
CCC(C)(C)O,O,298.15,3.6790487911002865
CCC(C)(C)O,O,303.15,3.685513796637635
CCC(C)(C)O,O,303.15,3.735312079566782
CCC(C)(C)O,O,313.15,3.852559584157324
CCC(C)(C)O,O,313.15,3.900769926366905
CCC(C)(C)O,O,323.15,3.9751987233711406
CCC(C)(C)O,O,323.15,4.053060655481264
CCC(C)(C)O,O,333.15,4.087153770336518
CCC(C)(C)O,O,333.15,4.1324685203132105
CCC(C)C,O,293.15,11.354291918762012
CCC(C)C,O,293.2,11.30046835964856
CCC(C)C,O,298.15,11.293946977721712
CCC(C)C,O,298.15,11.327702503168558
CCC(C)C,O,313.15,11.145157795036267
CCC(C)C,O,323.15,10.92194129348817
C=CC(=C)C,O,293.15,8.748011218462137
C=CC(=C)C,O,293.15,8.84414164905524
C=CC(=C)C,O,298.15,8.681225175669134
C=CC(=C)C,O,313.15,8.64536122691988
C=CC(=C)C,O,323.15,8.44541358344071
C=CC(=C)C,O,323.15,8.5077022950069
C=CC(=C)C,O,333.15,8.335397896122405
CC(C)C#N,O,298.15,4.754357138306469
CC(C)CO,O,283.15,3.4823533156231585
CC(C)CO,O,293.15,3.701484673471332
CC(C)CO,O,298.15,3.7171728930140566
CC(C)CO,O,298.15,3.7509289426783776
CC(C)CO,O,298.15,3.7846849657666377
CC(C)CO,O,298.15,3.8015628419756062
CC(C)CO,O,298.15,3.818441730206606
CC(C)CO,O,303.15,3.8514212583500824
CC(C)CO,O,303.15,3.901220871894059
CC(C)CO,O,308.15,3.8861306734621963
CC(C)CO,O,313.15,3.9385188692321114
CC(C)CO,O,323.15,3.9994806161740155
CC(C)CO,O,323.15,4.015054210346839
CC(C)CO,O,323.15,4.030625260987809
CC(C)CO,O,333.15,4.051482293312402
CC(C)CO,O,333.15,4.096798216216291
CC(C)CO,O,343.15,4.080355503341985
CC(C)CO,O,353.15,4.045017754085049
CC(C)CO,O,363.15,3.992047866788592
CC(C)CO,O,371.15,3.962670491326278
CC(Cl)CCl,O,282.65,7.756619055539544
CC(Cl)CCl,O,293.15,7.677103953035659
CC(Cl)CCl,O,293.15,7.797266622463029
CC(Cl)CCl,O,293.15,7.84876594014673
CC(Cl)CCl,O,298.15,7.753387467193059
CC(Cl)CCl,O,300.15,7.7434388105534335
CC(Cl)CCl,O,302.85,7.707377354049088
CC(Cl)CCl,O,303.15,7.629659969961279
CC(Cl)CCl,O,303.15,7.77905701309138
CC(Cl)CCl,O,303.15,7.895257220011813
CC(Cl)CCl,O,313.15,7.591543803614778
CC(Cl)CCl,O,313.15,7.671892003018832
CC(Cl)CCl,O,313.45,7.665983021249118
CC(Cl)CCl,O,322.95,7.596110998805951
CC(Cl)CCl,O,333.15,7.5029312423161105
CC(Cl)CCl,O,343.65,7.391421399884467
CCC(C)O,O,283.15,2.807786932889746
CCC(C)O,O,293.15,2.976534163500438
CCC(C)O,O,293.15,3.062362355851754
CCC(C)O,O,298.15,3.061018952251886
CCC(C)O,O,298.15,3.1622885420195406
CCC(C)O,O,298.15,3.212922136787835
CCC(C)O,O,303.15,3.2451476776070307
CCC(C)O,O,303.15,3.477540948249489
CCC(C)O,O,308.15,3.5077142285113063
CCC(C)O,O,313.15,3.3949948523522764
CCC(C)O,O,313.15,3.4110652008605054
CCC(C)O,O,323.15,3.499203923014223
CCC(C)O,O,323.15,3.514776035724366
CCC(C)O,O,323.18,3.5449253619448626
CCC(C)O,O,333.15,3.455931748762207
CCC(C)O,O,333.15,3.5616652090875087
CCC(C)O,O,333.15,3.591875590837156
CCC(C)O,O,333.55,3.820760423038219
CCC(C)O,O,343.15,3.6151145000458604
CCC(C)O,O,348.55,3.805802119758164
CCC(C)O,O,353.15,3.63155220249228
CCC(C)O,O,357.15,3.7332240370281924
CCC(C)O,O,363.15,3.6830298786583766
CCC(C)O,O,371.15,3.6139080323718087
CCC(C)O,O,373.15,3.53715208569436
CCC(C)=O,O,297.85,3.2689603890356214
CCC(C)=O,O,298.15,3.261720731920516
CCC(C)=O,O,298.15,3.278600276947517
CCC(C)=O,O,298.15,3.295477542196002
CCC(C)=O,O,298.15,3.3461109374568996
CCC(C)=O,O,303.15,3.4096019640059656
CCC(C)=O,O,303.25,3.4072159006542853
CCC(C)=O,O,313.15,3.454491672719873
CCC(C)=O,O,313.25,3.532544306740509
CCC(C)=O,O,323.15,3.6263043375688087
CCC(C)=O,O,323.25,3.592965842281121
CCC(C)=O,O,333.15,3.626096724006106
CCC(C)=O,O,333.15,3.6412032942112726
CCC(C)=O,O,333.25,3.6693041009890255
CCC(C)=O,O,343.15,3.2924533706564416
CCC(C)=O,O,343.15,3.6883993388770593
CCC(C)=O,O,343.15,3.7030633848802927
CCC(C)=O,O,353.15,3.3657187249408667
CCC(C)=O,O,353.15,3.693456463607043
CCC(C)=O,O,353.15,3.7077061151138304
CCC(C)=O,O,363.15,3.4100183621679334
CCC(C)=O,O,373.15,3.4677494991531925
CNC(C)=O,O,333.15,0.8808169103470013
CNC(C)=O,O,343.15,0.8941514567414977
CNC(C)=O,O,353.15,0.8722719664556134
CNC(C)=O,O,363.15,0.8452929948438382
CNC(C)=O,O,413.53,0.6993031933712821
COC(C)=O,O,293.15,3.0258103584207006
COC(C)=O,O,293.15,3.094472926188603
COC(C)=O,O,298.15,3.110648982997234
COC(C)=O,O,298.15,3.2287984325648087
COC(C)=O,O,303.15,3.1944683716160402
COC(C)=O,O,303.25,3.2585272144978226
COC(C)=O,O,313.25,3.3405623431248
COC(C)=O,O,323.25,3.376440100314138
COC(C)=O,O,333.25,3.430092533315644
COC(C)=O,O,343.25,3.440744964464655
CC[N+](=O)[O-],O,293.15,4.524324489338516
CC[N+](=O)[O-],O,298.15,4.471128949129368
CC[N+](=O)[O-],O,303.15,4.504478753178527
CC[N+](=O)[O-],O,313.15,4.4764739423110695
CC[N+](=O)[O-],O,323.15,4.4093645259153895
BrC(Br)C(Br)Br,O,283.15,10.596847210521146
BrC(Br)C(Br)Br,O,293.15,10.433706896477764
BrC(Br)C(Br)Br,O,298.15,10.360405942233209
BrC(Br)C(Br)Br,O,298.15,13.449086820005318
BrC(Br)C(Br)Br,O,303.15,10.275554430556909
BrC(Br)C(Br)Br,O,303.15,10.375152301358495
BrC(Br)C(Br)Br,O,313.15,10.0570709286199
CC(C)C(C)C,O,298.15,12.267515755822922
CC(C)C(C)C,O,298.15,12.436295082308677
CC(C)C(C)C,O,298.15,12.470050991282719
CC(C)C(C)C,O,313.25,12.434362929663914
CC(C)C(C)C,O,328.25,12.216191279051337
ClC(Cl)C(Cl)Cl,O,282.65,8.194883786732394
ClC(Cl)C(Cl)Cl,O,283.15,7.939208727584731
ClC(Cl)C(Cl)Cl,O,283.15,8.099159427632218
ClC(Cl)C(Cl)Cl,O,293.15,7.872203594036171
ClC(Cl)C(Cl)Cl,O,293.15,8.129693730270906
ClC(Cl)C(Cl)Cl,O,293.15,8.16402352537785
ClC(Cl)C(Cl)Cl,O,293.15,8.284186155477617
ClC(Cl)C(Cl)Cl,O,293.15,8.318517837269239
ClC(Cl)C(Cl)Cl,O,293.15,8.352849067852935
ClC(Cl)C(Cl)Cl,O,293.15,8.370014815157727
ClC(Cl)C(Cl)Cl,O,298.15,7.886194177371226
ClC(Cl)C(Cl)Cl,O,298.15,8.122486998060241
ClC(Cl)C(Cl)Cl,O,302.85,8.130951130915683
ClC(Cl)C(Cl)Cl,O,303.15,7.901976951857814
ClC(Cl)C(Cl)Cl,O,303.15,8.067973668442889
ClC(Cl)C(Cl)Cl,O,303.15,8.134373724231931
ClC(Cl)C(Cl)Cl,O,303.15,8.283769479861126
ClC(Cl)C(Cl)Cl,O,308.15,8.131674817867362
ClC(Cl)C(Cl)Cl,O,308.15,8.213324824846
ClC(Cl)C(Cl)Cl,O,312.75,8.08342736934149
ClC(Cl)C(Cl)Cl,O,313.15,8.098940671744685
ClC(Cl)C(Cl)Cl,O,313.15,8.227495756151097
ClC(Cl)C(Cl)Cl,O,323.15,8.042066059417152
ClC(Cl)C(Cl)Cl,O,323.25,8.022559107648277
ClC(Cl)C(Cl)Cl,O,328.65,7.967730684035328
ClC(Cl)C(Cl)Cl,O,333.15,7.9651045036509265
ClC(Cl)C(Cl)Cl,O,334.15,7.897768480141902
ClC(Cl)C(Cl)Cl,O,343.15,7.8546062532368035
ClC(Cl)C(Cl)Cl,O,343.65,7.80766456464055
ClC(Cl)C(Cl)Cl,O,353.15,7.727160591012582
ClC(Cl)C(Cl)Cl,O,353.75,7.7070986259465455
CC(C)[N+](=O)[O-],O,293.15,5.663387472295151
CC(C)[N+](=O)[O-],O,303.15,5.659684285934403
CC(C)[N+](=O)[O-],O,313.15,5.61479095666256
CC(C)[N+](=O)[O-],O,323.15,5.563097940157113
C=C(C)C(=O)OC,O,273.35,5.6891966163277825
C=C(C)C(=O)OC,O,283.15,5.819219055836518
C=C(C)C(=O)OC,O,293.15,5.944661157993283
C=C(C)C(=O)OC,O,293.15,5.978994619735713
C=C(C)C(=O)OC,O,298.15,5.9829635155130925
C=C(C)C(=O)OC,O,298.15,5.999841859237434
C=C(C)C(=O)OC,O,303.15,5.989269640060913
C=C(C)C(=O)OC,O,303.15,6.005870284415583
C=C(C)C(=O)OC,O,308.15,6.111977187335231
C=C(C)C(=O)OC,O,313.15,6.00792335477125
C=C(C)C(=O)OC,O,313.15,6.0400618355352265
C=C(C)C(=O)OC,O,323.15,5.9709199446162735
C=C(C)C(=O)OC,O,323.15,6.033210914264181
C=C(C)C(=O)OC,O,333.15,5.852188111855164
C=C(C)C(=O)OC,O,333.15,6.018342574816228
CCOC(=O)c1ccccc1C(=O)OCC,O,278.15,9.481168714855803
CCOC(=O)c1ccccc1C(=O)OCC,O,283.15,9.254070134837509
CCOC(=O)c1ccccc1C(=O)OCC,O,283.15,9.449561975902949
CCOC(=O)c1ccccc1C(=O)OCC,O,283.15,9.520651954675749
CCOC(=O)c1ccccc1C(=O)OCC,O,293.15,9.21460128139485
CCOC(=O)c1ccccc1C(=O)OCC,O,293.15,9.283265501990739
CCOC(=O)c1ccccc1C(=O)OCC,O,293.15,9.420593193698828
CCOC(=O)c1ccccc1C(=O)OCC,O,293.15,9.454924424225217
CCOC(=O)c1ccccc1C(=O)OCC,O,293.15,9.506422068606295
CCOC(=O)c1ccccc1C(=O)OCC,O,293.15,9.540751419504433
CCOC(=O)c1ccccc1C(=O)OCC,O,298.15,9.523112538987519
CCOC(=O)c1ccccc1C(=O)OCC,O,303.15,9.128427249500296
CCOC(=O)c1ccccc1C(=O)OCC,O,303.15,9.46042181822483
CCOC(=O)c1ccccc1C(=O)OCC,O,303.15,9.543421149811246
CCOC(=O)c1ccccc1C(=O)OCC,O,313.15,9.416988620761195
CCOC(=O)c1ccccc1C(=O)OCC,O,313.15,9.497337209708268
CCOC(=O)c1ccccc1C(=O)OCC,O,323.15,9.42179993051346
CCCCOC(=O)c1ccccc1C(=O)OCCCC,O,283.15,13.802338181893912
CCCCOC(=O)c1ccccc1C(=O)OCCCC,O,283.15,13.908973578273978
CCCCOC(=O)c1ccccc1C(=O)OCCCC,O,293.15,13.84893566282386
CCCCOC(=O)c1ccccc1C(=O)OCCCC,O,293.15,13.866099104075085
CCCCOC(=O)c1ccccc1C(=O)OCCCC,O,293.15,13.900430582934316
CCCCOC(=O)c1ccccc1C(=O)OCCCC,O,293.15,13.934768061613822
CCCCOC(=O)c1ccccc1C(=O)OCCCC,O,293.15,13.951927782567253
CCCCOC(=O)c1ccccc1C(=O)OCCCC,O,298.15,13.945555881303966
CCCCOC(=O)c1ccccc1C(=O)OCCCC,O,303.15,13.827636737762115
CCCCOC(=O)c1ccccc1C(=O)OCCCC,O,303.15,13.844234059983393
CCCCOC(=O)c1ccccc1C(=O)OCCCC,O,303.15,13.91062981045223
CCCCOC(=O)c1ccccc1C(=O)OCCCC,O,313.15,13.85665250129545
Cc1ccccc1[N+](=O)[O-],O,283.15,9.663636454219336
Cc1ccccc1[N+](=O)[O-],O,293.15,9.50446415200744
Cc1ccccc1[N+](=O)[O-],O,303.15,9.363928036197038
Cc1ccccc1[N+](=O)[O-],O,303.15,9.430326945275171
Cc1ccccc1[N+](=O)[O-],O,313.15,9.22390791519772
O=[N+]([O-])c1ccccc1Cl,O,313.15,9.7249289071027
Cc1ccc(C(C)C)c(O)c1,O,338.15,9.018512573706774
c1ccc2ncccc2c1,O,293.5,7.026542254966188
c1ccc2ncccc2c1,O,296.15,6.95226964828878
c1ccc2ncccc2c1,O,313.2,7.013690629390806
c1ccc2ncccc2c1,O,323.15,6.946427764963284
CCN(CC)c1ccccc1,O,333.15,10.882775618529026
COC(=O)c1ccccc1,O,282.85,8.053969724831443
COC(=O)c1ccccc1,O,293.25,8.106240051572694
COC(=O)c1ccccc1,O,298.1,8.15247455497655
COC(=O)c1ccccc1,O,302.75,7.826909905990922
COC(=O)c1ccccc1,O,313.35,7.974112934920819
COC(=O)c1ccccc1,O,322.95,7.946306120554488
COC(=O)c1ccccc1,O,333.25,7.853130914417826
CCOC(=O)c1ccccc1,O,298.15,9.021520949705927
CCOC(=O)c1ccccc1,O,313.15,9.26343554201033
CCOC(=O)c1ccccc1,O,323.15,9.190853734749881
CCOC(=O)c1ccccc1,O,333.25,9.051302435609179
CCOC(=O)c1ccccc1,O,343.65,8.973669487457002
CCOC(=O)c1ccccc1,O,353.35,8.937349848267392
CCOC(=O)c1ccccc1,O,363.45,8.740989329749212
Cc1ccccc1C,O,283.15,10.43100508798247
Cc1ccccc1C,O,288.15,10.442687782514604
Cc1ccccc1C,O,288.15,10.512540914073881
Cc1ccccc1C,O,293.15,10.40458400099226
Cc1ccccc1C,O,298.15,10.21785658900017
Cc1ccccc1C,O,298.15,10.263425168168308
Cc1ccccc1C,O,298.15,10.273553436292428
Cc1ccccc1C,O,298.15,10.292118423316126
Cc1ccccc1C,O,298.15,10.319124089165781
Cc1ccccc1C,O,298.15,10.379886314261311
Cc1ccccc1C,O,298.15,10.395075309498706
Cc1ccccc1C,O,298.15,10.415328660523443
Cc1ccccc1C,O,298.15,10.417017516276196
Cc1ccccc1C,O,298.15,10.442334875475694
Cc1ccccc1C,O,298.15,10.462588922467008
Cc1ccccc1C,O,308.15,10.30411430800404
Cc1ccccc1C,O,318.15,10.220802453615647
Cc1ccccc1O,O,349.05,4.93742640482585
Cc1ccccc1O,O,361.85,4.820604094232248
Cc1ccccc1O,O,371.65,4.739150227954445
Clc1ccccc1Cl,O,283.15,10.74803520599738
Clc1ccccc1Cl,O,283.15,10.836894954810473
Clc1ccccc1Cl,O,293.15,10.91327591344558
Clc1ccccc1Cl,O,293.15,10.981939649989698
Clc1ccccc1Cl,O,293.15,11.033436996513277
Clc1ccccc1Cl,O,293.15,11.067768972960682
Clc1ccccc1Cl,O,298.0,10.952263379856767
Clc1ccccc1Cl,O,298.15,10.91032623368278
Clc1ccccc1Cl,O,298.15,11.34915516459912
Clc1ccccc1Cl,O,303.15,10.743359336315168
Clc1ccccc1Cl,O,303.15,10.876156727485435
Clc1ccccc1Cl,O,308.15,10.681591500820907
Clc1ccccc1Cl,O,313.15,10.623515194501287
Clc1ccccc1Cl,O,318.15,10.584724082070238
Clc1ccccc1Cl,O,323.0,10.658648977175393
Clc1ccccc1Cl,O,333.65,11.906601352503417
Clc1ccccc1Cl,O,343.85,11.891608445638235
Clc1ccccc1Cl,O,353.15,11.389269718656163
Clc1ccccc1Cl,O,363.65,11.485631346395683
Cc1ccccc1N,O,356.36,6.195196914502056
Cc1ccccc1N,O,366.84,5.583736881345558
Cc1ccc(C)c(C)c1,O,288.15,11.765418087796167
Cc1ccc(C)c(C)c1,O,298.15,11.697494494304662
Cc1ccc(C)c(C)c1,O,298.15,11.732936113866593
Cc1ccc(C)c(C)c1,O,298.15,11.734619966919329
Cc1ccc(C)c(C)c1,O,298.15,11.829136683535983
Cc1ccc(C)c(C)c1,O,308.15,11.662405253147588
Cc1ccc(C)c(C)c1,O,318.15,11.517325769414711
Cc1ccc(N)c(C)c1,O,283.15,6.86492919428068
Cc1ccc(N)c(C)c1,O,293.15,6.9122451842549895
Cc1ccc(N)c(C)c1,O,303.15,7.047456349939451
Cc1ccc(N)c(C)c1,O,313.15,7.036895795805227
Cc1ccc(N)c(C)c1,O,323.15,7.049549936599811
Cc1ccc(N)c(C)c1,O,333.15,6.932008770782842
Cc1ccc(N)c(C)c1,O,343.15,6.959379518601273
Cc1ccc(N)c(C)c1,O,353.15,6.891103402852352
CCC(C)CC,O,298.15,12.496044594213059
CCC(C)CC,O,298.15,12.799849665707075
CCC(C)CC,O,298.15,12.833606060417612
CCC(C)CC,O,298.3,12.859420745714756
CCC(C)CC,O,324.5,12.685584057223926
CCC(C)CC,O,351.2,12.238046006106298
CCC(C)C=O,O,371.7,3.7987781566067667
CCC(=O)CC,O,298.15,4.682964213428112
CCC(=O)CC,O,298.15,4.716720505224825
CCC(=O)CC,O,298.15,4.7673570603616655
CCC(=O)CC,O,298.15,4.953013243381575
CCC(=O)CC,O,303.15,4.982139793016281
CCC(=O)CC,O,333.15,4.958464421767347
CCC(=O)CC,O,373.15,4.919601291732424
CC1CCCC1,O,298.15,11.603451491669599
CC1CCCC1,O,298.15,11.620325898579935
CCOC(=O)C(C)C,O,302.85,7.009716021956604
CCOC(=O)C(C)C,O,313.25,7.130234609750714
CCOC(=O)C(C)C,O,323.25,7.263602880767716
CCOC(=O)C(C)C,O,333.35,7.285506548522785
CCOC(=O)C(C)C,O,343.55,7.258313554185544
CCOC(=O)C(C)C,O,353.65,7.283235293999723
CC(C)COC(=O)C(C)C,O,292.55,9.628543999532535
CC(C)COC(=O)C(C)C,O,302.75,9.64988479373721
CC(C)COC(=O)C(C)C,O,312.65,9.644094868546798
CC(C)COC(=O)C(C)C,O,323.15,9.637651769314159
CC(C)COC(=O)C(C)C,O,332.95,9.747973443661765
CC(C)COC(=O)C(C)C,O,343.35,9.778978195817318
CC(C)COC(=O)C(C)C,O,353.25,9.88015239318907
CC(C)COC(=O)C(C)C,O,363.45,9.575101534151639
CC(C)c1ccccc1,O,288.15,11.636204481130399
CC(C)c1ccccc1,O,295.15,11.575750018103463
CC(C)c1ccccc1,O,298.15,11.508356041035851
CC(C)c1ccccc1,O,298.15,11.51341534495943
CC(C)c1ccccc1,O,298.15,11.56911674461997
CC(C)c1ccccc1,O,298.15,11.781783980679798
CC(C)c1ccccc1,O,298.15,11.815538020960338
CC(C)c1ccccc1,O,305.3,11.350035878552369
CC(C)c1ccccc1,O,308.15,11.499749035853597
CC(C)c1ccccc1,O,312.7,11.288327105936256
CC(C)c1ccccc1,O,318.15,11.36973615587814
CC(C)c1ccccc1,O,323.8,11.116402754178273
CC(=O)c1ccccc1,O,293.05,7.0151916385843025
O=[N+]([O-])c1ccccc1,O,283.15,8.061546801983699
O=[N+]([O-])c1ccccc1,O,288.15,8.087612629129737
O=[N+]([O-])c1ccccc1,O,293.15,8.012084527979475
O=[N+]([O-])c1ccccc1,O,293.15,8.029250413518985
O=[N+]([O-])c1ccccc1,O,295.85,7.966479164975252
O=[N+]([O-])c1ccccc1,O,298.15,7.991913610680096
O=[N+]([O-])c1ccccc1,O,303.15,7.974505314501464
O=[N+]([O-])c1ccccc1,O,303.15,7.991105018584263
O=[N+]([O-])c1ccccc1,O,308.15,7.8943404349560415
O=[N+]([O-])c1ccccc1,O,313.15,7.882922281668015
O=[N+]([O-])c1ccccc1,O,313.15,7.931130240065967
O=[N+]([O-])c1ccccc1,O,314.45,7.810222910502811
O=[N+]([O-])c1ccccc1,O,318.95,7.808030443587485
O=[N+]([O-])c1ccccc1,O,323.15,7.773047409884477
Cc1ccc(C(C)C)cc1,O,298.0,12.714001076483173
Cc1ccc(C(C)C)cc1,O,298.15,11.899744476742386
Cc1ccc(C(C)C)cc1,O,323.0,12.445329674647796
C=CC1CC=CCC1,O,298.15,11.770014300337179
CCc1ccccc1,O,273.2,10.342741983800368
CCc1ccccc1,O,273.65,10.464245545050328
CCc1ccccc1,O,277.65,10.31154596179689
CCc1ccccc1,O,278.15,10.464753406934227
CCc1ccccc1,O,278.2,10.389604413581335
CCc1ccccc1,O,279.45,10.338424080427325
CCc1ccccc1,O,280.25,10.366321793022271
CCc1ccccc1,O,280.25,10.402236546476658
CCc1ccccc1,O,282.15,10.35193871190375
CCc1ccccc1,O,283.15,10.244499469199372
CCc1ccccc1,O,283.15,10.386678841085438
CCc1ccccc1,O,283.2,10.419506666753472
CCc1ccccc1,O,284.95,10.395848753211151
CCc1ccccc1,O,285.25,10.379755892439693
CCc1ccccc1,O,285.65,10.07649503435654
CCc1ccccc1,O,288.15,10.41842570823824
CCc1ccccc1,O,288.15,10.476056231262495
CCc1ccccc1,O,288.15,10.538926167950644
CCc1ccccc1,O,288.15,10.64720188890881
CCc1ccccc1,O,288.2,10.454195209196826
CCc1ccccc1,O,288.25,10.395680664154117
CCc1ccccc1,O,290.09,10.43112309461458
CCc1ccccc1,O,291.05,10.374081632431565
CCc1ccccc1,O,293.15,10.252170646545308
CCc1ccccc1,O,293.15,10.37404727713218
CCc1ccccc1,O,293.2,10.460726231671511
CCc1ccccc1,O,293.25,10.396365068321476
CCc1ccccc1,O,297.65,10.439454468708451
CCc1ccccc1,O,298.15,10.231974419360242
CCc1ccccc1,O,298.15,10.252227094288825
CCc1ccccc1,O,298.15,10.33493224960324
CCc1ccccc1,O,298.15,10.383877679876507
CCc1ccccc1,O,298.15,10.38893998216866
CCc1ccccc1,O,298.15,10.39569288976555
CCc1ccccc1,O,298.15,10.414258174789563
CCc1ccccc1,O,298.15,10.415945842776575
CCc1ccccc1,O,298.15,10.42776035634241
CCc1ccccc1,O,298.15,10.453076092374612
CCc1ccccc1,O,298.15,10.45813961296267
CCc1ccccc1,O,298.15,10.48345763629895
CCc1ccccc1,O,298.15,10.507087416054121
CCc1ccccc1,O,298.15,10.566160061574271
CCc1ccccc1,O,298.15,10.571224613158858
CCc1ccccc1,O,298.15,10.599916841082214
CCc1ccccc1,O,298.15,10.60835577254677
CCc1ccccc1,O,298.15,10.714686621497208
CCc1ccccc1,O,299.9,10.392328269565343
CCc1ccccc1,O,303.15,10.45676903533851
CCc1ccccc1,O,303.2,10.434392235975583
CCc1ccccc1,O,308.15,10.316854690540147
CCc1ccccc1,O,308.15,10.409940630642359
CCc1ccccc1,O,308.15,10.437700547191131
CCc1ccccc1,O,308.2,10.401012107992987
CCc1ccccc1,O,309.71,10.335678976215885
CCc1ccccc1,O,311.5,10.351753495966987
CCc1ccccc1,O,313.15,10.443492294822436
CCc1ccccc1,O,313.2,10.349566633529548
CCc1ccccc1,O,313.2,10.35599208681672
CCc1ccccc1,O,313.45,10.291372362145202
CCc1ccccc1,O,318.15,10.211920332126095
CCc1ccccc1,O,318.15,10.31314718464914
CCc1ccccc1,O,318.15,10.34478301764512
CCc1ccccc1,O,318.2,10.310877473669255
CCc1ccccc1,O,319.65,10.23752468383636
CCc1ccccc1,O,323.15,10.307368072514054
CCc1ccccc1,O,323.2,10.256416488941461
CCc1ccccc1,O,328.15,10.211067835951118
CCc1ccccc1,O,329.89,10.132966989667842
CCc1ccccc1,O,333.15,10.113002657014212
CCc1ccccc1,O,339.8,9.988816264638903
CCc1ccccc1,O,343.13,9.970197152675164
C=Cc1ccccc1,O,280.15,9.862128955737285
C=Cc1ccccc1,O,288.15,10.019513489843398
C=Cc1ccccc1,O,297.15,9.750872359911455
C=Cc1ccccc1,O,298.15,9.819970064800755
C=Cc1ccccc1,O,298.15,9.904362169946788
C=Cc1ccccc1,O,305.15,9.683034129579795
C=Cc1ccccc1,O,313.15,9.57522651158643
C=Cc1ccccc1,O,317.15,9.577390309061533
C=Cc1ccccc1,O,322.15,9.462397857455032
C=Cc1ccccc1,O,324.15,9.464401025925113
N#Cc1ccccc1,O,283.15,7.468513271496337
N#Cc1ccccc1,O,293.15,7.254142485152389
N#Cc1ccccc1,O,298.15,7.4593100929621965
N#Cc1ccccc1,O,308.65,7.296019971103547
N#Cc1ccccc1,O,313.15,7.130834828248259
N#Cc1ccccc1,O,323.15,7.279918655486588
N#Cc1ccccc1,O,330.15,7.172248045811186
N#Cc1ccccc1,O,333.15,7.184477511197576
COc1ccccc1,O,283.35,7.838702083999593
COc1ccccc1,O,293.15,8.00241978540215
COc1ccccc1,O,293.16,8.362427655937312
COc1ccccc1,O,298.15,7.9605539691107
COc1ccccc1,O,302.85,8.084778174941475
COc1ccccc1,O,308.15,8.115302686793637
COc1ccccc1,O,313.05,8.099523914469167
COc1ccccc1,O,322.9,7.96314338462856
COc1ccccc1,O,323.35,8.022988668666482
COc1ccccc1,O,333.35,7.772900074032135
COc1ccccc1,O,343.35,7.77749094698817
COc1ccccc1,O,354.35,7.62478498800533
CCCN(CCC)CCC,O,293.15,9.025421845974902
CCCN(CCC)CCC,O,293.15,9.62623094556793
CCCN(CCC)CCC,O,303.15,9.981170555217513
C=CCN(CC=C)CC=C,O,303.15,7.610912194571381
C=CCN(CC=C)CC=C,O,313.15,7.773998256251391
C=CCN(CC=C)CC=C,O,323.15,7.778127718911288
C=CCN(CC=C)CC=C,O,333.15,7.969395790410449
C=CCN(CC=C)CC=C,O,343.15,7.905666550021857
C=CCN(CC=C)CC=C,O,353.15,8.10829820800488
C=CCN(CC=C)CC=C,O,363.15,7.856470605701341
C=CC(=O)OCC(CC)CCCC,O,293.15,11.805714474790154
C=CC(=O)OCC(CC)CCCC,O,318.25,11.325969184417731
CCCc1ccccc1,O,273.65,11.887553287258225
CCCc1ccccc1,O,278.15,11.909511268471798
CCCc1ccccc1,O,288.15,11.630175025020469
CCCc1ccccc1,O,288.15,11.851965829697152
CCCc1ccccc1,O,288.15,11.923570467564366
CCCc1ccccc1,O,288.15,11.928809441015604
CCCc1ccccc1,O,293.15,11.93130679834494
CCCc1ccccc1,O,298.15,11.623751020059114
CCCc1ccccc1,O,298.15,11.79590650486336
CCCc1ccccc1,O,298.15,11.80771968602779
CCCc1ccccc1,O,298.15,11.827977051716726
CCCc1ccccc1,O,298.15,11.844851669743523
CCCc1ccccc1,O,298.15,11.914054519303125
CCCc1ccccc1,O,303.15,11.881270052974951
CCCc1ccccc1,O,308.15,11.72421503463732
CCCc1ccccc1,O,308.15,11.760144853342027
CCCc1ccccc1,O,318.15,11.573559498507079
CCCc1ccccc1,O,318.15,11.57861956816559
CCCc1ccccc1,O,328.15,11.394780238730753
CCNc1ccccc1,O,283.15,7.616923435596261
CCNc1ccccc1,O,293.15,7.668032931171885
CCNc1ccccc1,O,303.15,7.747389563326821
CCNc1ccccc1,O,313.15,7.803112424266678
CCNc1ccccc1,O,323.15,7.789789913578125
CCNc1ccccc1,O,333.15,7.773236809802969
CCNc1ccccc1,O,343.15,7.7383007411054265
CCNc1ccccc1,O,353.15,7.671575252503794
CCNc1ccccc1,O,363.15,7.588875423829305
CCCCc1ccccc1,O,273.65,13.345666915919903
CCCCc1ccccc1,O,278.15,13.350983107046067
CCCCc1ccccc1,O,288.15,13.371876183738607
CCCCc1ccccc1,O,298.15,12.930498023111323
CCCCc1ccccc1,O,298.15,12.976067434867115
CCCCc1ccccc1,O,298.15,13.17016448118618
CCCCc1ccccc1,O,298.15,13.229239144488659
CCCCc1ccccc1,O,298.15,13.295063799154228
CCCCc1ccccc1,O,298.15,13.34063427660746
CCCCc1ccccc1,O,303.15,12.99314268036689
CCCCc1ccccc1,O,308.15,13.134823427562818
CCCCc1ccccc1,O,313.15,12.932910855607565
CCCCc1ccccc1,O,318.15,12.93340383787019
CCCCc1ccccc1,O,323.15,12.802315125713275
CCCCc1ccccc1,O,328.15,12.756754357479052
CCCCC(CC)CO,O,293.15,9.073578624512017
CCCCC(CC)CO,O,298.15,8.843828633595923
CCCCC(CC)CO,O,298.15,8.86070629712803
CCCCC(CC)CO,O,298.15,9.012608686722663
CCCCC(CC)CO,O,302.75,8.885561303021014
CCCCC(CC)CO,O,303.15,9.274009765531774
CCCCC(CC)CO,O,313.15,9.014510385797433
CCCCC(CC)CO,O,318.25,8.954853106650981
CCCCC(CC)CO,O,323.35,9.181719679571975
CCCCC(CC)CO,O,333.15,9.031143129425594
CCCCC(CC)CO,O,333.25,8.829267343498005
CCCCC(CC)CO,O,333.45,9.02953526479109
CCCCC(CC)CO,O,343.25,8.903035016145141
Cc1ccc(C=O)cc1,O,283.15,8.262579612632539
Cc1ccc(C=O)cc1,O,293.15,8.219425765662834
Cc1ccc(C=O)cc1,O,303.15,8.166994374879822
Cc1ccc(C=O)cc1,O,313.15,8.17046009173172
Cc1ccc(C=O)cc1,O,323.15,7.944329030059176
Cc1ccc(C=O)cc1,O,343.15,7.9833547933411735
Cc1ccc(C=O)cc1,O,353.15,7.892885270545555
CCOC(=O)CC,O,293.15,5.512246596087934
CCOC(=O)CC,O,298.15,5.525612288984722
CCOC(=O)CC,O,303.15,5.656694361176344
CCOC(=O)CC,O,313.15,5.734919319159742
CCOC(=O)CC,O,323.15,5.783640549901604
CCOC(=O)CC,O,333.15,5.835196627509589
CCOC(=O)CC,O,341.15,5.783575920497357
CCOC(=O)CC,O,341.15,5.798325693754674
CCOC(=O)CC,O,351.15,5.7694734564558
CCOC(=O)CC,O,351.15,5.898449730939794
CCOC(=O)CC,O,361.25,5.632261409980416
CCC(C)OC(C)=O,O,323.15,6.773548229581545
CCC(C)OC(C)=O,O,333.25,6.799540694341404
CCC(C)OC(C)=O,O,343.65,6.822806137758222
CCC(C)OC(C)=O,O,353.35,6.8020869381732325
CCC(C)OC(C)=O,O,363.65,6.840806388570467
CCCC(=O)OCC,O,293.15,6.9915907848943695
CCCC(=O)OCC,O,293.15,7.0259204638324375
CCCC(=O)OCC,O,295.15,7.0797150036012
CCCC(=O)OCC,O,298.15,6.704047866246693
CCCC(=O)OCC,O,303.15,7.108849521099375
CCCC(=O)OCC,O,304.15,7.118988179270512
CCCC(=O)OCC,O,313.05,7.198654670308593
CCCC(=O)OCC,O,313.15,7.1305867816142205
CCCC(=O)OCC,O,323.15,7.1427562523855475
CCCC(=O)OCC,O,323.15,7.314053373394193
CCCC(=O)OCC,O,333.15,7.115305889821867
CCCC(=O)OCC,O,333.55,7.297822444910205
CCCC(=O)OCC,O,341.15,7.057278124024705
CCCC(=O)OCC,O,343.35,7.279077426967601
CCCC(=O)OCC,O,351.15,6.971415289342093
CCCC(=O)OCC,O,353.45,7.270772070825462
CCCC(=O)OCC,O,363.65,7.302873711036083
CCOC(=O)OCC,O,283.15,5.634586011017202
CCOC(=O)OCC,O,293.15,5.825569336145766
CCOC(=O)OCC,O,298.15,5.9037829455680475
CCOC(=O)OCC,O,303.15,5.965528599396741
CCOC(=O)OCC,O,313.15,6.026192007627039
CCOC(=O)OCC,O,323.15,5.998407886242158
CCOC(=O)OCC,O,333.15,5.97991561417111
CCCOC(=O)CCC,O,282.75,8.18816120734271
CCCOC(=O)CCC,O,290.15,8.521965784454375
CCCOC(=O)CCC,O,293.25,8.353749128231875
CCCOC(=O)CCC,O,302.75,8.564496536532104
CCCOC(=O)CCC,O,312.65,8.623490068550796
CCCOC(=O)CCC,O,322.95,8.404526047242639
CCCOC(=O)CCC,O,333.25,8.191152753882175
CCCOC(=O)CCC,O,343.25,8.518046826965717
CCCOC(=O)CCC,O,353.25,8.581003322342054
CCCOC(=O)CCC,O,363.65,8.383332601755173
CCCC(=O)OCCC(C)C,O,282.55,10.547397218880528
CCCC(=O)OCCC(C)C,O,292.75,10.962402214345692
CCCC(=O)OCCC(C)C,O,304.05,10.703532067243186
CCCC(=O)OCCC(C)C,O,353.25,10.707675087885065
CCCC(=O)OCCC(C)C,O,363.85,10.879760817779102
CCCCCCCC(=O)OCC,O,293.15,11.826976792442078
CCCCC(=O)CC,O,282.45,6.894202858386252
CCCCC(=O)CC,O,293.15,7.059136412869455
CCCCC(=O)CC,O,293.65,7.105777926002176
CCCCC(=O)CC,O,295.35,7.219078191593336
CCCCC(=O)CC,O,298.15,7.198998503000005
CCCCC(=O)CC,O,303.85,7.224330883888894
CCCCC(=O)CC,O,312.75,7.348645444308495
CCCCC(=O)CC,O,323.15,7.5080248187143726
CCCCC(=O)CC,O,332.45,7.494357909859211
CCCCC(=O)CC,O,332.95,7.581729833753272
CCCCC(=O)CC,O,333.15,7.408160801570157
CCCCC(=O)CC,O,343.35,7.430653731982367
CCCCC(=O)CC,O,353.05,7.602531132533902
CCCCC(=O)CC,O,363.25,7.614617970428023
CCCCC(=O)CC,O,364.65,7.36222640097838
CCCCC(=O)CC,O,373.15,7.275594667924229
CCCOC(=O)CC,O,293.15,7.1731303909113775
CCCOC(=O)CC,O,298.15,7.063980947387961
CCCOC(=O)CC,O,302.75,7.143104042734709
CCCOC(=O)CC,O,312.65,7.176193368067157
CCCOC(=O)CC,O,323.15,7.317770021788872
CCCOC(=O)CC,O,333.45,7.299398638628015
CCCOC(=O)CC,O,343.75,7.274132998382255
CCCOC(=O)CC,O,353.45,7.275269267661729
Cc1ccc(C)cc1,O,288.15,10.414744083448298
Cc1ccc(C)cc1,O,288.15,10.524768093432897
Cc1ccc(C)cc1,O,293.15,10.498230521708757
Cc1ccc(C)cc1,O,295.15,10.49286184537868
Cc1ccc(C)cc1,O,298.15,10.285516841291672
Cc1ccc(C)cc1,O,298.15,10.295644498580554
Cc1ccc(C)cc1,O,298.15,10.359782014094554
Cc1ccc(C)cc1,O,298.15,10.363156714657805
Cc1ccc(C)cc1,O,298.15,10.364844532017099
Cc1ccc(C)cc1,O,298.15,10.40704079653501
Cc1ccc(C)cc1,O,298.15,10.474551841293858
Cc1ccc(C)cc1,O,298.15,10.477927207730739
Cc1ccc(C)cc1,O,298.15,10.504933283983362
Cc1ccc(C)cc1,O,298.15,10.528561973890245
Cc1ccc(C)cc1,O,298.15,10.533625708348996
Cc1ccc(C)cc1,O,298.15,10.552191606851583
Cc1ccc(C)cc1,O,303.15,10.4584955982562
Cc1ccc(C)cc1,O,303.2,10.321605606767609
Cc1ccc(C)cc1,O,308.15,10.477386562152976
Cc1ccc(C)cc1,O,313.15,10.129343422187096
Cc1ccc(C)cc1,O,313.15,10.354314733394745
Cc1ccc(C)cc1,O,316.15,10.044348890354588
Cc1ccc(C)cc1,O,318.15,10.424908843435485
Cc1ccc(C)cc1,O,323.15,10.27725901457775
Cc1ccc(C)cc1,O,323.2,10.15936157007305
Cc1ccc(C)cc1,O,333.15,10.11775987056191
Cc1ccc(C)cc1,O,343.15,9.939756799008965
Oc1ccc(Cl)cc1,O,323.12,5.204517545577358
CCCCCC(=O)CC,O,293.25,8.496326998734853
CCCCCC(=O)CC,O,302.85,8.501433659782487
CCCCCC(=O)CC,O,312.75,8.629941351107991
CCCCCC(=O)CC,O,323.15,8.705838047282665
CCCCCC(=O)CC,O,333.15,8.832031668097878
CCCCCC(=O)CC,O,343.65,8.805820317164443
CCCCCC(=O)CC,O,353.45,8.657895561016279
CCCCCC(=O)CC,O,364.15,8.763451525836446
BrCCBr,O,283.25,8.119103815596125
BrCCBr,O,288.15,8.10350335274996
BrCCBr,O,292.65,8.022844409209041
BrCCBr,O,293.15,8.000818868719831
BrCCBr,O,293.15,8.017983177822476
BrCCBr,O,293.15,8.035149369075699
BrCCBr,O,298.15,7.921038411297374
BrCCBr,O,303.15,7.929302921147268
BrCCBr,O,303.85,7.9336033076954084
BrCCBr,O,308.15,7.874233293838656
BrCCBr,O,308.15,8.135519802410863
BrCCBr,O,312.75,7.870757826278248
BrCCBr,O,323.15,7.5442156991620335
BrCCBr,O,323.15,7.668794725585001
BrCCBr,O,323.15,7.731083872244405
BrCCBr,O,333.05,7.730381276563691
BrCCBr,O,343.35,7.60484965909001
BrCCBr,O,353.45,7.540833933075963
CCCBr,O,283.15,7.8593861273013195
CCCBr,O,292.65,8.012985619951822
CCCBr,O,293.15,7.935290382633089
CCCBr,O,298.15,7.959897709487605
CCCBr,O,303.15,7.928539350625769
CCCBr,O,303.15,7.994935806687827
CCCBr,O,303.15,7.996596654034176
C=CC=C,O,310.93,7.313007030998175
C=CC=O,O,298.15,2.9596231144914804
C=CC=O,O,333.15,2.924918101648748
C=CC=O,O,373.15,2.7189505755704984
CCCS,O,288.15,7.254764661517033
CCCS,O,293.2,7.276521823974261
CCCS,O,298.15,7.311071413032021
CCCS,O,303.1,7.5218646634424
CCCS,O,308.15,7.285993064835818
CCCS,O,318.15,7.28156458768629
CCCS,O,333.1,7.087373184201777
CCCS,O,333.15,7.181044266146279
ClCCCl,O,283.15,6.547552691648056
ClCCCl,O,293.15,6.3909015224778045
ClCCCl,O,293.15,6.459566369064121
ClCCCl,O,293.15,6.476730795253032
ClCCCl,O,293.15,6.511063076160361
ClCCCl,O,298.15,6.234710680727369
ClCCCl,O,298.15,6.454125660942104
ClCCCl,O,298.15,6.471003817274504
ClCCCl,O,298.15,6.504759619274865
ClCCCl,O,298.45,6.494324025222747
ClCCCl,O,303.15,6.417255021677392
ClCCCl,O,303.15,6.483653074083149
ClCCCl,O,308.15,6.3993966097799335
ClCCCl,O,308.15,6.415726875299052
ClCCCl,O,313.15,6.383499878104422
ClCCCl,O,313.15,6.415638547347124
ClCCCl,O,323.15,6.3258041541475825
CCCI,O,283.15,9.472896925647227
CCCI,O,293.15,9.375956500198432
CCCI,O,298.15,9.320986892063246
CCCI,O,303.15,9.354258881237191
CCCI,O,303.15,9.362563480946104
CCCN,O,293.15,0.8260421206915415
CCCN,O,303.15,1.0360699959623185
CCCN,O,313.15,0.8700582939324523
CCC#N,O,298.15,3.5572262965011863
CCC#N,O,298.15,3.59098268196201
CCC#N,O,303.15,3.651312572626838
CCC#N,O,333.15,3.514802814385345
CCC#N,O,373.15,3.363201251734011
C=CC#N,O,298.15,3.6384673503112652
C=CC#N,O,303.15,3.6717434681672017
C=CC#N,O,303.15,3.688341809609028
C=CC#N,O,308.15,3.6888319529857756
C=CC#N,O,308.15,3.7541544227574613
C=CC#N,O,313.15,3.6904482229523836
C=CC#N,O,313.15,3.786865595791038
C=CC#N,O,318.15,3.6930706587324043
C=CC#N,O,323.15,3.7277395253206507
C=CC#N,O,333.15,3.6002176249680495
C=CC#N,O,333.15,3.64553083285892
C=CC#N,O,373.15,3.425148255817942
C=CCO,O,298.15,2.096125339892606
C=CCO,O,333.15,2.2714318302757266
C=CCO,O,373.15,2.257494626495277
OCCO,O,297.5,-0.17629813408270495
OCCO,O,308.2,-0.19196833772306293
OCCO,O,317.9,0.03696817809998754
OCCO,O,328.2,0.02842223426269302
OCCO,O,338.1,0.023755588354396517
OCCO,O,348.1,0.1973579416200679
COC=O,O,293.15,2.8115630108022476
COC=O,O,298.15,2.740233388346137
COC=O,O,298.15,2.9090135810008197
COC=O,O,303.15,2.854997858480499
COC=O,O,303.25,2.9193262783513654
COC=O,O,313.15,2.642786083449813
COC=O,O,313.25,2.946137535802022
COC=O,O,323.25,2.9594209240948355
COC=O,O,333.25,2.975116215512708
CCCC(C)C,O,298.15,12.623242320496956
CCCC(C)C,O,298.15,12.7245092322975
CCCC(C)C,O,298.15,12.758266674506904
CCCC(C)C,O,298.15,12.808898431577154
CCCC(C)C,O,313.25,12.763486009910396
CCCC(C)C,O,328.85,12.631598517549035
CCCC(C)=O,O,298.15,4.5567600995799555
CCCC(C)=O,O,298.15,4.607397703228442
CCCC(C)=O,O,298.15,4.624276492477826
CCCC(C)=O,O,303.25,4.655682675626935
CCCC(C)=O,O,313.25,4.790753085484417
CCC[N+](=O)[O-],O,293.15,5.754136494730378
CCC[N+](=O)[O-],O,298.15,5.707734654494629
CCC[N+](=O)[O-],O,303.15,5.731290632072799
CCC[N+](=O)[O-],O,313.15,5.685329935580638
CCC[N+](=O)[O-],O,323.15,5.617861412148562
C=COC(C)=O,O,273.35,5.039715017196418
C=COC(C)=O,O,283.15,5.089711380896174
C=COC(C)=O,O,293.15,5.190503844729143
C=COC(C)=O,O,298.15,5.199408218218823
C=COC(C)=O,O,303.15,5.226611890702857
C=COC(C)=O,O,313.15,5.251660674906737
C=COC(C)=O,O,323.15,5.2659542859909445
C=COC(C)=O,O,333.15,5.224493200271463
CC(C)CC(C)C,O,298.15,13.827962707153512
CC(C)CC(C)C,O,298.15,14.047375963090353
CC(C)CC(C)C,O,298.15,14.131765509902243
CC(C)OC(C)C,O,283.15,5.923830573329744
CC(C)OC(C)C,O,293.15,6.267025960246684
CC(C)OC(C)C,O,296.15,6.4569627295538465
CC(C)OC(C)C,O,298.15,6.204874883997546
CC(C)OC(C)C,O,298.15,6.390532570766044
CC(C)OC(C)C,O,298.15,6.4242886286042395
CC(C)OC(C)C,O,298.15,6.441166612109197
CC(=O)OC(C)C,O,293.15,5.498442003856659
CC(=O)OC(C)C,O,298.15,5.283300170787812
CC(=O)OC(C)C,O,298.15,5.536471690381842
CC(=O)OC(C)C,O,303.15,5.474842992672465
CC(=O)OC(C)C,O,308.15,5.5960413498178285
Brc1cccc(Br)c1,O,298.15,11.97212089549936
Cc1cccc(C)c1,O,283.15,10.480797303520106
Cc1cccc(C)c1,O,288.15,10.510161393156729
Cc1cccc(C)c1,O,288.15,10.546837687191315
Cc1cccc(C)c1,O,293.0,10.521005604570412
Cc1cccc(C)c1,O,293.15,10.473709750258708
Cc1cccc(C)c1,O,298.0,10.211666863926732
Cc1cccc(C)c1,O,298.0,10.454834965765345
Cc1cccc(C)c1,O,298.15,10.31728121508252
Cc1cccc(C)c1,O,298.15,10.41010935260403
Cc1cccc(C)c1,O,298.15,10.416861925479676
Cc1cccc(C)c1,O,298.15,10.44217733957031
Cc1cccc(C)c1,O,298.15,10.448929072772792
Cc1cccc(C)c1,O,298.15,10.508002953053156
Cc1cccc(C)c1,O,298.15,10.556950112354304
Cc1cccc(C)c1,O,298.15,10.612645868035058
Cc1cccc(C)c1,O,298.15,10.64302678599863
Cc1cccc(C)c1,O,298.15,10.697036474329083
Cc1cccc(C)c1,O,308.15,10.492245967358542
Cc1cccc(C)c1,O,313.0,10.20100732573617
Cc1cccc(C)c1,O,318.15,10.395592024000987
Cc1cccc(C)c1,O,323.0,10.237789578810633
Nc1cccc(Cl)c1,O,348.15,7.034951647648784
Oc1cccc(Cl)c1,O,323.18,5.535703015991897
Oc1cccc(Cl)c1,O,333.52,5.368966865070362
CCOC(=O)CC(C)C,O,282.15,7.9848578841623645
CCOC(=O)CC(C)C,O,292.55,8.054497196253768
CCOC(=O)CC(C)C,O,303.75,8.142988349859278
CCOC(=O)CC(C)C,O,312.95,8.302496365859882
CCOC(=O)CC(C)C,O,322.65,8.360480900128703
CCOC(=O)CC(C)C,O,333.25,8.431657089309644
CCOC(=O)CC(C)C,O,343.15,8.369926760675119
CCOC(=O)CC(C)C,O,353.45,8.374195419386579
CCOC(=O)CC(C)C,O,363.65,8.380011716768575
Cc1cc(C)cc(C)c1,O,288.15,11.925690530105244
Cc1cc(C)cc(C)c1,O,288.15,11.93791211512218
Cc1cc(C)cc(C)c1,O,298.15,11.690770349737104
Cc1cc(C)cc(C)c1,O,298.15,11.832542155952355
Cc1cc(C)cc(C)c1,O,298.15,11.84604207777808
Cc1cc(C)cc(C)c1,O,298.15,11.861234512176852
Cc1cc(C)cc(C)c1,O,303.15,11.576285166572989
Cc1cc(C)cc(C)c1,O,308.15,11.73242237536424
Cc1cc(C)cc(C)c1,O,308.15,11.742218072031298
Cc1cc(C)cc(C)c1,O,313.15,11.527419911120681
Cc1cc(C)cc(C)c1,O,318.15,11.682701994261889
Cc1cc(C)cc(C)c1,O,318.15,11.702156430065118
Cc1cc(C)cc(C)c1,O,391.15,11.470036752926488
Cc1cc(C)nc(C)c1,O,353.15,5.310878148592895
CC(C)CC(=O)CC(C)C,O,282.35,9.438192819018127
CC(C)CC(=O)CC(C)C,O,293.75,9.712780939207732
CC(C)CC(=O)CC(C)C,O,303.95,9.827815280580127
CC(C)CC(=O)CC(C)C,O,313.65,10.066303437938133
CC(C)CC(=O)CC(C)C,O,323.15,10.074714457324468
CC(C)CC(=O)CC(C)C,O,333.85,10.116338314364906
CC(C)CC(=O)CC(C)C,O,343.65,10.031603684065631
CC(C)CC(=O)CC(C)C,O,353.95,10.009575803330494
CC(C)CC(=O)CC(C)C,O,363.85,9.959693012459692
Brc1ccccc1,O,282.05,9.836182541525215
Brc1ccccc1,O,283.15,10.097894123820392
Brc1ccccc1,O,288.15,9.834807132231221
Brc1ccccc1,O,293.15,9.840297455199751
Brc1ccccc1,O,293.15,10.011956232841824
Brc1ccccc1,O,298.15,9.813847268450926
Brc1ccccc1,O,298.15,9.83072329258129
Brc1ccccc1,O,298.15,10.067016971317598
Brc1ccccc1,O,303.15,9.740374328833472
Brc1ccccc1,O,303.15,9.873172664533769
Brc1ccccc1,O,303.15,9.889773949448367
Brc1ccccc1,O,303.15,9.906373384514586
Brc1ccccc1,O,307.65,9.6778408710038
Brc1ccccc1,O,308.15,9.834400033713116
Brc1ccccc1,O,313.15,9.750371337465655
Brc1ccccc1,O,323.15,9.577729711232116
CC1CCCCC1,O,298.15,12.741398668292735
CC1CCCCC1,O,298.15,12.859545610119978
CC1CCCCC1,O,299.25,12.732524540687162
CC1CCCCC1,O,310.93,12.859233419868705
CC1CCCCC1,O,313.25,12.628122791741179
CC1CCCCC1,O,328.85,12.57422694878184
Cc1ccccc1,O,273.2,9.081026359403575
Cc1ccccc1,O,273.35,9.110348751307235
Cc1ccccc1,O,273.65,9.113736956302715
Cc1ccccc1,O,277.65,9.044204320337174
Cc1ccccc1,O,278.15,9.146566358528121
Cc1ccccc1,O,278.16,9.00134870863888
Cc1ccccc1,O,278.2,9.107944346760144
Cc1ccccc1,O,279.45,9.047344858341992
Cc1ccccc1,O,280.25,9.080740668693124
Cc1ccccc1,O,282.15,9.079259688195803
Cc1ccccc1,O,283.15,8.800803987457876
Cc1ccccc1,O,283.15,8.818575485776252
Cc1ccccc1,O,283.15,9.085158028837855
Cc1ccccc1,O,283.15,9.138474806824465
Cc1ccccc1,O,283.2,9.13609623670653
Cc1ccccc1,O,284.15,9.392161803728454
Cc1ccccc1,O,284.95,9.106477622994536
Cc1ccccc1,O,285.25,9.092388697101006
Cc1ccccc1,O,285.65,8.879878834853354
Cc1ccccc1,O,288.06,8.997142201007838
Cc1ccccc1,O,288.15,9.115261265472366
Cc1ccccc1,O,288.15,9.150189013153149
Cc1ccccc1,O,288.15,9.167652053623216
Cc1ccccc1,O,288.15,9.220043147437568
Cc1ccccc1,O,288.15,9.364990926845092
Cc1ccccc1,O,288.2,9.130408241522094
Cc1ccccc1,O,288.25,9.110636052063375
Cc1ccccc1,O,288.5,8.907221089912099
Cc1ccccc1,O,289.15,9.300647146507275
Cc1ccccc1,O,291.05,9.086466197944695
Cc1ccccc1,O,292.6,8.896032285784635
Cc1ccccc1,O,292.95,8.760242894079592
Cc1ccccc1,O,293.0,9.055169672105313
Cc1ccccc1,O,293.06,8.961467389510952
Cc1ccccc1,O,293.15,8.837292113919505
Cc1ccccc1,O,293.15,8.854459398473775
Cc1ccccc1,O,293.15,8.957453851462736
Cc1ccccc1,O,293.15,9.12568077284239
Cc1ccccc1,O,293.15,9.341973714442615
Cc1ccccc1,O,293.2,9.137154436154749
Cc1ccccc1,O,293.25,9.112587511254462
Cc1ccccc1,O,294.15,9.04309263219944
Cc1ccccc1,O,294.15,9.18337505374573
Cc1ccccc1,O,294.15,9.376693441755052
Cc1ccccc1,O,294.15,9.475914862764256
Cc1ccccc1,O,295.15,9.18448908838575
Cc1ccccc1,O,295.7,9.098592835993506
Cc1ccccc1,O,296.15,9.25363929637133
Cc1ccccc1,O,298.15,9.01099391044024
Cc1ccccc1,O,298.15,9.026184333549264
Cc1ccccc1,O,298.15,9.031248394472314
Cc1ccccc1,O,298.15,9.039687273169697
Cc1ccccc1,O,298.15,9.0666916859896
Cc1ccccc1,O,298.15,9.073443321875358
Cc1ccccc1,O,298.15,9.085257759112876
Cc1ccccc1,O,298.15,9.090321839457612
Cc1ccccc1,O,298.15,9.092009436249965
Cc1ccccc1,O,298.15,9.100448494075065
Cc1ccccc1,O,298.15,9.103823632593693
Cc1ccccc1,O,298.15,9.108886659260147
Cc1ccccc1,O,298.15,9.117326653285389
Cc1ccccc1,O,298.15,9.125765660268653
Cc1ccccc1,O,298.15,9.127453205997453
Cc1ccccc1,O,298.15,9.129141162478808
Cc1ccccc1,O,298.15,9.130828440082924
Cc1ccccc1,O,298.15,9.134204190549726
Cc1ccccc1,O,298.15,9.140954923440944
Cc1ccccc1,O,298.15,9.144330902858215
Cc1ccccc1,O,298.15,9.164584350137979
Cc1ccccc1,O,298.15,9.169648577312891
Cc1ccccc1,O,298.15,9.178086772026672
Cc1ccccc1,O,298.15,9.193277627769948
Cc1ccccc1,O,298.15,9.201716291264368
Cc1ccccc1,O,298.15,9.206780041514758
Cc1ccccc1,O,298.15,9.213535262872702
Cc1ccccc1,O,298.15,9.233783423702649
Cc1ccccc1,O,298.15,9.235471912613788
Cc1ccccc1,O,298.15,9.237157555335207
Cc1ccccc1,O,298.15,9.336743921778021
Cc1ccccc1,O,298.16,9.005494639831529
Cc1ccccc1,O,301.8,8.800730184885747
Cc1ccccc1,O,302.5,9.173872426479
Cc1ccccc1,O,302.6,9.184515768926298
Cc1ccccc1,O,302.85,8.7649528645906
Cc1ccccc1,O,302.9,9.164904625451886
Cc1ccccc1,O,303.0,9.459533663347038
Cc1ccccc1,O,303.15,8.823796620606405
Cc1ccccc1,O,303.15,8.951613683499803
Cc1ccccc1,O,303.15,9.056192192145799
Cc1ccccc1,O,303.15,9.076111593377437
Cc1ccccc1,O,303.15,9.104330756809954
Cc1ccccc1,O,303.15,9.105990456600935
Cc1ccccc1,O,303.2,9.098866764946992
Cc1ccccc1,O,305.35,9.030581927601379
Cc1ccccc1,O,308.15,9.062350674262397
Cc1ccccc1,O,308.15,9.06888279282118
Cc1ccccc1,O,308.15,9.081947753207606
Cc1ccccc1,O,308.15,9.08521356169547
Cc1ccccc1,O,308.15,9.175030242513541
Cc1ccccc1,O,308.15,9.289345618596137
Cc1ccccc1,O,308.2,9.071694206889964
Cc1ccccc1,O,308.26,8.938592014312718
Cc1ccccc1,O,308.95,9.058381954052495
Cc1ccccc1,O,312.4,9.116638298475541
Cc1ccccc1,O,313.15,8.828794406676037
Cc1ccccc1,O,313.15,8.840043063513251
Cc1ccccc1,O,313.15,8.875396167319272
Cc1ccccc1,O,313.15,8.894679861183063
Cc1ccccc1,O,313.15,8.991097951346903
Cc1ccccc1,O,313.15,9.005559686508679
Cc1ccccc1,O,313.15,9.03769980283508
Cc1ccccc1,O,313.2,9.029238071586958
Cc1ccccc1,O,313.25,8.999895845639381
Cc1ccccc1,O,318.15,8.86183057375042
Cc1ccccc1,O,318.15,8.985202332993122
Cc1ccccc1,O,318.15,9.02474546360775
Cc1ccccc1,O,318.15,9.086432241164882
Cc1ccccc1,O,318.2,8.987966524364063
Cc1ccccc1,O,318.25,8.952781343845938
Cc1ccccc1,O,318.46,8.938173316770946
Cc1ccccc1,O,323.15,8.87027247872259
Cc1ccccc1,O,323.15,8.887402728129342
Cc1ccccc1,O,323.15,8.971492907150653
Cc1ccccc1,O,323.2,8.93219006094142
Cc1ccccc1,O,328.15,8.873587095867073
Cc1ccccc1,O,329.6,8.852998062541484
Cc1ccccc1,O,333.15,8.716360393562175
Cc1ccccc1,O,333.15,8.740528724300805
Cc1ccccc1,O,333.15,8.791885764416985
Cc1ccccc1,O,333.15,8.84626381786314
Cc1ccccc1,O,345.8,8.697738171031087
Cc1ccncc1,O,298.15,3.7364712815169647
Clc1ccccc1,O,281.75,9.282716845951757
Clc1ccccc1,O,283.15,9.462366768969428
Clc1ccccc1,O,283.15,9.569000344441529
Clc1ccccc1,O,288.15,9.340139809511028
Clc1ccccc1,O,290.55,9.312102420911721
Clc1ccccc1,O,292.55,9.320977939471694
Clc1ccccc1,O,293.15,9.447268478261009
Clc1ccccc1,O,293.15,9.464439807410837
Clc1ccccc1,O,293.15,9.48160338639967
Clc1ccccc1,O,293.15,9.60176740578042
Clc1ccccc1,O,294.15,9.348744871703682
Clc1ccccc1,O,294.15,9.382956651222289
Clc1ccccc1,O,295.65,9.312978184439329
Clc1ccccc1,O,297.35,9.285503501541191
Clc1ccccc1,O,298.15,8.961995672539324
Clc1ccccc1,O,298.15,9.198289045576757
Clc1ccccc1,O,298.15,9.265803460675329
Clc1ccccc1,O,298.15,9.417704073762875
Clc1ccccc1,O,298.15,9.58648651574606
Clc1ccccc1,O,298.15,9.670874304845492
Clc1ccccc1,O,298.2,8.95976652653895
Clc1ccccc1,O,301.85,9.249589930867268
Clc1ccccc1,O,302.15,9.236173797007153
Clc1ccccc1,O,303.15,9.224923519100926
Clc1ccccc1,O,303.15,9.424120220337427
Clc1ccccc1,O,303.15,9.444036053224183
Clc1ccccc1,O,303.15,9.44735526977601
Clc1ccccc1,O,303.15,9.455652377261343
Clc1ccccc1,O,303.15,9.477232830220407
Clc1ccccc1,O,308.25,9.166425056401017
Clc1ccccc1,O,313.15,8.910986447703975
Clc1ccccc1,O,313.15,9.076502646722325
Clc1ccccc1,O,313.15,9.110248176538928
OC1CCCCC1,O,298.15,4.972718796750344
OC1CCCCC1,O,323.15,4.987755537289413
OC1CCCCC1,O,333.15,5.028206675844481
O=C1CCCCC1,O,333.15,4.690273911233281
O=C1CCCCC1,O,343.15,4.668069864957137
O=C1CCCCC1,O,353.15,4.666133573946208
Oc1ccccc1,O,323.15,3.902893457640381
Oc1ccccc1,O,333.15,3.8408341531107086
Oc1ccccc1,O,343.18,3.7456188913065374
Oc1ccccc1,O,347.7,3.638172829707157
Oc1ccccc1,O,349.05,3.6992257461680804
Oc1ccccc1,O,349.25,3.7365261075812892
Oc1ccccc1,O,353.12,3.5947857840614805
Oc1ccccc1,O,356.34,3.6447394611197352
Oc1ccccc1,O,357.8,3.5613698938079077
Oc1ccccc1,O,361.85,3.6031064009938127
Oc1ccccc1,O,361.99,3.5436629124232213
Oc1ccccc1,O,363.14,3.5124584547409388
Oc1ccccc1,O,365.4,3.424422250977492
Oc1ccccc1,O,366.86,3.482045918414364
Oc1ccccc1,O,371.65,3.5339434660128375
Oc1ccccc1,O,373.15,3.6301772021100627
Cc1cccnc1,O,298.15,3.882266643673006
CCCCOC(=O)CCC,O,293.15,9.359243019224692
CCCCOC(=O)CCC,O,302.85,9.537923214751478
CCCCOC(=O)CCC,O,312.75,9.622741371085459
CCCCOC(=O)CCC,O,323.15,9.639665225612012
CCCCOC(=O)CCC,O,333.05,9.7240617988542
CCCCOC(=O)CCC,O,343.35,9.726696673310206
CCCCOC(=O)CCC,O,353.15,9.687102361966382
CCCCOC(=O)CCC,O,363.45,9.649162883738343
CCCOC(C)=O,O,273.35,5.125908516137082
CCCOC(C)=O,O,283.15,5.365527316240767
CCCOC(C)=O,O,293.15,5.539540492928713
CCCOC(C)=O,O,293.15,5.608203592087855
CCCOC(C)=O,O,298.15,5.482033783405554
CCCOC(C)=O,O,298.15,5.549542901989202
CCCOC(C)=O,O,298.15,5.583300800949484
CCCOC(C)=O,O,298.15,5.6001796725736375
CCCOC(C)=O,O,298.15,5.701446414858653
CCCOC(C)=O,O,303.15,5.627700247250142
CCCOC(C)=O,O,303.15,5.74390022125209
CCCOC(C)=O,O,303.25,5.690656707437273
CCCOC(C)=O,O,308.15,5.786955661876955
CCCOC(C)=O,O,313.15,5.701964155849417
CCCOC(C)=O,O,313.25,5.779025992310212
CCCOC(C)=O,O,323.15,5.763104287401009
CCCOC(C)=O,O,323.25,5.822264525203999
CCCOC(C)=O,O,333.15,5.766497459161016
CCCOC(C)=O,O,333.25,5.854143124240932
CCCOC(C)=O,O,343.25,5.845872140562276
CCCCBr,O,298.15,9.417549644277916
CCCCBr,O,303.15,9.43972043575617
CCCCC,O,273.2,11.274127520527108
CCCCC,O,277.15,11.489953621007944
CCCCC,O,283.15,11.45365729775314
CCCCC,O,283.2,11.486686206940185
CCCCC,O,286.65,11.420909951786415
CCCCC,O,293.15,11.537871703931298
CCCCC,O,295.45,11.478918735349747
CCCCC,O,298.15,11.334848487191852
CCCCC,O,298.15,11.503629390044967
CCCCC,O,298.15,11.520506654990541
CCCCC,O,298.15,11.554259328463205
CCCCC,O,298.2,11.450647852717557
CCCCC,O,298.28,11.514374414735332
CCCCC,O,303.15,11.504748121445722
CCCCC,O,303.31,11.414412561918711
CCCCC,O,311.48,11.325636390464757
CCCCC,O,313.19,11.315028031570638
CCCCC,O,313.2,11.298524832712527
CCCCC,O,313.25,11.521240796573942
CCCCC,O,323.34,11.229046816987463
CCCCC,O,328.85,11.431453987090478
CCCCC,O,333.21,11.177259703060844
C=CCCC,O,298.15,10.170609711022548
CCCCCl,O,273.35,8.758269387404333
CCCCCl,O,278.15,8.809619492198717
CCCCCl,O,283.15,8.873378415461755
CCCCCl,O,285.65,8.957970100774979
CCCCCl,O,293.15,8.912174199575185
CCCCCl,O,293.15,8.920756492234805
CCCCCl,O,293.15,8.94135574116444
CCCCCl,O,298.15,8.042770211208635
CCCCCl,O,298.15,8.937307802974093
CCCCCl,O,298.15,8.96262488828945
CCCCCl,O,303.15,8.98490419460209
CCCCCl,O,308.15,8.975421513051286
CCCCN,O,298.15,2.0263136707485208
CCCC#N,O,298.15,4.772149652482776
CCCCS,O,288.15,8.72485105602336
CCCCS,O,292.8,8.768158892232123
CCCCS,O,298.15,8.722804751587736
CCCCS,O,308.15,8.68824481372968
CCCCS,O,312.8,8.667633568001994
CCCCS,O,318.15,8.599948524285365
CCCCS,O,332.8,8.429476110931006
CCCCS,O,333.15,8.344685718570501
CCOC=O,O,293.15,3.8283978885825816
CCOC=O,O,298.15,3.8518376621147805
CCOC=O,O,303.15,3.926371570644781
CCOC=O,O,303.15,4.075769780814546
CCOC=O,O,303.25,3.990251761192938
CCOC=O,O,313.15,3.70412268352663
CCOC=O,O,313.25,4.007069514110659
CCOC=O,O,323.25,4.028964798450258
CCOC=O,O,333.25,4.039441250785091
C1CCOC1,O,288.15,2.650350464302834
C1CCOC1,O,293.15,2.8026571033618155
C1CCOC1,O,298.15,2.833072157619292
C1CCOC1,O,298.15,2.8668301493131305
C1CCOC1,O,298.15,2.9005860803031362
C1CCOC1,O,308.15,3.025334764161573
C1CCOC1,O,308.15,3.155978622696088
C1CCOC1,O,318.15,3.178395438659848
C1CCOC1,O,323.15,3.2840716299473476
C1CCOC1,O,328.15,3.3414721469425333
c1ccsc1,O,288.15,7.127998628774648
c1ccsc1,O,298.15,7.133200180158179
c1ccsc1,O,298.15,7.33573827896526
c1ccsc1,O,308.15,7.176942368797674
c1ccsc1,O,318.15,7.160123596171431
c1ccsc1,O,333.15,6.9974497200008265
CC(=O)CCC(C)C,O,288.15,6.757945829032305
CC(=O)CCC(C)C,O,293.15,6.978567827186062
CC(=O)CCC(C)C,O,298.15,6.993116127932794
CC(=O)CCC(C)C,O,302.85,6.789964493295722
CC(=O)CCC(C)C,O,303.15,6.877972131577098
CC(=O)CCC(C)C,O,312.65,6.879412387221745
CC(=O)CCC(C)C,O,313.15,7.037949860639964
CC(=O)CCC(C)C,O,322.95,6.972578134692802
CC(=O)CCC(C)C,O,323.15,6.934523784196179
CC(=O)CCC(C)C,O,332.65,6.999185213087984
CC(=O)CCC(C)C,O,333.15,7.073456140759773
CC(=O)CCC(C)C,O,343.15,7.021744460399267
CC(=O)CCC(C)C,O,353.05,6.982677205499396
CC(=O)CCC(C)C,O,362.85,7.078881063015357
CC(=O)OCC(C)C,O,293.15,6.855869177340134
CC(=O)OCC(C)C,O,298.15,6.757074239651425
CC(=O)OCC(C)C,O,298.15,6.925850567251229
CC(=O)OCC(C)C,O,298.15,6.942736247877383
CC(=O)OCC(C)C,O,298.2,6.940725730652046
CC(=O)OCC(C)C,O,303.05,6.966448625321355
CC(=O)OCC(C)C,O,303.2,6.977188053697474
CC(=O)OCC(C)C,O,304.1,6.9421470438170445
CC(=O)OCC(C)C,O,308.2,7.014517811355055
CC(=O)OCC(C)C,O,312.85,7.081750602029617
CC(=O)OCC(C)C,O,313.2,7.052591283027586
CC(=O)OCC(C)C,O,316.9,7.027793547465953
CC(=O)OCC(C)C,O,318.2,7.075436859036577
CC(=O)OCC(C)C,O,333.6,7.01495809655915
CC(=O)OCC(C)C,O,333.65,7.028352129922369
CC(=O)OCC(C)C,O,342.6,6.927616728077693
CC(=O)OCC(C)C,O,343.25,7.112058459882479
CC(=O)OCC(C)C,O,353.35,7.0657926814219625
CCCCCC(C)=O,O,282.85,7.081506885093025
CCCCCC(C)=O,O,292.95,7.282960472460229
CCCCCC(C)=O,O,293.15,7.27400127393574
CCCCCC(C)=O,O,298.15,7.257601963327289
CCCCCC(C)=O,O,298.15,7.308234645577643
CCCCCC(C)=O,O,303.15,7.376845991646308
CCCCCC(C)=O,O,303.85,7.479531118611891
CCCCCC(C)=O,O,312.85,7.526227403549787
CCCCCC(C)=O,O,322.95,7.549151165551882
CCCCCC(C)=O,O,333.35,7.551654440573136
CCCCCC(C)=O,O,343.25,7.60795751401576
CCCCCC(C)=O,O,353.35,7.5174773713969545
CCCCCC(C)=O,O,363.65,7.500042910431035
CCCCCC,O,280.8,12.676457452118594
CCCCCC,O,283.15,13.235427742067422
CCCCCC,O,287.15,12.670397682043967
CCCCCC,O,293.15,12.720580481623692
CCCCCC,O,295.5,12.831960272967159
CCCCCC,O,298.09,13.080853646447576
CCCCCC,O,298.15,12.790651392784259
CCCCCC,O,298.15,12.875042393271857
CCCCCC,O,298.15,13.128214227749076
CCCCCC,O,298.15,13.14509113409974
CCCCCC,O,298.15,13.161970554332402
CCCCCC,O,298.15,13.296993766180613
CCCCCC,O,303.15,13.009217075464468
CCCCCC,O,303.95,13.099274877536923
CCCCCC,O,308.15,12.830076050360553
CCCCCC,O,310.93,12.947462221213858
CCCCCC,O,313.15,12.979273302936438
CCCCCC,O,313.15,13.413150623809525
CCCCCC,O,313.25,13.070575223752021
CCCCCC,O,323.15,12.675369775263892
CCCCCC,O,328.85,12.805392546245965
CCCCCC,O,333.15,12.69567667574337
CCCCCC,O,333.15,13.284767900357924
CCCCCC,O,342.85,12.643433628621901
CCCCCC,O,342.85,12.658112767760786
CCCCCC,O,343.45,12.792653027610072
CCCCC#N,O,298.15,6.013651584340012
CCCCC=O,O,298.15,5.4230362932055325
OCCCCO,O,299.4,1.0339990980761775
OCCCCO,O,309.1,0.9736611232452792
OCCCCO,O,318.4,1.0948452020988655
OCCCCO,O,326.8,1.1084999112845304
OCCCCO,O,337.6,1.1159805828292018
OCCCCO,O,349.9,1.1377592811553714
OCCCCO,O,373.15,1.2032005061804807
CCCOC=O,O,293.15,5.007817995902639
CCCOC=O,O,298.15,5.120619105831329
CCCOC=O,O,303.15,5.115397630880768
CCCOC=O,O,313.15,4.869693656153827
C1CCCCC1,O,288.36,10.879585631171953
C1CCCCC1,O,289.15,11.230282673984485
C1CCCCC1,O,289.25,11.258266736460357
C1CCCCC1,O,293.15,11.113079042443358
C1CCCCC1,O,294.25,11.293311925825348
C1CCCCC1,O,298.1,11.290506650970476
C1CCCCC1,O,298.15,10.984261683074358
C1CCCCC1,O,298.15,11.169919530153532
C1CCCCC1,O,298.15,11.321821858616676
C1CCCCC1,O,298.15,11.355577847044355
C1CCCCC1,O,298.15,11.389334219271488
C1CCCCC1,O,298.26,10.874400930351083
C1CCCCC1,O,298.75,11.275693131212916
C1CCCCC1,O,302.25,11.257648625267123
C1CCCCC1,O,308.15,11.17793792564033
C1CCCCC1,O,308.36,10.874474781329312
C1CCCCC1,O,313.15,11.063246679583042
C1CCCCC1,O,313.15,11.2239425467854
C1CCCCC1,O,313.35,11.18273942872504
C1CCCCC1,O,318.36,10.849393395746052
C1CCCCC1,O,323.15,11.081668590423362
C1CCCCC1,O,333.14,10.997867564408986
C1CCCCC1,O,343.15,10.833787692783346
C1=CCCCC1,O,278.26,9.699429459649265
C1=CCCCC1,O,288.36,9.638701357561251
C1=CCCCC1,O,293.15,9.909896968276867
C1=CCCCC1,O,296.15,9.929783756734707
C1=CCCCC1,O,298.15,9.979128277994544
C1=CCCCC1,O,298.26,9.638466762627425
C1=CCCCC1,O,308.36,9.627865794576714
C1=CCCCC1,O,318.36,9.603294206147275
c1ccncc1,O,298.15,2.7902751413578795
c1ccncc1,O,298.15,2.857791172440768
c1ccncc1,O,298.15,2.992813016666928
c1ccncc1,O,333.15,3.174547691018658
c1ccncc1,O,343.15,3.2063821023348034
c1ccncc1,O,343.15,3.235709342836108
c1ccncc1,O,353.15,3.24068036856054
c1ccncc1,O,353.15,3.2549299913386465
c1ccncc1,O,356.32,3.1520905149232497
c1ccncc1,O,362.06,3.032975070381329
c1ccncc1,O,363.15,2.9996794731019185
c1ccncc1,O,366.87,2.989523036076247
c1ccncc1,O,372.8,3.2395094793146657
c1ccncc1,O,373.15,2.842272188544562
C1CCNCC1,O,333.15,2.4817934755525837
C1CCNCC1,O,343.15,1.8918129273350286
C1CCNCC1,O,363.15,1.9329580602885363
C1CCNCC1,O,373.15,1.971533338977221
CC(C)CNCC(C)C,O,283.15,7.969032542136641
CC(C)CNCC(C)C,O,293.15,8.302092211745212
CCCCCCCC(=O)OC,O,304.16,11.627387436437244
CCCCCCCC(=O)OC,O,312.82,11.60853559978355
CCCCCCCC(=O)OC,O,313.87,11.482459040964635
CCCCCCCC(=O)OC,O,323.22,11.886129055122252
CCCCCCCC(=O)OC,O,333.34,11.601000442802563
CCCCCCC(C)=O,O,282.85,8.265318320402352
CCCCCCC(C)=O,O,292.35,8.42522043620967
CCCCCCC(C)=O,O,298.15,8.300205652913364
CCCCCCC(C)=O,O,302.85,8.934511768755389
CCCCCCC(C)=O,O,313.55,8.897534660722243
CCCCCCC(C)=O,O,323.15,8.783399297320296
CCCCCCC(C)=O,O,333.55,8.815485772795283
CCCCCCC(C)=O,O,353.75,8.821488988485044
CCCCCCC(C)=O,O,364.15,8.912576986760145
CCCCCCC(=O)O,O,293.15,7.87862510109929
CCCCCCC(=O)O,O,298.15,7.529132521286524
CCCCCCC(=O)O,O,298.15,7.832934391901697
CCCCCCC(=O)O,O,303.15,7.824437934044365
CCCCCCC(=O)O,O,313.15,7.751101054445194
CCCCCCC(=O)O,O,323.15,7.691332569332827
CCCCCCC(=O)O,O,333.15,7.613492866681373
CCCCCCC(=O)O,O,343.15,7.518970885750264
CCCCCCO,O,283.15,6.822777832153492
CCCCCCO,O,283.15,6.8760943187539425
CCCCCCO,O,293.15,6.961883551020356
CCCCCCO,O,293.15,7.013375760845821
CCCCCCO,O,298.15,6.594049508438615
CCCCCCO,O,298.15,6.6278058987214425
CCCCCCO,O,298.15,6.678440223049093
CCCCCCO,O,298.15,6.914730892718563
CCCCCCO,O,298.15,6.948484469196206
CCCCCCO,O,298.15,7.066637604042329
CCCCCCO,O,298.2,6.861297642354015
CCCCCCO,O,302.85,6.888738602745491
CCCCCCO,O,303.15,6.87236952297164
CCCCCCO,O,303.15,6.905568890575984
CCCCCCO,O,304.07,6.8720939038630675
CCCCCCO,O,306.24,6.88705857211591
CCCCCCO,O,312.95,6.988191755272481
CCCCCCO,O,313.15,6.881392822978955
CCCCCCO,O,313.15,6.977812916737572
CCCCCCO,O,313.15,7.009950791296807
CCCCCCO,O,313.26,6.891790517647881
CCCCCCO,O,323.15,6.99527152850218
CCCCCCO,O,323.15,7.010844216558948
CCCCCCO,O,323.15,7.026417927665528
CCCCCCO,O,323.15,7.259995403630756
CCCCCCO,O,333.15,6.977850209645398
CCCCCCO,O,333.15,6.992960024996364
CCCCCCO,O,333.15,7.023171070481263
CCCCCCO,O,343.15,6.9137870512138555
CCCOCCC,O,283.15,7.223813415681597
CCCOCCC,O,288.15,7.304273818965395
CCCOCCC,O,293.15,7.538787665470283
CCCOCCC,O,298.15,7.345616584065706
CCCOCCC,O,298.15,7.716937301330978
CCCOCCC,O,298.15,7.750692215777994
CCCOCCC,O,303.25,7.829260392308848
CCCCCCCC,O,288.15,15.82581234236997
CCCCCCCC,O,293.15,15.953433249394182
CCCCCCCC,O,298.15,15.859600790681446
CCCCCCCC,O,298.15,15.977747937052513
CCCCCCCC,O,298.15,16.02838208087667
CCCCCCCC,O,298.15,16.079015887871112
CCCCCCCC,O,298.15,16.11277250813946
CCCCCCCC,O,298.15,16.50096744141374
CCCCCCCC,O,303.05,15.927133673004768
CCCCCCCC,O,303.45,15.933314271279148
CCCCCCCC,O,310.9,15.930439892573663
CCCCCCCC,O,313.25,16.308525909854346
C=CCCCCCC,O,298.15,14.649332307806988
C=CCCCCCC,O,310.93,14.435941873862141
CCCCCCCO,O,278.15,8.189114034157281
CCCCCCCO,O,283.15,8.213116119105427
CCCCCCCO,O,283.35,7.915063353241347
CCCCCCCO,O,283.69,7.92730993019125
CCCCCCCO,O,288.23,8.007553530784541
CCCCCCCO,O,291.09,8.06079261962832
CCCCCCCO,O,291.15,8.644486417073614
CCCCCCCO,O,293.15,7.960463235459272
CCCCCCCO,O,293.15,8.114955868400415
CCCCCCCO,O,293.15,8.32094713722018
CCCCCCCO,O,293.18,8.095830381855269
CCCCCCCO,O,293.35,8.050425919511902
CCCCCCCO,O,295.05,8.128189841994683
CCCCCCCO,O,297.11,8.148457233556323
CCCCCCCO,O,298.14,8.150274530733762
CCCCCCCO,O,298.15,7.997733736497603
CCCCCCCO,O,298.15,8.082124180049494
CCCCCCCO,O,298.15,8.11587945443055
CCCCCCCO,O,298.15,8.149636397180501
CCCCCCCO,O,298.15,8.250904636985393
CCCCCCCO,O,298.22,8.162051357378001
CCCCCCCO,O,299.19,8.167780385632168
CCCCCCCO,O,301.17,8.193729179778135
CCCCCCCO,O,303.15,8.020694446046257
CCCCCCCO,O,303.15,8.153490755252557
CCCCCCCO,O,303.15,8.203290339321374
CCCCCCCO,O,303.29,8.211186918256912
CCCCCCCO,O,303.31,8.209944943711289
CCCCCCCO,O,303.75,8.248942435503263
CCCCCCCO,O,306.05,8.222709372778858
CCCCCCCO,O,308.05,8.232062528017133
CCCCCCCO,O,312.95,8.198903446851173
CCCCCCCO,O,313.15,8.058593094041152
CCCCCCCO,O,313.15,8.219288377677602
CCCCCCCO,O,313.15,8.460330733776932
CCCCCCCO,O,323.15,8.574580579039688
CCCCCCCO,O,323.25,8.241987629275059
CCCCCCCO,O,333.15,8.12083548473861
CCCCCCCO,O,333.15,8.166150925548243
CCCCCCCO,O,333.15,8.589087715700634
CCCCCCCO,O,343.15,8.365867849892497
CCCCCCCO,O,343.15,8.527179165198545
CCCCCCCO,O,343.25,8.038302186180593
CCCCCCCO,O,353.15,8.096007154535206
CCCCCCCO,O,353.15,8.224251980574325
CCCCCCCO,O,353.25,7.991588899112438
CCCCCCCO,O,363.15,7.921782336097301
CCCCCCCO,O,363.15,7.963355677056955
CCCCCCCO,O,363.65,7.8859460542708195
CCCCCCCCC,O,298.15,17.56439326441402
CCCCCCCCC,O,298.15,17.868197707356956
CCCCCCCCO,O,278.15,9.82041024511876
CCCCCCCCO,O,283.15,9.834780354526337
CCCCCCCCO,O,288.15,9.538261869287462
CCCCCCCCO,O,288.15,9.852609961205772
CCCCCCCCO,O,293.15,9.787919561855293
CCCCCCCCO,O,293.15,9.822250381775506
CCCCCCCCO,O,293.15,9.856579366334692
CCCCCCCCO,O,293.65,9.63098304918408
CCCCCCCCO,O,298.15,9.341052795036907
CCCCCCCCO,O,298.15,9.459198452570382
CCCCCCCCO,O,298.15,9.492952111989851
CCCCCCCCO,O,298.15,9.543585980054386
CCCCCCCCO,O,298.15,9.577341813632218
CCCCCCCCO,O,298.15,9.627977763014904
CCCCCCCCO,O,298.15,9.779878201821505
CCCCCCCCO,O,298.15,9.796759435470996
CCCCCCCCO,O,303.15,9.726111745335166
CCCCCCCCO,O,303.75,9.36947859331448
CCCCCCCCO,O,308.15,9.677822073834653
CCCCCCCCO,O,313.15,9.425862957359028
CCCCCCCCO,O,313.15,9.570487281660293
CCCCCCCCO,O,313.15,9.61869463578504
CCCCCCCCO,O,313.15,9.666904088855215
CCCCCCCCO,O,313.25,9.355072550932205
CCCCCCCCO,O,318.15,9.549231110234617
CCCCCCCCO,O,323.15,9.501052848112993
CCCCCCCCO,O,333.15,9.343865514581173
CCCCCCCCO,O,333.15,9.434491415599533
CCCCCCCCO,O,333.15,9.585538693948006
CCCCNCCCC,O,283.15,7.089159748713608
CCCCNCCCC,O,293.15,6.98072689143796
CCCCNCCCC,O,293.15,7.289712905288262
CCCCNCCCC,O,303.15,7.285725852780908
CCCCNCCCC,O,303.15,7.468319188736555
CCCCNCCCC,O,313.15,7.514271010370738
CCCCNCCCC,O,323.15,7.6108379387998175
CCCCCCCOC(C)=O,O,282.35,10.932127919175104
CCCCCCCOC(C)=O,O,292.75,10.783466934951127
CCCCCCCOC(C)=O,O,303.75,10.607903501359239
CCCCCCCOC(C)=O,O,313.45,10.6616684441069
CCCCCCCOC(C)=O,O,323.15,10.692128986866837
CCCCCCCOC(C)=O,O,333.35,10.735256895734235
CCCCCCCOC(C)=O,O,343.35,10.827980553640142
CCCCCCCOC(C)=O,O,353.55,10.94601790657611
CCCCCCCOC(C)=O,O,363.75,10.7059262621864
CCCCCCCCOC(C)=O,O,292.35,10.968377583799205
CCCCCCCCOC(C)=O,O,302.85,11.039381174976468
CCCCCCCCOC(C)=O,O,313.15,11.030858971042209
CCCCCCCCOC(C)=O,O,323.65,11.113584565554964
CCCCCCCCOC(C)=O,O,344.35,11.026785949708417
CCCCCCCCOC(C)=O,O,353.75,11.197883158320671
CCCCCCCOC=O,O,292.65,8.827230512804654
CCCCCCCOC=O,O,302.85,8.896436151123625
CCCCCCCCCCO,O,288.15,12.62666607467392
CCCCCCCCCCO,O,298.15,12.333528745882244
CCCCCCCCCCO,O,298.15,12.367285472447199
CCCCCCCCCCO,O,298.15,12.451674119251605
CCCCCCCCCCO,O,298.15,12.485430164835723
CCCCCCCCCC=O,O,293.15,10.240034786344982
CCCCCCCCCC=O,O,303.15,10.691613039654746
CCCCCCCCCC=O,O,313.15,10.715856732946712
CCCCCCCCCC=O,O,323.15,10.742195049751903
CCCCCCCCCC=O,O,333.15,10.75571111883389
CCCCCCCCCC=O,O,343.15,10.347246662481972
CCCCCCCCCC=O,O,353.15,10.365137637885569
CCCCCCCCCC=O,O,363.15,10.067683325346001
CCCCCCCCOC=O,O,282.35,10.130407962531834
CCCCCCCCOC=O,O,292.15,10.203232821178139
CCCCCCCCOC=O,O,302.55,10.600664104265704
CCCCCCCCOC=O,O,312.65,10.489210979314453
CCCCCCCCOC=O,O,323.15,9.8312447629244
CCCCCCCCOC=O,O,343.25,10.188764234354023
CCCCCCCCOC=O,O,353.35,10.344660801676486
CCCCCCCCOC=O,O,363.65,9.775142686598905
CCCCCCCCCCCC,O,296.15,21.679615392199793
CCCCCCCCCCCC,O,298.15,21.615136818999762
CCCCCCCCCCCCO,O,298.15,14.901905180649809
CCCCCCCCCCCCO,O,307.15,14.948498508122466
CCCCCCCCCCCCO,O,322.15,14.77079505416385
CCCCCCOCCOCCO,O,328.07,6.427127411858895
CCCCCCOCCOCCO,O,333.15,6.3793764959685575
CCCCCCOCCOCCO,O,338.13,6.4749009883045865
CCCCCCOCCOCCO,O,343.27,6.416101364571204
CCCCCCOCCOCCO,O,348.17,6.387616421373572
CCCCCCOCCOCCO,O,353.15,6.430130683805038
CCCCCCOCCOCCO,O,357.6,6.385221380083985
CCCCCCOCCOCCO,O,362.8,6.3942477287308845
CCCCCCOCCOCCO,O,367.7,6.391075888640481
CCCCCCOCCOCCO,O,372.8,6.409115110079948
CCCCCCOCCOCCO,O,377.2,6.404070763367513
CCCCCCOCCOCCO,O,382.5,6.418205053661431
CCCCCCCCCCCCCCO,O,318.15,17.71967274798057
c1ccc2c(c1)CCCC2,O,374.15,11.596678205031603
Clc1ccc(Cl)c(Cl)c1,O,303.15,12.456648467775452
O=C1CCCC1,O,298.15,3.3967307544517005
CCN(CC)CC,O,298.15,4.234406459606258
CN(C)c1ccccc1,O,283.15,8.759576074150388
CN(C)c1ccccc1,O,293.15,8.647645849597819
CN(C)c1ccccc1,O,303.15,8.519839686357143
CN(C)c1ccccc1,O,323.15,8.453584371306038
CN(C)c1ccccc1,O,333.15,8.47240919184262
CN(C)c1ccccc1,O,343.15,8.54067922272155
CN(C)c1ccccc1,O,353.15,8.32597215143525
CN(C)c1ccccc1,O,363.15,8.25306617421264
CC(=O)Oc1ccccc1,O,324.15,6.908495005317137
CC(C)CC(=O)CC(C)CC(C)C,O,282.75,11.110737481219426
CC(C)CC(=O)CC(C)CC(C)C,O,312.85,11.205232503537308
CC(C)CC(=O)CC(C)CC(C)C,O,323.25,11.081054264603512
CC(C)CC(=O)CC(C)CC(C)C,O,353.15,11.12144609883668
CCCC(=O)CCC,O,282.75,7.153168998942075
CCCC(=O)CCC,O,283.15,7.17018877182252
CCCC(=O)CCC,O,292.65,7.29899975145033
CCCC(=O)CCC,O,293.15,7.208222768540317
CCCC(=O)CCC,O,302.85,7.315431274609682
CCCC(=O)CCC,O,303.15,7.468849972796959
CCCC(=O)CCC,O,312.85,7.556637043244067
CCCC(=O)CCC,O,323.15,7.467279634166284
CCCC(=O)CCC,O,323.15,7.607431101504782
CCCC(=O)CCC,O,333.75,7.636158593356985
CCCC(=O)CCC,O,343.45,7.6724414203243985
CCCC(=O)CCC,O,348.15,7.6536561869779485
CCCC(=O)CCC,O,354.05,7.624555507582176
CCCC(=O)CCC,O,363.35,7.626735884573053
CCC=O,O,293.15,2.647082187000059
CCC=O,O,297.35,3.1539062775188436
CCC=O,O,298.15,2.5288278368459283
CCC=O,O,298.15,2.6300958668137335
CCC=O,O,298.15,2.7651234261285094
CCC=O,O,303.15,2.698235527713819
CCC=O,O,303.15,2.831034501513586
CCC=O,O,313.15,2.7036204040228244
CC(C)CCO,O,293.15,4.930306990088413
CC(C)CCO,O,298.15,5.2870390042513495
CC(C)CCO,O,303.15,5.03760174232607
CC(C)CCO,O,303.15,5.054199126341725
CC(C)CCO,O,313.15,5.118041715461003
CC(C)CCO,O,313.15,5.134108775081005
CC(C)CCO,O,323.15,5.173745715294986
CC(C)CCO,O,323.15,5.189316900969615
CC(C)CCO,O,333.15,5.176370047285811
CC(C)CCO,O,333.15,5.191472416328861
CC(C)CCO,O,343.15,5.188842844403001
CC(C)CCO,O,353.15,5.095974718596411
CC(C)CCO,O,371.15,5.011561531672429
CC(=O)CC(C)=O,O,303.15,3.7646801000296484
CC(=O)CC(C)=O,O,323.15,3.7296014436338583
CC(=O)CC(C)=O,O,333.15,3.661271847052386
CC(=O)CC(C)=O,O,343.15,3.4111279103390637
CC(=O)CC(C)=O,O,343.15,3.660428537939921
CC(=O)CC(C)=O,O,353.15,3.578567812948667
CC(=O)CC(C)=O,O,354.15,3.3179461989998362
CC(=O)CC(C)=O,O,363.15,3.2419749734469088
CC(=O)CC(C)=O,O,373.15,3.1698242265278336
CCCC=O,O,293.15,4.158864333183889
CCCC=O,O,298.15,3.8917835627420136
CCCC=O,O,298.15,4.128075877186113
CCCC=O,O,298.15,4.144953705965294
CCCC=O,O,298.15,4.246222661693681
CCCC=O,O,303.15,4.298983283736533
CCCC=O,O,308.15,4.188118714455007
CCCC=O,O,313.15,4.114230519379585
CCCCOC(C)=O,O,283.15,6.7201152039103755
CCCCOC(C)=O,O,292.85,6.926135326263567
CCCCOC(C)=O,O,293.15,6.861380395672182
CCCCOC(C)=O,O,293.15,6.98154462895263
CCCCOC(C)=O,O,293.15,7.015873987326884
CCCCOC(C)=O,O,298.1,6.919209429027253
CCCCOC(C)=O,O,298.15,6.714540607053545
CCCCOC(C)=O,O,298.15,6.917081652838381
CCCCOC(C)=O,O,298.15,6.933958944478773
CCCCOC(C)=O,O,298.15,6.967711442135736
CCCCOC(C)=O,O,298.15,6.984586682085989
CCCCOC(C)=O,O,298.15,7.001464177419488
CCCCOC(C)=O,O,298.15,7.11961136587841
CCCCOC(C)=O,O,298.2,6.999322097507557
CCCCOC(C)=O,O,303.15,6.924504228940106
CCCCOC(C)=O,O,303.15,6.990910062198179
CCCCOC(C)=O,O,303.15,7.05730395725399
CCCCOC(C)=O,O,303.2,7.05521792943091
CCCCOC(C)=O,O,303.45,7.1276936993473985
CCCCOC(C)=O,O,308.15,6.91850726861904
CCCCOC(C)=O,O,308.15,7.14713431859675
CCCCOC(C)=O,O,308.2,7.096116891193358
CCCCOC(C)=O,O,310.3,7.044059074942518
CCCCOC(C)=O,O,312.75,7.156473005415775
CCCCOC(C)=O,O,313.15,7.012061238791353
CCCCOC(C)=O,O,313.15,7.044198677598685
CCCCOC(C)=O,O,313.2,7.154709102519406
CCCCOC(C)=O,O,317.55,7.128455848645207
CCCCOC(C)=O,O,317.6,6.999769122744558
CCCCOC(C)=O,O,318.15,7.0105104035542825
CCCCOC(C)=O,O,318.2,7.182564855211243
CCCCOC(C)=O,O,323.15,7.011556579695878
CCCCOC(C)=O,O,323.15,7.058267920594749
CCCCOC(C)=O,O,323.15,7.167277045839916
CCCCOC(C)=O,O,328.15,7.014940129528651
CCCCOC(C)=O,O,333.15,7.02044090042503
CCCCOC(C)=O,O,333.15,7.035541449378067
CCCCOC(C)=O,O,333.35,7.164410972828795
CCCCOC(C)=O,O,341.8,7.037809382839615
CCCCOC(C)=O,O,343.35,7.220768784325388
CCCCOC(C)=O,O,353.25,7.198617290065543
CCCCOC(C)=O,O,363.65,6.905246133708334
CCCCOC(C)=O,O,363.65,7.1999919634235985
C1COCCO1,O,288.15,1.6362103119869418
C1COCCO1,O,288.15,1.7235305915377923
C1COCCO1,O,298.15,1.7498361740543507
C1COCCO1,O,298.15,1.7835928798949945
C1COCCO1,O,298.15,1.8342265099175912
C1COCCO1,O,308.15,1.8632363640839236
C1COCCO1,O,308.15,1.9448881984702246
C1COCCO1,O,318.15,1.944145736251262
C1COCCO1,O,328.15,2.0716147420374487
C1COCCO1,O,338.15,2.12191537116921
C1COCCO1,O,348.15,2.1445619247529133
CC(=O)OCCC(C)C,O,282.25,8.019494366335309
CC(=O)OCCC(C)C,O,292.55,8.242727397927073
CC(=O)OCCC(C)C,O,296.9,8.255433544130934
CC(=O)OCCC(C)C,O,298.15,8.111931062706361
CC(=O)OCCC(C)C,O,298.15,8.297590862565896
CC(=O)OCCC(C)C,O,303.15,8.082470215781134
CC(=O)OCCC(C)C,O,303.15,8.19866695766945
CC(=O)OCCC(C)C,O,303.45,8.267867356001808
CC(=O)OCCC(C)C,O,310.1,8.360448149139152
CC(=O)OCCC(C)C,O,312.85,8.383844639218243
CC(=O)OCCC(C)C,O,320.7,8.393937960573194
CC(=O)OCCC(C)C,O,339.3,8.38735553995125
CC(=O)OCCC(C)C,O,343.35,8.26197056463828
CC(=O)OCCC(C)C,O,345.5,8.378170175967321
CC(=O)OCCC(C)C,O,353.45,8.361925554691476
CC(=O)OCCC(C)C,O,358.6,8.216044854454056
CC(=O)OCCC(C)C,O,363.85,8.231272233957355
CCCCCCC(C)O,O,283.15,8.43915813373076
CCCCCCC(C)O,O,293.15,8.862268316844718
CCCCCCC(C)O,O,293.25,8.683705437003429
CCCCCCC(C)O,O,298.15,8.860033679043301
CCCCCCC(C)O,O,298.15,8.961301923116606
CCCCCCC(C)O,O,302.75,8.922314240342828
CCCCCCC(C)O,O,312.65,8.961581532537418
CCCCCCC(C)O,O,323.15,9.012084536169752
CCCCCCC(C)O,O,333.45,8.982971657216911
CCCCCCC(C)O,O,343.25,8.89505823104411
CCCCCCC(C)O,O,353.25,8.844621800290472
CCCCCCC(C)O,O,363.65,8.66751483554823
CCCCCCCCCCCCCC(=O)OCC,O,313.15,9.620082985167896
CCCCCCCCCCCCCC(=O)OCC,O,333.15,9.594404776544263
CCCCCCCC=O,O,313.15,9.811547686837264
CCCCCCCC=O,O,323.5,9.756349725076655
CCCCCCCC=O,O,333.15,9.715300829230952
CCCCCCCC=O,O,344.3,9.655929631168501
CCCCCCCC=O,O,353.15,9.596072050393959
CCCCCCCC=O,O,363.15,9.552013346996567
CCCCCCCCCC,O,293.15,19.80980609403882
CCCCCCCCCC,O,298.15,19.809756234145112
CCCCCCCCC=O,O,298.15,11.320816568039398
CCCCCCCCC=O,O,303.15,11.435394101231077
ClC(Cl)=C(Cl)Cl,O,282.65,10.46504146110181
ClC(Cl)=C(Cl)Cl,O,292.65,10.395524774505333
ClC(Cl)=C(Cl)Cl,O,293.15,10.476837169640477
ClC(Cl)=C(Cl)Cl,O,293.15,10.497435751694878
ClC(Cl)=C(Cl)Cl,O,298.0,10.692753676671884
ClC(Cl)=C(Cl)Cl,O,298.15,10.502969449707573
ClC(Cl)=C(Cl)Cl,O,298.15,10.74938800843689
ClC(Cl)=C(Cl)Cl,O,298.15,10.832935349379431
ClC(Cl)=C(Cl)Cl,O,304.25,10.645505846369991
ClC(Cl)=C(Cl)Cl,O,313.15,10.678005020683758
ClC(Cl)=C(Cl)Cl,O,313.15,10.927083507897464
ClC(Cl)=C(Cl)Cl,O,323.0,10.520981336619881
ClC(Cl)=C(Cl)Cl,O,323.25,10.425896826028856
ClC(Cl)=C(Cl)Cl,O,334.45,10.316156649492795
CC(=O)N(C)C,O,349.03,0.38318541541708295
CC(=O)N(C)C,O,351.15,0.3237126062359053
CC(=O)N(C)C,O,353.5,0.5466347548546097
CC(=O)N(C)C,O,353.5,0.5893410118343562
CC(=O)N(C)C,O,363.87,0.7319928233831434
CC(=O)N(C)C,O,363.87,0.8149709304127856
CC(=O)N(C)C,O,370.86,0.7559576469706205
CC(=O)N(C)C,O,372.28,0.7226962740164955
COC(=O)c1ccccc1C(=O)OC,O,293.16,7.779722058299229
COC(=O)c1ccccc1C(=O)OC,O,303.15,8.132565469174546
COC(=O)c1ccccc1C(=O)OC,O,313.15,8.043290771754833
COC(=O)c1ccccc1C(=O)OC,O,313.15,8.059361581660625
COC(=O)c1ccccc1C(=O)OC,O,323.15,7.8641701619404465
COC(=O)c1ccccc1C(=O)OC,O,323.15,7.879741800026524
C=CCOC(=O)c1ccccc1C(=O)OCC=C,O,293.15,11.122585887101398
CCC(C)c1ccccc1,O,298.15,12.838439567162858
CCC(C)CO,O,293.15,4.877393383377327
CCC(C)CO,O,293.15,4.911727985708679
CCC(C)CO,O,303.15,5.0040939460528335
CCC(C)CO,O,303.15,5.053892720543152
CCC(C)CO,O,313.15,5.086620550667463
CCC(C)CO,O,313.15,5.150901457156883
CCC(C)CO,O,323.15,5.144215852178804
CCC(C)CO,O,323.15,5.190932581215896
CCC(C)CO,O,333.15,5.133371966137588
CCC(C)CO,O,333.15,5.178688879092506
CCC(C)CO,O,343.15,5.132988610830353
CCC(C)CO,O,353.15,5.070531807769023
CCC(C)CO,O,363.15,5.089317076130451
CC(=O)OCc1ccccc1,O,282.85,8.186751136647267
CC(=O)OCc1ccccc1,O,293.15,8.0943143403542
CC(=O)OCc1ccccc1,O,303.85,8.171249037483847
CC(=O)OCc1ccccc1,O,313.45,7.994035168590676
CC(=O)OCc1ccccc1,O,322.95,7.891270920419171
CC(=O)OCc1ccccc1,O,333.25,7.785970242004062
CC(=O)OCc1ccccc1,O,343.55,7.669060983057548
N#CCc1ccccc1,O,283.15,8.633563674334026
N#CCc1ccccc1,O,293.15,8.611511970854673
N#CCc1ccccc1,O,303.15,8.330350228453282
N#CCc1ccccc1,O,313.15,8.104062779790318
N#CCc1ccccc1,O,323.15,7.849596791700297
C=CC(=O)OCCCC,O,293.15,8.726114484173591
C=CC(=O)OCCCC,O,303.15,8.525139535430412
C=CC(=O)OCCCC,O,308.15,8.572264539960887
C=CC(=O)OCCCC,O,313.15,8.700669081710847
C=CC(=O)OCCCC,O,318.15,8.590081133922073
C=CC(=O)OCCCC,O,322.15,8.527523648032254
C=CC(=O)OCCCC,O,332.65,8.370887988526528
C=CC(=O)OCCCC,O,338.15,8.349138970419785
C=CC(=O)OCCCC,O,343.65,8.286226619918157
C=CC(=O)OCCCC,O,352.65,8.115063514567566
C=CC(=O)OCCCC,O,358.95,8.004532551704518
CCOC(C)=O,O,273.35,3.7554604192919174
CCOC(C)=O,O,283.15,3.9677868918109587
CCOC(C)=O,O,288.15,4.067654873468627
CCOC(C)=O,O,288.15,4.137511006371375
CCOC(C)=O,O,293.15,4.131153716056096
CCOC(C)=O,O,293.15,4.1483196739872685
CCOC(C)=O,O,293.15,4.199816571664264
CCOC(C)=O,O,298.15,4.160093288266214
CCOC(C)=O,O,298.15,4.210728100520219
CCOC(C)=O,O,298.15,4.22760571000044
CCOC(C)=O,O,298.15,4.278239880004347
CCOC(C)=O,O,303.15,4.288963802690647
CCOC(C)=O,O,303.15,4.322162504860085
CCOC(C)=O,O,303.15,4.554558764335637
CCOC(C)=O,O,303.25,4.3193889724254575
CCOC(C)=O,O,313.11,4.39445409293185
CCOC(C)=O,O,313.15,4.23269391315669
CCOC(C)=O,O,313.15,4.377319322644893
CCOC(C)=O,O,313.25,4.438923139218585
CCOC(C)=O,O,318.15,4.263002360249284
CCOC(C)=O,O,323.1,4.450494535054278
CCOC(C)=O,O,323.15,4.293495922260317
CCOC(C)=O,O,323.25,4.49337121007885
CCOC(C)=O,O,333.11,4.552257686658636
CCOC(C)=O,O,333.25,4.548809336362173
CCOC(C)=O,O,343.12,4.564032516647782
CCOC(C)=O,O,343.25,4.560969573694568
CCOC(=O)CC(C)=O,O,303.15,4.307934623931238
ClCCCCl,O,298.15,7.831899094518252
ClCCCCl,O,303.15,7.777138872680089
C1=CCCC1,O,298.15,8.859694360304044
C1CCOCC1,O,273.35,3.671509465551409
C1CCOCC1,O,278.15,3.7947968147048416
C1CCOCC1,O,288.15,4.058036669352501
C1CCOCC1,O,298.15,4.259077622056551
C1CCOCC1,O,298.15,4.3097112855801445
C1CCOCC1,O,298.15,4.3603457946399296
C1CCOCC1,O,308.15,4.419781129223049
C1CCOCC1,O,318.15,4.559282256259092
CCCCCCC,O,277.45,14.850003793061546
CCCCCCC,O,286.65,14.832920021838689
CCCCCCC,O,298.15,14.22328632776968
CCCCCCC,O,298.15,14.30767310489975
CCCCCCC,O,298.15,14.44269954345967
CCCCCCC,O,298.15,14.510211530763602
CCCCCCC,O,298.15,14.543966965626455
CCCCCCC,O,298.15,14.712748941012954
CCCCCCC,O,305.85,14.558594863729914
CCCCCCC,O,308.15,14.699736670658366
CCCCCCC,O,313.25,14.561558490259673
CCCCCCC,O,318.15,14.662052418369777
CCCCCCC,O,328.85,14.3948729492176
CCCCCCOC(C)=O,O,282.65,9.45803603820655
CCCCCCOC(C)=O,O,283.15,9.320852594773612
CCCCCCOC(C)=O,O,292.85,9.911783049560235
CCCCCCOC(C)=O,O,298.15,9.488570414402314
CCCCCCOC(C)=O,O,298.15,9.707983487025336
CCCCCCOC(C)=O,O,298.15,9.92739937258244
CCCCCCOC(C)=O,O,302.75,9.653088419530386
CCCCCCOC(C)=O,O,313.15,9.591376166161172
CCCCCCOC(C)=O,O,323.15,9.75282744025025
CCCCCCOC(C)=O,O,333.85,9.65617937422262
CCCCCCOC(C)=O,O,343.15,9.53497857612037
CCCCCCOC(C)=O,O,353.15,9.43254748496886
CCCCCCOC(C)=O,O,363.35,9.385083283246587
CCCCOCCCC,O,282.45,9.937917964340635
CCCCOCCCC,O,293.05,10.2886921285257
CCCCOCCCC,O,293.15,10.163333263493245
CCCCOCCCC,O,293.15,10.214828776912453
CCCCOCCCC,O,304.05,10.313744494780353
CCCCOCCCC,O,308.15,9.76108262053892
CCCCOCCCC,O,323.15,9.213495389669482
CCCCOCCCC,O,323.65,10.38652771076918
CCCCOCCCC,O,338.15,8.887093296114196
CCCCCCCCCO,O,288.15,10.740180810938622
CCCCCCCCCO,O,293.15,11.128996774392588
CCCCCCCCCO,O,298.15,10.800530223313839
CCCCCCCCCO,O,298.15,10.81740747626428
Cl/C=C\Cl,O,293.15,6.718601233808835
Cl/C=C\Cl,O,293.15,6.77009881852349
Cl/C=C\Cl,O,303.15,6.703352516903754
Cl/C=C\Cl,O,303.15,6.79963094750158
Cl/C=C\Cl,O,313.15,6.704585908875345
Cl/C=C\Cl,O,313.15,6.775293028906696
Cl/C=C/Cl,O,293.15,7.104686263160091
Cl/C=C/Cl,O,293.15,7.106401198695947
Cl/C=C/Cl,O,293.15,7.116702538093588
Cl/C=C/Cl,O,293.15,7.125291136530643
Cl/C=C/Cl,O,303.15,7.103815361886605
Cl/C=C/Cl,O,303.15,7.190133309842012
Cl/C=C/Cl,O,303.15,7.2814269565924565
Cl/C=C/Cl,O,303.15,7.2897265556745685
Cl/C=C/Cl,O,313.15,7.132561447382247
Cl/C=C/Cl,O,313.15,7.230584876562191
Cl/C=C/Cl,O,313.15,7.306115204960254
Cl/C=C/Cl,O,313.15,7.314146624666475
Cl/C=C/Cl,O,323.15,7.320301920407384
Cl/C=C/Cl,O,323.15,7.320923971475334
C1CCCC1,O,276.5,9.984168518018269
C1CCCC1,O,282.2,10.056719238789547
C1CCCC1,O,296.2,10.091414204725744
C1CCCC1,O,298.15,10.091795322814825
C1CCCC1,O,298.15,10.125550520230094
C1CCCC1,O,313.25,10.088247799972017
C1CCCC1,O,328.85,9.981878126958039
C1CCCCCC1,O,298.15,12.106937158558743
C1CCCCCCC1,O,288.15,13.946293176167524
C1CCCCCCC1,O,293.15,13.92636296553903
C1CCCCCCC1,O,298.15,13.587193647876067
C1CCCCCCC1,O,298.15,13.894377189716176
C1CCCCCCC1,O,303.15,13.854125318334475
C1CCCCCCC1,O,308.15,13.801029207528073
C1CCCCCCC1,O,313.15,13.751674723218116
Fc1ccccc1,O,282.65,8.054395536660829
Fc1ccccc1,O,292.35,8.033499479153269
Fc1ccccc1,O,298.15,8.110301065602458
Fc1ccccc1,O,302.85,8.124334290138874
Fc1ccccc1,O,303.15,8.132680049860774
Fc1ccccc1,O,303.15,8.13433852969412
Fc1ccccc1,O,312.75,8.136541664191242
Fc1ccccc1,O,320.85,8.014775455424052
Fc1ccccc1,O,333.25,7.9213904837190405
Fc1ccccc1,O,343.15,7.917784046398291
Fc1ccccc1,O,353.15,7.93451704553774
CCOCOCC,O,298.15,4.588851761800602
CCOCOCC,O,333.15,4.796344111359203
CCOCOCC,O,373.15,4.764231645318428
CC(C)(C)C,O,298.15,11.664100292767346
c1ccc2c(c1)CCC2,O,298.15,11.008048777806648
c1ccc2c(c1)CCC2,O,298.15,11.024927300843608
c1ccc2c(c1)CCC2,O,298.15,11.227463592715642
CCCCC(=O)CCCC,O,282.65,9.447946829420498
CCCCC(=O)CCCC,O,283.15,9.684342247571681
CCCCC(=O)CCCC,O,292.95,9.609485551339528
CCCCC(=O)CCCC,O,303.15,9.994388023851753
CCCCC(=O)CCCC,O,303.25,9.723313687799632
CCCCC(=O)CCCC,O,313.95,9.900743791865064
CCCCC(=O)CCCC,O,323.15,10.044552992814731
CCCCC(=O)CCCC,O,323.15,10.215846383794073
CCCCC(=O)CCCC,O,333.75,10.030032093861085
CCCCC(=O)CCCC,O,343.45,10.139989482093224
CCCCC(=O)CCCC,O,353.15,10.213894449093301
CCCCC(=O)CCCC,O,363.75,9.943462788657657
CC=C(C)C,O,293.15,9.795735290041899
CC=C(C)C,O,313.15,9.712817241679936
CC=C(C)C,O,323.15,9.648904932386538
CC=C(C)C,O,333.15,9.545940800111362
CC(C)CCl,O,285.65,8.60725142202962
CC(O)C(C)O,O,299.0,0.6535223857766775
CC(O)C(C)O,O,308.9,0.6744178770456575
CC(O)C(C)O,O,318.5,0.7466121152288958
CC(O)C(C)O,O,327.4,0.8157983476131893
CC(O)C(C)O,O,337.7,0.8323654969363938
CC(O)C(C)O,O,347.4,0.9036997976947257
Cc1cccc(C)c1C,O,288.15,11.772022860566233
Cc1cccc(C)c1C,O,298.15,11.49435917309635
Cc1cccc(C)c1C,O,298.15,11.629383178330428
Cc1cccc(C)c1C,O,308.15,11.49879104300329
Cc1cccc(C)c1C,O,318.15,11.321312072467581
Cc1ccccc1C=O,O,283.15,8.68337012226168
Cc1ccccc1C=O,O,293.15,8.750652947237747
Cc1ccccc1C=O,O,303.15,8.608060790282442
Cc1ccccc1C=O,O,313.15,8.484043770612308
CC(C)Cc1ccccc1,O,298.15,13.558864513271063
CCCCCOC(=O)CCC,O,282.55,10.162712278421287
CCCCCOC(=O)CCC,O,292.35,10.435978773074893
CCCCCOC(=O)CCC,O,302.75,10.455534770971598
CCCCCOC(=O)CCC,O,313.25,10.209629439349508
CCCCCOC(=O)CCC,O,323.15,10.146410201457932
CCCCCOC(=O)CCC,O,333.15,10.273308211694825
CCCCCOC(=O)CCC,O,353.15,10.651028216926404
CCCCCOC(=O)CCC,O,363.65,10.377735287809234
CCCCl,O,283.15,7.207793202543487
CCCCl,O,285.65,7.5361932571726316
CCCCl,O,293.15,7.380592390123867
CCCCl,O,298.15,6.817825100979668
CCCCl,O,298.15,7.465941474107965
CCCCl,O,303.15,7.361883559069582
CC(C)CC(C)(C)C,O,283.15,14.855797870269948
CC(C)CC(C)(C)C,O,293.15,14.99732057199922
CC(C)CC(C)(C)C,O,298.15,14.788722119902031
CC(C)CC(C)(C)C,O,298.15,14.822478937835585
CC(C)CC(C)(C)C,O,298.15,14.957504761758154
CC(C)CC(C)(C)C,O,298.15,15.531356836868733
CC(C)CC(C)(C)C,O,303.15,14.787856428627551
CC(C)CC(C)(C)C,O,313.15,14.887118146559866
CC(C)CC(C)(C)C,O,323.15,14.611823347134976
CC(=O)OC(C)(C)C,O,308.2,6.888844593787309
CC(=O)OC(C)(C)C,O,313.15,6.940290230618548
CC(=O)OC(C)(C)C,O,313.2,6.9546006962136415
CC(=O)OC(C)(C)C,O,318.2,7.0514659366484365
CC(=O)OC(C)(C)C,O,323.15,7.03946751794955
CC(=O)OC(C)(C)C,O,333.65,7.13239371240312
CC(=O)OC(C)(C)C,O,343.65,7.118907217443969
Clc1cccc(Cl)c1,O,283.15,11.270795303327413
Clc1cccc(Cl)c1,O,283.15,11.30633908407136
Clc1cccc(Cl)c1,O,293.15,11.166711329772331
Clc1cccc(Cl)c1,O,293.15,11.304039785402718
Clc1cccc(Cl)c1,O,293.15,11.321205480996252
Clc1cccc(Cl)c1,O,293.15,11.544365990804547
Clc1cccc(Cl)c1,O,298.15,11.213037199119604
Clc1cccc(Cl)c1,O,298.15,11.229915129607988
Clc1cccc(Cl)c1,O,303.15,11.077075888852333
Clc1cccc(Cl)c1,O,303.15,11.126874673481293
Clc1cccc(Cl)c1,O,303.15,11.176673404108554
Clc1cccc(Cl)c1,O,308.15,10.994633705514921
Clc1cccc(Cl)c1,O,313.15,10.87792643052584
Clc1cccc(Cl)c1,O,318.15,10.812344723832208
Clc1cccc(Cl)c1,O,328.15,10.697734936497554
CCCCCC(C)O,O,283.35,7.234667679925587
CCCCCC(C)O,O,292.65,7.322655733876787
CCCCCC(C)O,O,298.15,7.573520985200845
CCCCCC(C)O,O,303.15,7.567061250873311
CCCCCC(C)O,O,303.85,7.510518127803507
CCCCCC(C)O,O,313.15,7.566321366685756
CCCCCC(C)O,O,323.15,7.673599794357483
CCCCCC(C)O,O,333.45,7.6980473189284435
CCCCCC(C)O,O,343.45,7.572451543368067
CCCCCC(C)O,O,353.15,7.578431876414713
CCCCCC(C)O,O,363.35,7.505057636841712
CCCCCCl,O,298.15,10.387492701417678
COC(=O)C(C)C,O,293.15,5.703198971117785
CCC(=O)OC,O,293.15,4.492836525479681
CCC(C)(C)CC,O,298.15,13.748270791747036
CCC(C)(C)CC,O,313.25,13.615940700801685
CCC(C)(C)CC,O,328.85,13.43557283587739
C=CC(C)C,O,298.15,10.296849714576547
CC(=O)C(C)C,O,298.15,4.445859047200433
CCC(C)C(C)C,O,298.15,13.883944606672191
CC(C)C(=O)C(C)C,O,282.45,7.009589584863405
CC(C)C(=O)C(C)C,O,293.15,6.947850609546079
CC(C)C(=O)C(C)C,O,293.15,7.068010147426844
CC(C)C(=O)C(C)C,O,298.15,6.9705516584718135
CC(C)C(=O)C(C)C,O,302.85,7.288845723948646
CC(C)C(=O)C(C)C,O,303.15,6.978316253685674
CC(C)C(=O)C(C)C,O,312.75,7.416378479192928
CC(C)C(=O)C(C)C,O,323.15,7.0118810326350225
CC(C)C(=O)C(C)C,O,323.65,7.4456803726298455
CC(C)C(=O)C(C)C,O,333.75,7.508129059389727
CC(C)C(=O)C(C)C,O,343.35,7.545194170233724
CC(C)C(=O)C(C)C,O,353.15,7.108358699454104
CC(C)C(=O)C(C)C,O,353.35,7.54811858110168
CCc1ccccc1N,O,313.15,7.172386203403165
CCc1ccccc1N,O,323.15,7.131954273120564
CCC(O)CC,O,283.15,4.223407444240737
CCC(O)CC,O,293.15,4.380963569820617
CCC(O)CC,O,303.15,4.511035315237415
CCC(O)CC,O,313.15,4.631646572560939
CCC(O)CC,O,323.15,4.696317166236348
CCC(O)CC,O,333.15,4.754779139199795
CCC(O)CC,O,343.15,4.704327501521277
CCC(O)CC,O,353.15,4.781649711298413
CCC(O)CC,O,363.15,4.75390910576492
CCC(O)CC,O,371.15,4.64461202853662
CCCC(C)CC,O,298.15,13.925942193729904
CCCC(C)CC,O,298.15,14.567303933956953
CCCC(=O)CC,O,298.15,6.027962807748154
CCCCC(C)CC,O,298.15,15.897446486074001
CCCCC(O)CC,O,293.05,7.092565403388176
CCCCC(O)CC,O,298.15,6.930279689060809
CCCCC(O)CC,O,298.15,7.267839405049959
CCCCC(O)CC,O,298.15,7.284718026617589
CCCCC(O)CC,O,298.15,7.3353536297247635
CCCCC(O)CC,O,302.95,7.293167328438807
CCCCC(O)CC,O,303.15,7.315052041919271
CCCCC(O)CC,O,313.15,7.402140496845546
CCCCC(O)CC,O,323.15,7.48468881674424
CCCCC(O)CC,O,333.15,7.547179901090975
CCCCC(O)CC,O,343.15,7.502605824716972
CCCCC(O)CC,O,352.95,7.652849540164829
CCCCC(O)CC,O,363.35,7.615623570323476
CCCCOC(=O)CC,O,282.55,8.027140312465516
CCCCOC(=O)CC,O,292.95,8.168341848854064
CCCCOC(=O)CC,O,303.75,8.327046699514549
CCCCOC(=O)CC,O,313.35,8.476285776581104
CCCCOC(=O)CC,O,323.15,8.460916976559602
CCCCOC(=O)CC,O,333.05,8.495705986014777
CCCCOC(=O)CC,O,343.15,8.536750690631768
CCCCOC(=O)CC,O,343.25,8.509427113345183
CCCCOC(=O)CC,O,353.35,8.47154498612044
CCCCOC(=O)CC,O,363.15,8.547724336313388
CCCCOC(=O)CC,O,363.55,8.512803571114679
CCCC(C)(C)C,O,298.15,14.04838263335613
CC(C)CC=O,O,371.7,3.8570154532964613
Ic1ccccc1,O,291.75,10.50661428794381
Ic1ccccc1,O,293.45,10.535543596228411
Ic1ccccc1,O,296.65,10.518819126923233
Ic1ccccc1,O,298.15,10.777711765791073
Ic1ccccc1,O,302.05,10.489906616030941
Ic1ccccc1,O,303.15,10.400467769480066
Ic1ccccc1,O,303.15,10.483466034990435
Ic1ccccc1,O,305.95,10.457177244370198
Ic1ccccc1,O,308.35,10.435432583322047
CCCCOC(=O)CCCC,O,333.15,8.263404848387323
CCCCOC(=O)CCCC,O,343.15,7.923022189938894
CCCCOC(=O)CCCC,O,353.15,7.852310772304591
CCCCOC(=O)CCCC,O,363.15,7.6820169003966985
CCCCC(C)C,O,298.15,14.60155592089095
CCCCC(C)=O,O,297.85,5.766237576983244
CCCCC(C)=O,O,298.15,5.586540542576868
CCCCC(C)=O,O,298.15,5.8734689888702745
CCCCC(C)=O,O,298.15,5.907223873626454
C=CCCCC,O,298.15,11.318157977903699
C=CCCCC,O,298.15,11.419426543846098
C=CCCCC,O,310.93,11.314451355246238
C=CCCC=C,O,298.15,10.207632121428993
CCCCOC=O,O,293.15,6.735755073313727
CC(C)C(C)O,O,283.15,4.088666807568764
CC(C)C(C)O,O,293.15,4.287953564333992
CC(C)C(C)O,O,303.15,4.467891208502732
CC(C)C(C)O,O,313.15,4.597929031998974
CC(C)C(C)O,O,323.15,4.682436736007183
CC(C)C(C)O,O,333.15,4.740373929454093
CC(C)C(C)O,O,343.15,4.744471152565014
CC(C)C(C)O,O,353.15,4.713324794530294
CC(C)C(C)O,O,371.15,4.71992642328628
COC(=O)OC,O,273.35,3.674975743944621
COC(=O)OC,O,283.15,3.8139778890920732
COC(=O)OC,O,293.15,3.8618490843085116
COC(=O)OC,O,298.15,3.888045836846664
COC(=O)OC,O,303.15,3.9154830126933664
COC(=O)OC,O,313.15,3.925170201057484
COC(=O)OC,O,323.15,3.940851443931638
COC(=O)OC,O,333.15,3.9159014744341363
CC(=O)OC1CCCCC1,O,282.55,7.955579408818141
CC(=O)OC1CCCCC1,O,292.95,7.981541946214591
CC(=O)OC1CCCCC1,O,296.65,8.003670600768988
CC(=O)OC1CCCCC1,O,302.85,8.107400733822313
CC(=O)OC1CCCCC1,O,312.75,8.12216938272536
CC(=O)OC1CCCCC1,O,322.95,8.194069070988586
CC(=O)OC1CCCCC1,O,333.25,8.23547728594296
CC(=O)OC1CCCCC1,O,343.15,8.195074251619113
CC(=O)OC1CCCCC1,O,353.25,8.056052569428296
CC(=O)OC1CCCCC1,O,363.45,7.940993141686007
CCCC(=O)OC,O,293.15,5.828463148299428
CCCC(=O)OC,O,293.15,6.01728822711744
CSSC,O,283.15,7.799724629351133
CSSC,O,288.15,7.781071701767894
CSSC,O,293.15,7.764953964046604
CSSC,O,298.15,7.599266121470886
CSSC,O,298.15,7.7342875914710305
CSSC,O,323.15,7.399685503795835
CSSC,O,348.15,7.122511756919254
C#CCCC,O,298.15,7.743421467282405
C1=CCC=CC1,O,278.26,8.517771024438577
C1=CCC=CC1,O,288.36,8.420688898943077
C1=CCC=CC1,O,298.15,8.747801611141627
C1=CCC=CC1,O,298.26,8.45641718314145
C1=CCC=CC1,O,308.36,8.44060584044924
C1=CCC=CC1,O,318.36,8.407929512763083
CCCCCOC(C)=O,O,285.6,8.247683660222066
CCCCCOC(C)=O,O,292.85,8.240342909402774
CCCCCOC(C)=O,O,293.15,8.396942363263216
CCCCCOC(C)=O,O,298.1,8.387963390807467
CCCCCOC(C)=O,O,298.1,8.506130221810077
CCCCCOC(C)=O,O,298.15,8.216723032154494
CCCCCOC(C)=O,O,298.15,8.23360140897784
CCCCCOC(C)=O,O,299.9,8.434341876628993
CCCCCOC(C)=O,O,303.15,8.327697159514246
CCCCCOC(C)=O,O,306.1,8.501504769159913
CCCCCOC(C)=O,O,343.35,8.457177759006251
CCCCCOC(C)=O,O,345.9,8.489891879125711
CCCCCOC(C)=O,O,353.1,8.39663330387285
CCCCCOC(C)=O,O,353.15,8.437530744767646
CCCCCOC(C)=O,O,353.25,8.455190119974505
CCCCCOC(C)=O,O,363.15,8.24041940667199
CCCCCOC(C)=O,O,364.5,8.205882140514687
CCCCCOC(C)=O,O,368.15,8.049557955311988
C#CCCCCC,O,298.15,10.983738974072201
CCCCOCC,O,304.35,6.946706725117077
CCCCOCC,O,323.95,7.089143066616001
CCCCOCC,O,333.35,6.9866496352448175
CCCCOCC,O,353.35,7.157330417797891
CCCCOCC,O,363.85,7.229650354603547
C1=CCCCCC1,O,298.15,11.28148256917451
CCCCCCCC(C)O,O,288.15,10.379439082895484
CCCCCCCC(C)O,O,292.95,9.968816386294392
CCCCCCCC(C)O,O,298.15,10.357212525499737
CCCCCCCC(C)O,O,303.15,10.121775333657077
CCCCCCCC(C)O,O,343.35,10.36951139793745
CCCCCCCC(C)O,O,363.65,10.234505656666801
C#CCCCCCC,O,298.15,12.460389229495275
CCCCCCOC=O,O,281.85,8.28113662483033
CCCCCCOC=O,O,292.85,8.399186380724089
CCCCCCOC=O,O,302.85,8.537572123205312
CCCCCCOC=O,O,312.75,8.520854480709147
CCCCCCOC=O,O,322.95,8.687826708415
CCCCCCOC=O,O,333.35,8.693709597547866
CCCCCCOC=O,O,343.45,8.602443852588443
CCCCCCOC=O,O,353.35,8.519723986251687
CCCCCCOC=O,O,363.75,8.447448608893898
ClCC(Cl)(Cl)Cl,O,283.15,8.966542480761566
ClCC(Cl)(Cl)Cl,O,293.15,8.919906516840937
ClCC(Cl)(Cl)Cl,O,293.15,9.02290174528275
ClCC(Cl)(Cl)Cl,O,293.15,9.108730591287246
ClCC(Cl)(Cl)Cl,O,303.15,8.881544595794486
ClCC(Cl)(Cl)Cl,O,303.15,9.014341303010326
ClCC(Cl)(Cl)Cl,O,303.15,9.030940941609174
ClCC(Cl)(Cl)Cl,O,308.15,8.865198663851123
ClCC(Cl)(Cl)Cl,O,308.15,8.979511111117185
ClCC(Cl)(Cl)Cl,O,313.15,8.850612200249095
ClCC(Cl)(Cl)Cl,O,313.15,8.982382751603717
ClCC(Cl)(Cl)Cl,O,313.15,9.075586518164652
ClCC(Cl)(Cl)Cl,O,323.15,8.913557008135198
ClCC(Cl)(Cl)Cl,O,333.15,8.811099353970462
ClCC(Cl)(Cl)Cl,O,343.15,8.682244810945235
CCOC(C)(C)C,O,288.15,5.7702129549098755
CCOC(C)(C)C,O,298.15,6.23519669127631
CCOC(C)(C)C,O,300.65,6.908245158971339
CCOC(C)(C)C,O,308.15,6.496025086152011
CCOC(C)(C)C,O,308.25,6.917309491786948
CCOC(C)(C)C,O,315.75,7.019797422763675
CCOC(C)(C)C,O,318.15,6.7788531547412765
CCOC(C)(C)C,O,325.65,7.022502600406058
CCOC(C)(C)C,O,329.95,7.023678809051352
CCOC(C)(C)C,O,330.2,6.917091559959124
CCCCCOC=O,O,282.25,7.690395754024842
CCCCCOC=O,O,293.05,7.82017452632191
CCCCCOC=O,O,293.15,8.193159672193268
CCCCCOC=O,O,304.05,7.844295597074979
CCCCCOC=O,O,312.75,7.8457918469379555
CCCCCOC=O,O,323.15,7.8016981471923845
CCCCCOC=O,O,333.25,7.901088530154467
CCCCCOC=O,O,343.35,7.782306929273553
CCCCCOC=O,O,353.15,7.710097613567479
CCCCCOC=O,O,363.65,7.816098512993452
C=CCC(C)C,O,298.15,11.482562129178342
C#CCCCC,O,298.15,9.455378478625603
C=C(C)CCC,O,298.15,10.998926478075994
CCCCCCCC(C)=O,O,282.95,10.038079632432964
CCCCCCCC(C)=O,O,293.35,10.107664367100293
CCCCCCCC(C)=O,O,303.45,10.234132126986603
CCCCCCCC(C)=O,O,312.95,10.153740306328956
CCCCCCCC(C)=O,O,333.15,10.183665287751845
CCCCCCCC(C)=O,O,343.55,10.077890338460765
CCCCCCCC(C)=O,O,354.35,10.294806405868187
CCCCCCCC(C)=O,O,364.35,9.944067917866402
CN1CCCC1=O,O,328.45,0.10673556983735959
CN1CCCC1=O,O,333.15,0.2832673418532423
CN1CCCC1=O,O,337.95,0.32040092501450695
CN1CCCC1=O,O,343.15,0.4391126275203824
CN1CCCC1=O,O,351.01,0.4545345983418038
CN1CCCC1=O,O,353.15,0.5486126173266493
CCc1cccs1,O,298.15,10.09452518044815
CCOC(C)(C)CC,O,278.65,7.067285747475276
CCOC(C)(C)CC,O,288.15,7.224797104740324
CCOC(C)(C)CC,O,288.23,7.518493203801357
CCOC(C)(C)CC,O,289.4,6.915644080402374
CCOC(C)(C)CC,O,293.15,7.3949478286485535
CCOC(C)(C)CC,O,297.95,7.027829022296564
CCOC(C)(C)CC,O,298.15,7.611283390742919
CCOC(C)(C)CC,O,307.25,7.028954694383982
CCOC(C)(C)CC,O,318.15,7.1388828728354214
CCOC(C)(C)CC,O,329.15,7.1362126867200875
CCOC(C)(C)CC,O,341.65,7.131058817497712
CCOC(C)(C)CC,O,351.65,7.129954384447737
CCOC(C)(C)CC,O,363.65,7.128952938275891
CCCCCCC(=O)CC,O,282.65,9.4592920110679
CCCCCCC(=O)CC,O,302.85,9.359053437596307
CCCCCCC(=O)CC,O,312.95,9.603267203386242
CCCCCCC(=O)CC,O,323.15,9.458948920441825
CCCCCCC(=O)CC,O,333.75,9.4164191446638
CCCCCCC(=O)CC,O,353.35,9.677301878655724
CCC(C)(C)OC,O,288.15,5.965713311874338
CCC(C)(C)OC,O,298.15,6.264182716731766
CCC(C)(C)OC,O,298.15,6.281062283503355
CCC(C)(C)OC,O,298.15,6.331695781265723
CCC(C)(C)OC,O,303.25,6.463589362546752
CCCCCCc1ccccc1,O,278.15,16.090363649100425
CCCCCCc1ccccc1,O,279.15,16.089919402548627
CCCCCCc1ccccc1,O,281.15,16.091236142343593
CCCCCCc1ccccc1,O,282.15,16.10546522184816
CCCCCCc1ccccc1,O,283.15,16.107285430506035
CCCCCCc1ccccc1,O,284.15,16.080888988243135
CCCCCCc1ccccc1,O,285.15,16.077749584832844
CCCCCCc1ccccc1,O,286.15,16.088830575574818
CCCCCCc1ccccc1,O,287.15,16.082437384749024
CCCCCCc1ccccc1,O,288.15,16.102411291942268
CCCCCCc1ccccc1,O,289.15,16.089306182703478
CCCCCCc1ccccc1,O,290.15,16.098962779325735
CCCCCCc1ccccc1,O,291.15,16.086208620495643
CCCCCCc1ccccc1,O,292.15,16.063327906601252
CCCCCCc1ccccc1,O,293.15,16.056175565390948
CCCCCCc1ccccc1,O,294.15,16.04919134697772
CCCCCCc1ccccc1,O,295.15,16.05260521022235
CCCCCCc1ccccc1,O,296.15,16.02042989897096
CCCCCCc1ccccc1,O,297.15,16.008064243650594
CCCCCCc1ccccc1,O,298.15,16.00433663307153
CCCCCCc1ccccc1,O,299.15,16.00428172794254
CCCCCCc1ccccc1,O,300.15,15.990594042590775
CCCCCCc1ccccc1,O,302.15,15.987477724352665
CCCCCCCCCCC,O,298.15,21.35766569496045
CCCCCCCCCCC,O,298.15,21.577076727147507
CCc1cccc2ccccc12,O,298.15,13.694370644292167
CCc1cccc2ccccc12,O,298.15,13.7112483278589
CCc1cccc2ccccc12,O,310.93,13.62019737426114
COC(C)(C)C,O,288.15,4.837622278093863
COC(C)(C)C,O,293.15,4.700880285813743
COC(C)(C)C,O,298.15,4.722090627494867
COC(C)(C)C,O,298.15,4.823357475302053
COC(C)(C)C,O,298.15,4.924627050164017
COC(C)(C)C,O,303.15,4.9099674542954945
COC(C)(C)C,O,303.25,5.023531775831276
COC(C)(C)C,O,308.15,5.1909993807394175
COC(C)(C)C,O,313.15,5.062487432301507
COC(C)(C)C,O,313.25,5.26881131291526
CCC1CCCCC1,O,278.15,14.291539747007542
CCC1CCCCC1,O,283.15,14.315036581021785
CCC1CCCCC1,O,288.15,14.304820367767485
CCC1CCCCC1,O,293.15,14.296874414780644
CCC1CCCCC1,O,298.15,14.274143535678796
CCC1CCCCC1,O,303.15,14.253888062028198
CCC1CCCCC1,O,303.45,14.16949989889739
CCC1CCCCC1,O,308.15,14.203266446069403
CCC1CCCCC1,O,311.5,13.750305147838999
CCC1CCCCC1,O,313.15,14.155811171276452
CCC1CCCCC1,O,343.55,13.482104216679181
CCCCCCCCCCN,O,333.15,9.652208123642737
CCCC1CCCC1,O,298.15,14.922190217710142
CCCCCNCCCCC,O,303.15,9.662930767051039
C[C@@H]1CCCC[C@@H]1C,O,278.15,13.790372221053575
C[C@@H]1CCCC[C@@H]1C,O,283.15,13.83662604856835
C[C@@H]1CCCC[C@@H]1C,O,288.15,13.855356075886398
C[C@@H]1CCCC[C@@H]1C,O,293.15,13.85818683224471
C[C@@H]1CCCC[C@@H]1C,O,298.15,13.845845757760348
C[C@@H]1CCCC[C@@H]1C,O,303.15,13.835607259663396
C[C@@H]1CCCC[C@@H]1C,O,308.15,13.794651512855243
C[C@@H]1CCCC[C@@H]1C,O,313.15,13.772587399210375
C[C@H]1CC[C@H](C)CC1,O,298.15,14.295433576990447
CCCCC(C)CCC,O,298.15,18.224306914834703
CC1CCCC(C)(C)C1,O,298.15,15.189117270192048
C#CCCCCCCC,O,298.15,13.672756192754555
CC(C)CCC(C)(C)C,O,298.15,16.350349576500484
CCOC(=O)C(C)(C)C,O,293.15,8.212288999292687
CCOC(=O)C(C)(C)C,O,303.85,8.317365695916616
CCOC(=O)C(C)(C)C,O,313.25,8.557707298544033
CCOC(=O)C(C)(C)C,O,323.15,8.455494367851637
CCOC(=O)C(C)(C)C,O,333.35,8.653257872554112
CCOC(=O)C(C)(C)C,O,343.45,8.708168859796075
CCOC(=O)C(C)(C)C,O,353.55,8.677684867423539
CCOC(=O)C(C)(C)C,O,363.55,8.77972359592786
O=COC1CCCCC1,O,292.15,6.909803180599437
O=COC1CCCCC1,O,302.75,7.413113986355308
CC1CCC(C)(C)C1,O,298.15,14.327537459906628
C=C(C)[C@H]1CC=C(C)CC1,O,293.0,12.994086725842175
C=C(C)[C@H]1CC=C(C)CC1,O,298.0,13.960969286275443
C=C(C)[C@H]1CC=C(C)CC1,O,298.15,12.963716940120428
CCCC(C)O,O,283.15,4.289111958358626
CCCC(C)O,O,293.15,4.443061760457327
CCCC(C)O,O,293.15,4.49455924426811
CCCC(C)O,O,298.15,4.571522395215837
CCCC(C)O,O,303.15,4.632493481636982
CCCC(C)O,O,303.15,4.649091373046019
CCCC(C)O,O,313.15,4.773882894374127
CCCC(C)O,O,323.15,4.856271258176871
CCCC(C)O,O,333.15,4.900128224285551
CCCC(C)O,O,343.15,4.894146420650586
CCCC(C)O,O,353.15,4.813955144323389
CCCC(C)O,O,363.15,4.873378876936347
CCCC(C)O,O,371.15,4.768572225429468
C[C@@H]1CCCC[C@H]1C,O,278.15,14.056069575846871
C[C@@H]1CCCC[C@H]1C,O,283.15,14.091337636843905
C[C@@H]1CCCC[C@H]1C,O,288.15,14.092346523475259
C[C@@H]1CCCC[C@H]1C,O,293.15,14.095102493329152
C[C@@H]1CCCC[C@H]1C,O,298.15,14.082586780623037
C[C@@H]1CCCC[C@H]1C,O,303.15,14.072073411357184
C[C@@H]1CCCC[C@H]1C,O,303.35,14.043824718608702
C[C@@H]1CCCC[C@H]1C,O,308.15,14.03075902495851
C[C@@H]1CCCC[C@H]1C,O,313.15,13.976114655340611
ClC(Cl)(Cl)Cl,O,298.15,9.344023003163578
CCOCC,O,298.15,4.194262292761239
CCO,O,298.15,1.4206957878372228
CC(C)O,O,298.15,2.105352923464337
ClC(Cl)Cl,O,298.15,6.680882281922419
CCCO,O,298.15,2.4595888418037104
CCCCO,O,298.15,3.971828468296071
CCCCCO,O,298.15,5.420565972243946
c1ccccc1,O,298.15,7.800675024533052
CC(Cl)(Cl)Cl,O,298.15,8.693386005777015
CI,O,298.15,6.398192191215386
S=C=S,O,298.15,7.735459575932075
CSC,O,298.15,5.132227362464354
C=C(Cl)Cl,O,298.15,7.876308235679102
CCC(C)(C)O,O,299.15,3.761871982963448
CCC(C)C,O,298.15,11.307435173893337
CC(Cl)CCl,O,298.15,7.664797023383653
CC(C)C(C)C,O,298.15,12.555256601950225
ClC(Cl)C(Cl)Cl,O,298.15,8.069727269253008
CCOC(=O)c1ccccc1C(=O)OCC,O,298.15,9.4955719444038
CCCCOC(=O)c1ccccc1C(=O)OCCCC,O,298.15,14.199356990758835
Cc1ccccc1[N+](=O)[O-],O,303.15,9.34010467803146
COC(=O)c1ccccc1,O,298.15,8.155571747981373
CCOC(=O)c1ccccc1,O,298.15,8.982600021551178
Cc1ccccc1C,O,298.15,10.24259916009427
Cc1ccccc1O,O,408.15,4.2140546288499605
Cc1ccc(C)c(C)c1,O,298.15,11.699297142275542
CCC(C)CC,O,298.15,12.665078520566368
CCC(=O)CC,O,298.15,4.589331412234065
CC1CCCC1,O,298.15,11.559999872356157
CCOC(=O)C(C)C,O,298.15,6.994309051286712
CC(C)c1ccccc1,O,298.15,11.50972434685432
O=[N+]([O-])c1ccccc1,O,298.15,8.139504715904003
Cc1ccc(C(C)C)cc1,O,298.15,12.653223375125444
CCc1ccccc1,O,298.15,10.354579095336446
C=Cc1ccccc1,O,298.15,9.88294295004442
N#Cc1ccccc1,O,298.15,7.462214939768189
COc1ccccc1,O,298.15,8.011769616939242
CCCc1ccccc1,O,298.15,11.641925355831777
CCCCc1ccccc1,O,298.15,13.278465865499685
CCOC(=O)OCC,O,298.15,5.866482221138933
Cc1ccc(O)c(C)c1,O,298.15,6.6659053492712905
CCCOC(=O)CC,O,298.15,6.675922838362722
Cc1ccc(C)cc1,O,298.15,10.327371978668042
BrCCBr,O,298.15,7.831196385885125
C=CCC,O,298.15,9.437117314522814
CCCC(C)C,O,298.15,12.854745335988289
CCCC(C)=O,O,298.15,4.435387290596168
CC(C)CC(C)C,O,298.15,14.142502281921896
CC(C)OC(C)C,O,298.15,6.09996014326128
Brc1cccc(Br)c1,O,298.15,11.795861291796776
Cc1cccc(C)c1,O,298.15,10.504352215294015
Cc1cc(C)cc(C)c1,O,298.15,11.83222247679126
CC(C)CC(=O)CC(C)C,O,298.15,9.951930037224434
CC1CCCCC1,O,298.15,12.849995442661148
Cc1ccccc1,O,298.15,9.126539109777628
Clc1ccccc1,O,298.15,9.247626522762106
Oc1ccccc1,O,317.15,3.809826368312844
CCCCOC(=O)CCC,O,298.15,9.462662070567756
CCCOC(C)=O,O,298.15,5.556484373301816
CCCCBr,O,298.15,9.073648561918066
C1CCOC1,O,298.15,2.8678989020441064
CC(=O)OCC(C)C,O,298.15,6.777122538346684
CCCCCC(C)=O,O,298.15,7.282479352954612
CCCCCC,O,298.15,13.02445061381499
C1CCCCC1,O,298.15,11.309994995919718
CC(C)CNCC(C)C,O,298.15,7.599921979028121
CCCCCCC(=O)O,O,298.15,8.02595121672408
CCCCCCO,O,298.15,6.860659478567379
CCCCCCCC,O,298.15,16.218881719769755
C=CCCCCCC,O,298.15,14.569635239248038
CCCCCCCO,O,298.15,8.275984951714754
CCCCCCC=O,O,298.15,6.636892302552782
CCCCCCCCC,O,298.15,17.925933500815713
CCCCCCCCO,O,298.15,9.66076609867324
CCCCNCCCC,O,298.15,7.293813281565073
CCCCCCCCOC(C)=O,O,298.15,10.87359958070665
CCCCCCCCCCO,O,298.15,12.39664754956028
CCCCCCCCCCCC,O,298.15,21.639556568820566
CCCCCCCCCCCO,O,298.15,13.753801097923581
CCCCCCCCCCCCO,O,298.15,15.093456611083433
COC(=O)c1ccccc1O,O,298.15,8.797412486486651
c1ccc2c(c1)CCCC2,O,374.15,11.556578647891632
CC(=O)Oc1ccccc1,O,298.15,7.245569471919918
CCC=O,O,298.15,2.667228206581955
CC(C)CCO,O,298.15,5.192134290457894
CCCCOC(C)=O,O,298.15,6.879568744750009
C1COCCO1,O,298.15,1.7715567619105355
CCCCCCCCCC,O,298.15,19.692859710390568
ClC(Cl)=C(Cl)Cl,O,298.15,10.546014896095707
COC(=O)c1ccccc1C(=O)OC,O,298.15,7.799749219918193
CC(=O)OCc1ccccc1,O,298.15,8.301901235496373
N#CCc1ccccc1,O,298.15,8.195355741974407
CCOC(C)=O,O,298.15,4.132683476448549
C1=CCCC1,O,298.15,8.569996245542786
C1CCOCC1,O,298.15,4.068551427612793
CCCCCCC,O,298.15,14.561771874173706
CCCCCCCCCO,O,298.15,11.039769672875117
C1CCCC1,O,298.15,10.119997147742298
C1CC[C@H]2CCCC[C@H]2C1,O,298.15,15.9599928383993
CCCCCOC(=O)CCC,O,298.15,10.389499856426916
CC(C)CC(C)(C)C,O,298.15,15.310482178262024
Clc1cccc(Cl)c1,O,298.15,11.075308480507946
CCC(C)(C)CC,O,298.15,13.733221829874203
CC(C)C(=O)C(C)C,O,298.15,7.202862218759208
CCC(O)CC,O,298.15,4.610565604504999
C=CCCCC,O,298.15,11.395206677249902
CCCCCOC(C)=O,O,298.15,8.116927542661447
C#CCCCCC,O,298.15,10.824272171755844
CCCCCCCC(C)=O,O,298.15,10.018480031541882
CCCCCCc1ccccc1,O,298.15,16.129193837624353
CCCCCCCCCCC,O,298.15,21.649451452592018
CCc1cccc2ccccc12,O,310.93,13.521350213414543
COC(C)(C)C,O,298.15,4.987660039335725
CC(C)CCC(C)(C)C,O,298.15,16.13663277195673
C[C@@H]1CCCC[C@H]1C,O,298.15,14.111227762108939
CCC(Cl)CC,O,291.15,10.068887577689086
CCCC(C)Cl,O,298.15,10.068887577689086
C#CCCCC#C,O,298.15,8.039418646665448
CNc1ccccc1,O,298.15,6.956173945583463
C[CH2][Sn]([CH2]C)([CH2]C)[CH2]C,O,298.15,19.499491605323577
C#CCCCCCC#C,O,298.15,10.885125853180538
CC(C)CBr,O,298.15,9.609579471990065
CC(O)C(C)(C)C,O,298.15,5.652980287725815
CCCCCBr,O,310.93,11.097909896050213
CCC(O)(CC)CC,O,298.15,6.156400428423123
Fc1ccc(F)cc1,O,298.15,8.55000882035786
CCCCCCBr,O,297.65,12.779160138326912
CCC(O)C(C)(C)C,O,291.15,6.869761572747886
CC(=O)CC(C)C,O,298.15,5.689477308591143
CC(=O)C(C)(C)C,O,298.15,5.689477308591143
C=CC(=O)OCC,O,298.15,5.65152028999339
CC(C)COC=O,O,298.15,6.640928873956351
C=CCCCCCCC,O,298.15,15.648621481523998
CC(C)C(C)(C)O,O,298.15,4.845257379632188
CC=CCC,O,298.15,9.861576423457429
C=CCC=C,O,298.15,8.821350302051895
CCCCCCCBr,O,298.15,14.215413559530521
C1CCC2CCCCC2C1,O,298.15,15.971056292308932
CCCCCCC(=O)OC,O,298.15,9.462662070567756
CCCCCC(=O)OCC,O,298.15,9.462662070567756
CCOC(=O)CCC(=O)OCC,O,298.15,6.190827569756788
Cc1ccc(Cl)cc1,O,303.15,10.949890337751631
CCCC(O)CCC,O,298.15,7.302476207889564
C=CCCCC=C,O,298.15,11.70626938504592
ClCCBr,O,298.15,7.044669692732212
CCCCCCCCBr,O,298.15,15.671478806471029
CCOC(=O)CCCC(=O)OCC,O,298.15,7.006776745253455
CCCCCCCCl,O,298.15,13.21390647063941
Fc1ccccc1F,O,358.65,8.617735116290048
Cc1ccc(C)c2ccccc12,O,298.15,13.538569262956333
Cc1ccccc1Cl,O,298.15,10.999905769321252
Cc1cccc(Cl)c1,O,298.15,10.999905769321252
CCCCC(=O)OC,O,298.15,7.077599314264979
CCc1ccc2ccccc2c1,O,298.15,13.896721813389098
CCCCOC(=O)C(C)O,O,293.15,5.35156425143441
CCC(C)(O)CC,O,298.15,5.134945131912493
ClCCCBr,O,298.15,8.266077029193603
C=CCBr,O,298.15,7.461709355347804
BrCCCBr,O,298.15,8.792090890908575
COC(=O)CCCCC(=O)OC,O,291.15,5.781283493434948
CCOC(=O)CC(=O)OCC,O,298.15,6.001946914622364
CC(C)NC(C)C,O,303.15,3.7200873812381294
ClC(Cl)Br,O,362.9,8.020424964500826
OC1CCCC1,O,298.15,3.7835325999368816
Cc1ccc(C)c(N)c1,O,298.15,7.253470382684528
c1cc[nH]c1,O,298.15,4.351219428500323
CC(C)(C)c1ccncc1,O,298.15,7.489003951044503
O=Cc1ccc([N+](=O)[O-])cc1,O,298.15,5.720488810116383
CCCCCC(=O)OC,O,298.15,8.4091825004774
OC1CCCCCC1,O,335.15,6.090925192709615
CCCCCC(=O)O,O,298.15,6.410748730441526
CC(C)C(O)C(C)C,O,298.15,6.836759689107108
CCOc1ccccc1,O,298.15,9.384705359053681
CCCCOP(=O)(OCCCC)OCCCC,O,298.15,10.522845556275565
COc1ccccc1OC,O,298.15,7.000544101015574
CCCCCCCl,O,298.15,11.291517905949068
CC(C)(C)C(C)(C)O,O,298.15,5.755830817256427
CC(C)c1ccncc1,O,298.15,6.418759637802795
CCC(=O)c1ccccc1,O,298.15,7.83394485523554
Cc1ccc(C#N)cc1,O,340.15,8.968447138824107
CCCNCCC,O,293.15,4.881429769493539
CC(C)C(=O)O,O,298.15,2.8787882608194155
I/C=C\I,O,298.15,10.489099632519178
CC12CCC(CC1)C(C)(C)O2,O,298.15,8.08948860931126
C1=CC=CCC=C1,O,298.15,9.089994805841279
CCC(C)Cl,O,388.15,8.541669195182758
CCCOCC,O,299.15,5.638667787566901
Cc1ccncc1C,O,298.15,4.891408717035143
O=C1CCCCCC1,O,298.15,5.1027707428008515
c1ccoc1,O,298.15,6.028278520230698
CCCCCCCOC(=O)CCC,O,298.15,10.474190224637471
CCCc1ccc(O)cc1,O,298.15,8.671166712694705
C=CC(=O)OC,O,298.15,4.619368905387905
ClCBr,O,298.15,6.046979667035337
Cc1ccccc1C#N,O,293.15,8.712763264428487
ClCC1CO1,O,298.15,4.313121259359028
Cc1cccc(N)c1C,O,298.15,6.89009729030364
COC(=O)C(Cl)Cl,O,298.15,7.933459900483213
CN(C)CCO,O,298.15,-0.29587823608961206
CCCC(=O)OC1CCCCC1,O,298.15,9.060748120045012
CC(C)CC(=O)O,O,298.15,4.738345265140508
C1COCCN1,O,298.15,0.11627078166538649
C1=CCC=C1,O,298.15,8.799996381453365
c1cscn1,O,298.15,3.0634423225759337
CCCCC(=O)O,O,293.15,5.16265799710028
C=CCc1ccc(O)c(OC)c1,O,298.15,8.386163809009206
Cc1ccc(C(C)C)cc1O,O,298.15,8.845696618388068
Nc1ccccc1Cl,O,298.15,7.34706127025902
CCOC(=O)CCCCC(=O)OCC,O,298.15,7.572760153595802
CCOC(=O)C(=O)OCC,O,298.15,5.570532947065902
COCCC#N,O,323.15,3.0186574715283685
OCCOc1ccccc1,O,293.15,5.337220721656273
COC(=O)CCC(=O)OC,O,298.2,4.288368214962458
OC1CCCCCCC1,O,298.15,6.748775960018189
C#N,O,335.15,1.8590130512498546
CCOC(=O)c1ccccc1O,O,298.15,9.975263879946276
Cc1cc(C)cc(N)c1,O,298.15,7.250656803368254
CCCCCc1ccccc1,O,298.15,14.462985458697862
CC1=CCCCC1,O,298.15,11.299994586332184
CC(C)CCC#N,O,298.15,7.675513519411669
CC1COC(=O)O1,O,298.15,3.3126684901932784
C=CCCCCC,O,298.15,12.922516342640554
CCc1ccccc1C,O,298.15,11.50972434685432
CCCCC(=O)OCC,O,298.15,7.968811068923613
Cc1cccc(C)c1N,O,298.15,7.6450963627831
CC1OC(C)OC(C)O1,O,303.15,4.438212005816852
ClCCOCCCl,O,293.15,7.037422967104174
CS,O,298.15,4.356708826689592
Cc1cccc(C)n1,O,298.15,4.147885329150131
CCOCCO,O,341.15,1.7681496035889213
OCc1ccccc1,O,333.15,4.755002985745314
CNC=O,O,420.15,2.9338568698359038
