Solute_SMILES,Solvent_SMILES,T_K,ln_gamma_inf
CCO,ClC(Cl)(Cl)Cl,293.2,3.5380565643793527
CCO,ClC(Cl)(Cl)Cl,298.2,3.326473835466219
CCO,ClC(Cl)(Cl)Cl,313.2,2.9652730660692823
CCO,ClC(Cl)(Cl)Cl,333.2,2.322387720290225
CO,ClC(Cl)(Cl)Cl,293.2,3.877431560658527
CO,ClC(Cl)(Cl)Cl,313.2,3.2733640101522705
CO,ClC(Cl)(Cl)Cl,333.2,2.5726122302071057
CC(C)=O,ClC(Cl)(Cl)Cl,293.2,1.1600209167967532
CC(C)=O,ClC(Cl)(Cl)Cl,295.7,1.1474024528375417
CC(C)=O,ClC(Cl)(Cl)Cl,316.5,1.0577902941478545
CC(C)=O,ClC(Cl)(Cl)Cl,328.9,1.0367368849500223
CC(C)=O,ClC(Cl)(Cl)Cl,333.0,1.0152306797290584
CC(C)=O,ClC(Cl)(Cl)Cl,338.6,0.9858167945227654
CC(C)=O,ClC(Cl)(Cl)Cl,344.4,0.9477893989335261
CC(C)=O,ClC(Cl)(Cl)Cl,346.8,0.9516578757114463
CC(C)=O,ClC(Cl)(Cl)Cl,349.8,0.8415671856782185
CC(C)=O,ClC(Cl)(Cl)Cl,349.8,0.6575200029167941
ClC(Cl)Cl,ClC(Cl)(Cl)Cl,293.2,0.17395330712343798
ClC(Cl)Cl,ClC(Cl)(Cl)Cl,293.2,0.14842000511827322
ClC(Cl)Cl,ClC(Cl)(Cl)Cl,303.2,0.1570037488096647
ClC(Cl)Cl,ClC(Cl)(Cl)Cl,328.2,0.12221763272424911
CCCO,ClC(Cl)(Cl)Cl,314.9,2.768204123921957
CCCO,ClC(Cl)(Cl)Cl,327.0,2.4765384001174837
CCCO,ClC(Cl)(Cl)Cl,338.9,2.1770218700187
CCCO,ClC(Cl)(Cl)Cl,344.4,2.172476407647025
c1ccccc1,ClC(Cl)(Cl)Cl,293.2,0.09531017980432493
c1ccccc1,ClC(Cl)(Cl)Cl,313.2,0.12221763272424911
c1ccccc1,ClC(Cl)(Cl)Cl,328.3,0.09531017980432493
c1ccccc1,ClC(Cl)(Cl)Cl,349.1,0.09531017980432493
c1ccccc1,ClC(Cl)(Cl)Cl,349.8,0.09531017980432493
CC(Cl)(Cl)Cl,ClC(Cl)(Cl)Cl,328.2,0.08617769624105241
CCBr,ClC(Cl)(Cl)Cl,293.2,0.22314355131420976
CCI,ClC(Cl)(Cl)Cl,293.2,0.30010459245033816
CC#N,ClC(Cl)(Cl)Cl,293.2,2.5952547069568657
CC#N,ClC(Cl)(Cl)Cl,314.9,2.3702437414678603
CC#N,ClC(Cl)(Cl)Cl,316.5,2.312535423847214
CC#N,ClC(Cl)(Cl)Cl,330.0,2.2082744135228043
CC#N,ClC(Cl)(Cl)Cl,340.2,2.163323025660538
CC#N,ClC(Cl)(Cl)Cl,346.0,2.0918640616783932
ClCCl,ClC(Cl)(Cl)Cl,293.2,0.4574248470388755
ClCCl,ClC(Cl)(Cl)Cl,328.2,0.3987761199573678
S=C=S,ClC(Cl)(Cl)Cl,293.2,0.1906203596086497
CC(Cl)Cl,ClC(Cl)(Cl)Cl,328.2,0.3364722366212129
C[N+](=O)[O-],ClC(Cl)(Cl)Cl,293.2,2.7212954278522306
C[N+](=O)[O-],ClC(Cl)(Cl)Cl,298.2,2.711377991194885
C[N+](=O)[O-],ClC(Cl)(Cl)Cl,314.9,2.4595888418037104
C[N+](=O)[O-],ClC(Cl)(Cl)Cl,328.3,2.3702437414678603
C[N+](=O)[O-],ClC(Cl)(Cl)Cl,340.2,2.2082744135228043
C[N+](=O)[O-],ClC(Cl)(Cl)Cl,349.1,2.128231705849268
CC(C)CO,ClC(Cl)(Cl)Cl,293.2,2.917770732084279
ClC=C(Cl)Cl,ClC(Cl)(Cl)Cl,328.2,-0.01005033585350145
CC(C)[N+](=O)[O-],ClC(Cl)(Cl)Cl,314.9,1.5216989981260935
CC(C)[N+](=O)[O-],ClC(Cl)(Cl)Cl,333.0,1.4445632692438664
CC(C)[N+](=O)[O-],ClC(Cl)(Cl)Cl,340.2,1.410986973710262
CC(C)[N+](=O)[O-],ClC(Cl)(Cl)Cl,346.3,1.3762440252663892
ClCCCl,ClC(Cl)(Cl)Cl,313.2,0.5481214085096876
ClCCCl,ClC(Cl)(Cl)Cl,328.2,0.5007752879124892
CCC#N,ClC(Cl)(Cl)Cl,293.2,1.9740810260220096
CCCC(C)C,ClC(Cl)(Cl)Cl,298.2,0.34358970439007686
CC(C)CC(C)C,ClC(Cl)(Cl)Cl,298.2,0.371563556432483
CC(C)OC(C)C,ClC(Cl)(Cl)Cl,293.2,0.03922071315328133
Cc1ccccc1,ClC(Cl)(Cl)Cl,298.2,0.01980262729617973
Cc1ccccc1,ClC(Cl)(Cl)Cl,313.2,0.04879016416943204
CCCCC,ClC(Cl)(Cl)Cl,298.2,0.28517894223366247
C1CCOC1,ClC(Cl)(Cl)Cl,303.2,-0.19845093872383832
CCCCCC,ClC(Cl)(Cl)Cl,293.2,0.28517894223366247
CCCCCC,ClC(Cl)(Cl)Cl,298.2,0.30010459245033816
CCCCCC,ClC(Cl)(Cl)Cl,313.2,0.2468600779315258
CCCCCCCC,ClC(Cl)(Cl)Cl,298.2,0.20701416938432612
CCCCCCCC,ClC(Cl)(Cl)Cl,298.2,0.28517894223366247
CCCCCCCC,ClC(Cl)(Cl)Cl,313.2,0.17395330712343798
CCCCCCCCC,ClC(Cl)(Cl)Cl,298.2,0.2468600779315258
C1COCCO1,ClC(Cl)(Cl)Cl,298.2,0.22314355131420976
C1COCCO1,ClC(Cl)(Cl)Cl,298.2,0.25464221837358075
C1COCCO1,ClC(Cl)(Cl)Cl,303.2,0.27763173659827955
C1COCCO1,ClC(Cl)(Cl)Cl,308.2,0.28517894223366247
C1COCCO1,ClC(Cl)(Cl)Cl,313.2,0.27763173659827955
C1COCCO1,ClC(Cl)(Cl)Cl,313.2,0.29266961396282004
C1COCCO1,ClC(Cl)(Cl)Cl,337.7,0.29266961396282004
CCCCCCCCCC,ClC(Cl)(Cl)Cl,313.2,0.09531017980432493
CCCCCCC,ClC(Cl)(Cl)Cl,298.2,0.29266961396282004
CCCCCCC,ClC(Cl)(Cl)Cl,313.2,0.2151113796169455
CCCCCCC,ClC(Cl)(Cl)Cl,328.3,0.23901690047049992
CCCCCCC,ClC(Cl)(Cl)Cl,349.1,0.13976194237515863
CC(C)C(C)C(C)C,ClC(Cl)(Cl)Cl,298.2,0.3074846997479607
CC(C)CCC(C)C,ClC(Cl)(Cl)Cl,298.2,0.3220834991691132
COC(C)(C)C,ClC(Cl)(Cl)Cl,308.2,-0.23572233352106983
CCC1CCCCC1,ClC(Cl)(Cl)Cl,298.2,0.20701416938432612
CO,CCOCC,298.2,1.5518087995974639
CO,CCOCC,338.2,1.3402504226184837
CO,CCOCC,388.2,1.0577902941478545
CC(C)=O,CCOCC,298.1,0.8197798314933114
CC(C)=O,CCOCC,338.2,0.7178397931503168
CC(C)=O,CCOCC,388.3,0.6259384308664954
CC#N,CCOCC,298.1,1.3787660946990992
CC#N,CCOCC,338.2,1.199964782928397
CC#N,CCOCC,388.2,0.9820784724121582
C[N+](=O)[O-],CCOCC,298.2,1.3686394258811698
Cc1ccccc1,CCOCC,298.2,0.1823215567939546
CCCCCCCC,CCOCC,298.2,0.4252677354043441
C1COCCO1,CCOCC,298.2,0.6729444732424258
ClC(Cl)(Cl)Cl,Nc1ccccc1,293.2,1.5686159179138452
CCO,Nc1ccccc1,298.2,0.8754687373538999
CCO,Nc1ccccc1,313.2,0.9895411936137477
CCO,Nc1ccccc1,313.2,0.9321640810304452
CCO,Nc1ccccc1,328.2,0.8960880245566357
CCO,Nc1ccccc1,350.8,0.7747271675523681
CCO,Nc1ccccc1,386.7,0.6312717768418578
CO,Nc1ccccc1,293.2,0.8712933659434193
CC(C)=O,Nc1ccccc1,386.7,0.09531017980432493
CC(C)=O,Nc1ccccc1,350.8,-0.06187540371808753
CC(C)=O,Nc1ccccc1,313.2,-0.35667494393873245
CC(C)=O,Nc1ccccc1,277.4,-0.4780358009429998
CC(C)=O,Nc1ccccc1,293.2,-0.2231435513142097
ClC(Cl)Cl,Nc1ccccc1,293.2,0.4054651081081644
c1ccccc1,Nc1ccccc1,293.2,0.7975071958841882
c1ccccc1,Nc1ccccc1,293.2,0.8064758658669485
c1ccccc1,Nc1ccccc1,298.2,0.7884573603642703
c1ccccc1,Nc1ccccc1,298.2,0.8064758658669485
c1ccccc1,Nc1ccccc1,298.2,0.85015092936961
c1ccccc1,Nc1ccccc1,333.2,0.6931471805599453
c1ccccc1,Nc1ccccc1,373.2,0.5877866649021191
CCBr,Nc1ccccc1,293.2,0.7608058290337602
CCI,Nc1ccccc1,293.2,1.0402767116551463
CC#N,Nc1ccccc1,293.2,-0.020202707317519466
CC#N,Nc1ccccc1,343.2,0.02955880224154443
CC#N,Nc1ccccc1,393.2,0.09531017980432493
ClCCl,Nc1ccccc1,293.2,0.34358970439007686
S=C=S,Nc1ccccc1,293.2,1.2612978709452054
C[N+](=O)[O-],Nc1ccccc1,298.2,0.131028262406404
CCC(C)C,Nc1ccccc1,293.2,3.0101281538377234
CNC(C)=O,Nc1ccccc1,413.5,0.23111172096338664
CC1CCCC1,Nc1ccccc1,293.2,2.617395832834079
Cc1cccc(O)c1,Nc1ccccc1,453.2,-0.2484613592984996
Cc1cccc(O)c1,Nc1ccccc1,453.2,-0.19845093872383832
Cc1cccc(O)c1,Nc1ccccc1,437.9,-0.2613647641344075
Cc1cccc(O)c1,Nc1ccccc1,437.9,-0.2231435513142097
Cc1cccc(O)c1,Nc1ccccc1,422.9,-0.2613647641344075
Cc1cccc(O)c1,Nc1ccccc1,422.9,-0.2613647641344075
Cc1cccc(O)c1,Nc1ccccc1,407.9,-0.2876820724517809
Cc1cccc(O)c1,Nc1ccccc1,407.9,-0.2744368457017603
Cc1cccc(O)c1,Nc1ccccc1,408.2,-0.2744368457017603
CC1CCCCC1,Nc1ccccc1,293.2,2.8622008809294686
CC1CCCCC1,Nc1ccccc1,293.2,2.863913698933143
Cc1ccccc1,Nc1ccccc1,298.2,1.0438040521731147
Clc1ccccc1,Nc1ccccc1,293.2,0.9516578757114463
Clc1ccccc1,Nc1ccccc1,343.2,0.7323678937132266
Clc1ccccc1,Nc1ccccc1,393.2,0.5822156198526637
CCCCC,Nc1ccccc1,293.2,2.9816333491744893
CCCCC,Nc1ccccc1,293.2,3.0007198150650303
C=CCCC,Nc1ccccc1,293.2,2.341805806147327
CCCCCC,Nc1ccccc1,293.2,3.2136622578153133
CCCCCC,Nc1ccccc1,293.2,3.246490991901174
CCCCCC,Nc1ccccc1,298.2,3.2676659890376327
CCCCCC,Nc1ccccc1,298.2,3.282038399825841
CCCCCC,Nc1ccccc1,298.2,3.295836866004329
CCCCCC,Nc1ccccc1,298.2,3.2991646560970036
CCCCCC,Nc1ccccc1,323.2,2.6390573296152584
CCCCCC,Nc1ccccc1,373.2,2.0794415416798357
CCCCCCCC,Nc1ccccc1,298.2,3.630720539940404
C1COCCO1,Nc1ccccc1,298.2,-0.9675840262617056
CCOC(C)=O,Nc1ccccc1,293.2,0.36464311358790924
CCCCCCC,Nc1ccccc1,293.2,3.4585224482814247
CCCCCCC,Nc1ccccc1,293.2,3.459466289786131
C1CCCC1,Nc1ccccc1,293.2,2.217027204632399
CC(C)CC(C)(C)C,Nc1ccccc1,293.2,3.673765816303888
CC(C)CC(C)(C)C,Nc1ccccc1,293.2,3.674526947889536
C=CCCCC,Nc1ccccc1,293.2,2.5257286443082556
ClC(Cl)(Cl)Cl,CCO,298.2,1.6370530794670737
ClC(Cl)(Cl)Cl,CCO,313.2,1.4883995840570443
ClC(Cl)(Cl)Cl,CCO,333.2,1.3987168811184478
Nc1ccccc1,CCO,313.2,1.128171090909654
Nc1ccccc1,CCO,350.8,1.0402767116551463
Nc1ccccc1,CCO,386.7,0.8919980393051105
CC(C)=O,CCO,293.2,0.8671004876833833
CC(C)=O,CCO,303.2,0.9932517730102834
CC(C)=O,CCO,313.2,0.9162907318741551
CC(C)=O,CCO,314.3,0.8878912573524571
CC(C)=O,CCO,318.5,0.8544153281560676
CC(C)=O,CCO,322.5,0.7747271675523681
CC(C)=O,CCO,323.0,0.7975071958841882
CC(C)=O,CCO,323.2,0.8329091229351039
CC(C)=O,CCO,323.2,0.7654678421395714
CC(C)=O,CCO,335.8,0.7080357930536959
CC(C)=O,CCO,348.3,0.6523251860396901
CC(C)=O,CCO,351.5,0.5481214085096876
ClC(Cl)Cl,CCO,298.2,0.5364933705145685
ClC(Cl)Cl,CCO,323.2,0.7654678421395714
ClC(Cl)Cl,CCO,323.2,0.7608058290337602
CCCO,CCO,313.2,0.01980262729617973
CCCCO,CCO,313.2,0.09531017980432493
c1ccccc1,CCO,296.8,1.6863989535702288
c1ccccc1,CCO,298.2,1.791759469228055
c1ccccc1,CCO,298.2,1.6505798557652755
c1ccccc1,CCO,298.2,1.4906543764441336
c1ccccc1,CCO,313.2,1.449269160281279
c1ccccc1,CCO,318.8,1.62924053973028
c1ccccc1,CCO,333.2,1.7047480922384253
c1ccccc1,CCO,334.7,1.547562508716013
c1ccccc1,CCO,346.4,1.4816045409242156
c1ccccc1,CCO,353.2,1.4816045409242156
c1ccccc1,CCO,373.2,1.6094379124341003
CCBr,CCO,293.2,1.4327007339340465
CCI,CCO,293.2,1.8196988379172965
CC#N,CCO,293.2,1.545432582458188
CC#N,CCO,323.2,1.308332819650179
CC#N,CCO,343.2,1.1184149159642893
CC#N,CCO,393.2,0.7371640659767196
ClCCl,CCO,298.2,0.9162907318741551
C[N+](=O)[O-],CCO,298.2,2.050270164379556
C[N+](=O)[O-],CCO,298.2,1.9198594718553708
C[N+](=O)[O-],CCO,348.2,1.541159071680806
C[N+](=O)[O-],CCO,398.2,1.0885619528146082
CC(C)(C)O,CCO,313.2,-0.2484613592984996
CC(C)CO,CCO,313.2,0.06765864847381486
CC(C)CO,CCO,351.4,0.19885085874516517
CC(C)CO,CCO,351.5,0.19885085874516517
CC(C)CO,CCO,424.0,0.3220834991691132
CC(C)CO,CCO,424.0,0.3220834991691132
CNC(C)=O,CCO,313.2,-0.19845093872383832
CC1CCCC1,CCO,313.2,2.0831845279586703
Cc1ccc(C)cc1,CCO,313.2,1.9615022438151495
CCCC(C)C,CCO,298.2,2.325324579963535
CC(C)CC(C)C,CCO,298.2,2.47232786758114
Cc1cccc(C)n1,CCO,313.2,-0.07257069283483537
CC1CCCCC1,CCO,313.2,2.3749057545736716
CC1CCCCC1,CCO,333.2,2.278292400425001
Cc1ccccc1,CCO,296.4,2.0541237336955462
Cc1ccccc1,CCO,298.2,1.7526720805200082
Cc1ccccc1,CCO,303.2,1.7867469274045107
Cc1ccccc1,CCO,313.2,1.747459210331475
Cc1ccccc1,CCO,318.5,1.7227665977411035
Cc1ccccc1,CCO,318.5,1.7227665977411035
Cc1ccccc1,CCO,318.6,1.9459101490553132
Cc1ccccc1,CCO,318.6,1.9315214116032138
Cc1ccccc1,CCO,323.2,1.7647307968401356
Cc1ccccc1,CCO,323.2,1.7101878155342434
Cc1ccccc1,CCO,330.0,1.6752256529721035
Cc1ccccc1,CCO,333.2,1.7298840655099674
Cc1ccccc1,CCO,333.2,1.6808279085207734
Cc1ccccc1,CCO,337.2,1.791759469228055
Cc1ccccc1,CCO,343.2,1.6845453849209058
Cc1ccccc1,CCO,349.4,1.6370530794670737
Cc1ccccc1,CCO,351.2,1.6467336971777973
Cc1ccccc1,CCO,351.8,1.7227665977411035
Clc1ccccc1,CCO,323.2,1.6486586255873816
Clc1ccccc1,CCO,335.8,1.62924053973028
Clc1ccccc1,CCO,348.0,1.589235205116581
CCCCC,CCO,293.2,2.2617630984737906
CCCCC,CCO,298.2,2.0515563381903004
CCCCC,CCO,298.2,2.2502386126218363
CCCCC,CCO,299.7,2.186051276738094
CCCCC,CCO,303.2,2.224623551524334
CCCCC,CCO,304.2,2.2082744135228043
CCCCC,CCO,310.4,2.163323025660538
CCCCC,CCO,312.1,2.151762203259462
CCCCC,CCO,313.2,2.1126345090356
CCCCC,CCO,313.2,2.1701959049483
CCCCC,CCO,322.0,2.1400661634962708
CCCCC,CCO,322.2,2.1162555148025524
CCCCC,CCO,323.2,2.1102132003465894
CCCCC,CCO,324.7,2.1162555148025524
CCCCC,CCO,335.2,2.1041341542702074
CCCCC,CCO,343.0,2.0541237336955462
CCCCC,CCO,352.4,1.9459101490553132
CCCCC,CCO,354.2,1.9315214116032138
CCCCC,CCO,354.4,2.0014800002101243
CCCC#N,CCO,278.2,1.5107219394949427
CCCC#N,CCO,288.2,1.425515074273172
CCCC#N,CCO,293.2,1.3737155789130306
CCCC#N,CCO,298.2,1.3506671834767394
CCCC#N,CCO,303.2,1.308332819650179
CCCC#N,CCO,308.2,1.2892326482767593
CCCC#N,CCO,313.2,1.252762968495368
CCCC#N,CCO,323.2,1.2149127443642704
CCCCCC,CCO,293.2,2.258633205464863
CCCCCC,CCO,293.2,2.4849066497880004
CCCCCC,CCO,298.2,2.4849066497880004
CCCCCC,CCO,298.2,2.359910159613315
CCCCCC,CCO,303.2,2.5416019934645457
CCCCCC,CCO,313.2,2.105352923464337
CCCCCC,CCO,313.2,2.451005098112319
CCCCCC,CCO,313.2,2.2925347571405443
CCCCCC,CCO,322.2,2.302585092994046
CCCCCC,CCO,333.2,1.979621206397625
CCCCCC,CCO,333.2,2.272125885509337
CCCCCC,CCO,350.9,2.0918640616783932
CCCCCC,CCO,354.2,2.163323025660538
CCCCCC,CCO,373.2,2.128231705849268
c1ccncc1,CCO,313.2,-0.040821994520255166
c1ccncc1,CCO,336.4,-0.040821994520255166
c1ccncc1,CCO,350.6,-0.06187540371808753
CCCCCCCC,CCO,298.2,2.7800607370784824
CCCCCCCC,CCO,298.2,2.738902664584975
CCCCCCCC,CCO,322.2,2.6741486494265287
CCCCCCCC,CCO,338.0,2.5726122302071057
CCCCCCCC,CCO,343.2,2.658859956911438
CCCCCCCC,CCO,353.7,2.5649493574615367
CCCCCCCCC,CCO,298.2,2.9780773383152703
CCCCCCCCC,CCO,301.1,3.0349529867072724
CCCCCCCCC,CCO,320.9,2.9856819377004897
CCCCCCCCC,CCO,320.9,2.9391619220655967
CCCCCCCCC,CCO,355.2,2.740840023925201
CNC=O,CCO,303.2,0.37843643572024505
CNC=O,CCO,313.2,0.3576744442718159
C1COCCO1,CCO,298.2,1.1314021114911006
C1COCCO1,CCO,323.2,1.0612565021243408
C1COCCO1,CCO,323.2,1.0438040521731147
CCOC(C)=O,CCO,298.2,1.2837077723447896
CCOC(C)=O,CCO,328.2,0.9631743177730056
CCCCCCC,CCO,293.5,2.5416019934645457
CCCCCCC,CCO,298.2,2.570319527636131
CCCCCCC,CCO,303.2,2.70805020110221
CCCCCCC,CCO,303.2,2.574899688314705
CCCCCCC,CCO,303.3,2.5733752977756086
CCCCCCC,CCO,303.3,2.4765384001174837
CCCCCCC,CCO,313.1,2.4069451083182885
CCCCCCC,CCO,313.2,2.73046379593911
CCCCCCC,CCO,313.2,2.6461747973841225
CCCCCCC,CCO,313.2,2.5556757206762075
CCCCCCC,CCO,319.4,2.468099531471619
CCCCCCC,CCO,322.2,2.4849066497880004
CCCCCCC,CCO,322.8,2.3513752571634776
CCCCCCC,CCO,323.2,2.5877640352277083
CCCCCCC,CCO,323.2,2.4475508632442313
CCCCCCC,CCO,333.2,2.6539459421090092
CCCCCCC,CCO,335.2,2.388762789235098
CCCCCCC,CCO,337.7,2.4159137783010487
CCCCCCC,CCO,343.1,2.388762789235098
CCCCCCC,CCO,347.8,2.33214389523559
CCCCCCC,CCO,354.2,2.379546134130174
C1CCCC1,CCO,313.2,1.916922612182061
CC(C)CC(C)(C)C,CCO,296.7,2.6390573296152584
CC(C)CC(C)(C)C,CCO,318.7,2.5572273113676265
CC(C)CC(C)(C)C,CCO,333.2,2.495681722955959
CC(C)CC(C)(C)C,CCO,337.0,2.501435951739211
CC(C)CC(C)(C)C,CCO,353.2,2.4765384001174837
CC(C)C(C)C(C)C,CCO,298.2,2.5915163848462583
CC(C)CCC(C)C,CCO,298.2,2.6609585935683597
COC(=O)OC,CCO,313.2,1.6937790608678513
CCC1CCCCC1,CCO,298.2,2.5974910105351463
ClC(Cl)(Cl)Cl,CO,293.2,2.012232791986386
ClC(Cl)(Cl)Cl,CO,298.2,2.0255131996542803
ClC(Cl)(Cl)Cl,CO,313.2,1.9768549529047348
ClC(Cl)(Cl)Cl,CO,333.2,1.8748743759385615
CCOCC,CO,298.2,1.244154593958768
CCOCC,CO,338.2,1.1908875647772805
CCOCC,CO,388.2,1.091923300517313
CCO,CO,337.0,0.01980262729617973
CC(C)=O,CO,298.2,0.7701082216960737
CC(C)=O,CO,303.2,0.7466879474879751
CC(C)=O,CO,308.2,0.712949807856125
CC(C)=O,CO,313.2,0.6931471805599453
CC(C)=O,CO,313.2,0.6981347220709843
CC(C)=O,CO,323.2,0.6626879730752367
CC(C)=O,CO,337.7,0.5423242908253617
CC(C)=O,CO,337.8,0.6043159668533296
CC(C)=O,CO,337.8,0.6830968447064438
ClC(Cl)Cl,CO,293.2,0.7929925155296614
ClC(Cl)Cl,CO,298.2,0.85015092936961
ClC(Cl)Cl,CO,303.2,0.8241754429663494
ClC(Cl)Cl,CO,317.7,0.8878912573524571
ClC(Cl)Cl,CO,323.2,1.0473189942805592
ClC(Cl)Cl,CO,328.2,0.8712933659434193
CCCO,CO,313.2,0.12221763272424911
CCCO,CO,333.2,0.11332868530700327
CCCCO,CO,313.2,0.26236426446749106
c1ccccc1,CO,298.2,1.8671761085128091
c1ccccc1,CO,298.2,1.9198594718553708
c1ccccc1,CO,298.2,1.9459101490553132
c1ccccc1,CO,298.2,1.969905654611529
c1ccccc1,CO,298.2,2.0149030205422647
c1ccccc1,CO,303.2,1.969905654611529
c1ccccc1,CO,333.2,1.7578579175523736
c1ccccc1,CO,373.2,1.547562508716013
CC#N,CO,326.0,0.9783261227936078
CC#N,CO,333.5,0.9555114450274363
ClCCl,CO,298.2,1.0331844833456545
ClCCl,CO,298.2,1.1817271953786161
ClCCl,CO,348.2,1.1631508098056809
ClCCl,CO,398.2,1.1786549963416462
C[N+](=O)[O-],CO,298.2,1.7209792871670078
C[N+](=O)[O-],CO,298.2,1.7369512327330598
C[N+](=O)[O-],CO,308.7,1.6193882432872684
C[N+](=O)[O-],CO,318.5,1.547562508716013
C[N+](=O)[O-],CO,328.5,1.4445632692438664
C[N+](=O)[O-],CO,337.0,1.3428648031925547
C[N+](=O)[O-],CO,348.2,1.4206957878372228
C[N+](=O)[O-],CO,388.2,1.1908875647772805
CC(C)(C)O,CO,313.2,-0.35667494393873245
CC(C)CO,CO,313.2,0.22314355131420976
CNC(C)=O,CO,398.6,-0.35667494393873245
CCc1ccccc1,CO,298.2,2.580216829592325
CCc1ccccc1,CO,298.2,2.631888840136646
CCCCc1ccccc1,CO,298.2,3.1986731175506815
CCCCc1ccccc1,CO,298.2,3.2108436531709366
Cc1ccc(C)cc1,CO,313.2,2.546315277916644
ClCCCl,CO,323.2,1.599387576580599
CCCC(C)C,CO,298.2,3.173878458937465
CC(C)CC(C)C,CO,298.2,3.4041928906419536
Cc1cccc(C)n1,CO,313.2,-0.020202707317519466
Cc1ccccc1,CO,298.2,2.269028309465203
Cc1ccccc1,CO,298.2,2.306577114263583
Cc1ccccc1,CO,298.2,2.312535423847214
Cc1ccccc1,CO,303.2,2.299580583973747
Cc1ccccc1,CO,307.2,2.286455711064162
Cc1ccccc1,CO,308.2,2.312535423847214
Cc1ccccc1,CO,308.7,2.272125885509337
Cc1ccccc1,CO,318.2,2.2793164660546914
Cc1ccccc1,CO,318.5,2.2428350885882717
Cc1ccccc1,CO,328.2,2.2438960966453663
Cc1ccccc1,CO,328.5,2.21375387928743
Cc1ccccc1,CO,337.0,2.186051276738094
Cc1ccccc1,CO,337.2,2.2202898502672155
Clc1ccccc1,CO,328.2,2.169053700369523
CCCCC,CO,298.2,2.970414465569701
CCCCC,CO,298.2,2.913437030827161
CCCCC,CO,303.2,3.0106208860477417
CCCCC,CO,313.2,2.917770732084279
CCCC#N,CO,278.2,1.3787660946990992
CCCC#N,CO,288.2,1.269760544863939
CCCC#N,CO,298.2,1.2383742310432684
CCCC#N,CO,308.2,1.1969481893889715
CCCC#N,CO,318.2,1.1537315878891892
CCCCCC,CO,298.2,3.295836866004329
CCCCCC,CO,298.2,3.2538567937634464
CCCCCC,CO,303.2,3.254242968705492
CCCCCC,CO,313.2,3.1570004211501135
CCCCCC,CO,333.2,2.9444389791664403
CCCCCC,CO,373.2,2.6026896854443837
c1ccncc1,CO,298.2,-0.19845093872383832
c1ccncc1,CO,308.2,-0.13926206733350766
c1ccncc1,CO,313.2,-0.11653381625595151
c1ccncc1,CO,318.2,-0.09431067947124129
CCCCCCCC,CO,298.2,3.8716175907931074
CCCCCCCC,CO,298.2,3.8255932774297583
CCCCCCCC,CO,308.7,3.765840495250065
CCCCCCCC,CO,318.5,3.681351187693145
CCCCCCCC,CO,328.5,3.580737295494233
CCCCCCCC,CO,337.0,3.475067230228611
CCCCCCCCC,CO,298.2,4.171151270461866
CNC=O,CO,303.2,0.16551443847757333
CNC=O,CO,313.2,0.131028262406404
C1COCCO1,CO,298.2,1.220829921392359
C1COCCO1,CO,308.7,1.172482137234565
C1COCCO1,CO,318.5,1.1378330018213911
C1COCCO1,CO,328.5,1.091923300517313
C1COCCO1,CO,337.0,1.0577902941478545
CCCCCCC,CO,298.2,3.559340082758951
CCCCCCC,CO,303.2,3.55820113047182
CCCCCCC,CO,313.2,3.456316680883235
C1CCCC1,CO,288.2,2.785011242238338
CC(C)C(C)C(C)C,CO,298.2,3.6152329139456376
CC(C)CCC(C)C,CO,298.2,3.680090948080857
COC(=O)OC,CO,313.2,1.6956156086751528
CCC1CCCCC1,CO,298.2,3.6653549090669792
ClC(Cl)(Cl)Cl,CC(C)O,354.8,1.2267122912954254
CCO,CC(C)O,298.2,-0.12783337150988489
ClC(Cl)Cl,CC(C)O,323.2,0.6678293725756554
CCCCO,CC(C)O,313.2,-0.020202707317519466
c1ccccc1,CC(C)O,298.2,1.5040773967762742
c1ccccc1,CC(C)O,298.2,1.4445632692438664
c1ccccc1,CC(C)O,313.2,1.3029127521808397
C[N+](=O)[O-],CC(C)O,298.2,2.238579763018133
CCC(C)(C)C,CC(C)O,308.2,1.7783364488959144
CC(C)CO,CC(C)O,313.2,-0.020202707317519466
CCc1ccccc1,CC(C)O,298.2,1.824549292051046
CCc1ccccc1,CC(C)O,298.2,1.803358605071407
CCCCc1ccccc1,CC(C)O,298.2,2.1412419425852827
CCCCc1ccccc1,CC(C)O,298.2,2.1400661634962708
CCCC(C)C,CC(C)O,298.2,1.8702625307159986
CC(C)CC(C)C,CC(C)O,298.2,2.005525858729668
CC(C)CC(C)C,CC(C)O,308.2,1.9329696377795786
Cc1cccc(C)n1,CC(C)O,313.2,0.11332868530700327
CC1CCCCC1,CC(C)O,323.9,1.7950872593207297
CC1CCCCC1,CC(C)O,332.7,1.7578579175523736
CC1CCCCC1,CC(C)O,343.8,1.6974487897568136
CC1CCCCC1,CC(C)O,354.6,1.6409365794934714
Cc1ccccc1,CC(C)O,298.2,1.667706820558076
Cc1ccccc1,CC(C)O,298.2,1.6448050562713916
Cc1ccccc1,CC(C)O,298.2,1.6253112615903906
Cc1ccccc1,CC(C)O,313.2,1.6034198401085373
Cc1ccccc1,CC(C)O,321.0,1.5390154481375546
Cc1ccccc1,CC(C)O,331.7,1.4678743481123135
Cc1ccccc1,CC(C)O,343.1,1.4060969884160703
Cc1ccccc1,CC(C)O,354.8,1.2892326482767593
CCCCC,CC(C)O,298.2,1.6845453849209058
CCCCC,CC(C)O,308.2,1.8594181177018698
CCCC#N,CC(C)O,278.2,1.541159071680806
CCCC#N,CC(C)O,288.2,1.4655675420143985
CCCC#N,CC(C)O,293.2,1.410986973710262
CCCC#N,CC(C)O,298.2,1.366091653802371
CCCC#N,CC(C)O,303.2,1.3402504226184837
CCCC#N,CC(C)O,308.2,1.2919836816486494
CCCC#N,CC(C)O,313.2,1.2669476034873244
CCCC#N,CC(C)O,323.2,1.1474024528375417
CCCCCC,CC(C)O,298.2,1.8764069432883397
CCCCCC,CC(C)O,308.2,2.0014800002101243
CCCCCC,CC(C)O,323.9,1.7369512327330598
CCCCCC,CC(C)O,328.2,1.7647307968401356
CCCCCC,CC(C)O,332.7,1.7011051009599243
CCCCCC,CC(C)O,343.8,1.6544112780768316
CCCCCC,CC(C)O,354.6,1.631199404215613
c1ccncc1,CC(C)O,313.2,-0.01005033585350145
CCCCCCCC,CC(C)O,298.2,2.2213750375685026
CCCCCCCC,CC(C)O,298.2,2.2617630984737906
CCCCCCCC,CC(C)O,308.2,2.2965670206684825
CCCCCCCC,CC(C)O,353.2,1.8373699804801074
CCCCCCCCC,CC(C)O,298.2,2.3841650799864684
C1COCCO1,CC(C)O,298.2,1.1019400787607843
C1COCCO1,CC(C)O,323.2,0.8415671856782185
C1COCCO1,CC(C)O,333.2,0.7839015438284094
C1COCCO1,CC(C)O,343.2,0.9001613499442714
C1COCCO1,CC(C)O,353.2,0.8329091229351039
CCOC(C)=O,CC(C)O,288.2,1.2669476034873244
CCOC(C)=O,CC(C)O,328.2,0.6729444732424258
CCCCCCC,CC(C)O,298.2,2.0744289998562917
CCCCCCC,CC(C)O,303.2,1.9401794743463283
CCCCCCC,CC(C)O,308.2,2.1400661634962708
CCCCCCC,CC(C)O,323.9,1.8779371654691073
CCCCCCC,CC(C)O,332.7,1.8373699804801074
CCCCCCC,CC(C)O,343.8,1.7749523509116738
CCCCCCC,CC(C)O,354.6,1.7404661748405046
C1CCCC1,CC(C)O,308.2,1.5238800240724537
C1CCCCCC1,CC(C)O,308.2,1.9125010869241836
CC(C)CC(C)(C)C,CC(C)O,308.2,2.012232791986386
CC(C)C(C)C(C)C,CC(C)O,298.2,2.1126345090356
CC(C)CCC(C)C,CC(C)O,298.2,2.169053700369523
CCC1CCCCC1,CC(C)O,298.2,2.1138429683971682
ClC(Cl)(Cl)Cl,CC(C)=O,300.9,0.7371640659767196
ClC(Cl)(Cl)Cl,CC(C)=O,304.0,0.7701082216960737
ClC(Cl)(Cl)Cl,CC(C)=O,306.9,0.7275486072772777
ClC(Cl)(Cl)Cl,CC(C)=O,310.9,0.7561219797213337
ClC(Cl)(Cl)Cl,CC(C)=O,313.9,0.7275486072772777
ClC(Cl)(Cl)Cl,CC(C)=O,319.5,0.7275486072772777
ClC(Cl)(Cl)Cl,CC(C)=O,324.4,0.7080357930536959
ClC(Cl)(Cl)Cl,CC(C)=O,326.0,0.7654678421395714
ClC(Cl)(Cl)Cl,CC(C)=O,327.6,0.7561219797213337
ClC(Cl)(Cl)Cl,CC(C)=O,328.4,0.712949807856125
ClC(Cl)(Cl)Cl,CC(C)=O,329.4,0.7654678421395714
ClC(Cl)(Cl)Cl,CC(C)=O,329.4,0.7419373447293773
CCOCC,CC(C)=O,298.1,0.6626879730752367
CCOCC,CC(C)=O,338.2,0.5822156198526637
CCOCC,CC(C)=O,388.3,0.5068176023684519
Nc1ccccc1,CC(C)=O,386.7,0.20701416938432612
Nc1ccccc1,CC(C)=O,350.8,-0.07257069283483537
Nc1ccccc1,CC(C)=O,313.2,-0.4155154439616658
Nc1ccccc1,CC(C)=O,277.4,-0.527632742082372
CCO,CC(C)=O,298.3,0.8919980393051105
CCO,CC(C)=O,303.3,0.8415671856782185
CCO,CC(C)=O,306.8,0.8064758658669485
CCO,CC(C)=O,308.2,0.8064758658669485
CCO,CC(C)=O,313.2,0.7371640659767196
CCO,CC(C)=O,315.2,0.7514160886839212
CCO,CC(C)=O,318.4,0.7275486072772777
CCO,CC(C)=O,323.2,0.688134638736401
CCO,CC(C)=O,327.4,0.6523251860396901
CCO,CC(C)=O,328.5,0.6523251860396901
CCO,CC(C)=O,329.4,0.5538851132264376
CO,CC(C)=O,303.2,0.7466879474879751
CO,CC(C)=O,308.3,0.688134638736401
CO,CC(C)=O,313.3,0.6575200029167941
CO,CC(C)=O,323.2,0.6471032420585384
CO,CC(C)=O,329.3,0.5364933705145685
CO,CC(C)=O,329.4,0.5596157879354227
CO,CC(C)=O,329.4,0.5709795465857378
ClC(Cl)Cl,CC(C)=O,328.5,-0.6348782724359695
ClC(Cl)Cl,CC(C)=O,329.4,-0.4620354595965587
ClC(Cl)Cl,CC(C)=O,324.4,-0.6539264674066639
ClC(Cl)Cl,CC(C)=O,323.2,-0.5978370007556204
ClC(Cl)Cl,CC(C)=O,319.5,-0.6733445532637656
ClC(Cl)Cl,CC(C)=O,313.9,-0.6733445532637656
ClC(Cl)Cl,CC(C)=O,307.2,-0.6931471805599453
c1ccccc1,CC(C)=O,298.2,0.5306282510621704
c1ccccc1,CC(C)=O,304.0,0.4637340162321402
c1ccccc1,CC(C)=O,314.4,0.45107561936021673
c1ccccc1,CC(C)=O,323.2,0.4054651081081644
c1ccccc1,CC(C)=O,329.0,0.43178241642553783
c1ccccc1,CC(C)=O,329.4,0.3987761199573678
c1ccccc1,CC(C)=O,329.4,0.371563556432483
c1ccccc1,CC(C)=O,333.2,0.47000362924573563
c1ccccc1,CC(C)=O,373.2,0.4054651081081644
CCI,CC(C)=O,307.9,0.7793248768009977
CCI,CC(C)=O,315.4,0.7561219797213337
CCI,CC(C)=O,336.4,0.712949807856125
ClCCl,CC(C)=O,398.2,-0.23572233352106983
ClCCl,CC(C)=O,348.2,-0.342490308946776
ClCCl,CC(C)=O,303.2,-0.5447271754416722
ClCCl,CC(C)=O,298.2,-0.4942963218147801
S=C=S,CC(C)=O,300.9,1.4398351280479205
S=C=S,CC(C)=O,306.9,1.4085449700547104
S=C=S,CC(C)=O,313.9,1.355835153635182
S=C=S,CC(C)=O,319.5,1.3297240096314962
S=C=S,CC(C)=O,324.4,1.2947271675944
S=C=S,CC(C)=O,328.7,1.252762968495368
C[N+](=O)[O-],CC(C)=O,348.2,-0.09431067947124129
C[N+](=O)[O-],CC(C)=O,298.2,-0.12783337150988489
C[N+](=O)[O-],CC(C)=O,298.2,-0.09431067947124129
C[N+](=O)[O-],CC(C)=O,298.3,0.09531017980432493
CC1CCCC1,CC(C)=O,308.2,1.7263316639055997
ClCCCl,CC(C)=O,329.4,-0.020202707317519466
CCCC(C)C,CC(C)=O,298.2,1.9300710850255671
CC(C)CC(C)C,CC(C)=O,298.2,2.0373166153791646
Cc1ccccc1,CC(C)=O,298.2,0.636576829071551
Cc1ccccc1,CC(C)=O,298.3,0.7371640659767196
Cc1ccccc1,CC(C)=O,308.2,0.7080357930536959
Cc1ccccc1,CC(C)=O,318.4,0.636576829071551
Cc1ccccc1,CC(C)=O,328.5,0.5766133643039938
Clc1ccccc1,CC(C)=O,313.2,0.4574248470388755
Clc1ccccc1,CC(C)=O,353.2,0.44468582126144574
Clc1ccccc1,CC(C)=O,386.7,0.4382549309311553
CCCCC,CC(C)=O,238.2,2.6939512767227085
CCCCC,CC(C)=O,258.2,2.262804222982201
CCCCC,CC(C)=O,298.2,1.7884205679625405
CCCCC,CC(C)=O,298.2,1.6370530794670737
CCCCC,CC(C)=O,303.2,1.7647307968401356
CCCCC,CC(C)=O,303.2,1.7526720805200082
CCCCC,CC(C)=O,308.2,1.665818245870208
CCCCC,CC(C)=O,318.3,1.506297153514587
CCCCC,CC(C)=O,323.2,1.4562867329399256
CCCCCC,CC(C)=O,253.2,2.5718485799218085
CCCCCC,CC(C)=O,268.2,2.4561641809223462
CCCCCC,CC(C)=O,293.2,2.0719132752590443
CCCCCC,CC(C)=O,298.2,1.9671123567059163
CCCCCC,CC(C)=O,298.2,1.8718021769015913
CCCCCC,CC(C)=O,300.9,1.8578592709325787
CCCCCC,CC(C)=O,303.2,1.9139771019523042
CCCCCC,CC(C)=O,303.2,1.873339456220478
CCCCCC,CC(C)=O,306.9,1.8309801823813363
CCCCCC,CC(C)=O,308.2,1.8718021769015913
CCCCCC,CC(C)=O,313.3,1.7369512327330598
CCCCCC,CC(C)=O,316.7,1.7119945007591924
CCCCCC,CC(C)=O,318.2,1.7884205679625405
CCCCCC,CC(C)=O,324.4,1.6563214983329508
CCCCCC,CC(C)=O,328.4,1.599387576580599
CCCCCC,CC(C)=O,329.4,1.6845453849209058
CCCCCC,CC(C)=O,333.2,1.62924053973028
CCCCCC,CC(C)=O,373.2,1.5040773967762742
c1ccncc1,CC(C)=O,303.2,0.26236426446749106
CCCCCCCC,CC(C)=O,298.2,2.3589654264301534
CCCCCCCC,CC(C)=O,298.2,2.331172549845958
CCCCCCCC,CC(C)=O,298.3,2.401525040848949
CCCCCCCC,CC(C)=O,308.2,2.277267285009756
CCCCCCCC,CC(C)=O,318.4,2.057962510002712
CCCCCCCC,CC(C)=O,328.4,1.9544450515051506
CCCCCCCCC,CC(C)=O,298.2,2.554121718809473
CCCC=O,CC(C)=O,328.2,0.06765864847381486
C1COCCO1,CC(C)=O,298.2,0.25464221837358075
C1COCCO1,CC(C)=O,298.3,0.30010459245033816
C1COCCO1,CC(C)=O,308.2,0.3293037471426003
C1COCCO1,CC(C)=O,318.4,0.3074846997479607
C1COCCO1,CC(C)=O,328.4,0.3148107398400336
CCCCCCCCCC,CC(C)=O,313.2,2.511223958105374
CCCCCCCCCC,CC(C)=O,333.2,2.167910189667444
CCCCCCC,CC(C)=O,273.2,2.6166656393003573
CCCCCCC,CC(C)=O,298.2,2.134166441369082
CCCCCCC,CC(C)=O,303.2,2.0554049638515948
CCCCCCC,CC(C)=O,303.2,2.0320878452963655
CCCCCCC,CC(C)=O,313.2,1.9947003132247452
CCCCCCC,CC(C)=O,313.2,1.9919755158985601
CCCCCCC,CC(C)=O,323.2,1.8870696490323797
C1CCCC1,CC(C)=O,308.2,1.4929040961781488
CCCCCCCCCCCCCCCC,CC(C)=O,333.2,3.542696943935855
CC(C)C(C)C(C)C,CC(C)=O,298.2,2.1644717908644115
CC(C)CCC(C)C,CC(C)=O,298.2,2.238579763018133
CCC1CCCCC1,CC(C)=O,298.2,2.2353763433005955
ClC(Cl)(Cl)Cl,ClC(Cl)Cl,293.2,0.1906203596086497
ClC(Cl)(Cl)Cl,ClC(Cl)Cl,303.2,0.1823215567939546
ClC(Cl)(Cl)Cl,ClC(Cl)Cl,328.2,0.14842000511827322
CCO,ClC(Cl)Cl,298.2,1.6563214983329508
CCO,ClC(Cl)Cl,316.0,1.501852701754163
CCO,ClC(Cl)Cl,323.2,1.8389610707123492
CCO,ClC(Cl)Cl,323.2,1.8229350866965048
CO,ClC(Cl)Cl,293.2,2.131796772013764
CO,ClC(Cl)Cl,298.2,2.256541154492639
CO,ClC(Cl)Cl,303.2,2.0906287310704004
CO,ClC(Cl)Cl,316.0,1.8531680973566984
CO,ClC(Cl)Cl,318.2,2.2731562823032334
CO,ClC(Cl)Cl,323.2,2.1587147225743437
CO,ClC(Cl)Cl,328.2,2.2235418856535927
CO,ClC(Cl)Cl,328.4,1.9358598132018119
CC(C)O,ClC(Cl)Cl,323.2,1.0681530811834012
CC(C)=O,ClC(Cl)Cl,334.2,-0.6539264674066639
CC(C)=O,ClC(Cl)Cl,323.0,-0.7339691750802004
CC(C)=O,ClC(Cl)Cl,323.2,-0.9942522733438669
CC(C)=O,ClC(Cl)Cl,305.0,-0.941608539858445
c1ccccc1,ClC(Cl)Cl,331.9,-0.15082288973458366
c1ccccc1,ClC(Cl)Cl,334.3,-0.21072103131565253
c1ccccc1,ClC(Cl)Cl,334.3,-0.21072103131565253
c1ccccc1,ClC(Cl)Cl,319.8,-0.18632957819149348
c1ccccc1,ClC(Cl)Cl,298.7,-0.2876820724517809
CC(Cl)(Cl)Cl,ClC(Cl)Cl,328.2,0.0
CCBr,ClC(Cl)Cl,323.0,-0.18632957819149348
CCBr,ClC(Cl)Cl,305.0,-0.19845093872383832
CC#N,ClC(Cl)Cl,298.7,0.28517894223366247
CC#N,ClC(Cl)Cl,318.3,0.23901690047049992
CC#N,ClC(Cl)Cl,319.8,0.27763173659827955
CC#N,ClC(Cl)Cl,328.3,0.25464221837358075
CC#N,ClC(Cl)Cl,331.9,0.30010459245033816
ClCCl,ClC(Cl)Cl,298.2,0.23111172096338664
ClCCl,ClC(Cl)Cl,308.2,0.058268908123975824
CC(Cl)Cl,ClC(Cl)Cl,328.2,-0.020202707317519466
C[N+](=O)[O-],ClC(Cl)Cl,298.2,0.9477893989335261
C[N+](=O)[O-],ClC(Cl)Cl,319.8,1.0647107369924282
C[N+](=O)[O-],ClC(Cl)Cl,331.9,0.9555114450274363
ClC=C(Cl)Cl,ClC(Cl)Cl,328.2,0.06765864847381486
COC(C)=O,ClC(Cl)Cl,323.3,-0.7133498878774648
COC(C)=O,ClC(Cl)Cl,313.4,-0.843970070294529
ClCCCl,ClC(Cl)Cl,328.2,0.04879016416943204
CCCC(C)C,ClC(Cl)Cl,298.2,0.7514160886839212
CC(C)CC(C)C,ClC(Cl)Cl,298.2,0.7514160886839212
Cc1ccccc1,ClC(Cl)Cl,318.2,-0.19845093872383832
Cc1ccccc1,ClC(Cl)Cl,298.2,-0.3856624808119846
CCCCC,ClC(Cl)Cl,298.2,0.6729444732424258
CCCCC,ClC(Cl)Cl,298.2,0.7561219797213337
C1CCOC1,ClC(Cl)Cl,323.0,-1.3862943611198906
C1CCOC1,ClC(Cl)Cl,323.2,-1.4271163556401458
C1CCOC1,ClC(Cl)Cl,323.4,-1.3470736479666092
C1CCOC1,ClC(Cl)Cl,313.2,-1.5606477482646683
C1CCOC1,ClC(Cl)Cl,313.6,-1.4696759700589417
C1CCOC1,ClC(Cl)Cl,303.2,-1.7147984280919266
C1CCOC1,ClC(Cl)Cl,305.0,-1.5606477482646683
CCCCCC,ClC(Cl)Cl,298.2,0.7080357930536959
CCCCCC,ClC(Cl)Cl,308.2,0.7323678937132266
CCCCCC,ClC(Cl)Cl,318.2,0.6830968447064438
CCCCCC,ClC(Cl)Cl,319.8,0.5822156198526637
CCCCCC,ClC(Cl)Cl,328.2,0.5481214085096876
CCCCCC,ClC(Cl)Cl,331.9,0.5068176023684519
CCCCCC,ClC(Cl)Cl,334.3,0.4382549309311553
CCCCCC,ClC(Cl)Cl,334.3,0.494696241836107
c1ccncc1,ClC(Cl)Cl,303.2,-1.2378743560016174
CCCCCCCC,ClC(Cl)Cl,298.2,0.7275486072772777
CCCCCCCC,ClC(Cl)Cl,298.2,0.7227059828014898
CCCCCCCCC,ClC(Cl)Cl,298.2,0.7275486072772777
C1COCCO1,ClC(Cl)Cl,323.2,-1.3093333199837622
C1COCCO1,ClC(Cl)Cl,303.2,-1.6607312068216509
C1COCCO1,ClC(Cl)Cl,298.2,-1.5141277326297755
CCOC(C)=O,ClC(Cl)Cl,323.2,-1.5606477482646683
CCOC(C)=O,ClC(Cl)Cl,313.2,-1.8325814637483102
CCCCCCC,ClC(Cl)Cl,298.2,0.7227059828014898
CCCCCCC,ClC(Cl)Cl,323.2,0.5187937934151675
CC(C)C(C)C(C)C,ClC(Cl)Cl,298.2,0.6931471805599453
CC(C)CCC(C)C,ClC(Cl)Cl,298.2,0.7275486072772777
CN1CCCC1=O,ClC(Cl)Cl,373.2,-1.8325814637483102
CN1CCCC1=O,ClC(Cl)Cl,323.2,-2.995732273553991
CCC1CCCCC1,ClC(Cl)Cl,298.2,0.6259384308664954
ClC(Cl)(Cl)Cl,CCCO,332.9,1.1631508098056809
ClC(Cl)(Cl)Cl,CCCO,343.1,1.144222799920162
ClC(Cl)(Cl)Cl,CCCO,352.4,1.1314021114911006
ClC(Cl)(Cl)Cl,CCCO,362.4,1.1314021114911006
ClC(Cl)(Cl)Cl,CCCO,369.9,1.1052568313867783
CCO,CCCO,298.2,-0.08338160893905101
CCO,CCCO,313.2,0.02955880224154443
CO,CCCO,313.2,0.058268908123975824
CO,CCCO,333.2,0.04879016416943204
CCCCO,CCCO,313.2,0.03922071315328133
CCCCO,CCCO,333.2,0.01980262729617973
CCCCO,CCCO,353.2,0.01980262729617973
c1ccccc1,CCCO,298.2,1.1939224684724346
c1ccccc1,CCCO,313.2,1.3217558399823195
C[N+](=O)[O-],CCCO,298.2,2.1377104498038118
CC(C)(C)O,CCCO,313.2,-0.23572233352106983
CCC(C)(C)C,CCCO,308.2,1.791759469228055
CC(C)CO,CCCO,313.2,0.009950330853168092
Cc1ccc(C)cc1,CCCO,313.2,1.6752256529721035
CCCC(C)C,CCCO,298.2,1.8671761085128091
CC(C)CC(C)C,CCCO,298.2,2.010894999144726
CC(C)CC(C)C,CCCO,308.2,1.951608170169951
Cc1cccc(C)n1,CCCO,313.2,-0.37106368139083207
Cc1ccccc1,CCCO,298.2,1.4469189829363254
Cc1ccccc1,CCCO,343.2,1.3862943611198906
Cc1ccccc1,CCCO,353.2,1.3164082336557241
Cc1ccccc1,CCCO,363.2,1.264126727145683
Cc1ccccc1,CCCO,370.2,1.2119409739751128
CCCCC,CCCO,298.2,1.631199404215613
CCCCC,CCCO,308.2,1.7263316639055997
CCCC#N,CCCO,278.2,1.900613874140137
CCCC#N,CCCO,288.2,1.572773928062509
CCCC#N,CCCO,293.2,1.5040773967762742
CCCC#N,CCCO,298.2,1.4085449700547104
CCCC#N,CCCO,303.2,1.3711807233098425
CCCC#N,CCCO,308.2,1.3110318766193438
CCCC#N,CCCO,313.2,1.2584609896100056
CCCC#N,CCCO,323.2,1.1568811967920856
CCCCCC,CCCO,298.2,1.9065751436566365
CCCCCC,CCCO,308.2,1.864080130807681
c1ccncc1,CCCO,313.2,-0.18632957819149348
CCCCCCCC,CCCO,298.2,2.190535589185423
CCCCCCCC,CCCO,298.2,2.253394848803274
CCCCCCCC,CCCO,308.2,2.1234584270966104
CCCCCCCC,CCCO,358.2,2.066862759472976
CCCCCCCC,CCCO,363.2,1.8931119634883424
CCCCCCCCC,CCCO,298.2,2.4706386779902956
CCCCCCC,CCCO,298.2,2.0681277817795625
CCCCCCC,CCCO,303.2,2.0028304393079956
CCCCCCC,CCCO,308.2,1.9947003132247452
CCCCCCC,CCCO,313.2,1.965712776351493
CCCCCCC,CCCO,323.2,1.9242486522741338
CCCCCCC,CCCO,333.2,1.8468787684491346
CCCCCCC,CCCO,333.2,1.888583653863595
CCCCCCC,CCCO,353.2,1.7732559976634952
C1CCCC1,CCCO,308.2,1.4816045409242156
C1CCCCCC1,CCCO,308.2,1.8180767775454285
CC(C)CC(C)(C)C,CCCO,308.2,2.0412203288596382
CC(C)CC(C)(C)C,CCCO,328.4,1.965712776351493
CC(C)CC(C)(C)C,CCCO,348.5,1.8809906029559975
CC(C)C(C)C(C)C,CCCO,298.2,2.0856720914304723
CC(C)CCC(C)C,CCCO,298.2,2.152924318439639
COC(=O)OC,CCCO,313.2,1.6272778305624314
CCC1CCCCC1,CCCO,298.2,2.060513531794317
ClC(Cl)(Cl)Cl,CCCCO,293.2,0.9820784724121582
ClC(Cl)(Cl)Cl,CCCCO,359.6,0.9477893989335261
CCOCC,CCCCO,318.2,0.5933268452777344
CCOCC,CCCCO,328.2,0.5187937934151675
CCO,CCCCO,298.2,-0.07257069283483537
CCO,CCCCO,308.2,0.01980262729617973
CCO,CCCCO,313.2,0.058268908123975824
CCO,CCCCO,318.2,0.009950330853168092
CCO,CCCCO,328.2,0.0
CO,CCCCO,308.2,0.11332868530700327
CO,CCCCO,313.2,0.10436001532424286
CO,CCCCO,318.2,0.0769610411361284
CO,CCCCO,328.2,0.04879016416943204
CC(C)O,CCCCO,313.2,-0.020202707317519466
CC(C)=O,CCCCO,293.2,0.8754687373538999
CC(C)=O,CCCCO,308.2,0.7608058290337602
CC(C)=O,CCCCO,318.2,0.6931471805599453
CC(C)=O,CCCCO,328.2,0.6043159668533296
ClC(Cl)Cl,CCCCO,293.2,0.1823215567939546
ClC(Cl)Cl,CCCCO,308.2,0.27763173659827955
ClC(Cl)Cl,CCCCO,318.2,0.3364722366212129
ClC(Cl)Cl,CCCCO,328.2,0.3220834991691132
CCCO,CCCCO,313.2,0.03922071315328133
CCCO,CCCCO,333.2,0.01980262729617973
CCCO,CCCCO,353.2,0.01980262729617973
c1ccccc1,CCCCO,318.2,1.0784095813505903
c1ccccc1,CCCCO,328.2,1.0331844833456545
CCBr,CCCCO,293.2,0.9783261227936078
CCI,CCCCO,293.2,1.235471471385307
CC#N,CCCCO,293.2,1.7351891177396608
CC#N,CCCCO,333.2,1.7334238922150915
ClCCl,CCCCO,308.2,0.6780335427498971
ClCCl,CCCCO,318.2,0.6626879730752367
ClCCl,CCCCO,328.2,0.6523251860396901
S=C=S,CCCCO,293.2,1.144222799920162
C[N+](=O)[O-],CCCCO,293.2,2.2082744135228043
CC(C)(C)O,CCCCO,313.2,-0.21072103131565253
CC(C)CO,CCCCO,313.2,0.009950330853168092
CC1=CCC2CC1C2(C)C,CCCCO,353.2,1.8594181177018698
CC1=CCC2CC1C2(C)C,CCCCO,373.2,1.6253112615903906
Cc1ccc(C)cc1,CCCCO,313.2,1.4398351280479205
ClCCCl,CCCCO,293.2,1.0715836162801904
CCC#N,CCCCO,293.2,1.6486586255873816
CCCC(C)C,CCCCO,298.2,1.6094379124341003
CC(C)CC(C)C,CCCCO,298.2,1.7263316639055997
Cc1cccc(C)n1,CCCCO,313.2,-0.527632742082372
Cc1ccccc1,CCCCO,298.2,1.2296405510745139
Cc1ccccc1,CCCCO,308.2,1.1600209167967532
Cc1ccccc1,CCCCO,318.2,1.1939224684724346
Cc1ccccc1,CCCCO,323.2,1.2029723039923526
Cc1ccccc1,CCCCO,328.2,1.1662709371419244
Cc1ccccc1,CCCCO,349.5,1.0296194171811581
Cc1ccccc1,CCCCO,359.9,0.959350221334602
Cc1ccccc1,CCCCO,363.2,1.0188473201992472
Cc1ccccc1,CCCCO,373.2,0.9783261227936078
Cc1ccccc1,CCCCO,381.0,0.8754687373538999
Cc1ccccc1,CCCCO,383.2,0.8878912573524571
Cc1ccccc1,CCCCO,389.9,0.8197798314933114
Cc1ccccc1,CCCCO,390.2,0.85015092936961
CCCCC,CCCCO,298.2,1.3937663759585917
CCCCC,CCCCO,308.2,1.415853163361435
CCCCC,CCCCO,318.2,1.3428648031925547
CCCCC,CCCCO,328.2,1.3480731482996928
CCCC#N,CCCCO,278.2,1.665818245870208
CCCC#N,CCCCO,288.2,1.4562867329399256
CCCC#N,CCCCO,293.2,1.410986973710262
CCCC#N,CCCCO,298.2,1.3762440252663892
CCCC#N,CCCCO,303.2,1.33500106673234
CCCC#N,CCCCO,308.2,1.269760544863939
CCCC#N,CCCCO,313.2,1.235471471385307
CCCC#N,CCCCO,323.2,1.1631508098056809
CCCCCC,CCCCO,298.2,1.6331544390514163
CCCCCC,CCCCO,308.2,1.5748464676644813
CCCCCC,CCCCO,318.2,1.5390154481375546
CCCCCC,CCCCO,328.2,1.541159071680806
CCCCCC,CCCCO,333.2,1.5282278570085572
c1ccncc1,CCCCO,313.2,-0.1743533871447778
CCCCCCCC,CCCCO,298.2,1.8547342683894434
CCCCCCCC,CCCCO,308.2,1.8341801851120072
CCCCCCCC,CCCCO,318.2,1.7934247485471162
CCCCCCCC,CCCCO,328.2,1.8931119634883424
CCCCCCCCC,CCCCO,298.2,2.102913897864978
C1COCCO1,CCCCO,298.2,0.883767540168595
CCOC(C)=O,CCCCO,308.2,0.8878912573524571
CCOC(C)=O,CCCCO,318.2,0.8329091229351039
CCOC(C)=O,CCCCO,328.2,0.7371640659767196
CCCCCCC,CCCCO,293.2,1.9459101490553132
CCCCCCC,CCCCO,298.2,1.7681496035889213
CCCCCCC,CCCCO,308.2,1.713797927758343
CCCCCCC,CCCCO,318.2,1.6845453849209058
CCCCCCC,CCCCO,328.2,1.6505798557652755
CCCCCCC,CCCCO,333.2,1.6253112615903906
CCCCCCC,CCCCO,353.2,1.6351056591826783
CCCCCCC,CCCCO,363.2,1.5129270120532565
CCCCCCC,CCCCO,373.2,1.5602476682433286
CC(C)C(C)C(C)C,CCCCO,298.2,1.780024213009634
CC(C)CCC(C)C,CCCCO,298.2,1.851599469584072
C=CCCCC,CCCCO,318.2,1.3937663759585917
C=CCCCC,CCCCO,328.2,1.358409157630355
CCC1CCCCC1,CCCCO,298.2,1.742219023667919
CCOCC,CCCCCO,303.5,0.5128236264286637
CCOCC,CCCCCO,308.2,0.5596157879354227
CCOCC,CCCCCO,313.2,0.5068176023684519
CCOCC,CCCCCO,318.2,0.6678293725756554
CCOCC,CCCCCO,323.5,0.5128236264286637
CCOCC,CCCCCO,328.2,0.4637340162321402
CCO,CCCCCO,308.2,0.08617769624105241
CCO,CCCCCO,313.2,0.11332868530700327
CCO,CCCCCO,318.2,0.1570037488096647
CCO,CCCCCO,323.5,0.11332868530700327
CCO,CCCCCO,328.2,0.131028262406404
CO,CCCCCO,303.5,0.13976194237515863
CO,CCCCCO,308.2,0.2151113796169455
CO,CCCCCO,313.2,0.11332868530700327
CO,CCCCCO,318.2,0.30010459245033816
CO,CCCCCO,323.5,0.12221763272424911
CO,CCCCCO,328.2,0.1823215567939546
CC(C)=O,CCCCCO,303.5,0.85015092936961
CC(C)=O,CCCCCO,308.2,0.8878912573524571
CC(C)=O,CCCCCO,313.2,0.7654678421395714
CC(C)=O,CCCCCO,318.2,0.7275486072772777
CC(C)=O,CCCCCO,323.5,0.688134638736401
CC(C)=O,CCCCCO,328.2,0.7419373447293773
ClC(Cl)Cl,CCCCCO,308.2,0.37843643572024505
ClC(Cl)Cl,CCCCCO,318.2,0.25464221837358075
ClC(Cl)Cl,CCCCCO,328.2,0.27763173659827955
c1ccccc1,CCCCCO,303.5,0.9516578757114463
c1ccccc1,CCCCCO,308.2,1.075002423028976
c1ccccc1,CCCCCO,313.2,0.9516578757114463
c1ccccc1,CCCCCO,318.2,0.9783261227936078
c1ccccc1,CCCCCO,323.5,0.9162907318741551
c1ccccc1,CCCCCO,328.2,0.9631743177730056
ClCCl,CCCCCO,303.5,0.598836501088704
ClCCl,CCCCCO,308.2,0.7371640659767196
ClCCl,CCCCCO,313.2,0.5653138090500605
ClCCl,CCCCCO,318.2,0.6097655716208943
ClCCl,CCCCCO,323.5,0.5766133643039938
ClCCl,CCCCCO,328.2,0.5877866649021191
CC1CCCC1,CCCCCO,303.5,1.2119409739751128
CC1CCCC1,CCCCCO,313.2,1.1878434223960523
CC1CCCC1,CCCCCO,323.5,1.1662709371419244
Cc1ccccc1,CCCCCO,303.5,1.1184149159642893
Cc1ccccc1,CCCCCO,308.2,1.1052568313867783
Cc1ccccc1,CCCCCO,313.2,1.0681530811834012
Cc1ccccc1,CCCCCO,318.2,1.1151415906193203
Cc1ccccc1,CCCCCO,323.2,1.0296194171811581
Cc1ccccc1,CCCCCO,323.5,1.0508216248317612
Cc1ccccc1,CCCCCO,328.2,1.1216775615991057
CCCOC(C)=O,CCCCCO,303.5,1.1537315878891892
CCCOC(C)=O,CCCCCO,313.2,1.0224509277025455
CCCOC(C)=O,CCCCCO,323.5,0.7884573603642703
CCCCC,CCCCCO,303.5,1.3402504226184837
CCCCC,CCCCCO,308.2,1.4609379041156563
CCCCC,CCCCCO,313.2,1.3402504226184837
CCCCC,CCCCCO,318.2,1.3056264580524357
CCCCC,CCCCCO,323.5,1.3029127521808397
CCCCC,CCCCCO,328.2,1.2612978709452054
CCCCCC,CCCCCO,303.5,1.4134230285081433
CCCCCC,CCCCCO,308.2,1.449269160281279
CCCCCC,CCCCCO,313.2,1.410986973710262
CCCCCC,CCCCCO,318.2,1.4279160358107101
CCCCCC,CCCCCO,323.5,1.3762440252663892
CCCCCC,CCCCCO,328.2,1.3029127521808397
CCCCCCCC,CCCCCO,308.2,1.7578579175523736
CCCCCCCC,CCCCCO,313.2,1.3711807233098425
CCCCCCCC,CCCCCO,318.2,1.6900958154515549
CCCCCCCC,CCCCCO,328.2,1.667706820558076
CCCCCCCCC,CCCCCO,353.2,1.4929040961781488
CCCCCCCCC,CCCCCO,373.2,1.4973884086254774
CCCC=O,CCCCCO,303.5,1.0543120297715298
CCCC=O,CCCCCO,313.2,0.9631743177730056
CCCC=O,CCCCCO,323.5,0.883767540168595
CCOC(C)=O,CCCCCO,303.5,0.9122827104766164
CCOC(C)=O,CCCCCO,313.2,0.8415671856782185
CCOC(C)=O,CCCCCO,323.5,0.7654678421395714
CCCCCCC,CCCCCO,303.5,1.5325568680981427
CCCCCCC,CCCCCO,308.2,1.547562508716013
CCCCCCC,CCCCCO,313.2,1.5539252025038417
CCCCCCC,CCCCCO,318.2,1.5282278570085572
CCCCCCC,CCCCCO,323.5,1.4883995840570443
CCCCCCC,CCCCCO,328.2,1.547562508716013
C=CCCCC,CCCCCO,303.5,1.2499017362143359
C=CCCCC,CCCCCO,308.2,1.2325602611778486
C=CCCCC,CCCCCO,313.2,1.2809338454620642
C=CCCCC,CCCCCO,318.2,1.172482137234565
C=CCCCC,CCCCCO,323.5,1.2383742310432684
C=CCCCC,CCCCCO,328.2,1.247032293786383
ClC(Cl)(Cl)Cl,c1ccccc1,293.2,0.12221763272424911
ClC(Cl)(Cl)Cl,c1ccccc1,293.2,0.12221763272424911
ClC(Cl)(Cl)Cl,c1ccccc1,313.2,0.12221763272424911
ClC(Cl)(Cl)Cl,c1ccccc1,353.3,0.13976194237515863
CCO,c1ccccc1,298.2,2.8273136219290276
CCO,c1ccccc1,298.2,2.803360380906535
CCO,c1ccccc1,298.2,2.719978771967484
CCO,c1ccccc1,307.3,2.667228206581955
CCO,c1ccccc1,307.3,2.653241964607215
CCO,c1ccccc1,313.2,2.5572273113676265
CCO,c1ccccc1,317.4,2.4765384001174837
CCO,c1ccccc1,317.7,2.388762789235098
CCO,c1ccccc1,321.0,2.379546134130174
CCO,c1ccccc1,321.0,2.312535423847214
CCO,c1ccccc1,337.3,2.0541237336955462
CCO,c1ccccc1,338.2,2.151762203259462
CCO,c1ccccc1,342.4,2.066862759472976
CCO,c1ccccc1,349.0,2.028148247292285
CCO,c1ccccc1,352.2,1.7578579175523736
CCO,c1ccccc1,354.2,1.7404661748405046
CO,c1ccccc1,298.2,2.9652730660692823
CC(C)O,c1ccccc1,313.2,2.631888840136646
CC(C)=O,c1ccccc1,293.2,0.5481214085096876
CC(C)=O,c1ccccc1,293.2,0.5364933705145685
CC(C)=O,c1ccccc1,323.2,0.4885800148186709
CC(C)=O,c1ccccc1,332.2,0.4885800148186709
CC(C)=O,c1ccccc1,349.8,0.4824261492442928
CC(C)=O,c1ccccc1,350.7,0.47000362924573563
CC(C)=O,c1ccccc1,353.3,0.4574248470388755
CC(C)=O,c1ccccc1,353.3,0.41871033485818504
ClC(Cl)Cl,c1ccccc1,353.3,-0.13926206733350766
ClC(Cl)Cl,c1ccccc1,353.3,-0.12783337150988489
ClC(Cl)Cl,c1ccccc1,293.2,-0.21072103131565253
CCCO,c1ccccc1,298.2,2.4932054526026954
CCCO,c1ccccc1,313.2,2.309560706730471
CCBr,c1ccccc1,293.2,0.009950330853168092
CCBr,c1ccccc1,293.2,0.009950330853168092
CCI,c1ccccc1,293.2,0.12221763272424911
CCI,c1ccccc1,293.2,0.11332868530700327
CC#N,c1ccccc1,293.2,1.244154593958768
CC#N,c1ccccc1,293.2,1.2119409739751128
CC#N,c1ccccc1,298.2,1.1249295969854831
CC#N,c1ccccc1,318.2,1.1249295969854831
CC#N,c1ccccc1,348.0,1.0473189942805592
CC#N,c1ccccc1,397.9,0.9707789171582248
ClCCl,c1ccccc1,348.0,-0.07257069283483537
ClCCl,c1ccccc1,298.2,-0.11653381625595151
ClCCl,c1ccccc1,293.2,-0.09431067947124129
ClCCl,c1ccccc1,293.2,-0.08338160893905101
S=C=S,c1ccccc1,293.2,0.3920420877760237
S=C=S,c1ccccc1,293.2,0.3987761199573678
C[N+](=O)[O-],c1ccccc1,318.2,1.247032293786383
CC(C)(C)O,c1ccccc1,313.2,1.8213182714695995
CC1=CCC2CC1C2(C)C,c1ccccc1,338.2,0.5653138090500605
CC1=CCC2CC1C2(C)C,c1ccccc1,353.2,0.3364722366212129
N#Cc1ccccc1,c1ccccc1,323.2,0.412109650826833
N#Cc1ccccc1,c1ccccc1,353.2,0.3987761199573678
Cc1ccc(C)cc1,c1ccccc1,308.2,0.06765864847381486
ClCCCl,c1ccccc1,298.2,0.03922071315328133
ClCCCl,c1ccccc1,353.3,0.02955880224154443
CCCC(C)C,c1ccccc1,298.2,0.8109302162163288
CC(C)CC(C)C,c1ccccc1,298.2,0.883767540168595
CC(C)OC(C)C,c1ccccc1,343.2,0.2151113796169455
Cc1ccccc1,c1ccccc1,298.2,-0.08338160893905101
Oc1ccccc1,c1ccccc1,353.2,1.1939224684724346
CCCCC,c1ccccc1,293.2,0.8109302162163288
CCCCC,c1ccccc1,298.2,0.712949807856125
C=CCCC,c1ccccc1,293.2,0.5423242908253617
CCCCCC,c1ccccc1,293.2,0.7929925155296614
CCCCCC,c1ccccc1,293.2,0.8020015854720274
CCCCCC,c1ccccc1,298.2,0.7466879474879751
CCCCCC,c1ccccc1,313.2,0.6981347220709843
CCCCCC,c1ccccc1,353.3,0.4574248470388755
c1ccncc1,c1ccccc1,298.2,0.22314355131420976
c1ccncc1,c1ccccc1,303.2,0.22314355131420976
c1ccncc1,c1ccccc1,313.2,0.22314355131420976
c1ccncc1,c1ccccc1,323.2,0.22314355131420976
c1ccncc1,c1ccccc1,329.7,0.1906203596086497
c1ccncc1,c1ccccc1,351.1,0.19885085874516517
CCCCCCCC,c1ccccc1,298.2,0.7747271675523681
CCCCCCCC,c1ccccc1,298.2,0.8372475245337022
CCCCCCCCC,c1ccccc1,298.2,0.8628899551470398
C1COCCO1,c1ccccc1,298.2,-0.030459207484708574
CCOC(C)=O,c1ccccc1,328.2,0.3576744442718159
CCCCCCC,c1ccccc1,298.2,0.7227059828014898
CCCCCCC,c1ccccc1,313.2,0.6780335427498971
CCCCCCC,c1ccccc1,318.0,0.6523251860396901
CCCCCCC,c1ccccc1,333.2,0.5877866649021191
CCCCCCC,c1ccccc1,335.4,0.5364933705145685
CCCCCCC,c1ccccc1,349.4,0.4637340162321402
CC(C)CC(C)(C)C,c1ccccc1,313.2,0.8153648132841944
CC(C)C(C)C(C)C,c1ccccc1,298.2,0.8153648132841944
CC(C)CCC(C)C,c1ccccc1,298.2,0.7839015438284094
COC(=O)OC,c1ccccc1,283.2,0.47000362924573563
COC(=O)OC,c1ccccc1,293.2,0.44468582126144574
COC(=O)OC,c1ccccc1,313.2,0.3920420877760237
COC(=O)OC,c1ccccc1,323.2,0.37843643572024505
COC(=O)OC,c1ccccc1,333.2,0.36464311358790924
COC(=O)OC,c1ccccc1,343.2,0.3576744442718159
COC(=O)OC,c1ccccc1,363.2,0.3364722366212129
COC(=O)OC,c1ccccc1,373.2,0.3293037471426003
CN1CCCC1=O,c1ccccc1,333.3,-0.18632957819149348
CN1CCCC1=O,c1ccccc1,354.2,-0.12783337150988489
COC(C)(C)C,c1ccccc1,308.2,0.09531017980432493
CCC1CCCCC1,c1ccccc1,298.2,0.688134638736401
ClC(Cl)(Cl)Cl,CC(Cl)(Cl)Cl,328.2,0.0769610411361284
ClC(Cl)Cl,CC(Cl)(Cl)Cl,328.2,-0.030459207484708574
CC(Cl)Cl,CC(Cl)(Cl)Cl,328.2,0.058268908123975824
ClC=C(Cl)Cl,CC(Cl)(Cl)Cl,328.2,0.0
ClCCCl,CC(Cl)(Cl)Cl,328.2,0.20701416938432612
COC(=O)OC,CC(Cl)(Cl)Cl,298.2,0.494696241836107
COC(=O)OC,CC(Cl)(Cl)Cl,333.2,0.5187937934151675
C[N+](=O)[O-],CCBr,298.2,1.3297240096314962
Cc1ccccc1,CCBr,298.2,0.06765864847381486
CCCCCCCC,CCBr,298.2,0.7975071958841882
C1COCCO1,CCBr,298.2,0.27763173659827955
ClC(Cl)(Cl)Cl,CC#N,293.2,1.8976198599275322
ClC(Cl)(Cl)Cl,CC#N,352.6,1.589235205116581
CCOCC,CC#N,298.1,1.2178757094949273
CCOCC,CC#N,338.2,1.1052568313867783
CCOCC,CC#N,388.2,0.9669838461896731
Nc1ccccc1,CC#N,293.2,0.5306282510621704
Nc1ccccc1,CC#N,343.2,0.45107561936021673
Nc1ccccc1,CC#N,393.2,0.4574248470388755
CCO,CC#N,293.2,1.4206957878372228
CCO,CC#N,298.2,1.3609765531356006
CCO,CC#N,323.2,1.0986122886681098
CCO,CC#N,343.2,0.9321640810304452
CCO,CC#N,393.2,0.5933268452777344
CO,CC#N,326.0,0.9400072584914712
CO,CC#N,333.5,0.9321640810304452
CC(C)=O,CC#N,293.2,0.09531017980432493
CC(C)=O,CC#N,298.2,0.03922071315328133
ClC(Cl)Cl,CC#N,293.2,0.3987761199573678
ClC(Cl)Cl,CC#N,298.2,0.25464221837358075
ClC(Cl)Cl,CC#N,318.1,0.27763173659827955
ClC(Cl)Cl,CC#N,328.3,0.2700271372130602
CCCCO,CC#N,333.2,1.1878434223960523
c1ccccc1,CC#N,293.2,1.1600209167967532
c1ccccc1,CC#N,298.2,1.1052568313867783
c1ccccc1,CC#N,298.2,1.0647107369924282
c1ccccc1,CC#N,298.2,1.0402767116551463
c1ccccc1,CC#N,298.2,0.9932517730102834
c1ccccc1,CC#N,318.2,1.0818051703517284
c1ccccc1,CC#N,333.2,0.9555114450274363
c1ccccc1,CC#N,348.0,0.9555114450274363
c1ccccc1,CC#N,373.2,0.8754687373538999
c1ccccc1,CC#N,397.9,0.8372475245337022
CCBr,CC#N,293.2,1.0577902941478545
CCI,CC#N,293.2,1.6370530794670737
ClCCl,CC#N,298.2,0.1823215567939546
ClCCl,CC#N,348.2,0.22314355131420976
ClCCl,CC#N,398.1,0.2468600779315258
S=C=S,CC#N,293.2,2.517696472610991
C[N+](=O)[O-],CC#N,298.2,-0.030459207484708574
C[N+](=O)[O-],CC#N,348.2,-0.040821994520255166
C[N+](=O)[O-],CC#N,398.2,-0.030459207484708574
CC(C)(C)O,CC#N,333.2,0.9516578757114463
CCC(C)(C)C,CC#N,298.2,2.9601050959108397
CCC(C)C,CC#N,313.2,3.0378334495726262
CCC(C)C,CC#N,333.2,2.803360380906535
CC(C)CO,CC#N,333.2,1.244154593958768
CCC(C)O,CC#N,333.2,1.2919836816486494
CCC(C)CC,CC#N,298.2,3.0155349008501706
CCc1ccccc1,CC#N,298.2,1.7227665977411035
CCc1ccccc1,CC#N,298.2,1.7209792871670078
CCCCc1ccccc1,CC#N,298.2,2.4069451083182885
CCCCc1ccccc1,CC#N,298.2,2.4069451083182885
ClCCCl,CC#N,333.2,0.41871033485818504
CCCC(C)C,CC#N,298.2,3.2276373305367736
CCCC(C)C,CC#N,298.2,3.086486636822455
CC(C)CC(C)C,CC#N,298.2,3.5148236417370144
Cc1ccccc1,CC#N,293.2,1.4929040961781488
Cc1ccccc1,CC#N,298.2,1.4586150226995167
Cc1ccccc1,CC#N,298.2,1.4422019930581866
Cc1ccccc1,CC#N,298.2,1.3937663759585917
Cc1ccccc1,CC#N,343.2,1.2781522025001875
Cc1ccccc1,CC#N,393.2,1.1249295969854831
Clc1ccccc1,CC#N,293.2,1.463255402256019
Clc1ccccc1,CC#N,328.2,1.423108334242607
Clc1ccccc1,CC#N,343.2,1.297463147413275
Clc1ccccc1,CC#N,393.2,1.1505720275988207
CCCCC,CC#N,293.2,3.2928695047765273
CCCCC,CC#N,298.2,2.8449093838194073
CCCCC,CC#N,298.2,2.8355635214011694
CCCCC,CC#N,313.2,3.056356895370426
C=CCCC,CC#N,293.2,2.624668592163159
C=CCCC,CC#N,298.2,1.8050046959780757
C=CCCC,CC#N,313.2,2.4239173781615704
CCCCCl,CC#N,323.2,1.5496879080283263
CCCCCl,CC#N,348.2,1.3812818192963463
CCCCCC,CC#N,298.2,3.3311325072138684
CCCCCC,CC#N,298.2,3.2386784521643803
CCCCCC,CC#N,298.2,3.1780538303479458
CCCCCC,CC#N,333.2,2.760009940032921
CCCCCC,CC#N,373.2,2.379546134130174
c1ccncc1,CC#N,315.8,0.6523251860396901
c1ccncc1,CC#N,334.6,0.5933268452777344
c1ccncc1,CC#N,352.6,0.5596157879354227
CCCCCCCC,CC#N,298.2,4.034417613641752
CCCCCCCC,CC#N,298.2,4.017103481878653
CCCCCCCC,CC#N,298.2,3.8480176754522337
CCCCCCCCC,CC#N,298.2,4.366278277705742
C1COCCO1,CC#N,298.2,0.3148107398400336
C1COCCO1,CC#N,313.2,0.371563556432483
CCOC(C)=O,CC#N,293.2,0.4574248470388755
CCOC(C)=O,CC#N,313.2,0.4252677354043441
CCOC(C)=O,CC#N,353.2,0.412109650826833
CCOC(C)=O,CC#N,393.2,0.3920420877760237
CCCCCCC,CC#N,298.2,3.677565694213663
CCCCCCC,CC#N,298.2,3.4531571205928664
CC(C)CC(C)(C)C,CC#N,293.2,4.411949448325136
CC(C)CC(C)(C)C,CC#N,298.2,3.4781584227982836
CC(C)CC(C)(C)C,CC#N,313.2,3.965563772356176
CC(C)C(C)C(C)C,CC#N,298.2,3.695606774863363
CC(C)CCC(C)C,CC#N,298.2,3.8480176754522337
C=CCCCC,CC#N,298.2,2.5416019934645457
CCC1CCCCC1,CC#N,298.2,3.734808386002336
ClC(Cl)(Cl)Cl,ClCCl,308.2,0.5068176023684519
CCO,ClCCl,298.2,2.2202898502672155
CO,ClCCl,298.2,2.7650604558189897
CO,ClCCl,348.2,1.9416152247724325
CO,ClCCl,398.2,1.3609765531356006
CC(C)=O,ClCCl,398.2,-0.2613647641344075
CC(C)=O,ClCCl,348.2,-0.3285040669720361
CC(C)=O,ClCCl,303.2,-0.7339691750802004
CC(C)=O,ClCCl,298.2,-0.37106368139083207
ClC(Cl)Cl,ClCCl,308.2,0.04879016416943204
c1ccccc1,ClCCl,348.0,-0.06187540371808753
c1ccccc1,ClCCl,298.2,-0.08338160893905101
CC(Cl)(Cl)Cl,ClCCl,308.2,0.16551443847757333
CC#N,ClCCl,298.2,0.131028262406404
CC#N,ClCCl,348.2,0.23901690047049992
CC#N,ClCCl,398.1,0.3074846997479607
CC(Cl)Cl,ClCCl,308.2,0.01980262729617973
C[N+](=O)[O-],ClCCl,298.1,0.7701082216960737
C[N+](=O)[O-],ClCCl,298.2,0.6418538861723947
C[N+](=O)[O-],ClCCl,348.0,0.5766133643039938
C[N+](=O)[O-],ClCCl,398.1,0.5481214085096876
ClC=C(Cl)Cl,ClCCl,308.2,0.37843643572024505
ClCCCl,ClCCl,308.2,-0.01005033585350145
CCCC(C)C,ClCCl,298.2,1.2556160374777743
CC(C)CC(C)C,ClCCl,298.2,1.2809338454620642
Cc1ccccc1,ClCCl,298.2,-0.15082288973458366
Cc1ccccc1,ClCCl,298.2,-0.040821994520255166
Cc1ccccc1,ClCCl,347.9,-0.09431067947124129
Clc1ccccc1,ClCCl,398.1,0.06765864847381486
Clc1ccccc1,ClCCl,348.0,0.10436001532424286
Clc1ccccc1,ClCCl,298.0,0.10436001532424286
CCCCC,ClCCl,298.2,1.169381359556317
CCCCC,ClCCl,298.2,1.2267122912954254
CCCCC,ClCCl,348.2,0.9162907318741551
CCCCC,ClCCl,398.2,0.6471032420585384
C1CCOC1,ClCCl,303.2,-0.8675005677047231
CCCCCC,ClCCl,298.2,1.144222799920162
CCCCCC,ClCCl,298.2,1.2296405510745139
c1ccncc1,ClCCl,303.2,-0.5447271754416722
CCCCCCCC,ClCCl,298.2,1.3737155789130306
CCCCCCCC,ClCCl,298.2,1.4206957878372228
CCCCCCCCC,ClCCl,298.2,1.425515074273172
C1COCCO1,ClCCl,303.2,-0.8915981192837836
C1COCCO1,ClCCl,298.2,-0.8675005677047231
CCOC(C)=O,ClCCl,398.2,-0.40047756659712525
CCOC(C)=O,ClCCl,348.2,-0.35667494393873245
CCOC(C)=O,ClCCl,298.2,-0.31471074483970024
CCCCCCC,ClCCl,298.2,1.235471471385307
CC(C)C(C)C(C)C,ClCCl,298.2,1.2781522025001875
CC(C)CCC(C)C,ClCCl,298.2,1.3297240096314962
CCC1CCCCC1,ClCCl,298.2,1.220829921392359
CCO,ICI,298.2,3.479700443150099
C[N+](=O)[O-],ICI,298.2,2.4176979000945504
CCC(C)=O,ICI,298.2,1.3609765531356006
Cc1ccccc1,ICI,298.2,1.3506671834767394
CCCCCCCC,ICI,298.2,4.041471072615033
C1COCCO1,ICI,298.2,0.45107561936021673
CCO,S=C=S,298.2,4.3651347670036635
CCO,S=C=S,298.3,4.360547602996758
CCO,S=C=S,308.4,4.212127597878484
CCO,S=C=S,318.7,4.014579593753238
CC(C)=O,S=C=S,298.3,2.1210632163706555
CC(C)=O,S=C=S,308.4,2.017566137961748
CC(C)=O,S=C=S,318.7,1.9726911717329554
C[N+](=O)[O-],S=C=S,298.2,3.6399517804905126
C[N+](=O)[O-],S=C=S,298.3,3.720862499966987
C[N+](=O)[O-],S=C=S,308.4,3.5409593240373143
C[N+](=O)[O-],S=C=S,318.7,3.4210000089583352
CCCC(C)C,S=C=S,298.2,0.8712933659434193
CC(C)CC(C)C,S=C=S,298.2,1.0043016091968684
Cc1ccccc1,S=C=S,298.2,0.3852624007906449
Cc1ccccc1,S=C=S,298.3,0.6729444732424258
Cc1ccccc1,S=C=S,308.4,0.62057648772511
Cc1ccccc1,S=C=S,318.7,0.5481214085096876
CCCCC,S=C=S,298.2,0.9001613499442714
CCCCCC,S=C=S,298.2,0.8671004876833833
CCCCCCCC,S=C=S,298.2,0.712949807856125
CCCCCCCC,S=C=S,298.2,0.7701082216960737
CCCCCCCCC,S=C=S,298.2,0.6830968447064438
C1COCCO1,S=C=S,298.2,1.2919836816486494
C1COCCO1,S=C=S,298.3,1.3270750014599193
C1COCCO1,S=C=S,308.4,1.269760544863939
C1COCCO1,S=C=S,318.7,1.205970806988609
CCCCCCC,S=C=S,298.2,0.8064758658669485
CC(C)C(C)C(C)C,S=C=S,298.2,0.9001613499442714
CC(C)CCC(C)C,S=C=S,298.2,0.9202827531436925
CCC1CCCCC1,S=C=S,298.2,0.5481214085096876
CCO,CC(Cl)Cl,298.2,2.211565694606877
C[N+](=O)[O-],CC(Cl)Cl,298.2,0.5423242908253617
Cc1ccccc1,CC(Cl)Cl,298.2,-0.030459207484708574
CCCCCCCC,CC(Cl)Cl,298.2,1.7967470107390942
ClC(Cl)(Cl)Cl,C[N+](=O)[O-],293.2,2.175887439948088
CCO,C[N+](=O)[O-],298.2,2.2375130962503307
CCO,C[N+](=O)[O-],298.2,2.1090003439213802
CCO,C[N+](=O)[O-],348.2,1.4701758451005926
CCO,C[N+](=O)[O-],398.2,0.959350221334602
CO,C[N+](=O)[O-],298.2,1.979621206397625
CO,C[N+](=O)[O-],348.2,1.3887912413184778
CO,C[N+](=O)[O-],388.2,1.0402767116551463
CC(C)=O,C[N+](=O)[O-],348.2,0.058268908123975824
CC(C)=O,C[N+](=O)[O-],298.2,0.09531017980432493
ClC(Cl)Cl,C[N+](=O)[O-],293.2,0.7884573603642703
c1ccccc1,C[N+](=O)[O-],293.2,1.3506671834767394
c1ccccc1,C[N+](=O)[O-],298.2,1.1631508098056809
c1ccccc1,C[N+](=O)[O-],333.2,1.0647107369924282
c1ccccc1,C[N+](=O)[O-],358.9,1.1184149159642893
c1ccccc1,C[N+](=O)[O-],371.5,0.9745596399981308
c1ccccc1,C[N+](=O)[O-],373.2,0.9555114450274363
CCBr,C[N+](=O)[O-],293.2,1.269760544863939
CCI,C[N+](=O)[O-],293.2,1.8180767775454285
CC#N,C[N+](=O)[O-],348.2,0.009950330853168092
CC#N,C[N+](=O)[O-],398.2,0.03922071315328133
CC#N,C[N+](=O)[O-],298.2,0.06765864847381486
ClCCl,C[N+](=O)[O-],293.2,0.5187937934151675
ClCCl,C[N+](=O)[O-],298.1,0.5068176023684519
ClCCl,C[N+](=O)[O-],348.0,0.4762341789963717
ClCCl,C[N+](=O)[O-],398.1,0.4382549309311553
S=C=S,C[N+](=O)[O-],293.2,2.714694743820879
CCCC(C)C,C[N+](=O)[O-],298.2,3.7764323511217976
CC(C)CC(C)C,C[N+](=O)[O-],298.2,4.120499519698952
CC1CCCCC1,C[N+](=O)[O-],343.2,3.332204510175204
CC1CCCCC1,C[N+](=O)[O-],353.2,3.214867803470662
Cc1ccccc1,C[N+](=O)[O-],298.2,1.62924053973028
Cc1ccccc1,C[N+](=O)[O-],343.2,1.4586150226995167
Cc1ccccc1,C[N+](=O)[O-],353.2,1.4182774069729414
CCCCC,C[N+](=O)[O-],298.2,3.4490347110763153
CCCCCC,C[N+](=O)[O-],293.2,4.060443010546419
CCCCCC,C[N+](=O)[O-],298.2,3.918402612392185
CCCCCC,C[N+](=O)[O-],298.2,3.871201010907891
CCCCCC,C[N+](=O)[O-],333.2,3.091042453358316
CCCCCC,C[N+](=O)[O-],373.2,2.4849066497880004
CCCCCCCC,C[N+](=O)[O-],298.2,4.8328633720008725
CCCCCCCC,C[N+](=O)[O-],298.2,4.711330381816482
CCCCCCCCC,C[N+](=O)[O-],298.2,5.251540174989108
CCOC(C)=O,C[N+](=O)[O-],298.2,0.5007752879124892
CCOC(C)=O,C[N+](=O)[O-],348.2,0.4252677354043441
CCOC(C)=O,C[N+](=O)[O-],398.2,0.37843643572024505
CCCCCCC,C[N+](=O)[O-],298.2,4.382526509715532
CC(C)C(C)C(C)C,C[N+](=O)[O-],298.2,4.3715974391833425
CC(C)CCC(C)C,C[N+](=O)[O-],298.2,4.566741159368309
CCC1CCCCC1,C[N+](=O)[O-],298.2,4.368561383720311
CCO,CC(C)(C)O,313.2,-0.23572233352106983
CO,CC(C)(C)O,313.2,-0.5108256237659907
CCCO,CC(C)(C)O,313.2,-0.2231435513142097
CCCCO,CC(C)(C)O,313.2,-0.2231435513142097
c1ccccc1,CC(C)(C)O,313.2,1.1505720275988207
CC#N,CC(C)(C)O,333.2,1.0612565021243408
C[N+](=O)[O-],CC(C)(C)O,298.2,2.175887439948088
Cc1ccc(C)cc1,CC(C)(C)O,313.2,1.3110318766193438
Cc1cccc(C)n1,CC(C)(C)O,313.2,0.29266961396282004
Cc1ccccc1,CC(C)(C)O,298.2,1.3962446919730587
Cc1ccccc1,CC(C)(C)O,313.2,1.2412685890696329
CCCC#N,CC(C)(C)O,298.2,1.3056264580524357
CCCC#N,CC(C)(C)O,303.2,1.2029723039923526
CCCC#N,CC(C)(C)O,308.2,1.1151415906193203
CCCC#N,CC(C)(C)O,313.2,1.0577902941478545
CCCC#N,CC(C)(C)O,318.2,1.0224509277025455
CCCC#N,CC(C)(C)O,323.2,0.9631743177730056
CCCCCC,CC(C)(C)O,303.3,1.3376291891386096
CCCCCC,CC(C)(C)O,313.1,1.2669476034873244
CCCCCC,CC(C)(C)O,313.2,1.2919836816486494
CCCCCC,CC(C)(C)O,322.8,1.1969481893889715
c1ccncc1,CC(C)(C)O,313.2,-0.13926206733350766
CCCCCCCC,CC(C)(C)O,298.2,1.7457155307266483
CCCCCCCC,CC(C)(C)O,313.2,1.4036429994545037
C1COCCO1,CC(C)(C)O,298.2,0.494696241836107
CCCCCCC,CC(C)(C)O,313.2,1.3887912413184778
CCO,CC(C)CO,313.2,0.03922071315328133
CO,CC(C)CO,313.2,0.06765864847381486
CC(C)O,CC(C)CO,313.2,-0.030459207484708574
CCCO,CC(C)CO,313.2,0.009950330853168092
CCCCO,CC(C)CO,313.2,0.03922071315328133
CC#N,CC(C)CO,333.2,1.2892326482767593
Cc1ccc(C)cc1,CC(C)CO,313.2,1.5518087995974639
Cc1cccc(C)n1,CC(C)CO,313.2,-0.4155154439616658
Cc1ccccc1,CC(C)CO,313.2,1.4036429994545037
CCCC#N,CC(C)CO,278.2,1.81319474994812
CCCC#N,CC(C)CO,288.2,1.6174060820832772
CCCC#N,CC(C)CO,293.2,1.601405740736836
CCCC#N,CC(C)CO,298.2,1.4883995840570443
CCCC#N,CC(C)CO,303.2,1.415853163361435
CCCC#N,CC(C)CO,308.2,1.3428648031925547
CCCC#N,CC(C)CO,313.2,1.2556160374777743
CCCC#N,CC(C)CO,323.2,1.128171090909654
c1ccncc1,CC(C)CO,313.2,-0.2613647641344075
CC#N,CCC(C)O,333.2,1.1817271953786161
Cc1cccc(C)n1,CCC(C)O,313.2,-0.15082288973458366
CCCC#N,CCC(C)O,278.2,2.0399207835175526
CCCC#N,CCC(C)O,288.2,1.763017000362401
CCCC#N,CCC(C)O,293.2,1.55814461804655
CCCC#N,CCC(C)O,298.2,1.5238800240724537
CCCC#N,CCC(C)O,303.2,1.3609765531356006
CCCC#N,CCC(C)O,308.2,1.3110318766193438
CCCC#N,CCC(C)O,313.2,1.1939224684724346
CCCC#N,CCC(C)O,323.2,1.0647107369924282
c1ccncc1,CCC(C)O,313.2,-0.18632957819149348
ClC(Cl)(Cl)Cl,ClC=C(Cl)Cl,328.2,-0.01005033585350145
ClC(Cl)Cl,ClC=C(Cl)Cl,328.2,0.0769610411361284
CC(Cl)(Cl)Cl,ClC=C(Cl)Cl,328.2,0.01980262729617973
CC(Cl)Cl,ClC=C(Cl)Cl,328.2,0.23111172096338664
ClCCCl,ClC=C(Cl)Cl,328.2,0.35065687161316933
ClC(Cl)(Cl)Cl,CNC(C)=O,304.2,1.095273387402595
ClC(Cl)(Cl)Cl,CNC(C)=O,318.4,1.1474024528375417
ClC(Cl)(Cl)Cl,CNC(C)=O,331.9,1.1908875647772805
CCOCC,CNC(C)=O,303.2,1.4327007339340465
CCOCC,CNC(C)=O,318.4,1.415853163361435
CCOCC,CNC(C)=O,333.2,1.4011829736136412
Nc1ccccc1,CNC(C)=O,413.5,0.01980262729617973
CCO,CNC(C)=O,303.4,-0.10536051565782628
CCO,CNC(C)=O,313.2,-0.13926206733350766
CCO,CNC(C)=O,318.4,-0.13926206733350766
CCO,CNC(C)=O,332.8,-0.16251892949777494
CO,CNC(C)=O,398.6,-0.35667494393873245
CO,CNC(C)=O,303.2,-0.35667494393873245
CO,CNC(C)=O,318.4,-0.342490308946776
CO,CNC(C)=O,332.8,-0.3285040669720361
CC(C)O,CNC(C)=O,303.2,-0.01005033585350145
CC(C)O,CNC(C)=O,318.4,-0.040821994520255166
CC(C)O,CNC(C)=O,333.3,-0.07257069283483537
CC(C)=O,CNC(C)=O,303.4,0.7419373447293773
CC(C)=O,CNC(C)=O,318.4,0.7030975114131134
CC(C)=O,CNC(C)=O,333.2,0.6523251860396901
ClC(Cl)Cl,CNC(C)=O,303.1,-0.579818495252942
ClC(Cl)Cl,CNC(C)=O,318.4,-0.31471074483970024
ClC(Cl)Cl,CNC(C)=O,333.1,-0.2876820724517809
CCCCO,CNC(C)=O,303.1,0.23901690047049992
CCCCO,CNC(C)=O,318.4,0.09531017980432493
CCCCO,CNC(C)=O,333.2,-0.030459207484708574
c1ccccc1,CNC(C)=O,303.3,1.2584609896100056
c1ccccc1,CNC(C)=O,318.4,1.205970806988609
c1ccccc1,CNC(C)=O,333.3,1.091923300517313
CC#N,CNC(C)=O,303.1,0.7608058290337602
CC#N,CNC(C)=O,318.4,0.7030975114131134
CC#N,CNC(C)=O,333.2,0.6575200029167941
CC=O,CNC(C)=O,303.1,0.7466879474879751
CC=O,CNC(C)=O,318.4,0.7080357930536959
CC=O,CNC(C)=O,333.2,0.6523251860396901
ClCCl,CNC(C)=O,303.3,0.01980262729617973
ClCCl,CNC(C)=O,318.4,0.03922071315328133
ClCCl,CNC(C)=O,333.2,0.04879016416943204
CC(C)CO,CNC(C)=O,318.4,0.009950330853168092
CC(C)CO,CNC(C)=O,318.4,0.009950330853168092
CC(C)CO,CNC(C)=O,333.2,-0.030459207484708574
CC(C)CO,CNC(C)=O,333.2,-0.030459207484708574
ClC=C(Cl)Cl,CNC(C)=O,303.4,0.7793248768009977
ClC=C(Cl)Cl,CNC(C)=O,318.4,0.8329091229351039
ClC=C(Cl)Cl,CNC(C)=O,333.2,0.8878912573524571
COC(C)=O,CNC(C)=O,318.4,0.9001613499442714
COC(C)=O,CNC(C)=O,331.9,0.8919980393051105
CCc1ccccc1,CNC(C)=O,303.1,1.6253112615903906
CCc1ccccc1,CNC(C)=O,318.4,1.5953389880545987
CCc1ccccc1,CNC(C)=O,331.9,1.572773928062509
ClCCCl,CNC(C)=O,303.4,0.47000362924573563
ClCCCl,CNC(C)=O,318.4,0.4824261492442928
ClCCCl,CNC(C)=O,333.2,0.494696241836107
COC=O,CNC(C)=O,318.4,0.7561219797213337
COC=O,CNC(C)=O,331.9,0.7839015438284094
CC(C)OC(C)C,CNC(C)=O,303.1,1.8976198599275322
CC(C)OC(C)C,CNC(C)=O,318.4,1.8687205103641833
CC(C)OC(C)C,CNC(C)=O,333.2,1.8468787684491346
CC1CCCCC1,CNC(C)=O,303.1,2.485739636091892
CC1CCCCC1,CNC(C)=O,318.4,2.4042387467205457
CC1CCCCC1,CNC(C)=O,333.2,2.3646204839134985
Cc1ccccc1,CNC(C)=O,303.2,1.3376291891386096
Cc1ccccc1,CNC(C)=O,318.4,1.3110318766193438
Cc1ccccc1,CNC(C)=O,333.2,1.2864740258376797
Clc1ccccc1,CNC(C)=O,332.8,1.1184149159642893
Oc1ccccc1,CNC(C)=O,413.5,-2.3025850929940455
CCCOC(C)=O,CNC(C)=O,304.2,1.1908875647772805
CCCOC(C)=O,CNC(C)=O,318.4,1.1568811967920856
CCCOC(C)=O,CNC(C)=O,333.2,1.1151415906193203
CCCCC,CNC(C)=O,303.4,2.481567748522486
CCCCC,CNC(C)=O,318.4,2.4309783077624445
CCCCC,CNC(C)=O,333.2,2.3841650799864684
C1CCOC1,CNC(C)=O,303.1,0.7561219797213337
C1CCOC1,CNC(C)=O,318.4,0.7371640659767196
C1CCOC1,CNC(C)=O,333.1,0.7227059828014898
CCCCCC,CNC(C)=O,303.0,2.7239235502585
CCCCCC,CNC(C)=O,318.4,2.6311691567662523
CCCCCC,CNC(C)=O,333.8,2.543961412569315
c1ccncc1,CNC(C)=O,318.4,0.4252677354043441
c1ccncc1,CNC(C)=O,331.9,0.4574248470388755
c1ccncc1,CNC(C)=O,398.6,0.4252677354043441
CCCCOC(C)=O,CNC(C)=O,303.0,1.2669476034873244
CCCCOC(C)=O,CNC(C)=O,318.4,1.2669476034873244
CCCCOC(C)=O,CNC(C)=O,333.2,1.2412685890696329
C1COCCO1,CNC(C)=O,303.0,0.9122827104766164
C1COCCO1,CNC(C)=O,318.4,0.883767540168595
C1COCCO1,CNC(C)=O,333.3,0.8329091229351039
CCOC(C)=O,CNC(C)=O,304.2,1.0260415958332743
CCOC(C)=O,CNC(C)=O,318.4,1.0152306797290584
CCOC(C)=O,CNC(C)=O,331.9,1.000631880307906
CCCCCCC,CNC(C)=O,303.1,2.9183111265854063
CCCCCCC,CNC(C)=O,318.4,2.8361502037295256
CCCCCCC,CNC(C)=O,333.2,2.7744619666214616
COC(C)(C)C,CNC(C)=O,303.3,1.5644405465033646
COC(C)(C)C,CNC(C)=O,318.4,1.4906543764441336
COC(C)(C)C,CNC(C)=O,333.2,1.430311246536665
ClC(Cl)Cl,COC(C)=O,322.7,-0.579818495252942
ClC(Cl)Cl,COC(C)=O,312.9,-0.6539264674066639
CCCC(C)C,COC(C)=O,298.2,1.7101878155342434
CC(C)CC(C)C,COC(C)=O,298.2,1.8421356765531218
CCCCC,COC(C)=O,298.2,1.5282278570085572
CCCCCC,COC(C)=O,298.2,1.7681496035889213
CCCCCCCC,COC(C)=O,298.2,2.1435893615035875
CCCCCCCCC,COC(C)=O,298.2,2.336019869080283
CCCCCCC,COC(C)=O,298.2,1.9643112344262046
CC(C)C(C)C(C)C,COC(C)=O,298.2,1.9300710850255671
CC(C)CCC(C)C,COC(C)=O,298.2,2.0149030205422647
CCC1CCCCC1,COC(C)=O,298.2,2.005525858729668
ClC(Cl)(Cl)Cl,CC[N+](=O)[O-],293.2,1.3686394258811698
CCO,CC[N+](=O)[O-],293.2,1.9065751436566365
CO,CC[N+](=O)[O-],293.2,1.803358605071407
ClC(Cl)Cl,CC[N+](=O)[O-],293.2,0.0
c1ccccc1,CC[N+](=O)[O-],293.2,0.598836501088704
CCBr,CC[N+](=O)[O-],293.2,0.5306282510621704
CCI,CC[N+](=O)[O-],293.2,1.0260415958332743
ClCCl,CC[N+](=O)[O-],293.2,-0.08338160893905101
S=C=S,CC[N+](=O)[O-],293.2,1.6154199841116479
CCCCC,CC[N+](=O)[O-],293.2,2.263844264677615
C=CCCC,CC[N+](=O)[O-],293.2,1.6486586255873816
CCCCCC,CC[N+](=O)[O-],293.2,2.4336133554004498
CCCCCCC,CC[N+](=O)[O-],293.2,2.9882040071331994
ClC(Cl)(Cl)Cl,CC(C)[N+](=O)[O-],293.2,0.8754687373538999
CCO,CC(C)[N+](=O)[O-],293.2,2.130609828254235
CO,CC(C)[N+](=O)[O-],293.2,2.122261538862764
CO,CC(C)[N+](=O)[O-],293.2,2.122261538862764
ClC(Cl)Cl,CC(C)[N+](=O)[O-],293.2,-0.12783337150988489
CCBr,CC(C)[N+](=O)[O-],293.2,0.4252677354043441
CCI,CC(C)[N+](=O)[O-],293.2,0.7975071958841882
ClCCl,CC(C)[N+](=O)[O-],293.2,-0.09431067947124129
S=C=S,CC(C)[N+](=O)[O-],293.2,1.3937663759585917
CC1CCCCC1,CC(C)[N+](=O)[O-],293.2,1.916922612182061
CCCCC,CC(C)[N+](=O)[O-],293.2,1.8718021769015913
C=CCCC,CC(C)[N+](=O)[O-],293.2,1.3001916620664788
CCCCCC,CC(C)[N+](=O)[O-],293.2,2.0149030205422647
CCCCCCC,CC(C)[N+](=O)[O-],293.2,2.175887439948088
CCCCO,CC1=CCC2CC1C2(C)C,353.2,1.9851308622085946
CCCCO,CC1=CCC2CC1C2(C)C,373.2,1.8389610707123492
c1ccccc1,CC1=CCC2CC1C2(C)C,353.2,0.16551443847757333
c1ccccc1,CC1=CCC2CC1C2(C)C,373.2,0.1570037488096647
CCc1ccccc1,CC1=CCC2CC1C2(C)C,353.2,0.2151113796169455
CCc1ccccc1,CC1=CCC2CC1C2(C)C,373.2,0.2151113796169455
Cc1ccccc1,CC1=CCC2CC1C2(C)C,353.2,0.30010459245033816
Cc1ccccc1,CC1=CCC2CC1C2(C)C,373.2,0.3220834991691132
C=CCCCCCC,CC1=CCC2CC1C2(C)C,353.2,0.13976194237515863
C=CCCCCCC,CC1=CCC2CC1C2(C)C,373.2,0.09531017980432493
CCCCCCC,CC1=CCC2CC1C2(C)C,353.2,0.14842000511827322
CCCCCCC,CC1=CCC2CC1C2(C)C,373.2,0.17395330712343798
CCOCC,CCOC(=O)c1ccccc1C(=O)OCC,303.2,0.3852624007906449
CCOCC,CCOC(=O)c1ccccc1C(=O)OCC,313.2,0.37843643572024505
CCOCC,CCOC(=O)c1ccccc1C(=O)OCC,323.2,0.37843643572024505
CCOCC,CCOC(=O)c1ccccc1C(=O)OCC,333.2,0.37843643572024505
CCO,CCOC(=O)c1ccccc1C(=O)OCC,303.2,1.0296194171811581
CCO,CCOC(=O)c1ccccc1C(=O)OCC,313.2,0.9477893989335261
CCO,CCOC(=O)c1ccccc1C(=O)OCC,323.2,0.8754687373538999
CCO,CCOC(=O)c1ccccc1C(=O)OCC,333.2,0.7929925155296614
CO,CCOC(=O)c1ccccc1C(=O)OCC,303.2,0.9321640810304452
CO,CCOC(=O)c1ccccc1C(=O)OCC,313.2,0.8544153281560676
CO,CCOC(=O)c1ccccc1C(=O)OCC,323.2,0.7929925155296614
CO,CCOC(=O)c1ccccc1C(=O)OCC,333.2,0.7227059828014898
CC(C)O,CCOC(=O)c1ccccc1C(=O)OCC,303.2,1.0402767116551463
CC(C)O,CCOC(=O)c1ccccc1C(=O)OCC,313.2,0.9439058989071284
CC(C)O,CCOC(=O)c1ccccc1C(=O)OCC,323.2,0.8671004876833833
CC(C)O,CCOC(=O)c1ccccc1C(=O)OCC,333.2,0.7747271675523681
CC(C)=O,CCOC(=O)c1ccccc1C(=O)OCC,303.2,-0.06187540371808753
CC(C)=O,CCOC(=O)c1ccccc1C(=O)OCC,313.2,-0.06187540371808753
CC(C)=O,CCOC(=O)c1ccccc1C(=O)OCC,323.2,-0.06187540371808753
CC(C)=O,CCOC(=O)c1ccccc1C(=O)OCC,333.2,-0.06187540371808753
ClC(Cl)Cl,CCOC(=O)c1ccccc1C(=O)OCC,333.2,-0.7133498878774648
ClC(Cl)Cl,CCOC(=O)c1ccccc1C(=O)OCC,323.2,-0.7550225842780328
ClC(Cl)Cl,CCOC(=O)c1ccccc1C(=O)OCC,313.2,-0.7985076962177716
ClC(Cl)Cl,CCOC(=O)c1ccccc1C(=O)OCC,303.2,-0.8675005677047231
CCCO,CCOC(=O)c1ccccc1C(=O)OCC,303.2,1.0367368849500223
CCCO,CCOC(=O)c1ccccc1C(=O)OCC,313.2,0.9321640810304452
CCCO,CCOC(=O)c1ccccc1C(=O)OCC,323.2,0.85015092936961
CCCO,CCOC(=O)c1ccccc1C(=O)OCC,333.2,0.7608058290337602
c1ccccc1,CCOC(=O)c1ccccc1C(=O)OCC,303.2,-0.09431067947124129
c1ccccc1,CCOC(=O)c1ccccc1C(=O)OCC,313.2,-0.08338160893905101
c1ccccc1,CCOC(=O)c1ccccc1C(=O)OCC,323.2,-0.08338160893905101
c1ccccc1,CCOC(=O)c1ccccc1C(=O)OCC,333.2,-0.08338160893905101
CC=O,CCOC(=O)c1ccccc1C(=O)OCC,303.2,-0.09431067947124129
CC=O,CCOC(=O)c1ccccc1C(=O)OCC,313.2,-0.09431067947124129
CC=O,CCOC(=O)c1ccccc1C(=O)OCC,323.2,-0.10536051565782628
CC=O,CCOC(=O)c1ccccc1C(=O)OCC,333.2,-0.10536051565782628
ClCCl,CCOC(=O)c1ccccc1C(=O)OCC,333.2,-0.616186139423817
ClCCl,CCOC(=O)c1ccccc1C(=O)OCC,323.2,-0.6348782724359695
ClCCl,CCOC(=O)c1ccccc1C(=O)OCC,313.2,-0.6539264674066639
ClCCl,CCOC(=O)c1ccccc1C(=O)OCC,303.2,-0.6733445532637656
CC(C)CO,CCOC(=O)c1ccccc1C(=O)OCC,298.2,0.8586616190375187
CC(C)CO,CCOC(=O)c1ccccc1C(=O)OCC,348.2,0.5187937934151675
CCCC(C)=O,CCOC(=O)c1ccccc1C(=O)OCC,303.2,-0.01005033585350145
CCCC(C)=O,CCOC(=O)c1ccccc1C(=O)OCC,313.2,-0.01005033585350145
CCCC(C)=O,CCOC(=O)c1ccccc1C(=O)OCC,323.2,0.0
CCCC(C)=O,CCOC(=O)c1ccccc1C(=O)OCC,333.2,0.009950330853168092
CC(C)OC(C)C,CCOC(=O)c1ccccc1C(=O)OCC,303.2,0.8241754429663494
CC(C)OC(C)C,CCOC(=O)c1ccccc1C(=O)OCC,313.2,0.8153648132841944
CC(C)OC(C)C,CCOC(=O)c1ccccc1C(=O)OCC,323.2,0.8109302162163288
CC(C)OC(C)C,CCOC(=O)c1ccccc1C(=O)OCC,333.2,0.7929925155296614
Cc1ccccc1,CCOC(=O)c1ccccc1C(=O)OCC,303.2,0.08617769624105241
Cc1ccccc1,CCOC(=O)c1ccccc1C(=O)OCC,313.2,0.0769610411361284
Cc1ccccc1,CCOC(=O)c1ccccc1C(=O)OCC,323.2,0.08617769624105241
Cc1ccccc1,CCOC(=O)c1ccccc1C(=O)OCC,333.2,0.08617769624105241
CCCCC,CCOC(=O)c1ccccc1C(=O)OCC,303.2,1.3987168811184478
CCCCC,CCOC(=O)c1ccccc1C(=O)OCC,313.2,1.3376291891386096
CCCCC,CCOC(=O)c1ccccc1C(=O)OCC,323.2,1.3001916620664788
CCCCC,CCOC(=O)c1ccccc1C(=O)OCC,333.2,1.252762968495368
C=CCCC,CCOC(=O)c1ccccc1C(=O)OCC,303.2,0.9555114450274363
C=CCCC,CCOC(=O)c1ccccc1C(=O)OCC,313.2,0.9202827531436925
C=CCCC,CCOC(=O)c1ccccc1C(=O)OCC,323.2,0.9001613499442714
C=CCCC,CCOC(=O)c1ccccc1C(=O)OCC,333.2,0.8712933659434193
C1CCOC1,CCOC(=O)c1ccccc1C(=O)OCC,303.2,-0.2484613592984996
C1CCOC1,CCOC(=O)c1ccccc1C(=O)OCC,313.2,-0.23572233352106983
C1CCOC1,CCOC(=O)c1ccccc1C(=O)OCC,323.2,-0.2231435513142097
C1CCOC1,CCOC(=O)c1ccccc1C(=O)OCC,333.2,-0.21072103131565253
CCCCCC,CCOC(=O)c1ccccc1C(=O)OCC,303.2,1.5769147207285403
CCCCCC,CCOC(=O)c1ccccc1C(=O)OCC,313.2,1.5107219394949427
CCCCCC,CCOC(=O)c1ccccc1C(=O)OCC,323.2,1.463255402256019
CCCCCC,CCOC(=O)c1ccccc1C(=O)OCC,333.2,1.4085449700547104
CCCCCCCC,CCOC(=O)c1ccccc1C(=O)OCC,303.2,1.925707441737794
CCCCCCCC,CCOC(=O)c1ccccc1C(=O)OCC,313.2,1.8468787684491346
CCCCCCCC,CCOC(=O)c1ccccc1C(=O)OCC,323.2,1.7833912195575383
CCCCCCCC,CCOC(=O)c1ccccc1C(=O)OCC,333.2,1.713797927758343
C=CCCCCCC,CCOC(=O)c1ccccc1C(=O)OCC,303.2,1.451613827240533
C=CCCCCCC,CCOC(=O)c1ccccc1C(=O)OCC,313.2,1.3937663759585917
C=CCCCCCC,CCOC(=O)c1ccccc1C(=O)OCC,323.2,1.358409157630355
C=CCCCCCC,CCOC(=O)c1ccccc1C(=O)OCC,333.2,1.3137236682850553
CCCCCCC,CCOC(=O)c1ccccc1C(=O)OCC,303.2,1.747459210331475
CCCCCCC,CCOC(=O)c1ccccc1C(=O)OCC,313.2,1.673351238177753
CCCCCCC,CCOC(=O)c1ccccc1C(=O)OCC,323.2,1.623340817603092
CCCCCCC,CCOC(=O)c1ccccc1C(=O)OCC,333.2,1.5602476682433286
C=CCCCC,CCOC(=O)c1ccccc1C(=O)OCC,303.2,1.1216775615991057
C=CCCCC,CCOC(=O)c1ccccc1C(=O)OCC,313.2,1.0784095813505903
C=CCCCC,CCOC(=O)c1ccccc1C(=O)OCC,323.2,1.0543120297715298
C=CCCCC,CCOC(=O)c1ccccc1C(=O)OCC,333.2,1.0224509277025455
COC(C)(C)C,CCOC(=O)c1ccccc1C(=O)OCC,303.2,0.4574248470388755
COC(C)(C)C,CCOC(=O)c1ccccc1C(=O)OCC,313.2,0.45107561936021673
COC(C)(C)C,CCOC(=O)c1ccccc1C(=O)OCC,323.2,0.45107561936021673
COC(C)(C)C,CCOC(=O)c1ccccc1C(=O)OCC,333.2,0.44468582126144574
ClC(Cl)(Cl)Cl,c1ccc2ncccc2c1,298.2,0.36464311358790924
CC(C)=O,c1ccc2ncccc2c1,298.2,0.4054651081081644
ClC(Cl)Cl,c1ccc2ncccc2c1,298.2,-0.7550225842780328
c1ccccc1,c1ccc2ncccc2c1,293.2,0.5128236264286637
c1ccccc1,c1ccc2ncccc2c1,298.2,0.27763173659827955
CCBr,c1ccc2ncccc2c1,298.2,0.23901690047049992
CCI,c1ccc2ncccc2c1,298.2,0.4382549309311553
CC#N,c1ccc2ncccc2c1,298.2,0.7608058290337602
CCC(C)C,c1ccc2ncccc2c1,293.2,2.1435893615035875
CC(C)C(C)C,c1ccc2ncccc2c1,293.2,2.2438960966453663
ClCCCl,c1ccc2ncccc2c1,298.2,-0.08338160893905101
CCCC(C)C,c1ccc2ncccc2c1,293.2,2.2417729535972883
CC(C)OC(C)C,c1ccc2ncccc2c1,298.2,1.144222799920162
CC1CCCCC1,c1ccc2ncccc2c1,293.2,1.8870696490323797
CCCCC,c1ccc2ncccc2c1,293.2,2.0554049638515948
CCCCCC,c1ccc2ncccc2c1,293.2,2.1412419425852827
CCCCCC,c1ccc2ncccc2c1,298.2,1.8718021769015913
CCOC(C)=O,c1ccc2ncccc2c1,298.2,0.3987761199573678
CCCCCCC,c1ccc2ncccc2c1,293.2,2.256541154492639
C1CCCC1,c1ccc2ncccc2c1,293.2,1.3962446919730587
CC(C)CC(C)(C)C,c1ccc2ncccc2c1,293.2,2.558776498354456
CCCC(C)(C)C,c1ccc2ncccc2c1,293.2,2.435366204227864
C=CCCCC,c1ccc2ncccc2c1,293.2,1.715598108262491
CCOCC,CCOC(=O)c1ccccc1,313.2,0.25464221837358075
CCOCC,CCOC(=O)c1ccccc1,323.2,0.26236426446749106
CCOCC,CCOC(=O)c1ccccc1,333.2,0.26236426446749106
CCOCC,CCOC(=O)c1ccccc1,343.2,0.2700271372130602
c1ccccc1,CCOC(=O)c1ccccc1,313.2,-0.040821994520255166
c1ccccc1,CCOC(=O)c1ccccc1,323.2,-0.040821994520255166
c1ccccc1,CCOC(=O)c1ccccc1,333.2,-0.040821994520255166
c1ccccc1,CCOC(=O)c1ccccc1,343.2,-0.030459207484708574
CC1CCCC1,CCOC(=O)c1ccccc1,313.2,0.7929925155296614
CC1CCCC1,CCOC(=O)c1ccccc1,323.2,0.7654678421395714
CC1CCCC1,CCOC(=O)c1ccccc1,333.2,0.7466879474879751
CC1CCCC1,CCOC(=O)c1ccccc1,343.2,0.7275486072772777
CCc1ccccc1,CCOC(=O)c1ccccc1,313.2,0.09531017980432493
CCc1ccccc1,CCOC(=O)c1ccccc1,323.2,0.0769610411361284
CCc1ccccc1,CCOC(=O)c1ccccc1,333.2,0.06765864847381486
CCc1ccccc1,CCOC(=O)c1ccccc1,343.2,0.058268908123975824
Cc1ccc(C)cc1,CCOC(=O)c1ccccc1,313.2,0.09531017980432493
Cc1ccc(C)cc1,CCOC(=O)c1ccccc1,323.2,0.10436001532424286
Cc1ccc(C)cc1,CCOC(=O)c1ccccc1,333.2,0.11332868530700327
Cc1ccc(C)cc1,CCOC(=O)c1ccccc1,343.2,0.12221763272424911
CCCC(C)C,CCOC(=O)c1ccccc1,313.2,1.0986122886681098
CCCC(C)C,CCOC(=O)c1ccccc1,323.2,1.0681530811834012
CCCC(C)C,CCOC(=O)c1ccccc1,333.2,1.0473189942805592
CCCC(C)C,CCOC(=O)c1ccccc1,343.2,1.0296194171811581
CC(C)OC(C)C,CCOC(=O)c1ccccc1,313.2,0.5423242908253617
CC(C)OC(C)C,CCOC(=O)c1ccccc1,323.2,0.5538851132264376
CC(C)OC(C)C,CCOC(=O)c1ccccc1,333.2,0.5481214085096876
CC(C)OC(C)C,CCOC(=O)c1ccccc1,343.2,0.5653138090500605
CC1CCCCC1,CCOC(=O)c1ccccc1,313.2,0.8586616190375187
CC1CCCCC1,CCOC(=O)c1ccccc1,323.2,0.8241754429663494
CC1CCCCC1,CCOC(=O)c1ccccc1,333.2,0.7929925155296614
CC1CCCCC1,CCOC(=O)c1ccccc1,343.2,0.7608058290337602
Cc1ccccc1,CCOC(=O)c1ccccc1,313.2,0.03922071315328133
Cc1ccccc1,CCOC(=O)c1ccccc1,323.2,0.03922071315328133
Cc1ccccc1,CCOC(=O)c1ccccc1,333.2,0.02955880224154443
Cc1ccccc1,CCOC(=O)c1ccccc1,343.2,0.02955880224154443
CCCCC,CCOC(=O)c1ccccc1,313.2,1.0188473201992472
CCCCC,CCOC(=O)c1ccccc1,323.2,1.000631880307906
CCCCC,CCOC(=O)c1ccccc1,333.2,0.9745596399981308
CCCCC,CCOC(=O)c1ccccc1,343.2,0.959350221334602
C=CCCC,CCOC(=O)c1ccccc1,313.2,0.6678293725756554
C=CCCC,CCOC(=O)c1ccccc1,323.2,0.6523251860396901
C=CCCC,CCOC(=O)c1ccccc1,333.2,0.6418538861723947
C=CCCC,CCOC(=O)c1ccccc1,343.2,0.6312717768418578
CCCCCC,CCOC(=O)c1ccccc1,313.2,1.095273387402595
CCCCCC,CCOC(=O)c1ccccc1,323.2,1.0612565021243408
CCCCCC,CCOC(=O)c1ccccc1,333.2,1.0331844833456545
CCCCCC,CCOC(=O)c1ccccc1,343.2,1.0043016091968684
CCCCCCCC,CCOC(=O)c1ccccc1,313.2,1.2178757094949273
CCCCCCCC,CCOC(=O)c1ccccc1,323.2,1.172482137234565
CCCCCCCC,CCOC(=O)c1ccccc1,333.2,1.1249295969854831
CCCCCCCC,CCOC(=O)c1ccccc1,343.2,1.085189268335969
C=CCCCCCC,CCOC(=O)c1ccccc1,313.2,0.8415671856782185
C=CCCCCCC,CCOC(=O)c1ccccc1,323.2,0.8153648132841944
C=CCCCCCC,CCOC(=O)c1ccccc1,333.2,0.7975071958841882
C=CCCCCCC,CCOC(=O)c1ccccc1,343.2,0.7793248768009977
CCCCCCC,CCOC(=O)c1ccccc1,313.2,1.1505720275988207
CCCCCCC,CCOC(=O)c1ccccc1,323.2,1.1151415906193203
CCCCCCC,CCOC(=O)c1ccccc1,333.2,1.0818051703517284
CCCCCCC,CCOC(=O)c1ccccc1,343.2,1.0508216248317612
C1CCCC1,CCOC(=O)c1ccccc1,313.2,0.636576829071551
C1CCCC1,CCOC(=O)c1ccccc1,323.2,0.62057648772511
C1CCCC1,CCOC(=O)c1ccccc1,333.2,0.598836501088704
C1CCCC1,CCOC(=O)c1ccccc1,343.2,0.5822156198526637
C=CCCCC,CCOC(=O)c1ccccc1,313.2,0.7323678937132266
C=CCCCC,CCOC(=O)c1ccccc1,323.2,0.7178397931503168
C=CCCCC,CCOC(=O)c1ccccc1,333.2,0.7030975114131134
C=CCCCC,CCOC(=O)c1ccccc1,343.2,0.688134638736401
COC(C)(C)C,CCOC(=O)c1ccccc1,313.2,0.29266961396282004
COC(C)(C)C,CCOC(=O)c1ccccc1,323.2,0.30010459245033816
COC(C)(C)C,CCOC(=O)c1ccccc1,333.2,0.3074846997479607
COC(C)(C)C,CCOC(=O)c1ccccc1,343.2,0.3148107398400336
ClC(Cl)(Cl)Cl,CC(=O)c1ccccc1,293.2,0.5306282510621704
CCO,CC(=O)c1ccccc1,293.2,1.2864740258376797
CCO,CC(=O)c1ccccc1,298.2,1.1939224684724346
CO,CC(=O)c1ccccc1,293.2,1.244154593958768
ClC(Cl)Cl,CC(=O)c1ccccc1,293.2,-0.5447271754416722
c1ccccc1,CC(=O)c1ccccc1,298.2,0.20701416938432612
CCBr,CC(=O)c1ccccc1,293.2,0.16551443847757333
CCI,CC(=O)c1ccccc1,293.2,0.35065687161316933
CC#N,CC(=O)c1ccccc1,293.2,0.5007752879124892
ClCCl,CC(=O)c1ccccc1,293.2,-0.4780358009429998
S=C=S,CC(=O)c1ccccc1,293.2,0.7178397931503168
C[N+](=O)[O-],CC(=O)c1ccccc1,298.2,0.1906203596086497
OCc1ccccc1,CC(=O)c1ccccc1,473.2,0.02955880224154443
OCc1ccccc1,CC(=O)c1ccccc1,413.2,0.02955880224154443
CCCC(C)C,CC(=O)c1ccccc1,298.2,1.8825138324965192
CC(C)CC(C)C,CC(=O)c1ccccc1,298.2,2.0769384114617173
CC1CCCCC1,CC(=O)c1ccccc1,293.2,1.5325568680981427
Cc1ccccc1,CC(=O)c1ccccc1,298.2,0.23111172096338664
CCCCC,CC(=O)c1ccccc1,293.2,1.791759469228055
CCCCC,CC(=O)c1ccccc1,298.2,1.6544112780768316
C=CCCC,CC(=O)c1ccccc1,293.2,1.3029127521808397
CCCCCC,CC(=O)c1ccccc1,293.2,1.922787731634459
CCCCCC,CC(=O)c1ccccc1,298.2,1.8547342683894434
CCCCCC,CC(=O)c1ccccc1,298.2,1.9080599249242156
CCCCCCCC,CC(=O)c1ccccc1,298.2,2.028148247292285
CCCCCCCC,CC(=O)c1ccccc1,298.2,2.149433913499871
CCCCCCCCC,CC(=O)c1ccccc1,298.2,2.277267285009756
C1COCCO1,CC(=O)c1ccccc1,298.2,-0.15082288973458366
CCCCCCC,CC(=O)c1ccccc1,293.2,2.0255131996542803
CCCCCCC,CC(=O)c1ccccc1,298.2,1.9960599327407849
CC(C)C(C)C(C)C,CC(=O)c1ccccc1,298.2,2.05668455455722
CC(C)CCC(C)C,CC(=O)c1ccccc1,298.2,2.2353763433005955
CCC1CCCCC1,CC(=O)c1ccccc1,298.2,1.809926773183504
ClC(Cl)(Cl)Cl,O=[N+]([O-])c1ccccc1,293.2,0.8153648132841944
CCO,O=[N+]([O-])c1ccccc1,293.2,2.3702437414678603
CCO,O=[N+]([O-])c1ccccc1,298.2,2.214846178686039
CO,O=[N+]([O-])c1ccccc1,293.2,2.341805806147327
CC(C)=O,O=[N+]([O-])c1ccccc1,293.2,0.2151113796169455
ClC(Cl)Cl,O=[N+]([O-])c1ccccc1,293.2,0.01980262729617973
c1ccccc1,O=[N+]([O-])c1ccccc1,293.2,0.3293037471426003
c1ccccc1,O=[N+]([O-])c1ccccc1,298.2,0.1823215567939546
c1ccccc1,O=[N+]([O-])c1ccccc1,298.2,0.34358970439007686
c1ccccc1,O=[N+]([O-])c1ccccc1,333.2,0.09531017980432493
c1ccccc1,O=[N+]([O-])c1ccccc1,373.2,0.0
CCBr,O=[N+]([O-])c1ccccc1,293.2,0.4054651081081644
CCI,O=[N+]([O-])c1ccccc1,293.2,0.6043159668533296
CC#N,O=[N+]([O-])c1ccccc1,293.2,0.5481214085096876
ClCCl,O=[N+]([O-])c1ccccc1,293.2,-0.01005033585350145
S=C=S,O=[N+]([O-])c1ccccc1,293.2,0.9669838461896731
C[N+](=O)[O-],O=[N+]([O-])c1ccccc1,298.2,0.3364722366212129
ClCCCl,O=[N+]([O-])c1ccccc1,293.2,0.08617769624105241
CCCC(C)C,O=[N+]([O-])c1ccccc1,298.2,2.1162555148025524
CC(C)CC(C)C,O=[N+]([O-])c1ccccc1,298.2,2.3045830956567186
CC1CCCCC1,O=[N+]([O-])c1ccccc1,293.2,1.9768549529047348
Cc1ccccc1,O=[N+]([O-])c1ccccc1,298.2,0.3364722366212129
CCCCC,O=[N+]([O-])c1ccccc1,293.2,2.0095554142156695
CCCCC,O=[N+]([O-])c1ccccc1,298.2,1.8809906029559975
C=CCCC,O=[N+]([O-])c1ccccc1,293.2,1.501852701754163
CCCCCC,O=[N+]([O-])c1ccccc1,293.2,2.1041341542702074
CCCCCC,O=[N+]([O-])c1ccccc1,298.2,1.9459101490553132
CCCCCC,O=[N+]([O-])c1ccccc1,298.2,2.1004689088719113
CCCCCC,O=[N+]([O-])c1ccccc1,298.2,2.1090003439213802
CCCCCC,O=[N+]([O-])c1ccccc1,333.2,1.62924053973028
CCCCCC,O=[N+]([O-])c1ccccc1,373.2,1.308332819650179
CCCCCCCC,O=[N+]([O-])c1ccccc1,298.2,2.2321626286975
CCCCCCCC,O=[N+]([O-])c1ccccc1,298.2,2.3896797998449792
CCCCCCCCC,O=[N+]([O-])c1ccccc1,298.2,2.5241273629412815
C1COCCO1,O=[N+]([O-])c1ccccc1,298.2,-0.19845093872383832
CCOC(C)=O,O=[N+]([O-])c1ccccc1,293.2,0.3220834991691132
CCCCCCC,O=[N+]([O-])c1ccccc1,293.2,2.2407096892759584
CCCCCCC,O=[N+]([O-])c1ccccc1,298.2,2.248128907197987
CC(C)CC(C)(C)C,O=[N+]([O-])c1ccccc1,293.2,2.468099531471619
CC(C)C(C)C(C)C,O=[N+]([O-])c1ccccc1,298.2,2.301584592660462
CC(C)CCC(C)C,O=[N+]([O-])c1ccccc1,298.2,2.4765384001174837
CCC1CCCCC1,O=[N+]([O-])c1ccccc1,298.2,2.089391872533004
CC1=CCC2CC1C2(C)C,CCc1ccccc1,353.2,0.17395330712343798
CC1=CCC2CC1C2(C)C,CCc1ccccc1,373.2,0.1570037488096647
CCC#N,CCc1ccccc1,313.2,0.9707789171582248
CCC#N,CCc1ccccc1,353.2,0.883767540168595
CCC#N,CCc1ccccc1,393.2,0.8020015854720274
Clc1ccccc1,CCc1ccccc1,293.2,-0.01005033585350145
CCO,N#Cc1ccccc1,293.2,1.547562508716013
CCO,N#Cc1ccccc1,298.2,1.5238800240724537
CO,N#Cc1ccccc1,293.2,1.547562508716013
c1ccccc1,N#Cc1ccccc1,323.2,0.20701416938432612
c1ccccc1,N#Cc1ccccc1,353.2,0.19885085874516517
CCBr,N#Cc1ccccc1,293.2,0.28517894223366247
ClCCl,N#Cc1ccccc1,293.2,-0.35667494393873245
S=C=S,N#Cc1ccccc1,293.2,0.8458682675776092
C[N+](=O)[O-],N#Cc1ccccc1,298.2,0.1906203596086497
CCCC(C)C,N#Cc1ccccc1,298.2,1.8671761085128091
CC(C)CC(C)C,N#Cc1ccccc1,298.2,2.063058062429312
Cc1ccccc1,N#Cc1ccccc1,298.2,0.2700271372130602
Cc1ccccc1,N#Cc1ccccc1,323.2,0.28517894223366247
Cc1ccccc1,N#Cc1ccccc1,353.2,0.27763173659827955
CCCCC,N#Cc1ccccc1,293.2,1.8050046959780757
CCCCC,N#Cc1ccccc1,298.2,1.6409365794934714
C=CCCC,N#Cc1ccccc1,293.2,1.2864740258376797
CCCCCC,N#Cc1ccccc1,293.2,1.8991179875485542
CCCCCC,N#Cc1ccccc1,298.2,1.8325814637483102
CCCCCCCC,N#Cc1ccccc1,298.2,2.0399207835175526
CCCCCCCC,N#Cc1ccccc1,298.2,2.1138429683971682
CCCCCCCCC,N#Cc1ccccc1,298.2,2.2648832258100344
C1COCCO1,N#Cc1ccccc1,298.2,-0.19845093872383832
CCCCCCC,N#Cc1ccccc1,293.2,2.018895041811802
CCCCCCC,N#Cc1ccccc1,298.2,1.9712993830601329
CC(C)C(C)C(C)C,N#Cc1ccccc1,298.2,2.066862759472976
CC(C)CCC(C)C,N#Cc1ccccc1,298.2,2.217027204632399
CCC1CCCCC1,N#Cc1ccccc1,298.2,1.8687205103641833
CCO,OCc1ccccc1,298.2,0.01980262729617973
c1ccccc1,OCc1ccccc1,298.2,0.8628899551470398
CCC,OCc1ccccc1,298.2,2.081938421878423
C[N+](=O)[O-],OCc1ccccc1,298.2,0.9439058989071284
CC(=O)c1ccccc1,OCc1ccccc1,413.2,0.09531017980432493
CC(=O)c1ccccc1,OCc1ccccc1,473.2,0.01980262729617973
CCCC(C)C,OCc1ccccc1,298.2,2.552565298261815
CC(C)CC(C)C,OCc1ccccc1,298.2,2.833213344056216
CC1CCCCC1,OCc1ccccc1,298.2,2.0856720914304723
Cc1ccccc1,OCc1ccccc1,298.2,1.0043016091968684
CCCCC,OCc1ccccc1,298.2,2.285438934159075
CCCCC,OCc1ccccc1,298.2,2.4449523342809676
CCCCCC,OCc1ccccc1,298.2,2.551006451492524
CCCCCC,OCc1ccccc1,298.2,2.599722324216582
CCCCCCCC,OCc1ccccc1,298.2,2.920469789053444
CCCCCCCC,OCc1ccccc1,298.2,3.044522437723423
CCCCCCCCC,OCc1ccccc1,298.2,3.277522020300934
C1COCCO1,OCc1ccccc1,298.2,-0.7550225842780328
CCCCCCC,OCc1ccccc1,298.2,2.8154087194227095
C1CCCC1,OCc1ccccc1,298.2,1.7715567619105355
CC(C)C(C)C(C)C,OCc1ccccc1,298.2,2.821973947420524
CC(C)CCC(C)C,OCc1ccccc1,298.2,3.0726933146901194
CCC1CCCCC1,OCc1ccccc1,298.2,2.5556757206762075
ClC(Cl)(Cl)Cl,Cc1ccc(C)cc1,293.2,-0.07257069283483537
CCO,Cc1ccc(C)cc1,298.2,2.747270914255491
CCO,Cc1ccc(C)cc1,313.2,2.739548868161581
CO,Cc1ccc(C)cc1,313.2,2.996232148595642
CC(C)=O,Cc1ccc(C)cc1,293.2,0.7561219797213337
CCCO,Cc1ccc(C)cc1,313.2,2.301584592660462
CCCCO,Cc1ccc(C)cc1,313.2,2.2491843162669305
c1ccccc1,Cc1ccc(C)cc1,293.2,-0.01005033585350145
c1ccccc1,Cc1ccc(C)cc1,308.2,0.04879016416943204
c1ccccc1,Cc1ccc(C)cc1,313.2,-0.12783337150988489
c1ccccc1,Cc1ccc(C)cc1,323.2,-0.16251892949777494
c1ccccc1,Cc1ccc(C)cc1,333.2,-0.020202707317519466
CCBr,Cc1ccc(C)cc1,293.2,0.0
CCI,Cc1ccc(C)cc1,293.2,0.02955880224154443
CC#N,Cc1ccc(C)cc1,293.2,1.6193882432872684
ClCCl,Cc1ccc(C)cc1,293.2,-0.16251892949777494
S=C=S,Cc1ccc(C)cc1,293.2,0.06765864847381486
C[N+](=O)[O-],Cc1ccc(C)cc1,298.2,1.425515074273172
CC(C)(C)O,Cc1ccc(C)cc1,313.2,1.9740810260220096
CC(C)CO,Cc1ccc(C)cc1,313.2,2.1424163408412245
CCCC(C)C,Cc1ccc(C)cc1,298.2,0.4574248470388755
CC(C)CC(C)C,Cc1ccc(C)cc1,298.2,0.5068176023684519
Cc1ccccc1,Cc1ccc(C)cc1,298.2,-0.030459207484708574
CCCCC,Cc1ccc(C)cc1,293.2,0.3920420877760237
CCCCC,Cc1ccc(C)cc1,298.2,0.37843643572024505
C=CCCC,Cc1ccc(C)cc1,293.2,0.2151113796169455
CCCCCC,Cc1ccc(C)cc1,293.2,0.36464311358790924
CCCCCC,Cc1ccc(C)cc1,298.2,0.412109650826833
CCCCCC,Cc1ccc(C)cc1,313.2,0.22314355131420976
CCCCCC,Cc1ccc(C)cc1,313.2,0.3852624007906449
CCCCCC,Cc1ccc(C)cc1,323.2,0.1823215567939546
CCCCCC,Cc1ccc(C)cc1,333.2,0.131028262406404
CCCCCCCC,Cc1ccc(C)cc1,298.2,0.3364722366212129
CCCCCCCC,Cc1ccc(C)cc1,298.2,0.4382549309311553
CCCCCCCC,Cc1ccc(C)cc1,313.2,0.36464311358790924
CCCCCCCCC,Cc1ccc(C)cc1,298.2,0.5068176023684519
C1COCCO1,Cc1ccc(C)cc1,298.2,0.22314355131420976
CCCCCCCCCC,Cc1ccc(C)cc1,313.2,0.2700271372130602
CCOC(C)=O,Cc1ccc(C)cc1,293.2,0.28517894223366247
CCCCCCC,Cc1ccc(C)cc1,298.2,0.412109650826833
CCCCCCC,Cc1ccc(C)cc1,313.2,0.19885085874516517
CCCCCCC,Cc1ccc(C)cc1,313.2,0.34358970439007686
CCCCCCC,Cc1ccc(C)cc1,323.2,0.1570037488096647
CCCCCCC,Cc1ccc(C)cc1,333.2,0.09531017980432493
CC(C)CC(C)(C)C,Cc1ccc(C)cc1,313.2,0.45107561936021673
CC(C)C(C)C(C)C,Cc1ccc(C)cc1,298.2,0.47000362924573563
CC(C)CCC(C)C,Cc1ccc(C)cc1,298.2,0.5068176023684519
CN1CCCC1=O,Cc1ccc(C)cc1,373.2,1.0224509277025455
CN1CCCC1=O,Cc1ccc(C)cc1,473.2,0.688134638736401
CCC1CCCCC1,Cc1ccc(C)cc1,298.2,0.3852624007906449
ClC(Cl)(Cl)Cl,ClCCCl,293.2,0.6830968447064438
ClC(Cl)(Cl)Cl,ClCCCl,306.9,0.62057648772511
ClC(Cl)(Cl)Cl,ClCCCl,313.2,0.598836501088704
ClC(Cl)(Cl)Cl,ClCCCl,318.4,0.5653138090500605
ClC(Cl)(Cl)Cl,ClCCCl,328.2,0.5822156198526637
ClC(Cl)(Cl)Cl,ClCCCl,337.2,0.5007752879124892
ClC(Cl)(Cl)Cl,ClCCCl,355.0,0.4382549309311553
CCO,ClCCCl,318.4,2.272125885509337
CCO,ClCCCl,337.2,1.9740810260220096
CO,ClCCCl,318.4,2.2082744135228043
CO,ClCCCl,323.2,2.299580583973747
CO,ClCCCl,337.2,1.9358598132018119
CO,ClCCCl,355.0,1.7047480922384253
CC(C)=O,ClCCCl,354.7,-0.2484613592984996
CC(C)=O,ClCCCl,356.7,-0.11653381625595151
CC(C)=O,ClCCCl,337.2,-0.2484613592984996
CC(C)=O,ClCCCl,318.5,-0.2744368457017603
CC(C)=O,ClCCCl,293.2,-0.2744368457017603
ClC(Cl)Cl,ClCCCl,328.2,0.02955880224154443
ClC(Cl)Cl,ClCCCl,293.2,0.058268908123975824
c1ccccc1,ClCCCl,298.2,0.1906203596086497
c1ccccc1,ClCCCl,318.4,0.0769610411361284
c1ccccc1,ClCCCl,337.2,0.058268908123975824
c1ccccc1,ClCCCl,355.0,0.03922071315328133
c1ccccc1,ClCCCl,356.7,0.06765864847381486
CC(Cl)(Cl)Cl,ClCCCl,328.2,0.29266961396282004
CCBr,ClCCCl,293.2,0.16551443847757333
CCI,ClCCCl,293.2,0.3220834991691132
CC#N,ClCCCl,318.5,0.3852624007906449
CC#N,ClCCCl,333.2,0.37843643572024505
CC#N,ClCCCl,343.9,0.371563556432483
CC#N,ClCCCl,355.9,0.3576744442718159
ClCCl,ClCCCl,293.2,0.01980262729617973
ClCCl,ClCCCl,328.2,0.04879016416943204
S=C=S,ClCCCl,293.2,0.9477893989335261
CC(Cl)Cl,ClCCCl,328.2,0.131028262406404
C[N+](=O)[O-],ClCCCl,318.5,0.62057648772511
C[N+](=O)[O-],ClCCCl,343.9,0.5481214085096876
C[N+](=O)[O-],ClCCCl,355.3,0.4885800148186709
ClC=C(Cl)Cl,ClCCCl,328.2,0.371563556432483
CC[N+](=O)[O-],ClCCCl,318.5,0.3987761199573678
CC[N+](=O)[O-],ClCCCl,337.2,0.34358970439007686
CC[N+](=O)[O-],ClCCCl,354.2,0.3293037471426003
CCCC(C)C,ClCCCl,298.2,1.631199404215613
CC(C)CC(C)C,ClCCCl,298.2,1.7298840655099674
CC1CCCCC1,ClCCCl,354.7,0.959350221334602
CCCCC,ClCCCl,293.2,1.5665304114228238
CCCCC,ClCCCl,298.2,1.5040773967762742
C=CCCC,ClCCCl,293.2,1.0715836162801904
C1CCOC1,ClCCCl,343.2,-0.3285040669720361
C1CCOC1,ClCCCl,323.2,-0.37106368139083207
C1CCOC1,ClCCCl,303.2,-0.4780358009429998
CCCCCC,ClCCCl,293.2,1.6174060820832772
CCCCCC,ClCCCl,298.2,1.6428726885203377
CCCCCC,ClCCCl,298.2,1.7047480922384253
CCCCCC,ClCCCl,318.5,1.3837912309017721
CCCCCC,ClCCCl,337.2,1.2781522025001875
CCCCCC,ClCCCl,354.2,1.1019400787607843
c1ccncc1,ClCCCl,354.3,-0.11653381625595151
c1ccncc1,ClCCCl,330.0,-0.10536051565782628
CCCCCCCC,ClCCCl,298.2,1.860974538249528
CCCCCCCCC,ClCCCl,298.2,1.9685099809725544
CCOC(C)=O,ClCCCl,318.4,-0.18632957819149348
CCCCCCC,ClCCCl,298.2,1.7578579175523736
CCCCCCC,ClCCCl,318.5,1.4929040961781488
CCCCCCC,ClCCCl,337.2,1.3506671834767394
CCCCCCC,ClCCCl,354.2,1.1314021114911006
CC(C)CC(C)(C)C,ClCCCl,343.5,1.2325602611778486
CC(C)C(C)C(C)C,ClCCCl,298.2,1.724550719534605
CC(C)CCC(C)C,ClCCCl,298.2,1.8180767775454285
CCC1CCCCC1,ClCCCl,298.2,1.5973653311998313
ClC(Cl)(Cl)Cl,CCC#N,293.2,1.144222799920162
ClC(Cl)Cl,CCC#N,293.2,-0.11653381625595151
c1ccccc1,CCC#N,293.2,0.6097655716208943
c1ccccc1,CCC#N,298.2,0.4574248470388755
c1ccccc1,CCC#N,333.2,0.3920420877760237
c1ccccc1,CCC#N,373.2,0.3364722366212129
CCBr,CCC#N,293.2,0.5481214085096876
CCI,CCC#N,293.2,0.9858167945227654
ClCCl,CCC#N,293.2,-0.19845093872383832
S=C=S,CCC#N,293.2,1.706564623164823
CCc1ccccc1,CCC#N,313.2,0.8586616190375187
CCc1ccccc1,CCC#N,353.2,0.7884573603642703
CCc1ccccc1,CCC#N,393.2,0.6931471805599453
CCCC(C)C,CCC#N,298.2,2.336986519711378
CC(C)CC(C)C,CCC#N,298.2,2.5289235352047745
CCCCC,CCC#N,293.2,2.1435893615035875
CCCCC,CCC#N,298.2,2.048982334195127
C=CCCC,CCC#N,293.2,1.5195132049061133
CCCCCC,CCC#N,293.2,2.3978952727983707
CCCCCC,CCC#N,298.2,2.392425796993835
CCCCCC,CCC#N,298.2,2.322387720290225
CCCCCC,CCC#N,313.2,2.624668592163159
CCCCCC,CCC#N,333.2,2.0014800002101243
CCCCCC,CCC#N,373.2,1.7047480922384253
c1ccncc1,CCC#N,323.3,0.3074846997479607
c1ccncc1,CCC#N,338.0,0.3293037471426003
CCCCCCCC,CCC#N,298.2,2.8752581200861167
CCCCCCCC,CCC#N,313.2,2.7936160894318567
CCCCCCCCC,CCC#N,298.2,3.112181086197238
CCOC(C)=O,CCC#N,293.2,0.36464311358790924
CCCCCCC,CCC#N,298.2,2.6290069937617573
CCCCCCC,CCC#N,313.2,2.6290069937617573
CC(C)C(C)C(C)C,CCC#N,298.2,2.6651427000909336
CC(C)CCC(C)C,CCC#N,298.2,2.7206373166076814
CCC1CCCCC1,CCC#N,298.2,2.6411978941143697
COC(C)(C)C,CCCC(C)C,303.2,0.22314355131420976
COC(C)(C)C,CCCC(C)C,323.2,0.17395330712343798
CCCC(C)C,CCCC(C)=O,298.2,1.0818051703517284
CC(C)CC(C)C,CCCC(C)=O,298.2,1.1662709371419244
CCCCC,CCCC(C)=O,298.2,0.9477893989335261
CCCCCC,CCCC(C)=O,298.2,1.1019400787607843
CCCCCCCC,CCCC(C)=O,298.2,1.308332819650179
CCCCCCCCC,CCCC(C)=O,298.2,1.4562867329399256
CCCCCCC,CCCC(C)=O,298.2,1.2029723039923526
CC(C)C(C)C(C)C,CCCC(C)=O,298.2,1.1908875647772805
CC(C)CCC(C)C,CCCC(C)=O,298.2,1.252762968495368
CCC1CCCCC1,CCCC(C)=O,298.2,1.220829921392359
Clc1ccccc1,CCC[N+](=O)[O-],353.5,0.30010459245033816
CCCCC,CCC[N+](=O)[O-],298.2,1.6770965609079151
CCO,CC(C)OC(C)C,298.2,1.536867219599265
c1ccccc1,CC(C)OC(C)C,343.2,0.12221763272424911
C[N+](=O)[O-],CC(C)OC(C)C,298.2,1.7173950539391927
Cc1ccccc1,CC(C)OC(C)C,298.2,0.2151113796169455
CCCCCCCC,CC(C)OC(C)C,298.2,0.29266961396282004
C1COCCO1,CC(C)OC(C)C,298.2,0.7654678421395714
CCCCCCC,CC(C)OC(C)C,313.2,0.0769610411361284
CCCCCCC,CC(C)OC(C)C,323.2,0.058268908123975824
CCCCCCC,CC(C)OC(C)C,333.2,0.01980262729617973
CCCCCCC,CC(C)OC(C)C,343.2,0.04879016416943204
Nc1ccccc1,Cc1cccc(O)c1,453.2,-0.3011050927839216
Nc1ccccc1,Cc1cccc(O)c1,453.2,-0.2484613592984996
Nc1ccccc1,Cc1cccc(O)c1,437.9,-0.3011050927839216
Nc1ccccc1,Cc1cccc(O)c1,437.9,-0.2876820724517809
Nc1ccccc1,Cc1cccc(O)c1,438.2,-0.3011050927839216
Nc1ccccc1,Cc1cccc(O)c1,422.9,-0.4307829160924542
Nc1ccccc1,Cc1cccc(O)c1,422.9,-0.37106368139083207
Nc1ccccc1,Cc1cccc(O)c1,423.2,-0.37106368139083207
Nc1ccccc1,Cc1cccc(O)c1,408.2,-0.4155154439616658
Nc1ccccc1,Cc1cccc(O)c1,407.9,-0.4942963218147801
Nc1ccccc1,Cc1cccc(O)c1,407.9,-0.4155154439616658
CCO,Cc1cccc(O)c1,298.2,-1.2378743560016174
C[N+](=O)[O-],Cc1cccc(O)c1,298.2,0.7080357930536959
Cc1ccccc1,Cc1cccc(O)c1,298.2,0.8544153281560676
CCCCCCCC,Cc1cccc(O)c1,298.2,2.4655539212721855
CCO,Cc1cccc(C)n1,298.2,-0.3285040669720361
CCO,Cc1cccc(C)n1,313.2,-0.09431067947124129
CO,Cc1cccc(C)n1,313.2,-0.3011050927839216
CC(C)O,Cc1cccc(C)n1,313.2,0.09531017980432493
CCCO,Cc1cccc(C)n1,313.2,-0.2744368457017603
CCCCO,Cc1cccc(C)n1,313.2,-0.35667494393873245
C[N+](=O)[O-],Cc1cccc(C)n1,298.2,0.5481214085096876
CC(C)(C)O,Cc1cccc(C)n1,313.2,0.3148107398400336
CC(C)CO,Cc1cccc(C)n1,313.2,0.30010459245033816
CCC(C)O,Cc1cccc(C)n1,313.2,-0.10536051565782628
Cc1ccccc1,Cc1cccc(C)n1,298.2,-0.10536051565782628
CCCCCCCC,Cc1cccc(C)n1,298.2,0.9555114450274363
C1COCCO1,Cc1cccc(C)n1,298.2,0.01980262729617973
CCO,Brc1ccccc1,298.2,2.8437459165561094
C[N+](=O)[O-],Brc1ccccc1,298.2,1.4816045409242156
Cc1ccccc1,Brc1ccccc1,298.2,0.009950330853168092
CCCCCCCC,Brc1ccccc1,298.2,0.9783261227936078
C1COCCO1,Brc1ccccc1,298.2,-0.01005033585350145
CCO,CC1CCCCC1,313.2,3.3488509012899463
CCO,CC1CCCCC1,333.2,2.67000213346468
C[N+](=O)[O-],CC1CCCCC1,343.2,3.1179499062782403
C[N+](=O)[O-],CC1CCCCC1,353.2,2.9496883350525844
Cc1ccccc1,CC1CCCCC1,343.2,0.28517894223366247
Cc1ccccc1,CC1CCCCC1,353.2,0.26236426446749106
COC(C)(C)C,CC1CCCCC1,313.2,0.3220834991691132
COC(C)(C)C,CC1CCCCC1,333.2,0.25464221837358075
ClC(Cl)(Cl)Cl,Cc1ccccc1,293.2,0.01980262729617973
ClC(Cl)(Cl)Cl,Cc1ccccc1,313.2,0.06765864847381486
CCOCC,Cc1ccccc1,293.2,0.009950330853168092
CCOCC,Cc1ccccc1,293.2,0.09531017980432493
CCOCC,Cc1ccccc1,293.2,0.11332868530700327
CCOCC,Cc1ccccc1,303.2,0.009950330853168092
CCOCC,Cc1ccccc1,303.2,0.11332868530700327
CCOCC,Cc1ccccc1,313.2,0.01980262729617973
CCOCC,Cc1ccccc1,313.2,0.2151113796169455
CCO,Cc1ccccc1,293.2,2.853015971352396
CCO,Cc1ccccc1,293.2,3.0155349008501706
CCO,Cc1ccccc1,293.2,2.8892600290434745
CCO,Cc1ccccc1,293.2,2.91235066461494
CCO,Cc1ccccc1,293.2,2.9391619220655967
CCO,Cc1ccccc1,298.2,2.7363136663750693
CCO,Cc1ccccc1,301.5,2.7013612129514133
CCO,Cc1ccccc1,301.8,2.70805020110221
CCO,Cc1ccccc1,303.2,2.827905162910489
CCO,Cc1ccccc1,303.2,2.797281334830153
CCO,Cc1ccccc1,303.2,2.719319793360441
CCO,Cc1ccccc1,303.2,2.6878474937846906
CCO,Cc1ccccc1,313.2,2.7013612129514133
CCO,Cc1ccccc1,313.2,2.644755350729896
CCO,Cc1ccccc1,313.2,2.6026896854443837
CCO,Cc1ccccc1,313.2,2.379546134130174
CCO,Cc1ccccc1,323.2,2.468099531471619
CCO,Cc1ccccc1,323.2,2.4423470353692043
CCO,Cc1ccccc1,333.2,2.295560478057081
CCO,Cc1ccccc1,334.0,2.2082744135228043
CCO,Cc1ccccc1,334.2,2.2192034840549946
CCO,Cc1ccccc1,342.7,1.9387416595767009
CCO,Cc1ccccc1,353.7,1.8082887711792655
CCO,Cc1ccccc1,354.2,1.840549633397487
CCO,Cc1ccccc1,381.0,1.47932922708708
CO,Cc1ccccc1,293.2,3.0204248861443626
CO,Cc1ccccc1,293.2,3.064325065019603
CO,Cc1ccccc1,293.2,3.094219220268645
CO,Cc1ccccc1,293.2,3.139832617527748
CO,Cc1ccccc1,293.2,3.2347491740244907
CO,Cc1ccccc1,303.2,2.9172300453990334
CO,Cc1ccccc1,303.2,2.9444389791664403
CO,Cc1ccccc1,303.2,3.054001181677967
CO,Cc1ccccc1,313.2,2.8535925063928684
CO,Cc1ccccc1,313.2,2.856470206220483
CO,Cc1ccccc1,313.2,2.8678989020441064
CO,Cc1ccccc1,323.2,2.714694743820879
CO,Cc1ccccc1,381.0,1.6094379124341003
CO,Cc1ccccc1,382.2,1.763017000362401
CC(C)O,Cc1ccccc1,293.2,2.5832425505088623
CC(C)O,Cc1ccccc1,293.2,2.604170070614818
CC(C)O,Cc1ccccc1,303.2,2.423031246069913
CC(C)O,Cc1ccccc1,313.2,2.3523271848888596
CC(C)=O,Cc1ccccc1,293.2,0.7839015438284094
CC(C)=O,Cc1ccccc1,293.2,0.6830968447064438
CC(C)=O,Cc1ccccc1,293.2,0.6780335427498971
CC(C)=O,Cc1ccccc1,293.2,0.6678293725756554
CC(C)=O,Cc1ccccc1,303.2,0.6729444732424258
CC(C)=O,Cc1ccccc1,303.2,0.6575200029167941
CC(C)=O,Cc1ccccc1,313.2,0.7323678937132266
CC(C)=O,Cc1ccccc1,313.2,0.5596157879354227
ClC(Cl)Cl,Cc1ccccc1,318.2,-0.2484613592984996
ClC(Cl)Cl,Cc1ccccc1,313.2,-0.18632957819149348
ClC(Cl)Cl,Cc1ccccc1,303.2,-0.13926206733350766
ClC(Cl)Cl,Cc1ccccc1,293.2,-0.40047756659712525
ClC(Cl)Cl,Cc1ccccc1,293.2,-0.09431067947124129
CCCO,Cc1ccccc1,293.2,2.766319109226186
CCCO,Cc1ccccc1,303.2,2.617395832834079
CCCO,Cc1ccccc1,313.2,2.4336133554004498
CCCO,Cc1ccccc1,323.2,2.2925347571405443
CCCCO,Cc1ccccc1,353.2,1.547562508716013
CCCCO,Cc1ccccc1,363.2,1.410986973710262
CCCCO,Cc1ccccc1,373.2,1.2864740258376797
CCCCO,Cc1ccccc1,383.2,1.1568811967920856
CCCCCO,Cc1ccccc1,353.2,1.4279160358107101
CCCCCO,Cc1ccccc1,363.2,1.2892326482767593
CCCCCO,Cc1ccccc1,373.2,1.1631508098056809
CCCCCO,Cc1ccccc1,383.2,1.0647107369924282
c1ccccc1,Cc1ccccc1,293.2,-0.01005033585350145
c1ccccc1,Cc1ccccc1,298.2,-0.020202707317519466
CCBr,Cc1ccccc1,293.2,-0.020202707317519466
CCI,Cc1ccccc1,293.2,0.058268908123975824
CC#N,Cc1ccccc1,293.2,1.3862943611198906
CC#N,Cc1ccccc1,293.2,1.324418957401803
CC#N,Cc1ccccc1,343.2,1.2412685890696329
CC#N,Cc1ccccc1,393.2,1.085189268335969
ClCCl,Cc1ccccc1,293.2,-0.18632957819149348
ClCCl,Cc1ccccc1,293.2,-0.18632957819149348
ClCCl,Cc1ccccc1,293.2,-0.16251892949777494
ClCCl,Cc1ccccc1,298.2,-0.21072103131565253
ClCCl,Cc1ccccc1,303.2,-0.1743533871447778
ClCCl,Cc1ccccc1,313.2,0.0
ClCCl,Cc1ccccc1,347.9,-0.12783337150988489
S=C=S,Cc1ccccc1,293.2,0.23901690047049992
C[N+](=O)[O-],Cc1ccccc1,293.2,1.4838746894587547
C[N+](=O)[O-],Cc1ccccc1,298.2,1.3376291891386096
C[N+](=O)[O-],Cc1ccccc1,343.2,1.366091653802371
C[N+](=O)[O-],Cc1ccccc1,353.2,1.3056264580524357
CC(C)(C)O,Cc1ccccc1,313.2,1.8421356765531218
CC(C)CO,Cc1ccccc1,313.2,2.178155014615869
CC[N+](=O)[O-],Cc1ccccc1,342.7,0.8544153281560676
CC[N+](=O)[O-],Cc1ccccc1,381.0,0.7419373447293773
CC1=CCC2CC1C2(C)C,Cc1ccccc1,353.2,0.1906203596086497
CC1=CCC2CC1C2(C)C,Cc1ccccc1,373.2,0.1823215567939546
N#Cc1ccccc1,Cc1ccccc1,323.2,0.5247285289349821
N#Cc1ccccc1,Cc1ccccc1,353.2,0.5007752879124892
ClCCCl,Cc1ccccc1,342.7,-0.05129329438755058
ClCCCl,Cc1ccccc1,380.9,-0.030459207484708574
CCC#N,Cc1ccccc1,293.2,0.9707789171582248
CCCC(C)C,Cc1ccccc1,298.2,0.6043159668533296
CCC[N+](=O)[O-],Cc1ccccc1,362.7,0.5481214085096876
CC(C)CC(C)C,Cc1ccccc1,298.2,0.6523251860396901
CC1CCCCC1,Cc1ccccc1,343.2,0.3220834991691132
CC1CCCCC1,Cc1ccccc1,353.2,0.3074846997479607
CCCCC,Cc1ccccc1,293.2,0.494696241836107
CCCCC,Cc1ccccc1,293.2,0.5877866649021191
CCCCC,Cc1ccccc1,293.2,0.6043159668533296
CCCCC,Cc1ccccc1,293.2,0.6151856390902335
CCCCC,Cc1ccccc1,298.2,0.5187937934151675
CCCCC,Cc1ccccc1,303.2,0.4762341789963717
CCCCC,Cc1ccccc1,303.2,0.5766133643039938
CCCCC,Cc1ccccc1,313.2,0.4574248470388755
CCCCC,Cc1ccccc1,313.2,0.6678293725756554
C=CCCC,Cc1ccccc1,293.2,0.36464311358790924
CCCCCC,Cc1ccccc1,293.2,0.5538851132264376
CCCCCC,Cc1ccccc1,293.2,0.5877866649021191
CCCCCC,Cc1ccccc1,293.2,0.6259384308664954
CCCCCC,Cc1ccccc1,293.2,0.7419373447293773
CCCCCC,Cc1ccccc1,298.2,0.5538851132264376
CCCCCC,Cc1ccccc1,303.2,0.5709795465857378
CCCCCC,Cc1ccccc1,303.2,0.6151856390902335
CCCCCC,Cc1ccccc1,313.2,0.4824261492442928
CCCCCC,Cc1ccccc1,313.2,0.6575200029167941
c1ccncc1,Cc1ccccc1,293.2,0.5128236264286637
c1ccncc1,Cc1ccccc1,298.2,0.6471032420585384
c1ccncc1,Cc1ccccc1,298.2,0.4824261492442928
c1ccncc1,Cc1ccccc1,303.2,0.5653138090500605
c1ccncc1,Cc1ccccc1,303.2,0.4637340162321402
c1ccncc1,Cc1ccccc1,308.2,0.4637340162321402
c1ccncc1,Cc1ccccc1,313.2,0.47000362924573563
c1ccncc1,Cc1ccccc1,313.2,0.4382549309311553
c1ccncc1,Cc1ccccc1,323.2,0.3920420877760237
c1ccncc1,Cc1ccccc1,333.2,0.371563556432483
c1ccncc1,Cc1ccccc1,373.2,0.29266961396282004
CCCCCCCC,Cc1ccccc1,298.2,0.5247285289349821
CCCCCCCC,Cc1ccccc1,298.2,0.5596157879354227
CCCCCCCC,Cc1ccccc1,333.2,0.3920420877760237
CCCCCCCCC,Cc1ccccc1,298.2,0.6097655716208943
C1COCCO1,Cc1ccccc1,298.2,0.13976194237515863
CCOC(C)=O,Cc1ccccc1,293.2,0.2468600779315258
CCOC(C)=O,Cc1ccccc1,342.7,0.14842000511827322
CCOC(C)=O,Cc1ccccc1,362.7,0.1906203596086497
CCOC(C)=O,Cc1ccccc1,380.9,0.1823215567939546
CCCCCCC,Cc1ccccc1,298.2,0.5653138090500605
CC(C)CC(C)(C)C,Cc1ccccc1,313.2,0.598836501088704
CC(C)C(C)C(C)C,Cc1ccccc1,298.2,0.62057648772511
CC(C)CCC(C)C,Cc1ccccc1,298.2,0.6471032420585384
C=CCCCC,Cc1ccccc1,293.2,0.3074846997479607
C=CCCCC,Cc1ccccc1,293.2,0.36464311358790924
C=CCCCC,Cc1ccccc1,293.2,0.37843643572024505
C=CCCCC,Cc1ccccc1,303.2,0.28517894223366247
C=CCCCC,Cc1ccccc1,303.2,0.3576744442718159
C=CCCCC,Cc1ccccc1,313.2,0.26236426446749106
C=CCCCC,Cc1ccccc1,313.2,0.4382549309311553
COC(=O)OC,Cc1ccccc1,318.2,0.5364933705145685
CN1CCCC1=O,Cc1ccccc1,363.3,0.8415671856782185
CN1CCCC1=O,Cc1ccccc1,383.4,0.9042181506398859
CCC1CCCCC1,Cc1ccccc1,298.2,0.494696241836107
Nc1ccccc1,Clc1ccccc1,293.2,1.1118575154181303
Nc1ccccc1,Clc1ccccc1,343.2,0.7975071958841882
Nc1ccccc1,Clc1ccccc1,393.2,0.6043159668533296
CCO,Clc1ccccc1,298.2,2.7466296830696852
CO,Clc1ccccc1,328.2,2.6490076604684267
CC(C)=O,Clc1ccccc1,313.2,0.44468582126144574
CC(C)=O,Clc1ccccc1,353.2,0.412109650826833
CC(C)=O,Clc1ccccc1,386.7,0.3987761199573678
CC#N,Clc1ccccc1,293.2,1.2584609896100056
CC#N,Clc1ccccc1,328.2,1.172482137234565
CC#N,Clc1ccccc1,343.2,1.1118575154181303
CC#N,Clc1ccccc1,393.2,0.9895411936137477
ClCCl,Clc1ccccc1,398.1,0.06765864847381486
ClCCl,Clc1ccccc1,348.0,0.04879016416943204
ClCCl,Clc1ccccc1,298.0,0.06765864847381486
C[N+](=O)[O-],Clc1ccccc1,298.2,1.3787660946990992
CCc1ccccc1,Clc1ccccc1,293.2,0.009950330853168092
CCCC(C)C,Clc1ccccc1,298.2,0.8458682675776092
CCC[N+](=O)[O-],Clc1ccccc1,353.6,0.5306282510621704
CC(C)CC(C)C,Clc1ccccc1,298.2,0.9122827104766164
Cc1ccccc1,Clc1ccccc1,298.2,-0.040821994520255166
CCCCC,Clc1ccccc1,298.2,0.7654678421395714
CCCCCC,Clc1ccccc1,298.2,0.7975071958841882
CCCCCCCC,Clc1ccccc1,298.2,0.7839015438284094
CCCCCCCC,Clc1ccccc1,298.2,0.8241754429663494
CCCCCCCCC,Clc1ccccc1,298.2,0.7793248768009977
C1COCCO1,Clc1ccccc1,298.2,-0.06187540371808753
CCOC(C)=O,Clc1ccccc1,313.2,0.06765864847381486
CCOC(C)=O,Clc1ccccc1,353.2,0.11332868530700327
CCOC(C)=O,Clc1ccccc1,393.2,0.131028262406404
CCCCCCC,Clc1ccccc1,298.2,0.7975071958841882
CC(C)C(C)C(C)C,Clc1ccccc1,298.2,0.85015092936961
CC(C)CCC(C)C,Clc1ccccc1,298.2,0.9082585601768908
CCC1CCCCC1,Clc1ccccc1,298.2,0.6830968447064438
ClC(Cl)(Cl)Cl,O=C1CCCCC1,293.2,0.09531017980432493
CCO,O=C1CCCCC1,298.2,0.7227059828014898
CC(C)=O,O=C1CCCCC1,293.2,0.23111172096338664
ClC(Cl)Cl,O=C1CCCCC1,293.2,-1.171182981502945
c1ccccc1,O=C1CCCCC1,293.2,-0.07257069283483537
CCBr,O=C1CCCCC1,293.2,-0.040821994520255166
CCI,O=C1CCCCC1,293.2,0.12221763272424911
CC#N,O=C1CCCCC1,293.2,0.3576744442718159
ClCCl,O=C1CCCCC1,293.2,-0.941608539858445
S=C=S,O=C1CCCCC1,293.2,0.6259384308664954
C[N+](=O)[O-],O=C1CCCCC1,298.2,-0.05129329438755058
CCCC(C)C,O=C1CCCCC1,298.2,1.43746264769429
CC(C)CC(C)C,O=C1CCCCC1,298.2,1.5303947050936475
Cc1ccccc1,O=C1CCCCC1,298.2,0.009950330853168092
CCCCC,O=C1CCCCC1,293.2,1.3787660946990992
CCCCC,O=C1CCCCC1,298.2,1.3056264580524357
C=CCCC,O=C1CCCCC1,293.2,0.9516578757114463
CCCCCC,O=C1CCCCC1,293.2,1.4951487660319727
CCCCCC,O=C1CCCCC1,298.2,1.4586150226995167
CCCCCCCC,O=C1CCCCC1,298.2,1.5769147207285403
CCCCCCCC,O=C1CCCCC1,298.2,1.673351238177753
CCCCCCCCC,O=C1CCCCC1,298.2,1.7850704810772584
C1COCCO1,O=C1CCCCC1,298.2,0.03922071315328133
CCOC(C)=O,O=C1CCCCC1,293.2,0.23111172096338664
CCCCCCC,O=C1CCCCC1,298.2,1.5748464676644813
CC(C)C(C)C(C)C,O=C1CCCCC1,298.2,1.5390154481375546
CC(C)CCC(C)C,O=C1CCCCC1,298.2,1.6272778305624314
CCC1CCCCC1,O=C1CCCCC1,298.2,1.3762440252663892
ClC(Cl)(Cl)Cl,Oc1ccccc1,323.2,1.2237754316221157
ClC(Cl)(Cl)Cl,Oc1ccccc1,328.2,1.5173226235262947
ClC(Cl)(Cl)Cl,Oc1ccccc1,343.2,1.4327007339340465
ClC(Cl)(Cl)Cl,Oc1ccccc1,358.2,1.4060969884160703
ClC(Cl)(Cl)Cl,Oc1ccccc1,373.2,1.358409157630355
ClC(Cl)Cl,Oc1ccccc1,323.2,0.5596157879354227
c1ccccc1,Oc1ccccc1,298.2,1.0647107369924282
c1ccccc1,Oc1ccccc1,328.2,1.0543120297715298
c1ccccc1,Oc1ccccc1,333.2,0.9162907318741551
c1ccccc1,Oc1ccccc1,343.2,0.9631743177730056
c1ccccc1,Oc1ccccc1,353.2,0.7466879474879751
c1ccccc1,Oc1ccccc1,358.2,0.9282193027394288
c1ccccc1,Oc1ccccc1,373.2,0.7884573603642703
c1ccccc1,Oc1ccccc1,373.2,0.9122827104766164
CCBr,Oc1ccccc1,323.2,0.7178397931503168
CCI,Oc1ccccc1,323.2,0.8754687373538999
ClCCl,Oc1ccccc1,323.2,0.5364933705145685
S=C=S,Oc1ccccc1,323.2,1.1631508098056809
CNC(C)=O,Oc1ccccc1,413.5,-2.8134107167600364
CC1CCCC1,Oc1ccccc1,328.2,2.2364452904895007
CC1CCCC1,Oc1ccccc1,343.2,2.1126345090356
CC1CCCC1,Oc1ccccc1,358.2,2.0412203288596382
CC1CCCC1,Oc1ccccc1,373.2,2.033397603178429
Cc1ccc(C)cc1,Oc1ccccc1,343.2,1.2499017362143359
Cc1ccc(C)cc1,Oc1ccccc1,358.2,1.1817271953786161
Cc1ccc(C)cc1,Oc1ccccc1,373.2,1.169381359556317
ClCCCl,Oc1ccccc1,323.2,0.5423242908253617
ClCCCl,Oc1ccccc1,328.2,0.8796267475025636
ClCCCl,Oc1ccccc1,343.2,0.7608058290337602
ClCCCl,Oc1ccccc1,358.2,0.7080357930536959
ClCCCl,Oc1ccccc1,373.2,0.7080357930536959
CC1CCCCC1,Oc1ccccc1,323.2,2.322387720290225
CC1CCCCC1,Oc1ccccc1,328.2,2.3580197998821464
CC1CCCCC1,Oc1ccccc1,343.2,2.244955980157409
CC1CCCCC1,Oc1ccccc1,358.2,2.157559320943788
CC1CCCCC1,Oc1ccccc1,373.2,2.134166441369082
Cc1ccccc1,Oc1ccccc1,323.2,0.9631743177730056
Cc1ccccc1,Oc1ccccc1,328.2,1.2383742310432684
Cc1ccccc1,Oc1ccccc1,343.2,1.0986122886681098
Cc1ccccc1,Oc1ccccc1,358.2,1.0612565021243408
Cc1ccccc1,Oc1ccccc1,373.2,1.0438040521731147
CCCCC,Oc1ccccc1,323.2,2.388762789235098
CCCCCl,Oc1ccccc1,328.2,1.3029127521808397
CCCCCl,Oc1ccccc1,343.2,1.205970806988609
CCCCCl,Oc1ccccc1,358.2,1.1786549963416462
CCCCCl,Oc1ccccc1,373.2,1.1568811967920856
CCCCCC,Oc1ccccc1,298.2,2.8622008809294686
CCCCCC,Oc1ccccc1,323.2,2.5649493574615367
CCCCCC,Oc1ccccc1,328.2,2.6651427000909336
CCCCCC,Oc1ccccc1,333.2,2.4849066497880004
CCCCCC,Oc1ccccc1,343.2,2.553343811341229
CCCCCC,Oc1ccccc1,358.2,2.4932054526026954
CCCCCC,Oc1ccccc1,373.2,2.163323025660538
CCCCCC,Oc1ccccc1,373.2,2.4595888418037104
CCCCCCCC,Oc1ccccc1,328.2,2.995232148512309
CCCCCCCC,Oc1ccccc1,343.2,2.831447079246135
CCCCCCCC,Oc1ccccc1,358.2,2.714694743820879
CCCCCCCC,Oc1ccccc1,373.2,2.649714624089247
C=CCCCCCC,Oc1ccccc1,328.2,2.503891949699081
C=CCCCCCC,Oc1ccccc1,343.2,2.365559892155434
C=CCCCCCC,Oc1ccccc1,358.2,2.2793164660546914
C=CCCCCCC,Oc1ccccc1,373.2,2.2332350148592526
CCCCCCCCCC,Oc1ccccc1,418.2,2.1838015570040787
CCCCCCCCCC,Oc1ccccc1,433.2,2.1041341542702074
CCCCCCC,Oc1ccccc1,323.2,2.7343675094195836
CCCCCCC,Oc1ccccc1,328.2,2.837908188360424
CCCCCCC,Oc1ccccc1,343.2,2.696652156149841
CCCCCCC,Oc1ccccc1,358.2,2.6004649904222727
CCCCCCC,Oc1ccccc1,373.2,2.550226115908643
C1CCCCCC1,Oc1ccccc1,328.2,2.180417459019838
C1CCCCCC1,Oc1ccccc1,343.2,2.065596134857783
C1CCCCCC1,Oc1ccccc1,358.2,2.004179057179289
C1CCCCCC1,Oc1ccccc1,373.2,1.9851308622085946
C=CCCCC,Oc1ccccc1,328.2,2.2235418856535927
C=CCCCC,Oc1ccccc1,343.2,2.1162555148025524
C=CCCCC,Oc1ccccc1,358.2,2.061786606441115
C=CCCCC,Oc1ccccc1,373.2,2.0425181875752383
CCC1CCCCC1,Oc1ccccc1,328.2,2.5079719227189963
CCC1CCCCC1,Oc1ccccc1,343.2,2.365559892155434
CCC1CCCCC1,Oc1ccccc1,358.2,2.281361456542419
CCC1CCCCC1,Oc1ccccc1,373.2,2.201659174404085
CCO,CCCCC,309.7,3.8501476017100584
CCO,CCCCC,310.2,3.901972669574645
CCO,CCCCC,323.7,3.4965075614664802
CCO,CCCCC,338.7,3.044522437723423
CCO,CCCCC,339.2,3.1354942159291497
CC(C)=O,CCCCC,238.2,2.9481164196123277
CC(C)=O,CCCCC,258.2,2.7800607370784824
CC(C)=O,CCCCC,298.2,2.0781907597781832
CC(C)=O,CCCCC,303.2,1.9558604799084813
ClCCl,CCCCC,298.2,0.959350221334602
ClCCl,CCCCC,348.2,0.6626879730752367
ClCCl,CCCCC,398.2,0.4574248470388755
C[N+](=O)[O-],CCCCC,298.2,3.8450281366038674
CCCC(C)C,CCCCC,298.2,-0.020202707317519466
CC(C)CC(C)C,CCCCC,298.2,0.11332868530700327
Cc1ccccc1,CCCCC,298.2,0.6626879730752367
CCCCC,CCCCC,298.2,0.04879016416943204
C1CCOC1,CCCCC,313.2,0.7839015438284094
CCCCCC,CCCCC,298.2,0.11332868530700327
CCCCCCCC,CCCCC,298.2,0.19885085874516517
CCCCCCCC,CCCCC,298.2,0.16551443847757333
CCCCCCCCC,CCCCC,298.2,0.1906203596086497
C1COCCO1,CCCCC,298.2,1.5602476682433286
CCCCCCC,CCCCC,298.2,0.131028262406404
CC(C)C(C)C(C)C,CCCCC,298.2,0.19885085874516517
CC(C)CCC(C)C,CCCCC,298.2,0.14842000511827322
CCC1CCCCC1,CCCCC,298.2,0.3364722366212129
CC(C)=O,CCCCCl,293.2,0.5306282510621704
CC(C)=O,CCCCCl,309.5,0.4824261492442928
CC(C)=O,CCCCCl,326.7,0.4252677354043441
CC(C)=O,CCCCCl,343.2,0.35065687161316933
CC(C)=O,CCCCCl,350.8,0.3364722366212129
ClC(Cl)Cl,CCCCCl,293.2,-0.07257069283483537
CCBr,CCCCCl,293.2,0.01980262729617973
CCI,CCCCCl,293.2,0.25464221837358075
CC#N,CCCCCl,323.2,1.5496879080283263
CC#N,CCCCCl,348.2,1.3812818192963463
ClCCl,CCCCCl,293.2,0.01980262729617973
S=C=S,CCCCCl,293.2,0.44468582126144574
C[N+](=O)[O-],CCCCCl,293.2,1.6863989535702288
CCCCCC,CCCCCl,293.2,0.5481214085096876
c1ccncc1,CCCCCl,349.3,0.3220834991691132
CCOC(C)=O,CCCCCl,323.2,0.22314355131420976
CCOC(C)=O,CCCCCl,348.2,0.20701416938432612
CCO,CCCC#N,278.2,1.463255402256019
CCO,CCCC#N,288.2,1.358409157630355
CCO,CCCC#N,293.2,1.3217558399823195
CCO,CCCC#N,298.2,1.252762968495368
CCO,CCCC#N,298.2,1.2669476034873244
CCO,CCCC#N,303.2,1.2119409739751128
CCO,CCCC#N,308.2,1.1817271953786161
CCO,CCCC#N,313.2,1.1378330018213911
CCO,CCCC#N,323.2,1.075002423028976
CO,CCCC#N,278.2,1.3887912413184778
CO,CCCC#N,288.2,1.324418957401803
CO,CCCC#N,298.2,1.2296405510745139
CO,CCCC#N,308.2,1.1568811967920856
CO,CCCC#N,318.2,1.0715836162801904
CC(C)O,CCCC#N,278.2,1.5953389880545987
CC(C)O,CCCC#N,288.2,1.4060969884160703
CC(C)O,CCCC#N,293.2,1.3270750014599193
CC(C)O,CCCC#N,298.2,1.2499017362143359
CC(C)O,CCCC#N,303.2,1.1908875647772805
CC(C)O,CCCC#N,308.2,1.1346227261911428
CC(C)O,CCCC#N,313.2,1.0681530811834012
CC(C)O,CCCC#N,323.2,1.0043016091968684
CCCO,CCCC#N,278.2,1.3937663759585917
CCCO,CCCC#N,288.2,1.3297240096314962
CCCO,CCCC#N,293.2,1.2725655957915476
CCCO,CCCC#N,298.2,1.199964782928397
CCCO,CCCC#N,303.2,1.1631508098056809
CCCO,CCCC#N,308.2,1.1314021114911006
CCCO,CCCC#N,313.2,1.0784095813505903
CCCO,CCCC#N,323.2,1.0331844833456545
CCCCO,CCCC#N,278.2,1.724550719534605
CCCCO,CCCC#N,288.2,1.667706820558076
CCCCO,CCCC#N,293.2,1.6370530794670737
CCCCO,CCCC#N,298.2,1.6034198401085373
CCCCO,CCCC#N,303.2,1.5851452198650557
CCCCO,CCCC#N,308.2,1.534714366238164
CCCCO,CCCC#N,313.2,1.4996230464268938
CCCCO,CCCC#N,323.2,1.4398351280479205
C[N+](=O)[O-],CCCC#N,298.2,0.11332868530700327
CC(C)(C)O,CCCC#N,298.2,1.0508216248317612
CC(C)(C)O,CCCC#N,303.2,1.0260415958332743
CC(C)(C)O,CCCC#N,308.2,0.9707789171582248
CC(C)(C)O,CCCC#N,313.2,0.8878912573524571
CC(C)(C)O,CCCC#N,318.2,0.85015092936961
CC(C)(C)O,CCCC#N,323.2,0.8329091229351039
CC(C)CO,CCCC#N,278.2,1.7526720805200082
CC(C)CO,CCCC#N,288.2,1.4422019930581866
CC(C)CO,CCCC#N,293.2,1.275362800412609
CC(C)CO,CCCC#N,298.2,1.2383742310432684
CC(C)CO,CCCC#N,303.2,1.1786549963416462
CC(C)CO,CCCC#N,308.2,1.091923300517313
CC(C)CO,CCCC#N,313.2,1.0543120297715298
CC(C)CO,CCCC#N,323.2,0.959350221334602
CCC(C)O,CCCC#N,278.2,1.501852701754163
CCC(C)O,CCCC#N,288.2,1.297463147413275
CCC(C)O,CCCC#N,293.2,1.2267122912954254
CCC(C)O,CCCC#N,298.2,1.1410330045520618
CCC(C)O,CCCC#N,303.2,1.128171090909654
CCC(C)O,CCCC#N,308.2,1.0647107369924282
CCC(C)O,CCCC#N,313.2,1.000631880307906
CCC(C)O,CCCC#N,323.2,0.9082585601768908
CCCC(C)C,CCCC#N,298.2,1.8309801823813363
CC(C)CC(C)C,CCCC#N,298.2,1.9726911717329554
Cc1ccccc1,CCCC#N,298.2,0.4054651081081644
CCCCC,CCCC#N,298.2,1.601405740736836
CCCCCC,CCCC#N,298.2,1.8687205103641833
CCCCCCCC,CCCC#N,298.2,2.2289385528257473
CCCCCCCC,CCCC#N,298.2,2.192770226986839
CCCCCCCCC,CCCC#N,298.2,2.4078456036515385
CCCCCCC,CCCC#N,298.2,2.048982334195127
CC(C)C(C)C(C)C,CCCC#N,298.2,2.0425181875752383
CC(C)CCC(C)C,CCCC#N,298.2,2.1412419425852827
CCC1CCCCC1,CCCC#N,298.2,2.033397603178429
ClC(Cl)(Cl)Cl,C1CCOC1,303.2,-0.2613647641344075
ClC(Cl)Cl,C1CCOC1,337.3,-0.9942522733438669
ClC(Cl)Cl,C1CCOC1,327.7,-1.0498221244986778
ClC(Cl)Cl,C1CCOC1,323.2,-1.3470736479666092
ClC(Cl)Cl,C1CCOC1,323.3,-0.9942522733438669
ClC(Cl)Cl,C1CCOC1,313.2,-1.4696759700589417
ClC(Cl)Cl,C1CCOC1,313.6,-1.0498221244986778
ClC(Cl)Cl,C1CCOC1,303.2,-1.6607312068216509
ClCCl,C1CCOC1,336.9,-0.6931471805599453
ClCCl,C1CCOC1,328.4,-0.7339691750802004
ClCCl,C1CCOC1,311.5,-0.7985076962177716
ClCCl,C1CCOC1,303.2,-1.0498221244986778
ClCCl,C1CCOC1,293.7,-0.8915981192837836
C[N+](=O)[O-],C1CCOC1,298.2,0.28517894223366247
CCc1ccccc1,C1CCOC1,298.2,-0.10536051565782628
CCc1ccccc1,C1CCOC1,298.2,-0.10536051565782628
CCCCc1ccccc1,C1CCOC1,298.2,-0.10536051565782628
CCCCc1ccccc1,C1CCOC1,298.2,-0.10536051565782628
ClCCCl,C1CCOC1,343.2,-0.5108256237659907
ClCCCl,C1CCOC1,323.2,-0.579818495252942
ClCCCl,C1CCOC1,303.2,-0.7985076962177716
CCCC(C)C,C1CCOC1,298.2,0.7747271675523681
CC(C)CC(C)C,C1CCOC1,298.2,0.7701082216960737
Cc1ccccc1,C1CCOC1,298.2,-0.19845093872383832
Cc1ccccc1,C1CCOC1,298.2,-0.1743533871447778
Cc1ccccc1,C1CCOC1,298.2,-0.1743533871447778
CCCCC,C1CCOC1,298.2,0.7275486072772777
CCCCC,C1CCOC1,313.2,0.712949807856125
CCCCCC,C1CCOC1,298.2,0.7839015438284094
CCCCCC,C1CCOC1,313.2,0.6678293725756554
CCCCCC,C1CCOC1,333.2,0.598836501088704
CCCCCCCC,C1CCOC1,298.2,0.5766133643039938
CCCCCCCC,C1CCOC1,298.2,0.8458682675776092
CCCCCCCCC,C1CCOC1,298.2,0.8960880245566357
CCCC=O,C1CCOC1,293.7,0.1906203596086497
CCCC=O,C1CCOC1,311.5,0.12221763272424911
CCCC=O,C1CCOC1,328.4,0.09531017980432493
CCCC=O,C1CCOC1,336.9,0.08617769624105241
C1COCCO1,C1CCOC1,298.2,0.12221763272424911
CCOC(C)=O,C1CCOC1,313.2,0.09531017980432493
CCOC(C)=O,C1CCOC1,333.2,0.09531017980432493
CCCCCCC,C1CCOC1,298.2,0.8285518175661483
CCCCCCC,C1CCOC1,303.2,0.6830968447064438
CCCCCCC,C1CCOC1,313.2,0.7030975114131134
CCCCCCC,C1CCOC1,333.2,0.5822156198526637
CCCCCCC,C1CCOC1,343.2,0.5306282510621704
CC(C)C(C)C(C)C,C1CCOC1,298.2,0.7793248768009977
CC(C)CCC(C)C,C1CCOC1,298.2,0.7884573603642703
CCC1CCCCC1,C1CCOC1,298.2,0.7608058290337602
CCCC(C)C,CCCCCC(C)=O,298.2,0.7839015438284094
CC(C)CC(C)C,CCCCCC(C)=O,298.2,0.8712933659434193
CCCCC,CCCCCC(C)=O,298.2,0.6312717768418578
CCCCCC,CCCCCC(C)=O,298.2,0.7929925155296614
CCCCCCCC,CCCCCC(C)=O,298.2,1.000631880307906
CCCCCCCCC,CCCCCC(C)=O,298.2,1.128171090909654
CCCCCCC,CCCCCC(C)=O,298.2,0.8796267475025636
CC(C)C(C)C(C)C,CCCCCC(C)=O,298.2,0.8878912573524571
CC(C)CCC(C)C,CCCCCC(C)=O,298.2,0.9516578757114463
CCC1CCCCC1,CCCCCC(C)=O,298.2,0.8754687373538999
ClC(Cl)(Cl)Cl,CCCCCC,301.0,0.1823215567939546
ClC(Cl)(Cl)Cl,CCCCCC,313.2,0.1823215567939546
ClC(Cl)(Cl)Cl,CCCCCC,315.0,0.1823215567939546
ClC(Cl)(Cl)Cl,CCCCCC,332.0,0.17395330712343798
ClC(Cl)(Cl)Cl,CCCCCC,340.3,0.14842000511827322
CCO,CCCCCC,288.2,4.4272389774954295
CCO,CCCCCC,293.2,4.247065649239764
CCO,CCCCCC,297.2,4.136765278106052
CCO,CCCCCC,297.4,4.063885354737392
CCO,CCCCCC,297.7,4.084294226368599
CCO,CCCCCC,298.2,4.096009841541162
CCO,CCCCCC,298.2,4.013676659154646
CCO,CCCCCC,303.2,3.9415818076696905
CCO,CCCCCC,304.8,3.6375861597263857
CCO,CCCCCC,308.2,3.7796338173824005
CCO,CCCCCC,313.2,3.6454498961866
CCO,CCCCCC,313.2,3.481240089335692
CCO,CCCCCC,316.6,3.6270040503958487
CCO,CCCCCC,316.7,3.5667118201397288
CCO,CCCCCC,318.2,3.5234150143864045
CCO,CCCCCC,322.6,3.4965075614664802
CCO,CCCCCC,333.3,3.1354942159291497
CCO,CCCCCC,334.0,3.109060958860994
CCO,CCCCCC,334.0,3.086486636822455
CCO,CCCCCC,351.5,2.6878474937846906
CCO,CCCCCC,351.6,2.6946271807700692
CO,CCCCCC,288.2,4.832305758571839
CO,CCCCCC,293.2,4.6443908991413725
CO,CCCCCC,298.2,4.505349850705881
CO,CCCCCC,303.2,4.359269647551265
CO,CCCCCC,308.2,4.216562194946349
CO,CCCCCC,313.2,4.065602093356446
CO,CCCCCC,313.2,4.021773869387265
CO,CCCCCC,318.2,3.9259259105971376
CO,CCCCCC,333.3,3.66612246699132
CO,CCCCCC,341.3,3.5380565643793527
CC(C)O,CCCCCC,318.4,2.9338568698359038
CC(C)O,CCCCCC,328.2,2.5087859235779435
CC(C)O,CCCCCC,328.4,2.700018029404946
CC(C)O,CCCCCC,341.4,2.4292177439274116
CC(C)=O,CCCCCC,253.2,2.531313022602156
CC(C)=O,CCCCCC,268.2,2.3933394562625097
CC(C)=O,CCCCCC,293.2,2.017566137961748
CC(C)=O,CCCCCC,301.5,1.8261608959453874
CC(C)=O,CCCCCC,301.9,1.8115620965242347
CC(C)=O,CCCCCC,303.4,1.8196988379172965
CC(C)=O,CCCCCC,313.2,1.7544036826842861
CC(C)=O,CCCCCC,318.2,1.6639260977181702
CC(C)=O,CCCCCC,323.2,1.6174060820832772
CC(C)=O,CCCCCC,333.2,1.5151272329628591
CC(C)=O,CCCCCC,342.0,1.3635373739972745
ClC(Cl)Cl,CCCCCC,301.0,0.4574248470388755
ClC(Cl)Cl,CCCCCC,301.9,0.44468582126144574
ClC(Cl)Cl,CCCCCC,308.2,0.412109650826833
ClC(Cl)Cl,CCCCCC,315.3,0.4252677354043441
ClC(Cl)Cl,CCCCCC,317.7,0.43178241642553783
ClC(Cl)Cl,CCCCCC,318.2,0.3852624007906449
ClC(Cl)Cl,CCCCCC,328.2,0.34358970439007686
ClC(Cl)Cl,CCCCCC,331.8,0.3920420877760237
ClC(Cl)Cl,CCCCCC,334.7,0.37843643572024505
ClC(Cl)Cl,CCCCCC,340.1,0.3293037471426003
ClC(Cl)Cl,CCCCCC,340.6,0.35065687161316933
ClC(Cl)Cl,CCCCCC,342.0,0.34358970439007686
ClC(Cl)Cl,CCCCCC,342.0,0.36464311358790924
CCCO,CCCCCC,301.0,3.6635616461296463
CCCO,CCCCCC,315.3,3.261935314328648
CCCO,CCCCCC,331.8,2.8094026953624978
CCCO,CCCCCC,340.1,2.617395832834079
CCCCO,CCCCCC,301.0,3.4965075614664802
CCCCO,CCCCCC,315.3,3.1135153092103742
CCCCO,CCCCCC,331.8,2.714694743820879
CCCCO,CCCCCC,333.2,2.6609585935683597
CCCCO,CCCCCC,340.3,2.501435951739211
c1ccccc1,CCCCCC,313.2,0.47000362924573563
c1ccccc1,CCCCCC,342.0,0.34358970439007686
CCBr,CCCCCC,301.0,0.4824261492442928
CCBr,CCCCCC,314.3,0.43178241642553783
CCBr,CCCCCC,332.0,0.3148107398400336
CCBr,CCCCCC,340.3,0.23111172096338664
CCI,CCCCCC,298.0,0.7275486072772777
CCI,CCCCCC,322.9,0.6259384308664954
CCI,CCCCCC,329.1,0.6043159668533296
CCI,CCCCCC,340.6,0.5128236264286637
CC#N,CCCCCC,295.0,3.3178157727231046
CC#N,CCCCCC,322.9,2.8213788864092133
CC#N,CCCCCC,330.9,2.517696472610991
CC#N,CCCCCC,332.3,2.617395832834079
ClCCl,CCCCCC,298.2,0.7561219797213337
C[N+](=O)[O-],CCCCCC,298.2,3.6821065698265074
C[N+](=O)[O-],CCCCCC,322.9,3.173878458937465
C[N+](=O)[O-],CCCCCC,332.3,2.990719731730447
C[N+](=O)[O-],CCCCCC,340.9,2.8791984572980396
CC(C)(C)O,CCCCCC,303.3,2.8213788864092133
CC(C)(C)O,CCCCCC,313.1,2.533696813957432
CC(C)(C)O,CCCCCC,313.2,2.206074192613202
CC(C)(C)O,CCCCCC,322.8,2.252343876557299
CC[N+](=O)[O-],CCCCCC,298.1,3.0301337002713233
CC[N+](=O)[O-],CCCCCC,316.1,2.580216829592325
CC[N+](=O)[O-],CCCCCC,332.0,2.509599262378372
CC[N+](=O)[O-],CCCCCC,339.4,2.302585092994046
Cc1ccc(C)cc1,CCCCCC,313.2,0.3852624007906449
ClCCCl,CCCCCC,298.0,1.1537315878891892
ClCCCl,CCCCCC,298.2,1.2837077723447896
ClCCCl,CCCCCC,316.0,1.0043016091968684
ClCCCl,CCCCCC,333.2,0.8960880245566357
ClCCCl,CCCCCC,339.4,0.8415671856782185
CCC#N,CCCCCC,295.0,2.954910279033736
CCC#N,CCCCCC,313.2,2.6837575085331657
CCC#N,CCCCCC,322.9,2.6100697927420065
CCC#N,CCCCCC,332.3,2.3702437414678603
CCC#N,CCCCCC,340.9,2.302585092994046
CCCC(C)C,CCCCCC,298.2,0.0
CCC[N+](=O)[O-],CCCCCC,301.0,2.6461747973841225
CCC[N+](=O)[O-],CCCCCC,315.3,2.4423470353692043
CCC[N+](=O)[O-],CCCCCC,332.0,2.2617630984737906
CCC[N+](=O)[O-],CCCCCC,340.3,2.1400661634962708
CC(C)CC(C)C,CCCCCC,298.2,-0.11653381625595151
Cc1ccccc1,CCCCCC,298.2,0.494696241836107
Cc1ccccc1,CCCCCC,304.8,0.4637340162321402
Cc1ccccc1,CCCCCC,322.8,0.37843643572024505
O=C1CCCCC1,CCCCCC,298.0,1.9600947840472698
O=C1CCCCC1,CCCCCC,315.1,1.667706820558076
O=C1CCCCC1,CCCCCC,331.7,1.547562508716013
CCCCC,CCCCCC,298.2,-0.01005033585350145
CCCCCl,CCCCCC,301.0,0.41871033485818504
CCCCCl,CCCCCC,315.3,0.4054651081081644
CCCCCl,CCCCCC,332.0,0.3576744442718159
CCCCCl,CCCCCC,340.3,0.3364722366212129
C1CCOC1,CCCCCC,304.8,0.5007752879124892
C1CCOC1,CCCCCC,313.2,0.5481214085096876
C1CCOC1,CCCCCC,322.4,0.4637340162321402
C1CCOC1,CCCCCC,333.2,0.4574248470388755
C1CCOC1,CCCCCC,340.2,0.412109650826833
CCCCCC,CCCCCC,298.2,0.01980262729617973
c1ccncc1,CCCCCC,296.6,1.7749523509116738
c1ccncc1,CCCCCC,298.2,1.8293763327993617
c1ccncc1,CCCCCC,303.2,1.766441661243765
c1ccncc1,CCCCCC,313.2,1.6448050562713916
c1ccncc1,CCCCCC,316.9,1.5748464676644813
c1ccncc1,CCCCCC,323.2,1.534714366238164
c1ccncc1,CCCCCC,328.2,1.4816045409242156
c1ccncc1,CCCCCC,330.1,1.4398351280479205
c1ccncc1,CCCCCC,340.4,1.3962446919730587
CCCCCCCC,CCCCCC,298.2,0.08617769624105241
CCCCCCCC,CCCCCC,298.2,0.0769610411361284
CCCCCCCCC,CCCCCC,298.2,0.01980262729617973
CCCC=O,CCCCCC,303.2,1.2412685890696329
CCCC=O,CCCCCC,323.2,1.1378330018213911
CCCC=O,CCCCCC,341.2,1.0438040521731147
C1COCCO1,CCCCCC,298.2,1.3937663759585917
C1COCCO1,CCCCCC,353.2,1.128171090909654
CCOC(C)=O,CCCCCC,298.1,1.220829921392359
CCOC(C)=O,CCCCCC,316.0,1.0818051703517284
CCOC(C)=O,CCCCCC,332.0,0.9555114450274363
CCOC(C)=O,CCCCCC,339.4,0.8712933659434193
CCCCCCC,CCCCCC,298.2,-0.030459207484708574
CC(C)C(C)C(C)C,CCCCCC,298.2,0.09531017980432493
CC(C)CCC(C)C,CCCCCC,298.2,0.06765864847381486
CN1CCCC1=O,CCCCCC,333.3,3.15016862685841
COC(C)(C)C,CCCCCC,303.2,0.23111172096338664
COC(C)(C)C,CCCCCC,323.2,0.1823215567939546
COC(C)(C)C,CCCCCC,308.2,0.08617769624105241
CCC1CCCCC1,CCCCCC,298.2,0.17395330712343798
CCO,c1ccncc1,298.2,-0.2231435513142097
CCO,c1ccncc1,313.2,0.12221763272424911
CO,c1ccncc1,298.2,-0.13926206733350766
CO,c1ccncc1,308.2,-0.10536051565782628
CO,c1ccncc1,313.2,0.23111172096338664
CO,c1ccncc1,318.2,-0.07257069283483537
CC(C)O,c1ccncc1,313.2,0.20701416938432612
CC(C)=O,c1ccncc1,303.2,0.22314355131420976
ClC(Cl)Cl,c1ccncc1,303.2,-0.916290731874155
CCCO,c1ccncc1,313.2,0.0769610411361284
CCCCO,c1ccncc1,313.2,0.06765864847381486
c1ccccc1,c1ccncc1,298.2,0.1823215567939546
c1ccccc1,c1ccncc1,298.2,0.1823215567939546
c1ccccc1,c1ccncc1,303.2,0.1823215567939546
c1ccccc1,c1ccncc1,313.2,0.1823215567939546
c1ccccc1,c1ccncc1,323.2,0.16551443847757333
c1ccccc1,c1ccncc1,333.2,0.1823215567939546
c1ccccc1,c1ccncc1,373.2,0.1823215567939546
ClCCl,c1ccncc1,303.2,-0.4620354595965587
C[N+](=O)[O-],c1ccncc1,298.2,0.23901690047049992
CC(C)(C)O,c1ccncc1,313.2,0.3148107398400336
CC(C)CO,c1ccncc1,313.2,0.131028262406404
CCC(C)O,c1ccncc1,313.2,0.06765864847381486
CNC(C)=O,c1ccncc1,398.6,0.7514160886839212
CCCC(C)C,c1ccncc1,298.2,1.8976198599275322
CC(C)CC(C)C,c1ccncc1,298.2,2.064327903869788
Cc1ccccc1,c1ccncc1,293.2,0.30010459245033816
Cc1ccccc1,c1ccncc1,298.2,0.35065687161316933
Cc1ccccc1,c1ccncc1,298.2,0.26236426446749106
Cc1ccccc1,c1ccncc1,298.2,0.28517894223366247
Cc1ccccc1,c1ccncc1,303.2,0.3074846997479607
Cc1ccccc1,c1ccncc1,303.2,0.2700271372130602
Cc1ccccc1,c1ccncc1,308.2,0.28517894223366247
Cc1ccccc1,c1ccncc1,313.2,0.29266961396282004
Cc1ccccc1,c1ccncc1,313.2,0.27763173659827955
Cc1ccccc1,c1ccncc1,323.2,0.27763173659827955
Cc1ccccc1,c1ccncc1,333.2,0.27763173659827955
Cc1ccccc1,c1ccncc1,373.2,0.2700271372130602
CCCCC,c1ccncc1,298.2,1.6863989535702288
CCCCCC,c1ccncc1,298.2,1.824549292051046
CCCCCC,c1ccncc1,298.2,1.8748743759385615
CCCCCC,c1ccncc1,298.2,2.063058062429312
CCCCCC,c1ccncc1,303.2,2.012232791986386
CCCCCC,c1ccncc1,313.2,1.9125010869241836
CCCCCC,c1ccncc1,323.2,1.827769906751088
CCCCCC,c1ccncc1,328.2,1.7850704810772584
CCCCCC,c1ccncc1,333.2,1.5686159179138452
CCCCCC,c1ccncc1,373.2,1.33500106673234
CCCCCCCC,c1ccncc1,298.2,2.1424163408412245
CCCCCCCC,c1ccncc1,298.2,2.2159372862683733
CCCCCCCC,c1ccncc1,313.2,2.0255131996542803
CCCCCCCC,c1ccncc1,353.2,1.463255402256019
CCCCCCCC,c1ccncc1,369.8,1.3506671834767394
CCCCCCCCC,c1ccncc1,298.2,2.2710944259026746
C1COCCO1,c1ccncc1,298.2,-0.040821994520255166
CCCCCCC,c1ccncc1,298.2,2.005525858729668
CCCCCCC,c1ccncc1,298.2,2.149433913499871
CCCCCCC,c1ccncc1,303.1,2.081938421878423
CCCCCCC,c1ccncc1,313.2,1.8976198599275322
CCCCCCC,c1ccncc1,313.2,1.9712993830601329
CCCCCCC,c1ccncc1,323.2,1.851599469584072
CCCCCCC,c1ccncc1,333.2,1.763017000362401
CCCCCCC,c1ccncc1,341.0,1.5810384379124025
CCCCCCC,c1ccncc1,353.2,1.4327007339340465
CC(C)CC(C)(C)C,c1ccncc1,293.2,2.3749057545736716
CC(C)CC(C)(C)C,c1ccncc1,298.2,2.2823823856765264
CC(C)CC(C)(C)C,c1ccncc1,303.2,2.1838015570040787
CC(C)CC(C)(C)C,c1ccncc1,308.2,2.1162555148025524
CC(C)CC(C)(C)C,c1ccncc1,313.2,2.05668455455722
CC(C)C(C)C(C)C,c1ccncc1,298.2,2.060513531794317
CC(C)CCC(C)C,c1ccncc1,298.2,2.1138429683971682
CCC1CCCCC1,c1ccncc1,298.2,1.7984040119467235
CCCC(C)C,CC(C)CCCC(C)CCCC(C)CCCCC(C)CCCC(C)CCCC(C)C,298.2,-0.4307829160924542
CC(C)CC(C)C,CC(C)CCCC(C)CCCC(C)CCCCC(C)CCCC(C)CCCC(C)C,298.2,-0.3285040669720361
CCCCC,CC(C)CCCC(C)CCCC(C)CCCCC(C)CCCC(C)CCCC(C)C,298.2,-0.5447271754416722
CCCCCC,CC(C)CCCC(C)CCCC(C)CCCCC(C)CCCC(C)CCCC(C)C,298.2,-0.4307829160924542
CCCCCCCC,CC(C)CCCC(C)CCCC(C)CCCCC(C)CCCC(C)CCCC(C)C,298.2,-0.342490308946776
CCCCCCCCC,CC(C)CCCC(C)CCCC(C)CCCCC(C)CCCC(C)CCCC(C)C,298.2,-0.3856624808119846
CCCCCCC,CC(C)CCCC(C)CCCC(C)CCCCC(C)CCCC(C)CCCC(C)C,298.2,-0.35667494393873245
CC(C)C(C)C(C)C,CC(C)CCCC(C)CCCC(C)CCCCC(C)CCCC(C)CCCC(C)C,298.2,-0.3856624808119846
CC(C)CCC(C)C,CC(C)CCCC(C)CCCC(C)CCCCC(C)CCCC(C)CCCC(C)C,298.2,-0.2613647641344075
CCC1CCCCC1,CC(C)CCCC(C)CCCC(C)CCCCC(C)CCCC(C)CCCC(C)C,298.2,-0.527632742082372
ClC(Cl)(Cl)Cl,CCCCCCCC,293.2,0.1570037488096647
ClC(Cl)(Cl)Cl,CCCCCCCC,313.2,0.0769610411361284
CCO,CCCCCCCC,288.2,4.354141431184346
CCO,CCCCCCCC,293.2,4.160444363926624
CCO,CCCCCCCC,293.2,3.9219733362813143
CCO,CCCCCCCC,298.2,4.014579593753238
CCO,CCCCCCCC,303.2,3.8628327612373745
CCO,CCCCCCCC,308.2,3.716008121502189
CCO,CCCCCCCC,313.2,3.5890591188317256
CCO,CCCCCCCC,313.2,3.580737295494233
CCO,CCCCCCCC,318.2,3.4372078191851885
CCO,CCCCCCCC,323.2,3.3105430133940246
CCO,CCCCCCCC,333.2,3.3214324131932926
CCO,CCCCCCCC,333.2,2.9231615807191558
CCO,CCCCCCCC,343.2,2.8610573702273894
CO,CCCCCCCC,288.2,4.726502471155617
CO,CCCCCCCC,293.2,4.554928969551344
CO,CCCCCCCC,293.2,4.382026634673881
CO,CCCCCCCC,298.2,4.430816798843313
CO,CCCCCCCC,303.2,4.280824129164719
CO,CCCCCCCC,308.2,4.0943445622221
CO,CCCCCCCC,313.2,3.9889840465642745
CO,CCCCCCCC,318.2,3.845883202923601
CO,CCCCCCCC,323.2,3.7062280924485496
CC(C)O,CCCCCCCC,353.2,2.0014800002101243
CC(C)=O,CCCCCCCC,293.2,1.9878743481543455
CC(C)=O,CCCCCCCC,313.2,1.7783364488959144
CC(C)=O,CCCCCCCC,333.2,1.7561322915849038
ClC(Cl)Cl,CCCCCCCC,293.2,0.3576744442718159
ClC(Cl)Cl,CCCCCCCC,313.2,0.4382549309311553
ClC(Cl)Cl,CCCCCCCC,333.2,0.3576744442718159
CCCO,CCCCCCCC,293.2,3.871201010907891
CCCO,CCCCCCCC,358.2,2.259677591982769
CCCO,CCCCCCCC,363.2,2.172476407647025
CCCCO,CCCCCCCC,293.2,3.742420221041966
CCBr,CCCCCCCC,293.2,0.5247285289349821
CCI,CCCCCCCC,293.2,0.5877866649021191
CC#N,CCCCCCCC,293.2,3.4436180975461075
CC#N,CCCCCCCC,313.2,3.261935314328648
CC#N,CCCCCCCC,333.2,2.9069010598473755
ClCCl,CCCCCCCC,293.2,0.7654678421395714
S=C=S,CCCCCCCC,293.2,0.23111172096338664
C[N+](=O)[O-],CCCCCCCC,293.2,3.676300671907076
C[N+](=O)[O-],CCCCCCCC,313.2,3.202746442938317
C[N+](=O)[O-],CCCCCCCC,333.2,3.0633909220278057
CC(C)(C)O,CCCCCCCC,313.2,2.180417459019838
CC(C)CO,CCCCCCCC,293.2,3.828641396489095
CC[N+](=O)[O-],CCCCCCCC,293.2,2.9496883350525844
Cc1ccc(C)cc1,CCCCCCCC,313.2,0.2700271372130602
ClCCCl,CCCCCCCC,293.2,1.0647107369924282
CCC#N,CCCCCCCC,293.2,3.039749158970765
CCC#N,CCCCCCCC,313.2,2.7363136663750693
CCCC(C)C,CCCCCCCC,298.2,0.02955880224154443
CC(C)CC(C)C,CCCCCCCC,298.2,0.06765864847381486
Cc1ccccc1,CCCCCCCC,333.2,0.2700271372130602
CCCCC,CCCCCCCC,293.2,-0.030459207484708574
CCCCC,CCCCCCCC,293.2,0.009950330853168092
CCCCC,CCCCCCCC,298.2,-0.020202707317519466
CCCCC,CCCCCCCC,313.2,0.0
CCCCC,CCCCCCCC,333.2,0.04879016416943204
CCCCC,CCCCCCCC,333.2,-0.020202707317519466
C=CCCC,CCCCCCCC,293.2,-0.040821994520255166
C1CCOC1,CCCCCCCC,293.2,0.4054651081081644
CCCCCC,CCCCCCCC,298.2,0.02955880224154443
CCCCCC,CCCCCCCC,333.2,-0.01005033585350145
c1ccncc1,CCCCCCCC,313.2,1.4678743481123135
c1ccncc1,CCCCCCCC,353.2,1.1118575154181303
c1ccncc1,CCCCCCCC,369.8,0.9477893989335261
CCCCCCCC,CCCCCCCC,298.2,0.06765864847381486
CCCCCCCCC,CCCCCCCC,298.2,0.08617769624105241
C1COCCO1,CCCCCCCC,353.2,0.9477893989335261
CCOC(C)=O,CCCCCCCC,293.2,1.1786549963416462
CCOC(C)=O,CCCCCCCC,313.2,1.0784095813505903
CCOC(C)=O,CCCCCCCC,333.2,1.0331844833456545
CCCCCCC,CCCCCCCC,298.2,0.04879016416943204
CC(C)C(C)C(C)C,CCCCCCCC,298.2,0.058268908123975824
CC(C)CCC(C)C,CCCCCCCC,298.2,0.0769610411361284
CN1CCCC1=O,CCCCCCCC,313.2,2.8791984572980396
CN1CCCC1=O,CCCCCCCC,333.2,2.667228206581955
CCC1CCCCC1,CCCCCCCC,298.2,0.009950330853168092
CC1=CCC2CC1C2(C)C,C=CCCCCCC,353.2,0.19885085874516517
CC1=CCC2CC1C2(C)C,C=CCCCCCC,373.2,0.131028262406404
CCCC(C)C,C=CCCCCCC,298.2,0.03922071315328133
CC(C)CC(C)C,C=CCCCCCC,298.2,0.06765864847381486
CCCCC,C=CCCCCCC,298.2,-0.030459207484708574
CCCCCC,C=CCCCCCC,298.2,0.01980262729617973
CCCCCCCC,C=CCCCCCC,298.2,0.12221763272424911
CCCCCCCCC,C=CCCCCCC,298.2,0.17395330712343798
CCCCCCC,C=CCCCCCC,298.2,0.04879016416943204
CC(C)C(C)C(C)C,C=CCCCCCC,298.2,0.06765864847381486
CC(C)CCC(C)C,C=CCCCCCC,298.2,0.08617769624105241
CCC1CCCCC1,C=CCCCCCC,298.2,0.11332868530700327
CCO,CCCCCCCCC,296.1,3.9454577815143836
CCO,CCCCCCCCC,296.1,3.9259259105971376
CCO,CCCCCCCCC,302.4,3.7471483622379123
CCO,CCCCCCCCC,312.3,3.484312288372662
CCO,CCCCCCCCC,312.4,3.475067230228611
CCO,CCCCCCCCC,315.0,3.414442608412176
CCO,CCCCCCCCC,315.5,3.414442608412176
CCO,CCCCCCCCC,323.7,3.186352633162641
CCO,CCCCCCCCC,323.7,3.169685580677429
CCO,CCCCCCCCC,333.2,2.803360380906535
CCO,CCCCCCCCC,333.9,2.9231615807191558
CCO,CCCCCCCCC,334.0,2.9338568698359038
CCO,CCCCCCCCC,355.5,2.4423470353692043
CCO,CCCCCCCCC,355.5,2.4336133554004498
CCCCCO,CCCCCCCCC,353.2,2.2321626286975
CCCCCO,CCCCCCCCC,373.2,1.724550719534605
c1ccccc1,CCCCCCCCC,313.2,-0.030459207484708574
c1ccccc1,CCCCCCCCC,323.2,-0.040821994520255166
c1ccccc1,CCCCCCCCC,333.2,-0.040821994520255166
CCCC(C)C,CCCCCCCCC,298.2,0.0
CC(C)CC(C)C,CCCCCCCCC,298.2,0.03922071315328133
CCCCC,CCCCCCCCC,298.2,-0.05129329438755058
CCCCC,CCCCCCCCC,333.2,-0.040821994520255166
CCCCCC,CCCCCCCCC,298.2,0.009950330853168092
CCCCCC,CCCCCCCCC,313.2,-0.2744368457017603
CCCCCC,CCCCCCCCC,323.2,-0.2231435513142097
CCCCCC,CCCCCCCCC,333.2,-0.16251892949777494
CCCCCC,CCCCCCCCC,333.2,-0.020202707317519466
CCCCCCCC,CCCCCCCCC,298.2,0.11332868530700327
CCCCCCCCC,CCCCCCCCC,298.2,0.131028262406404
CCCCCCC,CCCCCCCCC,298.2,0.02955880224154443
CCCCCCC,CCCCCCCCC,313.2,-0.2613647641344075
CCCCCCC,CCCCCCCCC,323.2,-0.2231435513142097
CCCCCCC,CCCCCCCCC,333.2,-0.1743533871447778
CC(C)C(C)C(C)C,CCCCCCCCC,298.2,0.02955880224154443
CC(C)CCC(C)C,CCCCCCCCC,298.2,0.058268908123975824
CN1CCCC1=O,CCCCCCCCC,313.2,2.8154087194227095
CN1CCCC1=O,CCCCCCCCC,333.2,2.617395832834079
CCC1CCCCC1,CCCCCCCCC,298.2,0.02955880224154443
ClC(Cl)(Cl)Cl,CCCCCCCCO,293.2,0.5538851132264376
ClC(Cl)(Cl)Cl,CCCCCCCCO,298.2,0.5128236264286637
ClC(Cl)(Cl)Cl,CCCCCCCCO,298.2,0.6043159668533296
ClC(Cl)(Cl)Cl,CCCCCCCCO,298.2,0.6043159668533296
ClC(Cl)(Cl)Cl,CCCCCCCCO,303.2,0.5364933705145685
ClC(Cl)(Cl)Cl,CCCCCCCCO,313.2,0.5247285289349821
CCOCC,CCCCCCCCO,298.2,0.35065687161316933
CCO,CCCCCCCCO,293.4,0.16551443847757333
CCO,CCCCCCCCO,298.2,0.23111172096338664
CCO,CCCCCCCCO,298.2,0.131028262406404
CCO,CCCCCCCCO,303.5,0.1823215567939546
CCO,CCCCCCCCO,313.6,0.1823215567939546
CCO,CCCCCCCCO,323.4,0.12221763272424911
CO,CCCCCCCCO,293.4,0.22314355131420976
CO,CCCCCCCCO,298.2,0.29266961396282004
CO,CCCCCCCCO,303.5,0.22314355131420976
CO,CCCCCCCCO,313.6,0.22314355131420976
CO,CCCCCCCCO,323.4,0.17395330712343798
CC(C)O,CCCCCCCCO,293.4,0.04879016416943204
CC(C)O,CCCCCCCCO,298.2,0.11332868530700327
CC(C)O,CCCCCCCCO,303.5,0.0769610411361284
CC(C)O,CCCCCCCCO,313.6,0.04879016416943204
CC(C)O,CCCCCCCCO,323.4,0.01980262729617973
CC(C)=O,CCCCCCCCO,293.2,0.9439058989071284
CC(C)=O,CCCCCCCCO,298.2,0.9202827531436925
ClC(Cl)Cl,CCCCCCCCO,293.2,-0.05129329438755058
ClC(Cl)Cl,CCCCCCCCO,298.2,0.01980262729617973
ClC(Cl)Cl,CCCCCCCCO,298.2,0.01980262729617973
ClC(Cl)Cl,CCCCCCCCO,298.2,-0.030459207484708574
ClC(Cl)Cl,CCCCCCCCO,308.2,0.02955880224154443
ClC(Cl)Cl,CCCCCCCCO,323.2,0.06765864847381486
CCCO,CCCCCCCCO,293.4,0.10436001532424286
CCCO,CCCCCCCCO,298.2,0.14842000511827322
CCCO,CCCCCCCCO,303.5,0.131028262406404
CCCO,CCCCCCCCO,313.6,0.0769610411361284
CCCO,CCCCCCCCO,323.4,0.058268908123975824
CCCCO,CCCCCCCCO,298.2,0.10436001532424286
CCCCCO,CCCCCCCCO,298.2,0.08617769624105241
c1ccccc1,CCCCCCCCO,293.4,0.6575200029167941
c1ccccc1,CCCCCCCCO,298.2,0.688134638736401
c1ccccc1,CCCCCCCCO,298.2,0.7275486072772777
c1ccccc1,CCCCCCCCO,303.5,0.6626879730752367
c1ccccc1,CCCCCCCCO,313.6,0.6043159668533296
c1ccccc1,CCCCCCCCO,323.4,0.5481214085096876
CC(Cl)(Cl)Cl,CCCCCCCCO,298.2,0.636576829071551
CC(Cl)(Cl)Cl,CCCCCCCCO,298.2,0.6830968447064438
CC(Cl)(Cl)Cl,CCCCCCCCO,298.2,0.6830968447064438
CC(Cl)(Cl)Cl,CCCCCCCCO,308.2,0.5653138090500605
CC(Cl)(Cl)Cl,CCCCCCCCO,323.2,0.4885800148186709
CCBr,CCCCCCCCO,293.2,0.688134638736401
CCI,CCCCCCCCO,293.2,0.8285518175661483
CC#N,CCCCCCCCO,293.2,2.012232791986386
CC#N,CCCCCCCCO,298.2,1.8718021769015913
ClCCl,CCCCCCCCO,293.2,0.44468582126144574
ClCCl,CCCCCCCCO,298.2,0.45107561936021673
ClCCl,CCCCCCCCO,298.2,0.45107561936021673
ClCCl,CCCCCCCCO,298.2,0.3852624007906449
ClCCl,CCCCCCCCO,308.2,0.4574248470388755
ClCCl,CCCCCCCCO,323.2,0.371563556432483
S=C=S,CCCCCCCCO,293.2,0.5596157879354227
CC(Cl)Cl,CCCCCCCCO,298.2,0.6981347220709843
CC(Cl)Cl,CCCCCCCCO,298.2,0.6981347220709843
CC(Cl)Cl,CCCCCCCCO,308.2,0.6981347220709843
CC(Cl)Cl,CCCCCCCCO,323.2,0.6418538861723947
C[N+](=O)[O-],CCCCCCCCO,293.2,2.341805806147327
C[N+](=O)[O-],CCCCCCCCO,298.2,2.281361456542419
C[N+](=O)[O-],CCCCCCCCO,298.2,2.262804222982201
C[N+](=O)[O-],CCCCCCCCO,298.2,2.149433913499871
CC(C)(C)O,CCCCCCCCO,298.2,-0.12783337150988489
CC(C)CO,CCCCCCCCO,298.2,0.1906203596086497
CC(C)CO,CCCCCCCCO,298.2,0.1906203596086497
CCC(C)O,CCCCCCCCO,293.4,-0.08338160893905101
CCC(C)O,CCCCCCCCO,303.5,-0.040821994520255166
CCC(C)O,CCCCCCCCO,313.6,-0.08338160893905101
CCC(C)O,CCCCCCCCO,323.4,-0.10536051565782628
ClC=C(Cl)Cl,CCCCCCCCO,298.2,0.47000362924573563
COC(C)=O,CCCCCCCCO,298.2,0.9895411936137477
CC[N+](=O)[O-],CCCCCCCCO,298.2,2.0082140323914683
CCc1ccccc1,CCCCCCCCO,293.4,0.8241754429663494
CCc1ccccc1,CCCCCCCCO,298.2,0.9122827104766164
CCc1ccccc1,CCCCCCCCO,303.5,0.8064758658669485
CCc1ccccc1,CCCCCCCCO,313.6,0.7654678421395714
CCc1ccccc1,CCCCCCCCO,323.4,0.7030975114131134
N#Cc1ccccc1,CCCCCCCCO,298.2,1.925707441737794
Cc1ccc(C)cc1,CCCCCCCCO,303.5,0.7466879474879751
Cc1ccc(C)cc1,CCCCCCCCO,313.6,0.6931471805599453
Cc1ccc(C)cc1,CCCCCCCCO,323.4,0.6729444732424258
ClCCCl,CCCCCCCCO,298.2,0.8796267475025636
ClCCCl,CCCCCCCCO,298.2,0.9858167945227654
ClCCCl,CCCCCCCCO,298.2,0.9858167945227654
ClCCCl,CCCCCCCCO,308.2,0.9360933591703348
ClCCCl,CCCCCCCCO,323.2,0.8372475245337022
CCC#N,CCCCCCCCO,293.2,1.8468787684491346
CCC#N,CCCCCCCCO,298.2,1.6974487897568136
COC=O,CCCCCCCCO,298.2,1.275362800412609
CCCC(C)C,CCCCCCCCO,298.2,0.9783261227936078
CCCC(C)=O,CCCCCCCCO,298.2,0.7747271675523681
CCC[N+](=O)[O-],CCCCCCCCO,298.2,1.860974538249528
CC(C)CC(C)C,CCCCCCCCO,298.2,1.1052568313867783
CC(C)OC(C)C,CCCCCCCCO,298.2,0.5822156198526637
CC1CCCCC1,CCCCCCCCO,293.4,0.8285518175661483
CC1CCCCC1,CCCCCCCCO,303.5,0.8285518175661483
CC1CCCCC1,CCCCCCCCO,313.6,0.7701082216960737
CC1CCCCC1,CCCCCCCCO,323.4,0.7419373447293773
Cc1ccccc1,CCCCCCCCO,293.4,0.7030975114131134
Cc1ccccc1,CCCCCCCCO,298.2,0.6931471805599453
Cc1ccccc1,CCCCCCCCO,298.2,0.712949807856125
Cc1ccccc1,CCCCCCCCO,298.2,0.7466879474879751
Cc1ccccc1,CCCCCCCCO,298.2,0.7793248768009977
Cc1ccccc1,CCCCCCCCO,303.5,0.7030975114131134
Cc1ccccc1,CCCCCCCCO,313.6,0.6418538861723947
Cc1ccccc1,CCCCCCCCO,323.4,0.6043159668533296
CCCOC(C)=O,CCCCCCCCO,298.2,0.8586616190375187
CCCCC,CCCCCCCCO,293.4,0.9001613499442714
CCCCC,CCCCCCCCO,298.2,0.7975071958841882
CCCCC,CCCCCCCCO,298.2,0.9477893989335261
CCCCC,CCCCCCCCO,298.2,0.9631743177730056
CCCCC,CCCCCCCCO,303.5,0.883767540168595
CCCCC,CCCCCCCCO,313.6,0.8712933659434193
CCCCC,CCCCCCCCO,323.4,0.8415671856782185
C=CCCC,CCCCCCCCO,293.4,0.8109302162163288
C=CCCC,CCCCCCCCO,303.5,0.8153648132841944
C=CCCC,CCCCCCCCO,313.6,0.7701082216960737
C=CCCC,CCCCCCCCO,323.4,0.7514160886839212
CCCCCl,CCCCCCCCO,298.2,0.8064758658669485
CCCC#N,CCCCCCCCO,288.2,1.6770965609079151
CCCC#N,CCCCCCCCO,293.2,1.541159071680806
CCCC#N,CCCCCCCCO,298.2,1.5686159179138452
CCCC#N,CCCCCCCCO,298.2,1.5518087995974639
CCCC#N,CCCCCCCCO,303.2,1.4060969884160703
CCCC#N,CCCCCCCCO,308.2,1.3480731482996928
CCCC#N,CCCCCCCCO,313.2,1.3137236682850553
CCCC#N,CCCCCCCCO,323.2,1.184789984909162
C1CCOC1,CCCCCCCCO,298.2,0.009950330853168092
CCCCCC(C)=O,CCCCCCCCO,298.2,0.7839015438284094
CCCCCC,CCCCCCCCO,293.4,0.9932517730102834
CCCCCC,CCCCCCCCO,298.2,0.9820784724121582
CCCCCC,CCCCCCCCO,298.2,1.0331844833456545
CCCCCC,CCCCCCCCO,303.5,0.9631743177730056
CCCCCC,CCCCCCCCO,313.6,0.9783261227936078
CCCCCC,CCCCCCCCO,323.4,0.9282193027394288
c1ccncc1,CCCCCCCCO,298.2,-0.3285040669720361
CCCCCCCC,CCCCCCCCO,293.4,1.1151415906193203
CCCCCCCC,CCCCCCCCO,298.2,1.1568811967920856
CCCCCCCC,CCCCCCCCO,298.2,1.2119409739751128
CCCCCCCC,CCCCCCCCO,298.2,1.2178757094949273
CCCCCCCC,CCCCCCCCO,303.5,1.1537315878891892
CCCCCCCC,CCCCCCCCO,313.6,1.144222799920162
CCCCCCCC,CCCCCCCCO,323.4,1.0647107369924282
C=CCCCCCC,CCCCCCCCO,298.2,1.0986122886681098
CCCCCCCCC,CCCCCCCCO,298.2,1.3297240096314962
CCCCOC(C)=O,CCCCCCCCO,298.2,0.7466879474879751
C1COCCO1,CCCCCCCCO,298.2,0.7323678937132266
C1COCCO1,CCCCCCCCO,298.2,0.7793248768009977
CCOC(C)=O,CCCCCCCCO,293.2,0.8628899551470398
CCOC(C)=O,CCCCCCCCO,298.2,0.9082585601768908
CCCCCCC,CCCCCCCCO,293.4,1.0647107369924282
CCCCCCC,CCCCCCCCO,298.2,1.0986122886681098
CCCCCCC,CCCCCCCCO,298.2,1.1151415906193203
CCCCCCC,CCCCCCCCO,298.2,1.1151415906193203
CCCCCCC,CCCCCCCCO,298.2,1.1184149159642893
CCCCCCC,CCCCCCCCO,303.5,1.0715836162801904
CCCCCCC,CCCCCCCCO,308.2,1.1216775615991057
CCCCCCC,CCCCCCCCO,313.6,1.0612565021243408
CCCCCCC,CCCCCCCCO,323.2,1.0885619528146082
CCCCCCC,CCCCCCCCO,323.4,0.9969486348916096
CC(C)C(C)C(C)C,CCCCCCCCO,298.2,1.1151415906193203
CC(C)CCC(C)C,CCCCCCCCO,298.2,1.2178757094949273
C=CCCCC,CCCCCCCCO,293.4,0.8878912573524571
C=CCCCC,CCCCCCCCO,298.2,0.9321640810304452
C=CCCCC,CCCCCCCCO,303.5,0.8878912573524571
C=CCCCC,CCCCCCCCO,313.6,0.8285518175661483
C=CCCCC,CCCCCCCCO,323.4,0.8020015854720274
COC(C)(C)C,CCCCCCCCO,298.2,0.8197798314933114
COC(C)(C)C,CCCCCCCCO,298.2,0.22314355131420976
CCC1CCCCC1,CCCCCCCCO,298.2,1.0116009116784799
CCO,CCCCCCCCCCCC,293.2,4.023564380161053
CO,CCCCCCCCCCCC,293.2,4.382026634673881
CCCO,CCCCCCCCCCCC,293.2,3.7932394694381792
CCCCO,CCCCCCCCCCCC,293.2,3.655839600035736
CCCC(C)C,CCCCCCCCCCCC,298.2,0.01980262729617973
CC(C)CC(C)C,CCCCCCCCCCCC,298.2,0.06765864847381486
CCCCC,CCCCCCCCCCCC,298.2,-0.12783337150988489
CCCCCC,CCCCCCCCCCCC,298.2,0.0
CCCCCCCC,CCCCCCCCCCCC,298.2,0.03922071315328133
CCCCCCCCC,CCCCCCCCCCCC,298.2,0.058268908123975824
CCCCCCC,CCCCCCCCCCCC,298.2,0.009950330853168092
CC(C)C(C)C(C)C,CCCCCCCCCCCC,298.2,0.009950330853168092
CC(C)CCC(C)C,CCCCCCCCCCCC,298.2,0.08617769624105241
CCC1CCCCC1,CCCCCCCCCCCC,298.2,-0.030459207484708574
CCOCC,CNC=O,303.2,1.8794650496471605
CCOCC,CNC=O,313.2,1.8625285401162623
CCOCC,CNC=O,323.2,1.8468787684491346
CCOCC,CNC=O,333.2,1.8325814637483102
CCO,CNC=O,303.2,0.3220834991691132
CCO,CNC=O,303.2,0.2700271372130602
CCO,CNC=O,313.2,0.29266961396282004
CCO,CNC=O,313.2,0.27763173659827955
CCO,CNC=O,323.2,0.23901690047049992
CCO,CNC=O,333.2,0.19885085874516517
CO,CNC=O,303.2,0.03922071315328133
CO,CNC=O,303.2,0.058268908123975824
CO,CNC=O,313.2,0.02955880224154443
CO,CNC=O,313.2,0.1823215567939546
CO,CNC=O,323.2,-0.01005033585350145
CO,CNC=O,333.2,-0.030459207484708574
CC(C)=O,CNC=O,303.2,0.7608058290337602
CC(C)=O,CNC=O,313.2,0.7466879474879751
CC(C)=O,CNC=O,323.2,0.7323678937132266
CC(C)=O,CNC=O,333.2,0.7178397931503168
ClC(Cl)Cl,CNC=O,303.2,0.14842000511827322
ClC(Cl)Cl,CNC=O,313.2,0.2151113796169455
ClC(Cl)Cl,CNC=O,323.2,0.27763173659827955
ClC(Cl)Cl,CNC=O,333.2,0.34358970439007686
c1ccccc1,CNC=O,303.2,1.6114359150967734
c1ccccc1,CNC=O,313.2,1.5933085305042167
c1ccccc1,CNC=O,323.2,1.5769147207285403
c1ccccc1,CNC=O,333.2,1.55814461804655
ClCCl,CNC=O,303.2,0.3920420877760237
ClCCl,CNC=O,313.2,0.43178241642553783
ClCCl,CNC=O,323.2,0.4637340162321402
ClCCl,CNC=O,333.2,0.4885800148186709
CCC(C)C,CNC=O,303.2,3.4170707308184456
CCC(C)C,CNC=O,313.2,3.3350575791576103
CCC(C)C,CNC=O,323.2,3.2418107961506966
CCC(C)C,CNC=O,333.2,3.171364842197149
CC1CCCC1,CNC=O,303.2,3.190476350346503
CC1CCCC1,CNC=O,313.2,3.133317936506554
CC1CCCC1,CNC=O,323.2,3.0828269804049246
CC1CCCC1,CNC=O,333.2,3.0325462466767075
CCc1ccccc1,CNC=O,303.2,2.2762411176544437
CCc1ccccc1,CNC=O,313.2,2.258633205464863
CCc1ccccc1,CNC=O,323.2,2.2396452932201716
CCc1ccccc1,CNC=O,333.2,2.222459048514761
Cc1ccc(C)cc1,CNC=O,303.2,2.359910159613315
Cc1ccc(C)cc1,CNC=O,313.2,2.3350522831315472
Cc1ccc(C)cc1,CNC=O,323.2,2.3085671646715933
Cc1ccc(C)cc1,CNC=O,333.2,2.2834022735772717
CCCC(C)C,CNC=O,298.2,3.5403794457954922
CCCC(C)=O,CNC=O,303.2,1.1662709371419244
CCCC(C)=O,CNC=O,313.2,1.1600209167967532
CCCC(C)=O,CNC=O,323.2,1.1505720275988207
CCCC(C)=O,CNC=O,333.2,1.144222799920162
CC(C)CC(C)C,CNC=O,298.2,3.879706403951603
CC(C)OC(C)C,CNC=O,303.2,2.511223958105374
CC(C)OC(C)C,CNC=O,313.2,2.4915511925066687
CC(C)OC(C)C,CNC=O,323.2,2.4756977107026903
CC(C)OC(C)C,CNC=O,333.2,2.4595888418037104
CC1CCCCC1,CNC=O,303.2,3.4388142452334622
CC1CCCCC1,CNC=O,313.2,3.3826939100975957
CC1CCCCC1,CNC=O,323.2,3.328985047548231
CC1CCCCC1,CNC=O,333.2,3.284288963416433
Cc1ccccc1,CNC=O,303.2,1.9823798288367047
Cc1ccccc1,CNC=O,313.2,1.965712776351493
Cc1ccccc1,CNC=O,323.2,1.9459101490553132
Cc1ccccc1,CNC=O,333.2,1.9286186519452522
CCCCC,CNC=O,298.2,3.1285133847878095
CCCCC,CNC=O,303.2,3.4503049557691834
CCCCC,CNC=O,313.2,3.353406717825807
CCCCC,CNC=O,323.2,3.2733640101522705
CCCCC,CNC=O,333.2,3.1982648709640764
C=CCCC,CNC=O,303.2,2.797281334830153
C=CCCC,CNC=O,313.2,2.761274962339508
C=CCCC,CNC=O,323.2,2.7239235502585
C=CCCC,CNC=O,333.2,2.6864860231863696
CCCCCC,CNC=O,298.2,3.61469455592456
CCCCCC,CNC=O,303.2,3.7230393057606412
CCCCCC,CNC=O,313.2,3.6496187401606335
CCCCCC,CNC=O,323.2,3.585184217775171
CCCCCC,CNC=O,333.2,3.52459425980608
CCCCCCCC,CNC=O,298.2,4.397776944765114
CCCCCCCC,CNC=O,303.2,4.388008706351429
CCCCCCCC,CNC=O,313.2,4.27513717299578
CCCCCCCC,CNC=O,323.2,4.167749906638376
CCCCCCCC,CNC=O,333.2,4.070393341399587
C=CCCCCCC,CNC=O,303.2,3.696351468952637
C=CCCCCCC,CNC=O,313.2,3.6423118182976015
C=CCCCCCC,CNC=O,323.2,3.589611452455267
C=CCCCCCC,CNC=O,333.2,3.537765824444175
CCCCCCCCC,CNC=O,298.2,4.752123598944254
CCCCCCC,CNC=O,298.2,4.01764348729183
CCCCCCC,CNC=O,303.2,4.05560373390567
CCCCCCC,CNC=O,313.2,3.9600509744387278
CCCCCCC,CNC=O,323.2,3.861571461932048
CCCCCCC,CNC=O,333.2,3.785098311854479
CC(C)C(C)C(C)C,CNC=O,298.2,4.039888376426042
CC(C)CCC(C)C,CNC=O,298.2,4.252344965204106
C=CCCCC,CNC=O,303.2,3.095125017432026
C=CCCCC,CNC=O,313.2,3.0497468618602293
C=CCCCC,CNC=O,323.2,3.0041963519661206
C=CCCCC,CNC=O,333.2,2.967332799032293
COC(C)(C)C,CNC=O,303.2,1.9198594718553708
COC(C)(C)C,CNC=O,313.2,1.9125010869241836
COC(C)(C)C,CNC=O,323.2,1.9050881545350582
COC(C)(C)C,CNC=O,333.2,1.8976198599275322
CCC1CCCCC1,CNC=O,298.2,3.8234103470715426
CCCCCC,CCCC=O,308.2,1.0260415958332743
CCCCCC,CCCC=O,328.2,0.9820784724121582
CCCCCC,CCCC=O,347.2,0.9162907318741551
CCOC(C)=O,CCCC=O,298.2,0.12221763272424911
CCOC(C)=O,CCCC=O,323.2,0.11332868530700327
CCOC(C)=O,CCCC=O,347.2,0.08617769624105241
C=CCCCC,CCCC=O,308.2,0.7030975114131134
C=CCCCC,CCCC=O,328.2,0.6830968447064438
C=CCCCC,CCCC=O,347.2,0.6471032420585384
CCCC(C)C,CCCCOC(C)=O,298.2,0.7561219797213337
CC(C)CC(C)C,CCCCOC(C)=O,298.2,0.8329091229351039
CCCCC,CCCCOC(C)=O,298.2,0.6523251860396901
CCCCCC,CCCCOC(C)=O,298.2,0.7747271675523681
CCCCCCCC,CCCCOC(C)=O,298.2,1.0224509277025455
CCCCCCCCC,CCCCOC(C)=O,298.2,1.128171090909654
CCCCCCC,CCCCOC(C)=O,298.2,0.9082585601768908
CC(C)C(C)C(C)C,CCCCOC(C)=O,298.2,0.8628899551470398
CC(C)CCC(C)C,CCCCOC(C)=O,298.2,0.9162907318741551
CCC1CCCCC1,CCCCOC(C)=O,298.2,0.883767540168595
ClC(Cl)(Cl)Cl,C1COCCO1,298.2,0.2468600779315258
ClC(Cl)(Cl)Cl,C1COCCO1,303.2,0.2468600779315258
ClC(Cl)(Cl)Cl,C1COCCO1,308.2,0.28517894223366247
ClC(Cl)(Cl)Cl,C1COCCO1,313.2,0.14842000511827322
ClC(Cl)(Cl)Cl,C1COCCO1,313.2,0.3220834991691132
ClC(Cl)(Cl)Cl,C1COCCO1,337.7,0.17395330712343798
CCO,C1COCCO1,298.2,0.9122827104766164
CCO,C1COCCO1,323.2,0.8586616190375187
CCO,C1COCCO1,323.2,0.883767540168595
CC(C)O,C1COCCO1,323.2,0.8586616190375187
CC(C)O,C1COCCO1,333.2,0.7514160886839212
CC(C)O,C1COCCO1,343.2,0.6981347220709843
CC(C)O,C1COCCO1,353.2,0.5247285289349821
ClC(Cl)Cl,C1COCCO1,323.2,-0.8915981192837836
ClC(Cl)Cl,C1COCCO1,303.2,-0.9942522733438669
CC#N,C1COCCO1,313.2,0.6523251860396901
ClCCl,C1COCCO1,303.2,-0.6348782724359695
C[N+](=O)[O-],C1COCCO1,298.2,0.14842000511827322
CCCC(C)C,C1COCCO1,298.2,1.8870696490323797
CC(C)CC(C)C,C1COCCO1,298.2,2.061786606441115
Cc1ccccc1,C1COCCO1,298.2,0.16551443847757333
CCCCC,C1COCCO1,298.2,1.706564623164823
CCCCCC,C1COCCO1,298.2,1.9021075263969205
CCCCCC,C1COCCO1,353.2,1.275362800412609
CCCCCCCC,C1COCCO1,298.2,2.186051276738094
CCCCCCCC,C1COCCO1,298.2,2.0014800002101243
CCCCCCCC,C1COCCO1,353.2,1.4422019930581866
CCCCCCCCC,C1COCCO1,298.2,2.343727036325221
CCCCCCC,C1COCCO1,298.2,2.0294631718735947
CCCCCCC,C1COCCO1,298.2,1.7850704810772584
CCCCCCC,C1COCCO1,303.2,1.7544036826842861
CCCCCCC,C1COCCO1,308.2,1.8082887711792655
CCCCCCC,C1COCCO1,313.2,1.814824742159051
CCCCCCC,C1COCCO1,313.4,1.6992786164338898
CCCCCCC,C1COCCO1,333.2,1.5748464676644813
CCCCCCC,C1COCCO1,353.2,1.3787660946990992
CCCCCCC,C1COCCO1,353.2,1.4182774069729414
CC(C)C(C)C(C)C,C1COCCO1,298.2,2.038619547159581
CC(C)CCC(C)C,C1COCCO1,298.2,2.1412419425852827
CCC1CCCCC1,C1COCCO1,298.2,1.922787731634459
ClC(Cl)(Cl)Cl,CCCCCCCCCC,313.2,-0.01005033585350145
CCO,CCCCCCCCCC,293.2,4.067315889834181
CCO,CCCCCCCCCC,298.2,3.737431494696102
CCO,CCCCCCCCCC,306.4,3.624340932976365
CCO,CCCCCCCCCC,321.4,3.2386784521643803
CCO,CCCCCCCCCC,333.2,2.740840023925201
CCO,CCCCCCCCCC,338.7,2.766319109226186
CCO,CCCCCCCCCC,343.2,2.747270914255491
CCO,CCCCCCCCCC,357.5,2.388762789235098
CO,CCCCCCCCCC,293.2,4.432006566978902
CC(C)=O,CCCCCCCCCC,313.2,1.3428648031925547
CC(C)=O,CCCCCCCCCC,333.2,1.3056264580524357
CCCO,CCCCCCCCCC,293.2,3.832979798087693
CCCCO,CCCCCCCCCC,293.2,3.6788291182604347
C[N+](=O)[O-],CCCCCCCCCC,298.2,3.4278393126085764
Cc1ccc(C)cc1,CCCCCCCCCC,313.2,0.20701416938432612
CCCC(C)C,CCCCCCCCCC,298.2,0.0
CC(C)CC(C)C,CCCCCCCCCC,298.2,0.03922071315328133
Cc1ccccc1,CCCCCCCCCC,298.2,0.23111172096338664
Oc1ccccc1,CCCCCCCCCC,418.2,1.8453002361560848
Oc1ccccc1,CCCCCCCCCC,433.2,1.5665304114228238
CCCCC,CCCCCCCCCC,298.2,-0.12783337150988489
CCCCC,CCCCCCCCCC,333.2,-0.06187540371808753
CCCCC,CCCCCCCCCC,343.2,-0.07257069283483537
CCCCCC,CCCCCCCCCC,298.2,-0.01005033585350145
CCCCCC,CCCCCCCCCC,333.2,-0.030459207484708574
CCCCCC,CCCCCCCCCC,343.2,-0.040821994520255166
CCCCCCCC,CCCCCCCCCC,298.2,0.04879016416943204
CCCCCCCC,CCCCCCCCCC,298.2,0.01980262729617973
CCCCCCCCC,CCCCCCCCCC,298.2,0.16551443847757333
C1COCCO1,CCCCCCCCCC,298.2,1.1474024528375417
CCCCCCC,CCCCCCCCCC,298.2,-0.020202707317519466
CC(C)C(C)C(C)C,CCCCCCCCCC,298.2,0.009950330853168092
CC(C)CCC(C)C,CCCCCCCCCC,298.2,0.058268908123975824
CN1CCCC1=O,CCCCCCCCCC,313.2,2.714694743820879
CN1CCCC1=O,CCCCCCCCCC,333.2,2.533696813957432
CCC1CCCCC1,CCCCCCCCCC,298.2,0.01980262729617973
ClC(Cl)(Cl)Cl,O=S1(=O)CCCC1,303.3,1.5260563034950492
ClC(Cl)(Cl)Cl,O=S1(=O)CCCC1,317.9,1.5216989981260935
ClC(Cl)(Cl)Cl,O=S1(=O)CCCC1,333.7,1.5173226235262947
CCOCC,O=S1(=O)CCCC1,303.8,1.8855533485144158
CCOCC,O=S1(=O)CCCC1,317.9,1.8578592709325787
CCOCC,O=S1(=O)CCCC1,333.6,1.8261608959453874
CCO,O=S1(=O)CCCC1,303.8,1.1939224684724346
CCO,O=S1(=O)CCCC1,317.9,1.0612565021243408
CCO,O=S1(=O)CCCC1,332.8,0.85015092936961
CO,O=S1(=O)CCCC1,303.8,0.85015092936961
CO,O=S1(=O)CCCC1,317.9,0.7323678937132266
CO,O=S1(=O)CCCC1,333.7,0.6259384308664954
CC(C)O,O=S1(=O)CCCC1,303.8,1.4701758451005926
CC(C)O,O=S1(=O)CCCC1,317.9,1.2809338454620642
CC(C)O,O=S1(=O)CCCC1,332.8,1.0508216248317612
CC(C)=O,O=S1(=O)CCCC1,303.8,0.4824261492442928
CC(C)=O,O=S1(=O)CCCC1,317.9,0.43178241642553783
CC(C)=O,O=S1(=O)CCCC1,334.2,0.3852624007906449
ClC(Cl)Cl,O=S1(=O)CCCC1,332.6,0.009950330853168092
ClC(Cl)Cl,O=S1(=O)CCCC1,317.9,-0.030459207484708574
ClC(Cl)Cl,O=S1(=O)CCCC1,303.1,-0.07257069283483537
CCCCO,O=S1(=O)CCCC1,303.1,1.6770965609079151
CCCCO,O=S1(=O)CCCC1,317.9,1.501852701754163
CCCCO,O=S1(=O)CCCC1,333.6,1.308332819650179
c1ccccc1,O=S1(=O)CCCC1,303.8,0.8671004876833833
c1ccccc1,O=S1(=O)CCCC1,317.9,0.8544153281560676
c1ccccc1,O=S1(=O)CCCC1,333.7,0.8415671856782185
CC#N,O=S1(=O)CCCC1,303.8,0.058268908123975824
CC#N,O=S1(=O)CCCC1,317.9,0.06765864847381486
CC#N,O=S1(=O)CCCC1,334.2,0.0769610411361284
CC=O,O=S1(=O)CCCC1,303.1,0.36464311358790924
CC=O,O=S1(=O)CCCC1,317.9,0.3220834991691132
CC=O,O=S1(=O)CCCC1,333.6,0.28517894223366247
ClCCl,O=S1(=O)CCCC1,317.9,-0.06187540371808753
ClCCl,O=S1(=O)CCCC1,334.2,-0.020202707317519466
ClCCl,O=S1(=O)CCCC1,303.8,-0.10536051565782628
CC(C)CO,O=S1(=O)CCCC1,303.8,1.5390154481375546
CC(C)CO,O=S1(=O)CCCC1,303.8,1.5390154481375546
CC(C)CO,O=S1(=O)CCCC1,317.9,1.3912819026309295
CC(C)CO,O=S1(=O)CCCC1,317.9,1.3912819026309295
CC(C)CO,O=S1(=O)CCCC1,332.8,1.1755733298042381
CC(C)CO,O=S1(=O)CCCC1,332.8,1.1755733298042381
ClC=C(Cl)Cl,O=S1(=O)CCCC1,303.1,1.1817271953786161
ClC=C(Cl)Cl,O=S1(=O)CCCC1,317.9,1.128171090909654
ClC=C(Cl)Cl,O=S1(=O)CCCC1,332.6,1.0784095813505903
COC(C)=O,O=S1(=O)CCCC1,303.8,0.6678293725756554
COC(C)=O,O=S1(=O)CCCC1,317.9,0.6471032420585384
COC(C)=O,O=S1(=O)CCCC1,333.7,0.6312717768418578
CCc1ccccc1,O=S1(=O)CCCC1,303.1,1.6714733033535532
CCc1ccccc1,O=S1(=O)CCCC1,317.9,1.5953389880545987
CCc1ccccc1,O=S1(=O)CCCC1,332.6,1.4906543764441336
ClCCCl,O=S1(=O)CCCC1,303.1,0.12221763272424911
ClCCCl,O=S1(=O)CCCC1,317.9,0.1570037488096647
ClCCCl,O=S1(=O)CCCC1,333.6,0.1906203596086497
COC=O,O=S1(=O)CCCC1,303.8,0.3576744442718159
COC=O,O=S1(=O)CCCC1,317.9,0.35065687161316933
COC=O,O=S1(=O)CCCC1,333.7,0.34358970439007686
CC(C)OC(C)C,O=S1(=O)CCCC1,303.8,2.670694414558441
CC(C)OC(C)C,O=S1(=O)CCCC1,317.9,2.6026896854443837
CC(C)OC(C)C,O=S1(=O)CCCC1,334.2,2.531313022602156
CC1CCCCC1,O=S1(=O)CCCC1,303.6,3.6560979645895566
CC1CCCCC1,O=S1(=O)CCCC1,317.9,3.4772320679381528
CC1CCCCC1,O=S1(=O)CCCC1,332.8,3.2164729402518906
Cc1ccccc1,O=S1(=O)CCCC1,303.8,1.2837077723447896
Cc1ccccc1,O=S1(=O)CCCC1,317.9,1.2499017362143359
Cc1ccccc1,O=S1(=O)CCCC1,333.6,1.2119409739751128
Clc1ccccc1,O=S1(=O)CCCC1,303.8,0.9895411936137477
Clc1ccccc1,O=S1(=O)CCCC1,317.9,0.9555114450274363
Clc1ccccc1,O=S1(=O)CCCC1,332.8,0.9042181506398859
CCCOC(C)=O,O=S1(=O)CCCC1,303.1,1.297463147413275
CCCOC(C)=O,O=S1(=O)CCCC1,317.9,1.252762968495368
CCCOC(C)=O,O=S1(=O)CCCC1,332.6,1.2149127443642704
CCCCC,O=S1(=O)CCCC1,303.4,3.5447203584143305
CCCCC,O=S1(=O)CCCC1,317.9,3.415757532993485
CCCCC,O=S1(=O)CCCC1,332.6,3.3054204262683866
C1CCOC1,O=S1(=O)CCCC1,303.1,0.85015092936961
C1CCOC1,O=S1(=O)CCCC1,317.9,0.8329091229351039
C1CCOC1,O=S1(=O)CCCC1,333.6,0.8064758658669485
CCCCCC,O=S1(=O)CCCC1,303.8,3.849934813114724
CCCCCC,O=S1(=O)CCCC1,317.9,3.7155213850603572
CCCCCC,O=S1(=O)CCCC1,332.8,3.582963228522387
c1ccncc1,O=S1(=O)CCCC1,317.9,0.1570037488096647
c1ccncc1,O=S1(=O)CCCC1,332.7,0.04879016416943204
C=CCCCCCC,O=S1(=O)CCCC1,303.2,4.092676505121403
C=CCCCCCC,O=S1(=O)CCCC1,313.2,3.9815490680767565
CCCCOC(C)=O,O=S1(=O)CCCC1,303.1,1.6074359097634274
CCCCOC(C)=O,O=S1(=O)CCCC1,317.9,1.541159071680806
CCCCOC(C)=O,O=S1(=O)CCCC1,334.2,1.4929040961781488
C1COCCO1,O=S1(=O)CCCC1,317.9,0.3920420877760237
C1COCCO1,O=S1(=O)CCCC1,332.7,0.2468600779315258
CCOC(C)=O,O=S1(=O)CCCC1,303.1,1.0224509277025455
CCOC(C)=O,O=S1(=O)CCCC1,317.9,0.9820784724121582
CCOC(C)=O,O=S1(=O)CCCC1,332.6,0.9202827531436925
CCCCCCC,O=S1(=O)CCCC1,303.4,4.127456913672303
CCCCCCC,O=S1(=O)CCCC1,317.9,3.9889840465642745
CCCCCCC,O=S1(=O)CCCC1,332.6,3.85798911693566
C1CCCCCC1,O=S1(=O)CCCC1,303.2,3.713572066704308
C1CCCCCC1,O=S1(=O)CCCC1,313.2,3.5751506887855933
C1CCCCCCC1,O=S1(=O)CCCC1,303.2,3.9318256327243257
C1CCCCCCC1,O=S1(=O)CCCC1,313.2,3.775057150354989
C=CCCCC,O=S1(=O)CCCC1,303.2,3.3843902633457743
C=CCCCC,O=S1(=O)CCCC1,313.2,3.2809112157876537
COC(C)(C)C,O=S1(=O)CCCC1,303.8,1.9906103279732201
COC(C)(C)C,O=S1(=O)CCCC1,317.9,1.9685099809725544
COC(C)(C)C,O=S1(=O)CCCC1,333.6,1.9300710850255671
ClC(Cl)(Cl)Cl,CC(=O)N(C)C,303.2,-0.05129329438755058
ClC(Cl)(Cl)Cl,CC(=O)N(C)C,317.6,0.20701416938432612
ClC(Cl)(Cl)Cl,CC(=O)N(C)C,333.6,0.4824261492442928
CCOCC,CC(=O)N(C)C,303.4,1.1755733298042381
CCOCC,CC(=O)N(C)C,317.6,1.1568811967920856
CCOCC,CC(=O)N(C)C,333.6,1.1410330045520618
CCO,CC(=O)N(C)C,333.6,-0.4620354595965587
CCO,CC(=O)N(C)C,317.6,-0.5447271754416722
CCO,CC(=O)N(C)C,303.6,-0.6348782724359695
CO,CC(=O)N(C)C,333.4,-0.7765287894989963
CO,CC(=O)N(C)C,317.6,-0.8209805520698302
CO,CC(=O)N(C)C,303.6,-0.8675005677047231
CC(C)O,CC(=O)N(C)C,333.2,-0.5978370007556204
CC(C)O,CC(=O)N(C)C,317.6,-0.5447271754416722
CC(C)O,CC(=O)N(C)C,303.2,-0.5108256237659907
CC(C)=O,CC(=O)N(C)C,303.6,0.09531017980432493
CC(C)=O,CC(=O)N(C)C,317.6,0.02955880224154443
CC(C)=O,CC(=O)N(C)C,333.4,-0.030459207484708574
ClC(Cl)Cl,CC(=O)N(C)C,333.2,-1.3093333199837622
ClC(Cl)Cl,CC(=O)N(C)C,317.6,-1.5141277326297755
ClC(Cl)Cl,CC(=O)N(C)C,303.2,-1.7147984280919266
CCCCO,CC(=O)N(C)C,333.4,-0.23572233352106983
c1ccccc1,CC(=O)N(C)C,303.6,0.131028262406404
c1ccccc1,CC(=O)N(C)C,317.6,0.1570037488096647
c1ccccc1,CC(=O)N(C)C,333.6,0.17395330712343798
CC#N,CC(=O)N(C)C,333.4,-0.37106368139083207
CC#N,CC(=O)N(C)C,317.6,-0.37106368139083207
CC#N,CC(=O)N(C)C,303.2,-0.37106368139083207
CC=O,CC(=O)N(C)C,303.2,-0.06187540371808753
CC=O,CC(=O)N(C)C,317.6,-0.09431067947124129
CC=O,CC(=O)N(C)C,333.4,-0.12783337150988489
ClCCl,CC(=O)N(C)C,333.0,-0.916290731874155
ClCCl,CC(=O)N(C)C,317.6,-1.0216512475319814
ClCCl,CC(=O)N(C)C,303.6,-1.1394342831883648
CC(C)CO,CC(=O)N(C)C,333.4,-0.35667494393873245
CC(C)CO,CC(=O)N(C)C,333.4,-0.35667494393873245
ClC=C(Cl)Cl,CC(=O)N(C)C,333.0,0.009950330853168092
ClC=C(Cl)Cl,CC(=O)N(C)C,317.6,-0.08338160893905101
ClC=C(Cl)Cl,CC(=O)N(C)C,303.6,-0.16251892949777494
COC(C)=O,CC(=O)N(C)C,303.3,0.3852624007906449
COC(C)=O,CC(=O)N(C)C,317.6,0.20701416938432612
COC(C)=O,CC(=O)N(C)C,333.6,0.01980262729617973
CCc1ccccc1,CC(=O)N(C)C,303.6,0.7275486072772777
CCc1ccccc1,CC(=O)N(C)C,317.6,0.6780335427498971
CCc1ccccc1,CC(=O)N(C)C,333.2,0.6259384308664954
ClCCCl,CC(=O)N(C)C,333.4,-0.2876820724517809
ClCCCl,CC(=O)N(C)C,317.6,-0.4620354595965587
ClCCCl,CC(=O)N(C)C,303.6,-0.616186139423817
COC=O,CC(=O)N(C)C,303.3,0.10436001532424286
COC=O,CC(=O)N(C)C,317.6,0.17395330712343798
COC=O,CC(=O)N(C)C,333.0,0.23901690047049992
CC(C)OC(C)C,CC(=O)N(C)C,303.2,1.3962446919730587
CC(C)OC(C)C,CC(=O)N(C)C,317.6,1.308332819650179
CC(C)OC(C)C,CC(=O)N(C)C,333.0,1.2237754316221157
CC1CCCCC1,CC(=O)N(C)C,303.2,2.1114245875328868
CC1CCCCC1,CC(=O)N(C)C,317.6,2.0068708488450007
CC1CCCCC1,CC(=O)N(C)C,333.2,1.922787731634459
Cc1ccccc1,CC(=O)N(C)C,303.6,0.3987761199573678
Cc1ccccc1,CC(=O)N(C)C,317.6,0.3852624007906449
Cc1ccccc1,CC(=O)N(C)C,333.2,0.371563556432483
Clc1ccccc1,CC(=O)N(C)C,317.6,1.1969481893889715
CCCOC(C)=O,CC(=O)N(C)C,303.3,0.6981347220709843
CCCOC(C)=O,CC(=O)N(C)C,317.6,0.6259384308664954
CCCOC(C)=O,CC(=O)N(C)C,333.0,0.5596157879354227
CCCCC,CC(=O)N(C)C,298.2,2.135349173618132
CCCCC,CC(=O)N(C)C,303.6,2.0744289998562917
CCCCC,CC(=O)N(C)C,317.6,1.925707441737794
CCCCC,CC(=O)N(C)C,333.4,1.7732559976634952
C1CCOC1,CC(=O)N(C)C,303.3,0.4252677354043441
C1CCOC1,CC(=O)N(C)C,317.6,0.4054651081081644
C1CCOC1,CC(=O)N(C)C,333.6,0.37843643572024505
CCCCCC,CC(=O)N(C)C,303.2,2.2793164660546914
CCCCCC,CC(=O)N(C)C,317.6,2.1077860146889784
CCCCCC,CC(=O)N(C)C,333.3,1.937301774518713
c1ccncc1,CC(=O)N(C)C,333.0,0.04879016416943204
c1ccncc1,CC(=O)N(C)C,303.4,-0.4462871026284195
c1ccncc1,CC(=O)N(C)C,317.6,-0.19845093872383832
CCCCOC(C)=O,CC(=O)N(C)C,303.3,0.8628899551470398
CCCCOC(C)=O,CC(=O)N(C)C,317.6,0.7080357930536959
CCCCOC(C)=O,CC(=O)N(C)C,333.2,0.5538851132264376
C1COCCO1,CC(=O)N(C)C,303.3,0.28517894223366247
C1COCCO1,CC(=O)N(C)C,317.6,0.25464221837358075
C1COCCO1,CC(=O)N(C)C,333.6,0.23111172096338664
CCOC(C)=O,CC(=O)N(C)C,303.3,0.5933268452777344
CCOC(C)=O,CC(=O)N(C)C,317.6,0.5007752879124892
CCOC(C)=O,CC(=O)N(C)C,333.6,0.4054651081081644
CCCCCCC,CC(=O)N(C)C,303.2,2.451005098112319
CCCCCCC,CC(=O)N(C)C,317.6,2.2823823856765264
CCCCCCC,CC(=O)N(C)C,333.4,2.1138429683971682
COC(C)(C)C,CC(=O)N(C)C,303.6,1.0647107369924282
COC(C)(C)C,CC(=O)N(C)C,317.6,0.9042181506398859
COC(C)(C)C,CC(=O)N(C)C,333.0,0.7419373447293773
ClC(Cl)(Cl)Cl,CC(=O)OCc1ccccc1,298.2,0.34358970439007686
CC(C)=O,CC(=O)OCc1ccccc1,298.2,0.11332868530700327
ClC(Cl)Cl,CC(=O)OCc1ccccc1,298.2,-0.6733445532637656
c1ccccc1,CC(=O)OCc1ccccc1,298.2,0.03922071315328133
CCBr,CC(=O)OCc1ccccc1,298.2,0.01980262729617973
CCI,CC(=O)OCc1ccccc1,298.2,0.27763173659827955
CC#N,CC(=O)OCc1ccccc1,298.2,0.412109650826833
ClCCCl,CC(=O)OCc1ccccc1,298.2,-0.342490308946776
CC(C)OC(C)C,CC(=O)OCc1ccccc1,298.2,0.8878912573524571
CCCCCC,CC(=O)OCc1ccccc1,298.2,1.6639260977181702
CCOC(C)=O,CC(=O)OCc1ccccc1,298.2,0.0
ClC(Cl)(Cl)Cl,CCOC(C)=O,293.2,0.2700271372130602
ClC(Cl)(Cl)Cl,CCOC(C)=O,329.2,0.2468600779315258
CCO,CCOC(C)=O,298.2,1.2237754316221157
CCO,CCOC(C)=O,313.0,1.0438040521731147
CCO,CCOC(C)=O,328.2,1.0116009116784799
CCO,CCOC(C)=O,328.4,0.9360933591703348
CCO,CCOC(C)=O,333.5,0.883767540168595
CCO,CCOC(C)=O,338.4,0.8919980393051105
CCO,CCOC(C)=O,348.3,0.8458682675776092
CCO,CCOC(C)=O,349.1,0.85015092936961
CO,CCOC(C)=O,350.4,0.9745596399981308
CC(C)O,CCOC(C)=O,288.2,1.5325568680981427
CC(C)O,CCOC(C)=O,328.2,0.7839015438284094
CC(C)=O,CCOC(C)=O,293.2,0.12221763272424911
ClC(Cl)Cl,CCOC(C)=O,349.2,-0.7133498878774648
ClC(Cl)Cl,CCOC(C)=O,349.5,-0.6733445532637656
ClC(Cl)Cl,CCOC(C)=O,340.0,-0.6931471805599453
ClC(Cl)Cl,CCOC(C)=O,329.2,-0.6539264674066639
ClC(Cl)Cl,CCOC(C)=O,327.2,-0.7550225842780328
ClC(Cl)Cl,CCOC(C)=O,323.2,-0.8209805520698302
ClC(Cl)Cl,CCOC(C)=O,310.5,-0.8675005677047231
ClC(Cl)Cl,CCOC(C)=O,313.2,-0.8675005677047231
c1ccccc1,CCOC(C)=O,311.7,0.131028262406404
c1ccccc1,CCOC(C)=O,328.2,-0.040821994520255166
c1ccccc1,CCOC(C)=O,330.5,0.131028262406404
CCBr,CCOC(C)=O,293.2,0.03922071315328133
CCI,CCOC(C)=O,293.2,0.4382549309311553
CCI,CCOC(C)=O,307.2,0.4054651081081644
CCI,CCOC(C)=O,331.7,0.371563556432483
CCI,CCOC(C)=O,343.9,0.34358970439007686
CC#N,CCOC(C)=O,311.7,0.5481214085096876
CC#N,CCOC(C)=O,313.2,0.41871033485818504
CC#N,CCOC(C)=O,330.5,0.4574248470388755
CC#N,CCOC(C)=O,347.8,0.412109650826833
CC#N,CCOC(C)=O,353.2,0.4054651081081644
CC#N,CCOC(C)=O,393.2,0.3920420877760237
ClCCl,CCOC(C)=O,398.2,-0.342490308946776
ClCCl,CCOC(C)=O,348.2,-0.4307829160924542
ClCCl,CCOC(C)=O,298.2,-0.5447271754416722
ClCCl,CCOC(C)=O,293.2,-0.7133498878774648
S=C=S,CCOC(C)=O,293.2,0.9783261227936078
C[N+](=O)[O-],CCOC(C)=O,298.2,0.1823215567939546
C[N+](=O)[O-],CCOC(C)=O,298.2,0.23111172096338664
C[N+](=O)[O-],CCOC(C)=O,311.7,0.4824261492442928
C[N+](=O)[O-],CCOC(C)=O,328.4,0.25464221837358075
C[N+](=O)[O-],CCOC(C)=O,330.5,0.3852624007906449
C[N+](=O)[O-],CCOC(C)=O,347.3,0.35065687161316933
C[N+](=O)[O-],CCOC(C)=O,348.2,0.1906203596086497
C[N+](=O)[O-],CCOC(C)=O,398.2,0.20701416938432612
CC1CCCC1,CCOC(C)=O,303.2,1.0543120297715298
ClCCCl,CCOC(C)=O,347.8,-0.16251892949777494
ClCCCl,CCOC(C)=O,330.5,-0.18632957819149348
ClCCCl,CCOC(C)=O,311.7,-0.21072103131565253
CCC#N,CCOC(C)=O,311.6,0.35065687161316933
CCC#N,CCOC(C)=O,329.2,0.30010459245033816
CCC#N,CCOC(C)=O,348.2,0.25464221837358075
CCCC(C)C,CCOC(C)=O,298.2,1.235471471385307
CC(C)CC(C)C,CCOC(C)=O,298.2,1.3376291891386096
Cc1ccccc1,CCOC(C)=O,298.2,0.28517894223366247
Cc1ccccc1,CCOC(C)=O,313.0,0.23901690047049992
Cc1ccccc1,CCOC(C)=O,328.4,0.20701416938432612
Cc1ccccc1,CCOC(C)=O,333.5,0.16551443847757333
Cc1ccccc1,CCOC(C)=O,338.4,0.1823215567939546
Cc1ccccc1,CCOC(C)=O,348.3,0.131028262406404
Cc1ccccc1,CCOC(C)=O,349.1,0.14842000511827322
Clc1ccccc1,CCOC(C)=O,313.2,0.0769610411361284
Clc1ccccc1,CCOC(C)=O,353.2,0.11332868530700327
Clc1ccccc1,CCOC(C)=O,393.2,0.131028262406404
Oc1ccccc1,CCOC(C)=O,320.0,-0.7550225842780328
Oc1ccccc1,CCOC(C)=O,300.0,-1.171182981502945
CCCCC,CCOC(C)=O,293.2,1.128171090909654
CCCCC,CCOC(C)=O,298.2,1.1052568313867783
CCCCC,CCOC(C)=O,303.2,1.085189268335969
C=CCCC,CCOC(C)=O,293.2,0.7178397931503168
CCCCCl,CCOC(C)=O,323.2,0.22314355131420976
CCCCCl,CCOC(C)=O,348.2,0.20701416938432612
CCCCCl,CCOC(C)=O,348.2,0.20701416938432612
C1CCOC1,CCOC(C)=O,313.0,0.09531017980432493
C1CCOC1,CCOC(C)=O,313.2,0.08617769624105241
C1CCOC1,CCOC(C)=O,333.2,0.09531017980432493
C1CCOC1,CCOC(C)=O,333.5,0.058268908123975824
C1CCOC1,CCOC(C)=O,348.3,0.02955880224154443
CCCCCC,CCOC(C)=O,293.2,1.2499017362143359
CCCCCC,CCOC(C)=O,298.2,1.2809338454620642
CCCCCC,CCOC(C)=O,303.2,1.2029723039923526
CCCCCC,CCOC(C)=O,308.2,1.128171090909654
CCCCCC,CCOC(C)=O,324.4,1.0188473201992472
CCCCCC,CCOC(C)=O,348.4,0.8796267475025636
CCCCCCCC,CCOC(C)=O,298.2,1.5748464676644813
CCCCCCCC,CCOC(C)=O,298.2,1.5432981099295553
CCCCCCCC,CCOC(C)=O,328.4,1.2781522025001875
CCCCCCCC,CCOC(C)=O,338.4,1.205970806988609
CCCCCCCC,CCOC(C)=O,349.1,1.1184149159642893
CCCCCCCCC,CCOC(C)=O,298.2,1.691939133945844
CCCC=O,CCOC(C)=O,298.2,0.10436001532424286
CCCC=O,CCOC(C)=O,323.2,0.09531017980432493
CCCC=O,CCOC(C)=O,349.2,0.08617769624105241
C1COCCO1,CCOC(C)=O,298.2,0.0769610411361284
C1COCCO1,CCOC(C)=O,328.4,0.09531017980432493
CCCCCCC,CCOC(C)=O,298.2,1.3402504226184837
CCCCCCC,CCOC(C)=O,323.2,1.169381359556317
CCCCCCC,CCOC(C)=O,343.2,1.0473189942805592
C1CCCC1,CCOC(C)=O,303.2,1.0043016091968684
CC(C)C(C)C(C)C,CCOC(C)=O,298.2,1.4036429994545037
CC(C)CCC(C)C,CCOC(C)=O,298.2,1.4655675420143985
CCC1CCCCC1,CCOC(C)=O,298.2,1.4586150226995167
ClC(Cl)(Cl)Cl,CCCCCCC,293.2,0.1823215567939546
ClC(Cl)(Cl)Cl,CCCCCCC,313.2,0.13976194237515863
CCO,CCCCCCC,288.2,4.423648309364701
CCO,CCCCCCC,293.2,4.21803603456465
CCO,CCCCCCC,293.2,3.9318256327243257
CCO,CCCCCCC,293.5,3.8732821771117156
CCO,CCCCCCC,298.2,4.074141854904581
CCO,CCCCCCC,298.2,3.89630004496291
CCO,CCCCCCC,303.2,3.906004933102583
CCO,CCCCCCC,303.2,3.8318969609488613
CCO,CCCCCCC,303.3,3.758871825933971
CCO,CCCCCCC,303.3,3.5322256440685598
CCO,CCCCCCC,308.2,3.742420221041966
CCO,CCCCCCC,313.1,3.459466289786131
CCO,CCCCCCC,313.2,3.763522997109702
CCO,CCCCCCC,313.2,3.6873783279876693
CCO,CCCCCCC,313.2,3.6270040503958487
CCO,CCCCCCC,313.2,3.3228754148866853
CCO,CCCCCCC,314.5,3.591817741270805
CCO,CCCCCCC,314.6,3.543853682063679
CCO,CCCCCCC,318.2,3.4657359027997265
CCO,CCCCCCC,322.8,3.086486636822455
CCO,CCCCCCC,323.2,3.484312288372662
CCO,CCCCCCC,323.2,3.3357695763397
CCO,CCCCCCC,323.2,3.20761263258949
CCO,CCCCCCC,332.2,3.1441522786722644
CCO,CCCCCCC,333.2,3.169685580677429
CCO,CCCCCCC,333.2,2.7893229212309465
CCO,CCCCCCC,343.1,2.7936160894318567
CCO,CCCCCCC,349.6,2.714694743820879
CCO,CCCCCCC,349.6,2.681021528714291
CCO,CCCCCCC,366.8,2.2823823856765264
CO,CCCCCCC,288.2,4.751864565138895
CO,CCCCCCC,293.2,4.579852378003801
CO,CCCCCCC,293.2,4.382026634673881
CO,CCCCCCC,298.2,4.404277243608702
CO,CCCCCCC,303.2,4.268297869345539
CO,CCCCCCC,308.2,4.1059436980654525
CO,CCCCCCC,313.2,3.9852734671677386
CO,CCCCCCC,313.2,3.949318790171843
CO,CCCCCCC,318.2,3.8394523125933104
CO,CCCCCCC,323.2,3.708682081410116
CO,CCCCCCC,323.2,3.6506582412937387
CO,CCCCCCC,333.2,3.332204510175204
CC(C)O,CCCCCCC,303.2,3.22525543183224
CC(C)=O,CCCCCCC,273.2,2.192770226986839
CC(C)=O,CCCCCCC,323.2,1.62924053973028
CC(C)=O,CCCCCCC,323.2,1.6193882432872684
CC(C)=O,CCCCCCC,333.2,1.5238800240724537
CC(C)=O,CCCCCCC,343.2,1.451613827240533
ClC(Cl)Cl,CCCCCCC,293.2,0.3852624007906449
ClC(Cl)Cl,CCCCCCC,293.2,0.3852624007906449
ClC(Cl)Cl,CCCCCCC,323.2,0.3220834991691132
CCCO,CCCCCCC,303.2,3.427189961936409
CCCO,CCCCCCC,313.2,3.2457124788217606
CCCO,CCCCCCC,323.2,3.0204248861443626
CCCO,CCCCCCC,333.2,2.8027541365715076
CCCO,CCCCCCC,333.2,2.7700855920216627
CCCO,CCCCCCC,353.2,2.191653532286764
CCCCO,CCCCCCC,333.2,2.647592232065096
CCCCO,CCCCCCC,353.2,2.2300144001592104
CCCCO,CCCCCCC,363.2,2.163323025660538
CCCCO,CCCCCCC,373.2,1.7263316639055997
c1ccccc1,CCCCCCC,298.2,0.4382549309311553
c1ccccc1,CCCCCCC,313.2,0.41871033485818504
c1ccccc1,CCCCCCC,331.2,0.3148107398400336
c1ccccc1,CCCCCCC,333.2,0.3220834991691132
c1ccccc1,CCCCCCC,333.2,0.3364722366212129
c1ccccc1,CCCCCCC,350.6,0.28517894223366247
c1ccccc1,CCCCCCC,366.2,0.23901690047049992
c1ccccc1,CCCCCCC,373.2,0.19885085874516517
CCBr,CCCCCCC,293.2,0.4824261492442928
CCI,CCCCCCC,293.2,0.6418538861723947
CC#N,CCCCCCC,293.2,3.4011973816621555
ClCCl,CCCCCCC,293.2,0.7884573603642703
S=C=S,CCCCCCC,293.2,0.26236426446749106
C[N+](=O)[O-],CCCCCCC,293.2,3.713572066704308
CC(C)(C)O,CCCCCCC,313.2,2.258633205464863
CC(C)CO,CCCCCCC,298.2,3.481240089335692
CC[N+](=O)[O-],CCCCCCC,293.2,2.9856819377004897
CC1=CCC2CC1C2(C)C,CCCCCCC,338.2,0.3364722366212129
CC1=CCC2CC1C2(C)C,CCCCCCC,353.2,0.27763173659827955
Cc1ccc(C)cc1,CCCCCCC,313.2,0.3220834991691132
ClCCCl,CCCCCCC,293.2,1.1939224684724346
CCC#N,CCCCCCC,293.2,3.086486636822455
CCC#N,CCCCCCC,313.2,2.805781689595545
CCCC(C)C,CCCCCCC,298.2,0.03922071315328133
CC(C)CC(C)C,CCCCCCC,298.2,0.058268908123975824
CC(C)OC(C)C,CCCCCCC,313.2,0.16551443847757333
CC(C)OC(C)C,CCCCCCC,323.2,0.08617769624105241
CC(C)OC(C)C,CCCCCCC,333.2,0.1570037488096647
CC(C)OC(C)C,CCCCCCC,343.2,0.0769610411361284
Cc1ccccc1,CCCCCCC,298.2,0.412109650826833
CCCCC,CCCCCCC,293.2,0.0
CCCCC,CCCCCCC,298.2,-0.01005033585350145
C=CCCC,CCCCCCC,293.2,-0.020202707317519466
C1CCOC1,CCCCCCC,303.2,0.4382549309311553
C1CCOC1,CCCCCCC,313.2,0.5822156198526637
C1CCOC1,CCCCCCC,333.2,0.3576744442718159
C1CCOC1,CCCCCCC,343.2,0.3364722366212129
CCCCCC,CCCCCCC,293.2,0.0
CCCCCC,CCCCCCC,298.2,0.03922071315328133
CCCCCC,CCCCCCC,298.2,0.0
CCCCCC,CCCCCCC,333.2,0.0
CCCCCC,CCCCCCC,373.2,0.0
c1ccncc1,CCCCCCC,298.2,1.715598108262491
c1ccncc1,CCCCCCC,303.1,1.6505798557652755
c1ccncc1,CCCCCCC,313.2,1.5303947050936475
c1ccncc1,CCCCCCC,313.2,1.5686159179138452
c1ccncc1,CCCCCCC,323.2,1.4350845252893227
c1ccncc1,CCCCCCC,333.2,1.3402504226184837
c1ccncc1,CCCCCCC,341.0,1.3376291891386096
c1ccncc1,CCCCCCC,353.2,1.2119409739751128
CCCCCCCC,CCCCCCC,298.2,0.06765864847381486
CCCCCCCC,CCCCCCC,298.2,0.04879016416943204
CCCCCCCCC,CCCCCCC,298.2,0.04879016416943204
C1COCCO1,CCCCCCC,298.2,1.3376291891386096
C1COCCO1,CCCCCCC,298.2,1.4838746894587547
C1COCCO1,CCCCCCC,303.2,1.4279160358107101
C1COCCO1,CCCCCCC,308.2,1.355835153635182
C1COCCO1,CCCCCCC,313.2,1.3056264580524357
C1COCCO1,CCCCCCC,313.4,1.2781522025001875
C1COCCO1,CCCCCCC,333.2,1.1662709371419244
C1COCCO1,CCCCCCC,353.2,0.9669838461896731
C1COCCO1,CCCCCCC,353.2,1.0152306797290584
CCOC(C)=O,CCCCCCC,293.2,1.1908875647772805
CCOC(C)=O,CCCCCCC,323.2,1.0402767116551463
CCOC(C)=O,CCCCCCC,343.2,0.9282193027394288
CCCCCCC,CCCCCCC,298.2,0.04879016416943204
CC(C)C(C)C(C)C,CCCCCCC,298.2,0.06765864847381486
CC(C)CCC(C)C,CCCCCCC,298.2,0.10436001532424286
COC(=O)OC,CCCCCCC,283.2,2.3523271848888596
COC(=O)OC,CCCCCCC,293.2,2.175887439948088
COC(=O)OC,CCCCCCC,313.2,1.8809906029559975
COC(=O)OC,CCCCCCC,323.2,1.7544036826842861
COC(=O)OC,CCCCCCC,333.2,1.6370530794670737
COC(=O)OC,CCCCCCC,343.2,1.5282278570085572
COC(=O)OC,CCCCCCC,363.2,1.332366019094335
COC(=O)OC,CCCCCCC,373.2,1.244154593958768
COC(C)(C)C,CCCCCCC,313.2,0.2700271372130602
COC(C)(C)C,CCCCCCC,323.2,0.19885085874516517
CCC1CCCCC1,CCCCCCC,298.2,0.12221763272424911
CO,C1CCCC1,288.2,5.126935749792416
COC(C)(C)C,C1CCCC1,313.2,0.17395330712343798
COC(C)(C)C,C1CCCC1,323.2,0.11332868530700327
CCOCC,O=C1CCCCCO1,303.2,1.128171090909654
CCOCC,O=C1CCCCCO1,318.2,1.1184149159642893
CCOCC,O=C1CCCCCO1,333.2,1.1019400787607843
CCO,O=C1CCCCCO1,303.2,0.6931471805599453
CCO,O=C1CCCCCO1,318.2,0.6097655716208943
CCO,O=C1CCCCCO1,333.2,0.5068176023684519
CO,O=C1CCCCCO1,303.2,0.5007752879124892
CO,O=C1CCCCCO1,318.2,0.44468582126144574
CO,O=C1CCCCCO1,333.2,0.36464311358790924
CC(C)O,O=C1CCCCCO1,303.2,0.7793248768009977
CC(C)O,O=C1CCCCCO1,318.2,0.688134638736401
CC(C)O,O=C1CCCCCO1,333.2,0.6043159668533296
CC(C)=O,O=C1CCCCCO1,303.2,0.22314355131420976
CC(C)=O,O=C1CCCCCO1,318.2,0.2151113796169455
CC(C)=O,O=C1CCCCCO1,333.2,0.20701416938432612
ClC(Cl)Cl,O=C1CCCCCO1,333.2,-0.6931471805599453
ClC(Cl)Cl,O=C1CCCCCO1,318.2,-0.7985076962177716
ClC(Cl)Cl,O=C1CCCCCO1,303.2,-0.916290731874155
CCCO,O=C1CCCCCO1,303.2,0.7419373447293773
CCCO,O=C1CCCCCO1,318.2,0.636576829071551
CCCO,O=C1CCCCCO1,333.2,0.5128236264286637
c1ccccc1,O=C1CCCCCO1,303.2,0.3293037471426003
c1ccccc1,O=C1CCCCCO1,318.2,0.3293037471426003
c1ccccc1,O=C1CCCCCO1,333.2,0.34358970439007686
CC=O,O=C1CCCCCO1,303.2,0.17395330712343798
CC=O,O=C1CCCCCO1,318.2,0.1570037488096647
CC=O,O=C1CCCCCO1,333.2,0.13976194237515863
ClCCl,O=C1CCCCCO1,333.2,-0.527632742082372
ClCCl,O=C1CCCCCO1,318.2,-0.579818495252942
ClCCl,O=C1CCCCCO1,303.2,-0.6348782724359695
CCCC(C)=O,O=C1CCCCCO1,303.2,0.45107561936021673
CCCC(C)=O,O=C1CCCCCO1,318.2,0.44468582126144574
CCCC(C)=O,O=C1CCCCCO1,333.2,0.4382549309311553
CC(C)OC(C)C,O=C1CCCCCO1,303.2,1.6695918352538475
CC(C)OC(C)C,O=C1CCCCCO1,318.2,1.6505798557652755
CC(C)OC(C)C,O=C1CCCCCO1,333.2,1.623340817603092
Cc1ccccc1,O=C1CCCCCO1,303.2,0.6043159668533296
Cc1ccccc1,O=C1CCCCCO1,318.2,0.598836501088704
Cc1ccccc1,O=C1CCCCCO1,333.2,0.598836501088704
CCCCC,O=C1CCCCCO1,303.2,2.33214389523559
CCCCC,O=C1CCCCCO1,318.2,2.2762411176544437
CCCCC,O=C1CCCCCO1,333.2,2.199444334074532
C=CCCC,O=C1CCCCCO1,303.2,1.766441661243765
C=CCCC,O=C1CCCCCO1,318.2,1.7263316639055997
C=CCCC,O=C1CCCCCO1,333.2,1.6789639750827108
C1CCOC1,O=C1CCCCCO1,303.2,0.35065687161316933
C1CCOC1,O=C1CCCCCO1,318.2,0.34358970439007686
C1CCOC1,O=C1CCCCCO1,333.2,0.3364722366212129
CCCCCC,O=C1CCCCCO1,303.2,2.5572273113676265
CCCCCC,O=C1CCCCCO1,318.2,2.4765384001174837
CCCCCC,O=C1CCCCCO1,333.2,2.379546134130174
CCCCCCCC,O=C1CCCCCO1,303.2,2.990719731730447
CCCCCCCC,O=C1CCCCCO1,318.2,2.8735646395797834
CCCCCCCC,O=C1CCCCCO1,333.2,2.7536607123542622
C=CCCCCCC,O=C1CCCCCO1,303.2,2.4069451083182885
C=CCCCCCC,O=C1CCCCCO1,318.2,2.322387720290225
C=CCCCCCC,O=C1CCCCCO1,333.2,2.2321626286975
CCCCCCC,O=C1CCCCCO1,303.2,2.772588722239781
CCCCCCC,O=C1CCCCCO1,318.2,2.6741486494265287
CCCCCCC,O=C1CCCCCO1,333.2,2.5649493574615367
COC(C)(C)C,O=C1CCCCCO1,303.2,1.1786549963416462
COC(C)(C)C,O=C1CCCCCO1,318.2,1.172482137234565
COC(C)(C)C,O=C1CCCCCO1,333.2,1.1568811967920856
CCO,CC(C)CC(C)(C)C,293.2,3.828641396489095
CCO,CC(C)CC(C)(C)C,298.2,3.797285327957723
CCO,CC(C)CC(C)(C)C,301.8,3.8088822465086327
CCO,CC(C)CC(C)(C)C,319.5,3.342861804649192
CCO,CC(C)CC(C)(C)C,319.7,3.332204510175204
CCO,CC(C)CC(C)(C)C,319.7,3.3141860046725258
CCO,CC(C)CC(C)(C)C,332.2,3.0349529867072724
CCO,CC(C)CC(C)(C)C,332.2,3.0301337002713233
CCO,CC(C)CC(C)(C)C,333.2,2.896464271895322
CCO,CC(C)CC(C)(C)C,350.7,2.5494451709255714
CCO,CC(C)CC(C)(C)C,351.0,2.580216829592325
CO,CC(C)CC(C)(C)C,293.2,4.356708826689592
CC(C)=O,CC(C)CC(C)(C)C,293.2,1.9671123567059163
ClC(Cl)Cl,CC(C)CC(C)(C)C,293.2,0.412109650826833
CCCO,CC(C)CC(C)(C)C,328.4,2.6775909936175015
CCCO,CC(C)CC(C)(C)C,348.5,2.453587966530573
c1ccccc1,CC(C)CC(C)(C)C,313.2,0.45107561936021673
CCBr,CC(C)CC(C)(C)C,293.2,0.4885800148186709
CCI,CC(C)CC(C)(C)C,293.2,0.6259384308664954
CC#N,CC(C)CC(C)(C)C,293.2,3.9994842811981406
CC#N,CC(C)CC(C)(C)C,293.2,3.449987545831587
CC#N,CC(C)CC(C)(C)C,313.2,3.5049566159530077
ClCCl,CC(C)CC(C)(C)C,293.2,0.7561219797213337
S=C=S,CC(C)CC(C)(C)C,293.2,0.28517894223366247
C[N+](=O)[O-],CC(C)CC(C)(C)C,293.2,3.6506582412937387
C[N+](=O)[O-],CC(C)CC(C)(C)C,298.2,3.482777368654578
CC[N+](=O)[O-],CC(C)CC(C)(C)C,293.2,2.9391619220655967
Cc1ccc(C)cc1,CC(C)CC(C)(C)C,313.2,0.3920420877760237
CCC#N,CC(C)CC(C)(C)C,293.2,2.995732273553991
CCCC(C)C,CC(C)CC(C)(C)C,298.2,0.009950330853168092
CC(C)CC(C)C,CC(C)CC(C)(C)C,298.2,0.04879016416943204
Cc1ccccc1,CC(C)CC(C)(C)C,298.2,0.45107561936021673
Cc1ccccc1,CC(C)CC(C)(C)C,313.2,0.41871033485818504
CCCCC,CC(C)CC(C)(C)C,293.2,-0.020202707317519466
CCCCC,CC(C)CC(C)(C)C,298.2,-0.07257069283483537
C=CCCC,CC(C)CC(C)(C)C,293.2,-0.01005033585350145
C1CCOC1,CC(C)CC(C)(C)C,293.2,0.3074846997479607
CCCCCC,CC(C)CC(C)(C)C,298.2,0.01980262729617973
c1ccncc1,CC(C)CC(C)(C)C,293.2,1.776645831418007
c1ccncc1,CC(C)CC(C)(C)C,298.2,1.7263316639055997
c1ccncc1,CC(C)CC(C)(C)C,303.2,1.691939133945844
c1ccncc1,CC(C)CC(C)(C)C,308.2,1.6467336971777973
c1ccncc1,CC(C)CC(C)(C)C,313.2,1.599387576580599
CCCCCCCC,CC(C)CC(C)(C)C,298.2,0.01980262729617973
CCCCCCCC,CC(C)CC(C)(C)C,298.2,0.10436001532424286
CCCCCCCCC,CC(C)CC(C)(C)C,298.2,0.14842000511827322
C1COCCO1,CC(C)CC(C)(C)C,298.2,1.2669476034873244
CCOC(C)=O,CC(C)CC(C)(C)C,293.2,1.1378330018213911
CCCCCCC,CC(C)CC(C)(C)C,298.2,0.06765864847381486
CC(C)C(C)C(C)C,CC(C)CC(C)(C)C,298.2,0.0769610411361284
CC(C)CCC(C)C,CC(C)CC(C)(C)C,298.2,0.058268908123975824
CCC1CCCCC1,CC(C)CC(C)(C)C,298.2,0.1823215567939546
CCOCC,N#CCCCC#N,303.2,1.843719208158766
CCOCC,N#CCCCC#N,313.2,1.8309801823813363
CCOCC,N#CCCCC#N,323.2,1.8213182714695995
CCOCC,N#CCCCC#N,333.2,1.8066480817218056
CCO,N#CCCCC#N,303.2,1.415853163361435
CCO,N#CCCCC#N,313.2,1.3137236682850553
CCO,N#CCCCC#N,323.2,1.2237754316221157
CCO,N#CCCCC#N,333.2,1.1378330018213911
CO,N#CCCCC#N,303.2,1.0473189942805592
CO,N#CCCCC#N,313.2,0.9669838461896731
CO,N#CCCCC#N,323.2,0.8960880245566357
CO,N#CCCCC#N,333.2,0.8197798314933114
CC(C)O,N#CCCCC#N,303.2,1.6601310267496185
CC(C)O,N#CCCCC#N,313.2,1.5432981099295553
CC(C)O,N#CCCCC#N,323.2,1.449269160281279
CC(C)O,N#CCCCC#N,333.2,1.3480731482996928
CC(C)=O,N#CCCCC#N,303.2,0.22314355131420976
CC(C)=O,N#CCCCC#N,313.2,0.22314355131420976
CC(C)=O,N#CCCCC#N,323.2,0.23111172096338664
CC(C)=O,N#CCCCC#N,333.2,0.23111172096338664
ClC(Cl)Cl,N#CCCCC#N,303.2,0.4637340162321402
ClC(Cl)Cl,N#CCCCC#N,313.2,0.4885800148186709
ClC(Cl)Cl,N#CCCCC#N,323.2,0.5247285289349821
ClC(Cl)Cl,N#CCCCC#N,333.2,0.5481214085096876
CCCO,N#CCCCC#N,303.2,1.6974487897568136
CCCO,N#CCCCC#N,313.2,1.5686159179138452
CCCO,N#CCCCC#N,323.2,1.4609379041156563
CCCO,N#CCCCC#N,333.2,1.3609765531356006
c1ccccc1,N#CCCCC#N,303.2,1.2556160374777743
c1ccccc1,N#CCCCC#N,313.2,1.2296405510745139
c1ccccc1,N#CCCCC#N,323.2,1.2149127443642704
c1ccccc1,N#CCCCC#N,333.2,1.1939224684724346
CC=O,N#CCCCC#N,303.2,0.131028262406404
CC=O,N#CCCCC#N,313.2,0.131028262406404
CC=O,N#CCCCC#N,323.2,0.13976194237515863
CC=O,N#CCCCC#N,333.2,0.13976194237515863
ClCCl,N#CCCCC#N,303.2,0.1823215567939546
ClCCl,N#CCCCC#N,313.2,0.19885085874516517
ClCCl,N#CCCCC#N,323.2,0.22314355131420976
ClCCl,N#CCCCC#N,333.2,0.23901690047049992
CCCC(C)=O,N#CCCCC#N,303.2,0.9162907318741551
CCCC(C)=O,N#CCCCC#N,313.2,0.9042181506398859
CCCC(C)=O,N#CCCCC#N,323.2,0.8960880245566357
CCCC(C)=O,N#CCCCC#N,333.2,0.8796267475025636
CC(C)OC(C)C,N#CCCCC#N,303.2,2.760009940032921
CC(C)OC(C)C,N#CCCCC#N,313.2,2.7343675094195836
CC(C)OC(C)C,N#CCCCC#N,323.2,2.70805020110221
CC(C)OC(C)C,N#CCCCC#N,333.2,2.681021528714291
Cc1ccccc1,N#CCCCC#N,303.2,1.6505798557652755
Cc1ccccc1,N#CCCCC#N,313.2,1.6193882432872684
Cc1ccccc1,N#CCCCC#N,323.2,1.599387576580599
Cc1ccccc1,N#CCCCC#N,333.2,1.5706970841176697
C1CCOC1,N#CCCCC#N,303.2,0.7371640659767196
C1CCOC1,N#CCCCC#N,313.2,0.7371640659767196
C1CCOC1,N#CCCCC#N,323.2,0.7371640659767196
C1CCOC1,N#CCCCC#N,333.2,0.7323678937132266
C=CCCCCCC,N#CCCCC#N,303.2,4.186619838331271
C=CCCCCCC,N#CCCCC#N,313.2,4.07753744390572
C=CCCCCCC,N#CCCCC#N,323.2,3.9852734671677386
C=CCCCCCC,N#CCCCC#N,333.2,3.8897773964808264
COC(C)(C)C,N#CCCCC#N,303.2,1.900613874140137
COC(C)(C)C,N#CCCCC#N,313.2,1.890095369948917
COC(C)(C)C,N#CCCCC#N,323.2,1.8855533485144158
COC(C)(C)C,N#CCCCC#N,333.2,1.873339456220478
ClC(Cl)(Cl)Cl,CCCCCCCCCCCCCCCC,298.2,-0.18632957819149348
CCOCC,CCCCCCCCCCCCCCCC,298.2,0.0769610411361284
CCO,CCCCCCCCCCCCCCCC,293.2,3.919991175077323
CCO,CCCCCCCCCCCCCCCC,298.2,3.6988297849671046
CCO,CCCCCCCCCCCCCCCC,298.2,3.548179572010801
CO,CCCCCCCCCCCCCCCC,293.2,4.247065649239764
CO,CCCCCCCCCCCCCCCC,298.2,3.9685923569160404
CC(C)O,CCCCCCCCCCCCCCCC,298.2,3.277899165317662
CC(C)=O,CCCCCCCCCCCCCCCC,298.2,1.7011051009599243
CC(C)=O,CCCCCCCCCCCCCCCC,333.2,1.3056264580524357
ClC(Cl)Cl,CCCCCCCCCCCCCCCC,298.2,0.058268908123975824
CCCO,CCCCCCCCCCCCCCCC,293.2,3.629660094453965
CCCO,CCCCCCCCCCCCCCCC,298.2,3.4515735889872223
CCCCO,CCCCCCCCCCCCCCCC,293.2,3.5409593240373143
CCCCO,CCCCCCCCCCCCCCCC,298.2,3.3228754148866853
CCCCCO,CCCCCCCCCCCCCCCC,298.2,3.299533727885655
c1ccccc1,CCCCCCCCCCCCCCCC,293.2,0.08617769624105241
c1ccccc1,CCCCCCCCCCCCCCCC,298.2,0.058268908123975824
c1ccccc1,CCCCCCCCCCCCCCCC,298.2,0.058268908123975824
c1ccccc1,CCCCCCCCCCCCCCCC,303.2,0.03922071315328133
c1ccccc1,CCCCCCCCCCCCCCCC,313.2,0.0
c1ccccc1,CCCCCCCCCCCCCCCC,323.2,-0.020202707317519466
c1ccccc1,CCCCCCCCCCCCCCCC,333.2,-0.11653381625595151
c1ccccc1,CCCCCCCCCCCCCCCC,333.2,-0.040821994520255166
c1ccccc1,CCCCCCCCCCCCCCCC,393.2,-0.2231435513142097
c1ccccc1,CCCCCCCCCCCCCCCC,453.2,-0.3011050927839216
CC(Cl)(Cl)Cl,CCCCCCCCCCCCCCCC,298.2,0.03922071315328133
CC#N,CCCCCCCCCCCCCCCC,298.2,3.190476350346503
ClCCl,CCCCCCCCCCCCCCCC,298.2,0.34358970439007686
C[N+](=O)[O-],CCCCCCCCCCCCCCCC,298.2,3.293612170982218
C[N+](=O)[O-],CCCCCCCCCCCCCCCC,298.2,3.1315734964654043
CC(C)(C)O,CCCCCCCCCCCCCCCC,298.2,2.7713379403381286
CC(C)CO,CCCCCCCCCCCCCCCC,298.2,3.295836866004329
CC(C)CO,CCCCCCCCCCCCCCCC,298.2,3.295836866004329
CC(C)CO,CCCCCCCCCCCCCCCC,303.2,2.900871992530031
CC(C)CO,CCCCCCCCCCCCCCCC,308.2,2.8780742300857587
CC(C)CO,CCCCCCCCCCCCCCCC,313.2,2.7298116928837226
CC(C)CO,CCCCCCCCCCCCCCCC,318.2,2.5922651681085
CC(C)CO,CCCCCCCCCCCCCCCC,323.2,2.4595888418037104
CC(C)CO,CCCCCCCCCCCCCCCC,328.2,2.341805806147327
COC(C)=O,CCCCCCCCCCCCCCCC,298.2,1.2119409739751128
CC[N+](=O)[O-],CCCCCCCCCCCCCCCC,298.2,2.67000213346468
CCc1ccccc1,CCCCCCCCCCCCCCCC,393.2,-0.16251892949777494
CCc1ccccc1,CCCCCCCCCCCCCCCC,453.2,-0.2231435513142097
N#Cc1ccccc1,CCCCCCCCCCCCCCCC,298.2,2.830267833826459
Cc1ccc(C)cc1,CCCCCCCCCCCCCCCC,453.2,-0.18632957819149348
ClCCCl,CCCCCCCCCCCCCCCC,298.2,0.7080357930536959
ClCCCl,CCCCCCCCCCCCCCCC,298.2,0.85015092936961
CCC#N,CCCCCCCCCCCCCCCC,298.2,2.7459880404426023
COC=O,CCCCCCCCCCCCCCCC,298.2,1.4422019930581866
CCCC(C)C,CCCCCCCCCCCCCCCC,298.2,-0.11653381625595151
CCCC(C)C,CCCCCCCCCCCCCCCC,298.2,-0.09431067947124129
CCCC(C)=O,CCCCCCCCCCCCCCCC,298.2,1.2383742310432684
CCC[N+](=O)[O-],CCCCCCCCCCCCCCCC,298.2,2.333114298028869
CC(C)CC(C)C,CCCCCCCCCCCCCCCC,298.2,-0.020202707317519466
CC(C)CC(C)C,CCCCCCCCCCCCCCCC,298.2,-0.01005033585350145
CC(C)OC(C)C,CCCCCCCCCCCCCCCC,298.2,0.1570037488096647
Cc1ccccc1,CCCCCCCCCCCCCCCC,298.2,-0.040821994520255166
Cc1ccccc1,CCCCCCCCCCCCCCCC,298.2,0.0
Cc1ccccc1,CCCCCCCCCCCCCCCC,333.2,-0.10536051565782628
Cc1ccccc1,CCCCCCCCCCCCCCCC,393.2,-0.21072103131565253
Cc1ccccc1,CCCCCCCCCCCCCCCC,453.2,-0.2744368457017603
CCCOC(C)=O,CCCCCCCCCCCCCCCC,298.2,0.9555114450274363
CCCCC,CCCCCCCCCCCCCCCC,298.2,-0.1743533871447778
CCCCC,CCCCCCCCCCCCCCCC,298.2,-0.13926206733350766
CCCCCl,CCCCCCCCCCCCCCCC,298.2,0.16551443847757333
CCCC#N,CCCCCCCCCCCCCCCC,298.2,2.453587966530573
C1CCOC1,CCCCCCCCCCCCCCCC,298.2,0.1823215567939546
CCCCCC(C)=O,CCCCCCCCCCCCCCCC,298.2,1.144222799920162
CCCCCC,CCCCCCCCCCCCCCCC,293.2,-0.09431067947124129
CCCCCC,CCCCCCCCCCCCCCCC,293.2,-0.10536051565782628
CCCCCC,CCCCCCCCCCCCCCCC,298.2,-0.10536051565782628
CCCCCC,CCCCCCCCCCCCCCCC,298.2,-0.10536051565782628
CCCCCC,CCCCCCCCCCCCCCCC,298.2,-0.10536051565782628
CCCCCC,CCCCCCCCCCCCCCCC,298.2,-0.10536051565782628
CCCCCC,CCCCCCCCCCCCCCCC,303.2,-0.10536051565782628
CCCCCC,CCCCCCCCCCCCCCCC,308.2,-0.10536051565782628
CCCCCC,CCCCCCCCCCCCCCCC,313.2,-0.10536051565782628
CCCCCC,CCCCCCCCCCCCCCCC,323.2,-0.10536051565782628
CCCCCC,CCCCCCCCCCCCCCCC,333.2,-0.09431067947124129
CCCCCC,CCCCCCCCCCCCCCCC,333.2,-0.10536051565782628
CCCCCC,CCCCCCCCCCCCCCCC,393.2,-0.12783337150988489
CCCCCC,CCCCCCCCCCCCCCCC,453.2,-0.15082288973458366
c1ccncc1,CCCCCCCCCCCCCCCC,298.2,1.220829921392359
CCCCCCCC,CCCCCCCCCCCCCCCC,298.2,-0.020202707317519466
CCCCCCCC,CCCCCCCCCCCCCCCC,298.2,-0.040821994520255166
CCCCCCCC,CCCCCCCCCCCCCCCC,298.2,-0.08338160893905101
CCCCCCCC,CCCCCCCCCCCCCCCC,453.2,-0.11653381625595151
CCCCCCCCC,CCCCCCCCCCCCCCCC,298.2,0.01980262729617973
CCCCCCCCC,CCCCCCCCCCCCCCCC,298.2,-0.01005033585350145
CCCC=O,CCCCCCCCCCCCCCCC,298.2,0.9555114450274363
CCCCOC(C)=O,CCCCCCCCCCCCCCCC,298.2,0.7975071958841882
C1COCCO1,CCCCCCCCCCCCCCCC,298.2,0.883767540168595
C1COCCO1,CCCCCCCCCCCCCCCC,298.2,1.0224509277025455
CCCCCCCCCC,CCCCCCCCCCCCCCCC,298.2,0.08617769624105241
CC(=O)N(C)C,CCCCCCCCCCCCCCCC,298.2,3.261168737058452
CCOC(C)=O,CCCCCCCCCCCCCCCC,298.2,1.0647107369924282
CCCCCCC,CCCCCCCCCCCCCCCC,293.2,-0.08338160893905101
CCCCCCC,CCCCCCCCCCCCCCCC,298.2,-0.08338160893905101
CCCCCCC,CCCCCCCCCCCCCCCC,298.2,-0.08338160893905101
CCCCCCC,CCCCCCCCCCCCCCCC,298.2,-0.08338160893905101
CCCCCCC,CCCCCCCCCCCCCCCC,303.2,-0.08338160893905101
CCCCCCC,CCCCCCCCCCCCCCCC,313.2,-0.08338160893905101
CCCCCCC,CCCCCCCCCCCCCCCC,323.2,-0.08338160893905101
CCCCCCC,CCCCCCCCCCCCCCCC,333.2,-0.08338160893905101
CCCCCCC,CCCCCCCCCCCCCCCC,393.2,-0.12783337150988489
CCCCCCC,CCCCCCCCCCCCCCCC,453.2,-0.13926206733350766
C1CCCC1,CCCCCCCCCCCCCCCC,293.1,-0.2613647641344075
C1CCCC1,CCCCCCCCCCCCCCCC,298.1,-0.2876820724517809
C1CCCC1,CCCCCCCCCCCCCCCC,303.1,-0.2876820724517809
CC(C)C(C)C(C)C,CCCCCCCCCCCCCCCC,298.2,-0.08338160893905101
CC(C)C(C)C(C)C,CCCCCCCCCCCCCCCC,298.2,-0.06187540371808753
CC(C)CCC(C)C,CCCCCCCCCCCCCCCC,298.2,0.01980262729617973
CC(C)CCC(C)C,CCCCCCCCCCCCCCCC,298.2,0.01980262729617973
COC(C)(C)C,CCCCCCCCCCCCCCCC,298.2,0.1823215567939546
COC(C)(C)C,CCCCCCCCCCCCCCCC,298.2,0.09531017980432493
CCC1CCCCC1,CCCCCCCCCCCCCCCC,298.2,-0.16251892949777494
CCC1CCCCC1,CCCCCCCCCCCCCCCC,298.2,-0.1743533871447778
CCCC(C)C,C=CCCCC,298.2,0.06765864847381486
CC(C)CC(C)C,C=CCCCC,298.2,0.19885085874516517
CCCCC,C=CCCCC,298.2,0.02955880224154443
CCCCCC,C=CCCCC,298.2,0.09531017980432493
CCCCCCCC,C=CCCCC,298.2,0.16551443847757333
CCCCCCCCC,C=CCCCC,298.2,0.13976194237515863
CCCC=O,C=CCCCC,298.2,1.0152306797290584
CCCC=O,C=CCCCC,318.2,0.8586616190375187
CCCC=O,C=CCCCC,336.2,0.7929925155296614
CCCCCCC,C=CCCCC,298.2,0.131028262406404
CC(C)C(C)C(C)C,C=CCCCC,298.2,0.1570037488096647
CC(C)CCC(C)C,C=CCCCC,298.2,0.13976194237515863
CCC1CCCCC1,C=CCCCC,298.2,0.2468600779315258
CCO,COC(=O)OC,313.2,1.472472057360943
CO,COC(=O)OC,313.2,1.3937663759585917
CCCO,COC(=O)OC,313.2,1.5539252025038417
c1ccccc1,COC(=O)OC,283.2,0.494696241836107
c1ccccc1,COC(=O)OC,293.2,0.47000362924573563
c1ccccc1,COC(=O)OC,313.2,0.43178241642553783
c1ccccc1,COC(=O)OC,323.2,0.4054651081081644
c1ccccc1,COC(=O)OC,333.2,0.3852624007906449
c1ccccc1,COC(=O)OC,343.2,0.36464311358790924
c1ccccc1,COC(=O)OC,363.2,0.3293037471426003
c1ccccc1,COC(=O)OC,373.2,0.3074846997479607
CC(Cl)(Cl)Cl,COC(=O)OC,298.2,0.5068176023684519
CC(Cl)(Cl)Cl,COC(=O)OC,333.2,0.5068176023684519
Cc1ccccc1,COC(=O)OC,318.2,0.9783261227936078
CCCCCCC,COC(=O)OC,283.2,2.7466296830696852
CCCCCCC,COC(=O)OC,293.2,2.542389085201363
CCCCCCC,COC(=O)OC,313.2,2.209372711271867
CCCCCCC,COC(=O)OC,323.2,2.0681277817795625
CCCCCCC,COC(=O)OC,333.2,1.9401794743463283
CCCCCCC,COC(=O)OC,343.2,1.8213182714695995
CCCCCCC,COC(=O)OC,363.2,1.6094379124341003
CCCCCCC,COC(=O)OC,373.2,1.5129270120532565
COC(C)(C)C,COC(=O)OC,298.2,0.8878912573524571
CCOCC,O=C1CCCN1,303.2,2.010894999144726
CCOCC,O=C1CCCN1,313.2,1.9782390361706734
CCOCC,O=C1CCCN1,323.2,1.9487632180377197
CCOCC,O=C1CCCN1,333.2,1.9242486522741338
CCO,O=C1CCCN1,303.2,0.058268908123975824
CCO,O=C1CCCN1,313.2,0.04879016416943204
CCO,O=C1CCCN1,323.2,0.03922071315328133
CCO,O=C1CCCN1,333.2,0.01980262729617973
CO,O=C1CCCN1,323.2,-0.2744368457017603
CO,O=C1CCCN1,333.2,-0.2613647641344075
CO,O=C1CCCN1,303.2,-0.3011050927839216
CO,O=C1CCCN1,313.2,-0.2876820724517809
CC(C)=O,O=C1CCCN1,303.2,0.8329091229351039
CC(C)=O,O=C1CCCN1,313.2,0.8197798314933114
CC(C)=O,O=C1CCCN1,323.2,0.8020015854720274
CC(C)=O,O=C1CCCN1,333.2,0.7884573603642703
ClC(Cl)Cl,O=C1CCCN1,303.2,-0.6348782724359695
ClC(Cl)Cl,O=C1CCCN1,313.2,-0.527632742082372
ClC(Cl)Cl,O=C1CCCN1,323.2,-0.4307829160924542
ClC(Cl)Cl,O=C1CCCN1,333.2,-0.342490308946776
c1ccccc1,O=C1CCCN1,303.2,1.0331844833456545
c1ccccc1,O=C1CCCN1,313.2,1.0402767116551463
c1ccccc1,O=C1CCCN1,323.2,1.0438040521731147
c1ccccc1,O=C1CCCN1,333.2,1.0473189942805592
ClCCl,O=C1CCCN1,303.2,-0.19845093872383832
ClCCl,O=C1CCCN1,313.2,-0.15082288973458366
ClCCl,O=C1CCCN1,323.2,-0.09431067947124129
ClCCl,O=C1CCCN1,333.2,-0.05129329438755058
CC1CCCC1,O=C1CCCN1,303.2,3.2160718975354663
CC1CCCC1,O=C1CCCN1,313.2,3.1406980438041767
CC1CCCC1,O=C1CCCN1,323.2,3.0694473113762717
CC1CCCC1,O=C1CCCN1,333.2,2.997231149677727
CCc1ccccc1,O=C1CCCN1,303.2,1.7298840655099674
CCc1ccccc1,O=C1CCCN1,313.2,1.7227665977411035
CCc1ccccc1,O=C1CCCN1,323.2,1.715598108262491
CCc1ccccc1,O=C1CCCN1,333.2,1.7083778602890038
Cc1ccc(C)cc1,O=C1CCCN1,303.2,1.803358605071407
Cc1ccc(C)cc1,O=C1CCCN1,313.2,1.7934247485471162
Cc1ccc(C)cc1,O=C1CCCN1,323.2,1.780024213009634
Cc1ccc(C)cc1,O=C1CCCN1,333.2,1.7698546338400052
CCCC(C)=O,O=C1CCCN1,303.2,1.2725655957915476
CCCC(C)=O,O=C1CCCN1,313.2,1.2584609896100056
CCCC(C)=O,O=C1CCCN1,323.2,1.244154593958768
CCCC(C)=O,O=C1CCCN1,333.2,1.2296405510745139
CC(C)OC(C)C,O=C1CCCN1,303.2,2.667922410011431
CC(C)OC(C)C,O=C1CCCN1,313.2,2.6326080059353516
CC(C)OC(C)C,O=C1CCCN1,323.2,2.589266665112243
CC(C)OC(C)C,O=C1CCCN1,333.2,2.558776498354456
CC1CCCCC1,O=C1CCCN1,303.2,3.4622924810219664
CC1CCCCC1,O=C1CCCN1,313.2,3.380654480430826
CC1CCCCC1,O=C1CCCN1,323.2,3.306520334720247
CC1CCCCC1,O=C1CCCN1,333.2,3.2339614622862416
Cc1ccccc1,O=C1CCCN1,303.2,1.3862943611198906
Cc1ccccc1,O=C1CCCN1,313.2,1.3962446919730587
Cc1ccccc1,O=C1CCCN1,323.2,1.4011829736136412
Cc1ccccc1,O=C1CCCN1,333.2,1.4085449700547104
CCCCC,O=C1CCCN1,303.2,3.4600950229096408
CCCCC,O=C1CCCN1,313.2,3.377246160839642
CCCCC,O=C1CCCN1,323.2,3.3120018028576843
CCCCC,O=C1CCCN1,333.2,3.2359295794340284
C=CCCC,O=C1CCCN1,303.2,2.776954179749421
C=CCCC,O=C1CCCN1,313.2,2.727199019940971
C=CCCC,O=C1CCCN1,323.2,2.681021528714291
C=CCCC,O=C1CCCN1,333.2,2.637627736805664
CCCCCC,O=C1CCCN1,303.2,3.750914845033389
CCCCCC,O=C1CCCN1,313.2,3.658677945380815
CCCCCC,O=C1CCCN1,323.2,3.572345637857985
CCCCCC,O=C1CCCN1,333.2,3.4998353515591547
CCCCCCCC,O=C1CCCN1,303.2,4.294969802105708
CCCCCCCC,O=C1CCCN1,313.2,4.187075661479786
CCCCCCCC,O=C1CCCN1,323.2,4.098834467494953
CCCCCCCC,O=C1CCCN1,333.2,4.0069694827371
C=CCCCCCC,O=C1CCCN1,303.2,3.59922823216129
C=CCCCCCC,O=C1CCCN1,313.2,3.5260663637080247
C=CCCCCCC,O=C1CCCN1,323.2,3.4638591427868666
C=CCCCCCC,O=C1CCCN1,333.2,3.40552135314221
CCCCCCC,O=C1CCCN1,303.2,4.013134506796558
CCCCCCC,O=C1CCCN1,313.2,3.9084165098340344
CCCCCCC,O=C1CCCN1,323.2,3.8185910606355935
CCCCCCC,O=C1CCCN1,333.2,3.735763040012787
C1CCCC1,O=C1CCCN1,303.2,2.8437459165561094
C1CCCC1,O=C1CCCN1,313.2,2.771963526845863
C1CCCC1,O=C1CCCN1,323.2,2.714694743820879
C1CCCC1,O=C1CCCN1,333.2,2.6468837658647226
C=CCCCC,O=C1CCCN1,303.2,3.0081547935525483
C=CCCCC,O=C1CCCN1,313.2,2.9637254774189046
C=CCCCC,O=C1CCCN1,323.2,2.9161477942111484
C=CCCCC,O=C1CCCN1,333.2,2.8752581200861167
COC(C)(C)C,O=C1CCCN1,303.2,2.1090003439213802
COC(C)(C)C,O=C1CCCN1,313.2,2.0844290831908747
COC(C)(C)C,O=C1CCCN1,323.2,2.061786606441115
COC(C)(C)C,O=C1CCCN1,333.2,2.0360119837525
CCO,CCCCCCCCCCCCCC,293.2,3.977810745966149
CO,CCCCCCCCCCCCCC,293.2,4.3134800921387715
CCCO,CCCCCCCCCCCCCC,293.2,3.6609942506244004
CCO,CN1CCCC1=O,343.4,-0.4462871026284195
CCO,CN1CCCC1=O,333.2,-0.4462871026284195
CCO,CN1CCCC1=O,323.4,-0.4155154439616658
CO,CN1CCCC1=O,343.4,-0.6539264674066639
CO,CN1CCCC1=O,333.2,-0.6539264674066639
CO,CN1CCCC1=O,323.4,-0.6348782724359695
CC(C)O,CN1CCCC1=O,343.4,-0.3011050927839216
CC(C)O,CN1CCCC1=O,333.2,-0.2744368457017603
CC(C)O,CN1CCCC1=O,323.4,-0.2876820724517809
CC(C)=O,CN1CCCC1=O,323.4,0.27763173659827955
CC(C)=O,CN1CCCC1=O,333.2,0.25464221837358075
CC(C)=O,CN1CCCC1=O,343.4,0.25464221837358075
ClC(Cl)Cl,CN1CCCC1=O,373.2,-2.4079456086518722
ClC(Cl)Cl,CN1CCCC1=O,323.2,-3.2188758248682006
CCCO,CN1CCCC1=O,354.2,-1.2039728043259361
c1ccccc1,CN1CCCC1=O,323.4,0.23901690047049992
c1ccccc1,CN1CCCC1=O,333.2,0.20701416938432612
c1ccccc1,CN1CCCC1=O,333.3,-0.3011050927839216
c1ccccc1,CN1CCCC1=O,343.4,0.2468600779315258
c1ccccc1,CN1CCCC1=O,354.2,-0.18632957819149348
CC(C)(C)O,CN1CCCC1=O,343.4,-0.18632957819149348
CC(C)(C)O,CN1CCCC1=O,333.2,-0.2231435513142097
CC(C)(C)O,CN1CCCC1=O,323.4,-0.2231435513142097
COC(C)=O,CN1CCCC1=O,323.4,0.4824261492442928
COC(C)=O,CN1CCCC1=O,333.2,0.4637340162321402
COC(C)=O,CN1CCCC1=O,343.4,0.4637340162321402
CC1CCCC1,CN1CCCC1=O,323.4,2.1294214739848565
CC1CCCC1,CN1CCCC1=O,333.2,2.0693912058263346
CC1CCCC1,CN1CCCC1=O,343.4,2.0149030205422647
Cc1ccc(C)cc1,CN1CCCC1=O,373.2,0.5247285289349821
Cc1ccc(C)cc1,CN1CCCC1=O,473.2,0.45107561936021673
CCCC(C)C,CN1CCCC1=O,298.2,2.5416019934645457
CCCC(C)=O,CN1CCCC1=O,323.4,0.5128236264286637
CCCC(C)=O,CN1CCCC1=O,333.2,0.494696241836107
CCCC(C)=O,CN1CCCC1=O,343.4,0.4824261492442928
CC(C)CC(C)C,CN1CCCC1=O,298.2,2.779440197188883
CC1CCCCC1,CN1CCCC1=O,323.4,2.269028309465203
CC1CCCCC1,CN1CCCC1=O,333.2,2.2126603854660587
CC1CCCCC1,CN1CCCC1=O,343.4,2.1564025828159643
Cc1ccccc1,CN1CCCC1=O,323.4,0.5068176023684519
Cc1ccccc1,CN1CCCC1=O,333.2,0.5128236264286637
Cc1ccccc1,CN1CCCC1=O,343.4,0.5068176023684519
Cc1ccccc1,CN1CCCC1=O,363.3,0.0769610411361284
Cc1ccccc1,CN1CCCC1=O,383.4,0.06765864847381486
CCCOC(C)=O,CN1CCCC1=O,323.4,0.7701082216960737
CCCOC(C)=O,CN1CCCC1=O,333.2,0.7608058290337602
CCCOC(C)=O,CN1CCCC1=O,343.4,0.7514160886839212
CCCCC,CN1CCCC1=O,298.2,2.2617630984737906
CCCCC,CN1CCCC1=O,323.4,2.4423470353692043
CCCCC,CN1CCCC1=O,333.2,2.322387720290225
CCCCC,CN1CCCC1=O,343.4,2.2353763433005955
CCCCCC,CN1CCCC1=O,298.2,2.574899688314705
CCCCCC,CN1CCCC1=O,323.4,2.6026896854443837
CCCCCC,CN1CCCC1=O,333.2,2.5416019934645457
CCCCCC,CN1CCCC1=O,343.4,2.451005098112319
CCCCCCCC,CN1CCCC1=O,298.2,3.056827372913802
CCCCCCCC,CN1CCCC1=O,323.4,2.9391619220655967
CCCCCCCC,CN1CCCC1=O,333.2,2.8213788864092133
CCCCCCCC,CN1CCCC1=O,343.4,2.7788192719904172
C=CCCCCCC,CN1CCCC1=O,323.4,2.3702437414678603
C=CCCCCCC,CN1CCCC1=O,333.2,2.28949985344539
C=CCCCCCC,CN1CCCC1=O,343.4,2.2082744135228043
CCCCCCCCC,CN1CCCC1=O,298.2,3.284288963416433
CCCC=O,CN1CCCC1=O,323.4,0.412109650826833
CCCC=O,CN1CCCC1=O,333.2,0.3920420877760237
CCCC=O,CN1CCCC1=O,343.4,0.412109650826833
CCCCCCC,CN1CCCC1=O,298.2,2.8195915758351173
CCCCCCC,CN1CCCC1=O,323.4,2.791165107812717
CCCCCCC,CN1CCCC1=O,333.2,2.6878474937846906
CCCCCCC,CN1CCCC1=O,343.4,2.5952547069568657
C1CCCC1,CN1CCCC1=O,323.4,1.8578592709325787
C1CCCC1,CN1CCCC1=O,333.2,1.803358605071407
C1CCCC1,CN1CCCC1=O,343.4,1.7647307968401356
CC(C)CC(C)(C)C,CN1CCCC1=O,323.4,2.884800712846709
CC(C)CC(C)(C)C,CN1CCCC1=O,333.2,2.772588722239781
CC(C)CC(C)(C)C,CN1CCCC1=O,343.4,2.667228206581955
CC(C)C(C)C(C)C,CN1CCCC1=O,298.2,2.805781689595545
CC(C)CCC(C)C,CN1CCCC1=O,298.2,3.00617753141553
CCC1CCCCC1,CN1CCCC1=O,298.2,2.559550192783766
ClC(Cl)(Cl)Cl,COC(C)(C)C,308.2,-0.18632957819149348
ClC(Cl)(Cl)Cl,COC(C)(C)C,293.2,-0.2613647641344075
CCO,COC(C)(C)C,298.2,1.9878743481543455
ClC(Cl)Cl,COC(C)(C)C,293.2,-0.7550225842780328
c1ccccc1,COC(C)(C)C,293.2,-0.09431067947124129
c1ccccc1,COC(C)(C)C,308.2,0.0
C[N+](=O)[O-],COC(C)(C)C,298.2,2.0228711901914416
CCCC(C)C,COC(C)(C)C,303.2,0.23901690047049992
CCCC(C)C,COC(C)(C)C,323.2,0.19885085874516517
CC1CCCCC1,COC(C)(C)C,313.2,-0.040821994520255166
CC1CCCCC1,COC(C)(C)C,333.2,-0.01005033585350145
Cc1ccccc1,COC(C)(C)C,298.2,0.009950330853168092
CCCCC,COC(C)(C)C,293.2,0.0
CCCCCC,COC(C)(C)C,303.2,0.14842000511827322
CCCCCC,COC(C)(C)C,323.2,0.13976194237515863
CCCCCC,COC(C)(C)C,293.2,-0.01005033585350145
CCCCCC,COC(C)(C)C,308.2,0.06765864847381486
CCCCCCCC,COC(C)(C)C,298.2,0.12221763272424911
CCCCCCC,COC(C)(C)C,313.2,0.009950330853168092
CCCCCCC,COC(C)(C)C,323.2,-0.06187540371808753
CCCCCCC,COC(C)(C)C,293.2,0.0
C1CCCC1,COC(C)(C)C,288.2,0.5247285289349821
C1CCCC1,COC(C)(C)C,313.2,0.14842000511827322
C1CCCC1,COC(C)(C)C,323.2,0.09531017980432493
COC(=O)OC,COC(C)(C)C,298.2,0.7975071958841882
